sample_id,image_path,class,fold,collection,sha256
IMG-0000,images/gusu/BM-康乾时期的姑苏__mid_00022769_001-kangxi.jpg,gusu,2,,67612b935a3296511a285a638769219733ad3906426a0a66145a050b851b73c6
IMG-0001,images/gusu/BM-康乾时期的姑苏__mid_00034145_001-qianlong-亮先氏.jpg,gusu,1,,1d149231e57eae7758126e3a0adc40326548c46787ce9eb067fcf0217774ac78
IMG-0002,images/gusu/BM-康乾时期的姑苏__mid_00034146_001-qianlong-亮先氏.jpg,gusu,3,,76e46c95b82f6ccd1faaf618d3cd839021ba38878ed672757f38d72da334b3e0
IMG-0003,images/gusu/BM-康乾时期的姑苏__mid_00049028_001-qianlong-亮先.jpg,gusu,5,,196352214a5d4a574412f9d53aa5720907449bf490732213487bc14df5ef2fc1
IMG-0004,images/gusu/BM-康乾时期的姑苏__mid_00049031_001-qianlong-亮先氏.jpg,gusu,2,,e0b1e8e52ac0e6659917f611a2f7afdccec851b128a65ea7a9eab63757e354b7
IMG-0005,images/gusu/BM-康乾时期的姑苏__mid_00091761_001-qianlong-亮先氏.jpg,gusu,3,,07a7349044de755cbd3bb1ce0d49083d521bd3055143c7c21f271ff968b8171f
IMG-0006,images/gusu/BM-康乾时期的姑苏__mid_00091766_001-qianlong-丁亮先.jpg,gusu,5,,ea65d4a36e629b539c9484ea224046500213f8d15ea2e1fa740bee3f6ba25ce0
IMG-0007,images/gusu/BM-康乾时期的姑苏__mid_00091772_001-qianlong-丁亮先.jpg,gusu,4,,2b7f80008573437a37e8bbd2e3f93c38965f5cb9532da6cbf2dcb7acad3d30f1
IMG-0008,images/gusu/BM-康乾时期的姑苏__mid_00091773_001-qianlong-亮先氏.jpg,gusu,3,,03fafb01f7df498d4679adcaf0736920f25eb18b632d6a7dfdf2bcf0dbbe822a
IMG-0009,images/gusu/BM-康乾时期的姑苏__mid_00091779_001-qianlong-亮先氏.jpg,gusu,1,,13b4b8e234347cc05358b6f27bfd48b4d930705313fa79282905c0a5e917508e
IMG-0010,images/gusu/BM-康乾时期的姑苏__mid_00091783_001-qianlong-亮先氏.jpg,gusu,5,,1ae152d8deae47f3e98ffdba991135a74e60a8dc11deda2b9a2d5119d7d66f83
IMG-0011,images/gusu/BM-康乾时期的姑苏__mid_00091788_001-qianlong-亮先氏.jpg,gusu,4,,2ee9f6768461c73c495e2a80eebb29c13264e423b0df05bc3a8060e6b4b331d3
IMG-0012,images/gusu/BM-康乾时期的姑苏__mid_00091791_001-qianlong-丁应宗.jpg,gusu,1,,4ffa56d08bb9c5d5ae11f25269fa07bb7f49d7d155d0f66ba27012953aae4ce8
IMG-0013,images/gusu/BM-康乾时期的姑苏__mid_00091794_001-qianlong-应宗.jpg,gusu,4,,190d558c0bb4f65bcdfbb51024684dc60a8889b4ab77a4e3120c7a989eae23ee
IMG-0014,images/gusu/BM-康乾时期的姑苏__mid_00091796_001-qianlong-亮先氏.jpg,gusu,3,,758489cefa7507b545b40065382cc0f9547a2f801e7c18c2a9b1197d39b7cf66
IMG-0015,images/gusu/BM-康乾时期的姑苏__mid_00091799_001-qianlong-应宗.jpg,gusu,5,,0e0d88fdadac8417f6c4f446b53d935da658a5207de37918dd98fcc65629c861
IMG-0016,images/gusu/BM-康乾时期的姑苏__mid_00091805_001-qianlong-亮先氏.jpg,gusu,3,,d1104a165366337df7d216ef185200353a4a736e54512b7d39ba0d1fb6a714db
IMG-0017,images/gusu/BM-康乾时期的姑苏__mid_00091808_001-qianlong-应宗氏.jpg,gusu,3,,3b7d3264fa0ca3805328b6b4f7c6909ba58a276863a64321844f863836d9f9f2
IMG-0018,images/gusu/BM-康乾时期的姑苏__mid_00091818_001-qianlong-丁亮先.jpg,gusu,5,,f595667fefe85ffa4716d5e1cd3041088b877e77844bb3848a90697bcac458b9
IMG-0019,images/gusu/BM-康乾时期的姑苏__mid_00091820_003-qianlong-丁应宗.jpg,gusu,1,,8e18dbfaea4654e188dfe1d0c76032b06b925e145d5f10f0f64242eda76e0334
IMG-0020,images/gusu/BM-康乾时期的姑苏__mid_00091822_001-qianlong-应宗氏.jpg,gusu,1,,2559c604f0c890e42f80832688db4073e55180d093d360fb5b2d3b4efc96a4ce
IMG-0021,images/gusu/BM-康乾时期的姑苏__mid_00091824_001-qianlong-丁亮先.jpg,gusu,3,,828b1b8ae2e066d86ea40388262a1049c97cc0ade80ff45484ce09661cc1862c
IMG-0022,images/gusu/BM-康乾时期的姑苏__mid_00091826_001-qianlong.jpg,gusu,5,,e588a82f9379923a3f9fb7c8ac65d383bdabb0f70b4e800f36d94ca61d04656b
IMG-0023,images/gusu/BM-康乾时期的姑苏__mid_00091827_001-qianlong.jpg,gusu,1,,99fed0b3bf4b0f8a052355dfcdc9cd30d066dd46634c521e980835469abc2e3e
IMG-0024,images/gusu/BM-康乾时期的姑苏__mid_00091833_001-qianlong.jpg,gusu,3,,7f93e20c0854a2fb3fdabc512f6ea6745c0fe83be15e67f8b9559572593268b6
IMG-0025,images/gusu/BM-康乾时期的姑苏__mid_00091869_001-kangxi.jpg,gusu,4,,95688611c09dbfb115ede8bd872aa3533e2db0d3984d4a55ad35f9044fa49fe9
IMG-0026,images/gusu/BM-康乾时期的姑苏__mid_00091870_001-kangxi.jpg,gusu,1,,d7edcc46120e4efb9fb2d57368729cdcc337df97a127d7479a758f3548e23b04
IMG-0027,images/gusu/BM-康乾时期的姑苏__mid_00091872_001-kangxi-汪信发.jpg,gusu,1,,4e7a27ba38da0a33eaf6387ba4d7aaceeb87bfcf96f8fc99fa2ffb09f23f7deb
IMG-0028,images/gusu/BM-康乾时期的姑苏__mid_00091875_001-kangxi-信发.jpg,gusu,2,,593516cd909539c1e1e02ca0089b5fe207bdd7532bfbe874ca1949ec574c583c
IMG-0029,images/gusu/BM-康乾时期的姑苏__mid_00091890_001-qianlong-丁应宗.jpg,gusu,1,,9466c150cc6a92aecb0ab1b48a6e3eb7d868d419b3f45a53ac5b260d03278407
IMG-0030,images/gusu/BM-康乾时期的姑苏__mid_00091891_001-qianlong.jpg,gusu,1,,897ac8883ba2511bc9df641da21df8778d2158d37744c2b9cdc998fbafce9099
IMG-0031,images/gusu/BM-康乾时期的姑苏__mid_00091892_001-qianlong-应宗.jpg,gusu,3,,52b399a2d6ea675549bc7ab0ce27a760f4b638a5b30ff12d5413783899cbdb48
IMG-0032,images/gusu/BM-康乾时期的姑苏__mid_00091893_001-qianlong-应宗氏.jpg,gusu,5,,e874dc092c3e4d1968234cd81260a69458e864054f44dbeeb7a878a4adb2ef33
IMG-0033,images/gusu/BM-康乾时期的姑苏__mid_00091895_001-qianlong-应宗.jpg,gusu,4,,8533ab10d9aaf505c3acbbccba55537a93464ba33802fe4c98f32dc10e9fc182
IMG-0034,images/gusu/BM-康乾时期的姑苏__mid_00091931_001-kangqian.jpg,gusu,5,,952a2c682f0548d68bb3e59e4fb4fc2670998355351a6b14f3edda959cf61af2
IMG-0035,images/gusu/BM-康乾时期的姑苏__mid_00091954_001-kangxi.jpg,gusu,4,,11a6a20086a14a5a6ac73651b7167eb3adfa8cf99e1270b5593070baea236482
IMG-0036,images/gusu/BM-康乾时期的姑苏__mid_00093472_001-kangxi.jpg,gusu,5,,a9000aaafb7f90abc0c84c917e19258df6dbd254fff3bec2c6f05437f7e04df6
IMG-0037,images/gusu/BM-康乾时期的姑苏__mid_00093473_001-kangxi.jpg,gusu,3,,37f501bef86aac5b453a1e6ff1f407bc8c962aac9a2bbdd979c901d2e83e9e77
IMG-0038,images/gusu/BM-康乾时期的姑苏__mid_00093474_001-kangxi.jpg,gusu,1,,d166c6c1bf26e8eb729287a707879e4690486bd138114cb1b0c35626cdf51462
IMG-0039,images/gusu/BM-康乾时期的姑苏__mid_00093475_001-kangxi.jpg,gusu,4,,f2467a08d62c55f57e8d1c91e3a460a543cc46671189b3920d4d1eeb49ddc086
IMG-0040,images/gusu/BM-康乾时期的姑苏__mid_00093476_001-kangxi.jpg,gusu,5,,060c937bc028a282b69ea3f6ced837498acc67a1d9475a72df532a878c4e0da6
IMG-0041,images/gusu/BM-康乾时期的姑苏__mid_00093477_001-kangxi.jpg,gusu,5,,2712975b12729e877cbeef0d7b28b38ea41b00929abd145ef3ec451ee8e2ce38
IMG-0042,images/gusu/BM-康乾时期的姑苏__mid_00093478_001-kangxi.jpg,gusu,2,,1cefcdf264a3f7a925557502ca0070ed41900716222d89b256db5c88e1ec9ff0
IMG-0043,images/gusu/BM-康乾时期的姑苏__mid_00093479_001-kangxi.jpg,gusu,1,,9ed15a25fa9701e4b352926f6fd82824b39795fe922dc9216518e08ad8295fdc
IMG-0044,images/gusu/BM-康乾时期的姑苏__mid_00093480_001-kangxi.jpg,gusu,3,,8b89018de0cb38daab0ffa3339515c1ec0bb9eff0b50971c605383c9654be4d6
IMG-0045,images/gusu/BM-康乾时期的姑苏__mid_00093481_001-kangxi.jpg,gusu,5,,10c54f6f8eb38b93382bf04cd51f1737bfd80f231b34a7025845db8962ff9808
IMG-0046,images/gusu/BM-康乾时期的姑苏__mid_00093482_001-kangxi.jpg,gusu,1,,f2ebdaa3182628ab613b45aefa67dd5daba4c4e11d70178eb8d68216c821c990
IMG-0047,images/gusu/BM-康乾时期的姑苏__mid_00098125_001-kangxi.jpg,gusu,3,,d2527cf71e87fdd7b12cdce027b04ea076ec3895ad7e640f4af7edcb8685e05c
IMG-0048,images/gusu/BM-康乾时期的姑苏__mid_00098126_001-kangxi.jpg,gusu,5,,f5f7dd8775422e708a2b9f3c4596fff136cf3ddb57095449f7a959803d8808d0
IMG-0049,images/gusu/BM-康乾时期的姑苏__mid_00098155_001-kangxi.jpg,gusu,1,,0ed4199dd4f0c878bb7e8bd2f2ff4d22f4aa66316ff7bb96b44eff5b935a89d0
IMG-0050,images/gusu/BM-康乾时期的姑苏__mid_00098156_001-kangxi.jpg,gusu,2,,7fba1bdcd18a4d2ebe2b06dd0562be304b52c7f2164853b925d2754cd5443bb4
IMG-0051,images/gusu/BM-康乾时期的姑苏__mid_00098157_001-kangxi.jpg,gusu,2,,da21deccc467719e84b452d61e295aad10ac1f4ca0547dd8359baf4546b51d35
IMG-0052,images/gusu/BM-康乾时期的姑苏__mid_00098158_001-kangxi.jpg,gusu,5,,6333dfe5e62dcccac57f89df574f2f0e57b1e2e17de3dfde0107489f7b42f283
IMG-0053,images/gusu/BM-康乾时期的姑苏__mid_00098167_001-kangxi.jpg,gusu,5,,910364504cb3d11d1c221ce3f654b655302b33d7ae7bf7c422bd5ce4713f337e
IMG-0054,images/gusu/BM-康乾时期的姑苏__mid_00098168_001-kangxi.jpg,gusu,1,,b1e81034b740364f44f2747033b5fc85438dbe179ed3727d31c19a80917722d5
IMG-0055,images/gusu/BM-康乾时期的姑苏__mid_00098170_001-kangxi.jpg,gusu,3,,9c03188b236bb48a2a11e40a5c46c49d23c2a283168bb8d2b0865250d33c6039
IMG-0056,images/gusu/BM-康乾时期的姑苏__mid_00098180_001-kangxi-汪信发.jpg,gusu,4,,260503708f0c8440ef36354cf7ddce013e6542f5665b46c9b01badc9d26bce1f
IMG-0057,images/gusu/BM-康乾时期的姑苏__mid_00098183_001-kangxi.jpg,gusu,5,,a66849e69cdbd4aaecb0fe0edc89d6457ffeae9c107848d6842ea43b16dd9544
IMG-0058,images/gusu/BM-康乾时期的姑苏__mid_00098184_001-kangxi.jpg,gusu,2,,26a6596b2e9d23c72e513f7050f5f586d0c08e87587bfb9ae1faa36904fb2a88
IMG-0059,images/gusu/BM-康乾时期的姑苏__mid_00098186_001-kangxi.jpg,gusu,1,,079a41128ffc90bf069f686c58f086bf03035daac1c9ec4f3ca08ae75f822b96
IMG-0060,images/gusu/BM-康乾时期的姑苏__mid_00098187_001-kangxi.jpg,gusu,5,,2b4eccb412a5cc5fcfef601bae199572a56fd5f430a07399f3f9867e14a7d0e1
IMG-0061,images/gusu/BM-康乾时期的姑苏__mid_00098205_001-kangxi.jpg,gusu,1,,ef0bd4fa31cecfd7217f5b706fb21a029b9c38ffb2f943e704b06b2ae7d60a8c
IMG-0062,images/gusu/BM-康乾时期的姑苏__mid_00098212_001-kangxi.jpg,gusu,2,,5493710e166ca0ac78bcb602a08dfdc22f02dd38e9c70db7392e872884ac7688
IMG-0063,images/gusu/BM-康乾时期的姑苏__mid_00098219_001-kangqian.jpg,gusu,4,,379a950abb3dc6f5c1221bbed8502b66174c60a72b4bd63ccea6c3df3307d104
IMG-0064,images/gusu/BM-康乾时期的姑苏__mid_00102801_001-kangxi.jpg,gusu,4,,997bcd20ce946829aafb3392e265414716d2499bb79d661e9b50698cc3d4234a
IMG-0065,images/gusu/BM-康乾时期的姑苏__mid_00248649_001-qianlong-丁亮先.jpg,gusu,1,,c2478c397bc085fe6017e4ad35ad780a3fa0580150f3d47974936793e4abad4e
IMG-0066,images/gusu/BM-康乾时期的姑苏__mid_00249647_001-qianlong-张星聚.jpg,gusu,5,,54cddfef601e1c4de09619bda05ddecc13cc75b4c138d19b04b6b2800b8894bc
IMG-0067,images/gusu/BM-康乾时期的姑苏__mid_00254623_001-qianlong-丁亮先.jpg,gusu,4,,3cbb288798d4dec6b8d8c5413241419892ab6db2c928151e7959ec22d4862059
IMG-0068,images/gusu/BM-康乾时期的姑苏__mid_00302395_001-kangxi.jpg,gusu,1,,8661546dbd09704ec9699d1852d85dd92d2058003e2bc8bbc3c4d6ffdfa942aa
IMG-0069,images/gusu/BM-康乾时期的姑苏__mid_00302397_001-kangxi.jpg,gusu,3,,e2a58383f7d1b72ea6c777c0ca0ddc2ce59fbae4aa3fa27b216849d9d077a56a
IMG-0070,images/gusu/BM-康乾时期的姑苏__mid_00302398_001-kangxi.jpg,gusu,5,,26bfb9bb5c60afb604cdc05299fb7d824304854f3bfb7be3a91ad6c412add305
IMG-0071,images/gusu/BM-康乾时期的姑苏__mid_00302425_001-kangxi-汪信发.jpg,gusu,5,,fde312d7e5eea004a14f59a9d27cd936a253c26965118bbab4fe2c71f50ea4be
IMG-0072,images/gusu/BM-康乾时期的姑苏__mid_00328634_001-qianlong-亮先氏.jpg,gusu,1,,ef91a58f0ea4fe48bfecadcb3e669ed146cab628ef543c4b3884a52de2997337
IMG-0073,images/gusu/BM-康乾时期的姑苏__mid_00510345_001-qianlong-金阊丁氏.jpg,gusu,2,,2c457ab4a529696b303b572db8ed58a69169145b1ce82f25b59e7e65b241eddb
IMG-0074,images/gusu/BM-康乾时期的姑苏__mid_00645788_001-qianlong.jpg,gusu,5,,5bbf6f407ee0a494bcfe6bad98e7b797477384229fdce6deaabcc94f4a20de0b
IMG-0075,images/gusu/BM-康乾时期的姑苏__mid_00651802_001-kangqian.jpg,gusu,1,,60b7fb1781563d49e76b846ad3cfbc604812d7a3dd063af749d615bb0dbe3aae
IMG-0076,images/gusu/BM-康乾时期的姑苏__mid_00651807_001-kangqian.jpg,gusu,3,,9fc320e627eba81c44b3445beb4e045b5881e2f611bb239d89f004ef3ba65234
IMG-0077,images/gusu/BM-康乾时期的姑苏__mid_00710785_001-kangqian.jpg,gusu,3,,5edda4770a52dd8b105da532e7659f62fb2f0bd5ea77544467a6d1cefbf76a7e
IMG-0078,images/gusu/BM-康乾时期的姑苏__mid_00711806_001-kangxi-王君甫.jpg,gusu,5,,61c118e6383fdc4e4e315086ffa9f9c56e697a9c56273720417a8b8ac90c114d
IMG-0079,images/gusu/BM-康乾时期的姑苏__mid_00711816_001-kangxi.jpg,gusu,1,,8a910d03e3dc007f76b5d5e39d694c90155631ae9a2be424c3f55b7928b251bf
IMG-0080,images/gusu/BM-康乾时期的姑苏__mid_00711817_001-kangxi.jpg,gusu,2,,59211be5360ee5e37ba7f60f67f18596142189eabde14aa22e10eba0ea1f66e3
IMG-0081,images/gusu/BM-康乾时期的姑苏__mid_00711820_001-kangxi.jpg,gusu,5,,2e8f646af5b33f5ed3939f2530e5aa65ffebc489cbe64718b49f91fa779c40e4
IMG-0082,images/gusu/BM-康乾时期的姑苏__mid_00711821_001-kangxi.jpg,gusu,5,,bbe2e3aad2af69896ef8b44584c1efbc33fb6c09744c234ed8b9e16c271152a0
IMG-0083,images/gusu/BM-康乾时期的姑苏__mid_00717809_001-qianlong-亮先氏.jpg,gusu,4,,72a7eb4e53071dbfba789ba985bbde3ac327f29b1094b7133938c575421fd2c1
IMG-0084,images/gusu/BM-康乾时期的姑苏__mid_0410_2-qianlong.jpg,gusu,3,,758192fb9308529281f9668866359a9204dce06a8ff18d9fdf6a997b05d9646c
IMG-0085,images/gusu/BM-康乾时期的姑苏__mid_RFC1072-qianlong.jpg,gusu,4,,42a643251f01fa2b192bb5b33aeebdd1f84e45dadb4a92c785638467e599ee47
IMG-0086,images/gusu/Cleveland__2025.108_print-qianlong-亮先氏.jpg,gusu,1,,de8c3cd5a8f438ba138519786c1ed7141d43c24983979a2ba5ed5c5f16027384
IMG-0087,images/gusu/Cleveland__2025.113_print-qianlong.jpg,gusu,4,,57a1ea2eb7f6068540e761ea186c0b5fed00b246085bf37e3c16832d46cbd902
IMG-0088,images/gusu/Cleveland__2025.118_print-qianlong-亮先氏.jpg,gusu,1,,72f9cc348361c7845e66fc9f2b84defc8253204ffa3958545c86f53db34998bc
IMG-0089,images/gusu/Cleveland__2025.127_print-qianlong-亮先氏.jpg,gusu,2,,d5dbf8810d23dcf2b85249dca96c41628213f82a276e448a017b756b723fccea
IMG-0090,images/gusu/Cleveland__2025.21_print-qianlong.jpg,gusu,5,,5632e52bf62473f3f110942966419d2db1e5bcbd3fe8ae54763f93a1264c81e0
IMG-0091,images/gusu/Cleveland__2025.23_print-qianlong.jpg,gusu,2,,67141518413484e8d67b10cab808dd0bc9aeaa44aab5bcab861ec43b3b358f60
IMG-0092,images/gusu/Cleveland__2025.24_print-qianlong.jpg,gusu,5,,90d57f37847ebd251dd175e03631c2b6ff62ab417ab2b6c090e3c4c9431a6d21
IMG-0093,images/gusu/Cleveland__2025.29_print-qianlong.jpg,gusu,1,,851136c1d37609280528903c7c2a9eefea2946624a21339c314bb0c1f54c269b
IMG-0094,images/gusu/Cleveland__2025.31_print-qianlong.jpg,gusu,2,,ac44abab0947340caa39542bacddb01fefd066f2dc2e81336cc6237290310e8b
IMG-0095,images/gusu/Cleveland__2025.32_print-qianlong.jpg,gusu,4,,0240cf3c69b5cf6cc3237352284cb4a3555c076d13d865743583f437175cf7a4
IMG-0096,images/gusu/Cleveland__2025.42_print-qianlong.jpg,gusu,1,,f918128c97726e2baf0c938b6656e8af7031f3e9e12e996075f50f08e499b838
IMG-0097,images/gusu/Cleveland__2025.43_print-qianlong.jpg,gusu,1,,4a4c81ef17d4ef8f6665bab13df6bf09cfbfdaa2a2a0461596be4b8b3b941ed7
IMG-0098,images/gusu/Cleveland__2025.44_print-daoguang.jpg,gusu,1,,fbe7499e393407722b55045f707b6f7a5be459889b33c0743f7f6c2a4d74e466
IMG-0099,images/gusu/Cleveland__2025.48_print-qianlong.jpg,gusu,3,,ee7f54ec3d9353aa16809aa1646a2675d314c513acbfb295cdcc3838f72453e1
IMG-0100,images/gusu/Cleveland__2025.49_print-qianlong.jpg,gusu,3,,bc1662499d29cdde0bd7954437f7a9e315de884ccd89dab086b5bf81afcc44ad
IMG-0101,images/gusu/Cleveland__2025.53_print-qianlong.jpg,gusu,1,,f1cf6cdd63f4980b70e68829a2d09f42334ace118cdb4f6ab435da253a7d5832
IMG-0102,images/gusu/Cleveland__2025.57_print-qianlong.jpg,gusu,1,,00a6bc04f7cc55bc2e7e5b4e0b3b050fb72b4c09546fd2de0697ae516ed199e4
IMG-0103,images/gusu/Cleveland__2025.60_print-kangxi.jpg,gusu,5,,00878b718c8f9a6bb07e1b972a4536cf1502b13ba5f12eaf69e80c46a69b6a27
IMG-0104,images/gusu/Cleveland__2025.61_print-kangxi.jpg,gusu,2,,edb8b8c4fec213a8c7b7cadf1465af944c234262b0ace12cce3f583ef0c3409d
IMG-0105,images/gusu/Cleveland__2025.72_print-jiaqing.jpg,gusu,5,,94d53841315850a42f0ede4b2f5b06ba329f0b3b71537a01970af3f2fa69df05
IMG-0106,images/gusu/Cleveland__2025.73_print-jiaqing.jpg,gusu,4,,0133e106380fcd4dafd1763bd3273312b8667082c1fe5c029aaaf5b056d2d200
IMG-0107,images/gusu/Cleveland__2025.76_print-jiaqing.jpg,gusu,2,,d773adf1895c28e7a7efddf2b47054da3f56ec837de3d694b72ac93ca29fc970
IMG-0108,images/gusu/Cleveland__2025.82_print-qianlong.jpg,gusu,3,,2226d967dd810c245df55b7eff33d06aae0c7da05fe5dbab2a895a84c54144ba
IMG-0109,images/gusu/Cleveland__2025.83_print-qianlong.jpg,gusu,2,,b5baa958fe3f48ac1276f96b8d7623b8af9555f0552dd2ec0c5c756beef00c25
IMG-0110,images/gusu/Cleveland__2025.84_print-qianlong.jpg,gusu,2,,c92b61635f7abf8077f95fa312009cacd2e46dc05de3cf2ef85d304dd93116f9
IMG-0111,images/gusu/Cleveland__2025.87_print-qianlong.jpg,gusu,3,,031ba8810d4e7e66cf9304c83e7c28c921163f2429aed1353776287225f9082b
IMG-0112,images/gusu/Cleveland__2025.88_print-qianlong.jpg,gusu,3,,abf0cd8922d1fc1580b4f4b8e37371e1495a95366840a4b32e149a5208385c4f
IMG-0113,images/gusu/Cleveland__2025.93_print-kangxi.jpg,gusu,2,,9d4911a4fbc30c9c5adad43f912703d676de1d428422750616e53ff2c0852331
IMG-0114,images/gusu/Cleveland__2025.94_print-kangxi.jpg,gusu,4,,a5a6e3f5174e248f1afcdb43f52fb619da874be25dae9d0fb7674d471a17c5d3
IMG-0115,images/gusu/Cleveland__2025.97_print-qianlong.jpg,gusu,1,,63a27a6f7f5383687bd3529899d6d2a1f37a3f4358ef528ae1a8070a6cba14de
IMG-0116,images/gusu/私人藏家__IMG_0076.jpg,gusu,1,私人藏家,1579951a99796aacf16afe744b9792430a1ed1d7d3ad4f0bcd7859a9a50efad7
IMG-0117,images/gusu/私人藏家__IMG_0082.jpg,gusu,2,私人藏家,48db2021dc63c84f6fdd2038220fa82adb1f703a61aee900a2d397647097cf78
IMG-0118,images/gusu/私人藏家__IMG_0084.jpg,gusu,2,私人藏家,c58c7fca24d0e5f2f0b0577535112ec26510a871063d450a752d44de167f0a94
IMG-0119,images/gusu/私人藏家__IMG_0085.jpg,gusu,5,私人藏家,375081d83ca138406c9db47266b62ad1feff0ac952254f5816f3bf86c52d3097
IMG-0120,images/gusu/私人藏家__IMG_0096.jpg,gusu,4,私人藏家,6528f66151e8a326376c01b85081cf95b508e3ae576d429a57df7f17c69bdb80
IMG-0121,images/gusu/私人藏家__IMG_0102.jpg,gusu,1,私人藏家,620c177fd54b1e459c59c606587234f874300e7d4259f9c0390fead1f6623d96
IMG-0122,images/gusu/私人藏家__IMG_0103.jpg,gusu,5,私人藏家,708b991eca93d73dfda540ede950d2578642c3b3b2562b06d945299e625d86cd
IMG-0123,images/gusu/私人藏家__IMG_0108.jpg,gusu,1,私人藏家,592ca77fba6df1df61380a834afb958479f1dac3714a62e9c738bf84e24e8670
IMG-0124,images/gusu/MET__DP-40648-002-qianlong-仁和轩.jpg,gusu,5,,de08a97122d4515e90c4d2b61d6f97a17c6c69787618008d80ff6901419b01f6
IMG-0125,images/gusu/MET__DP-40649-002-qianlong.jpg,gusu,1,,86f0a37fb981ee60a6bbabc9afab776c7cddb4b067483d69246091abc86b495b
IMG-0126,images/gusu/MET__DP-40650-002-qianlong.jpg,gusu,1,,7cf1fbdaf015fc885f7385be5b6cb6adc142f1e8fc7c0f3d7f619753ae578524
IMG-0127,images/gusu/MET__DP-40651-002-qianlong.jpg,gusu,4,,ae96c23ca3843d5b5e1ea00dfad1e4953423c69da6ceac0fac53e99510e363ca
IMG-0128,images/gusu/MET__DP-40652-002-qianlong-隐渔居士.jpg,gusu,1,,2491990a1362b097fdd2f1a784f2034146f8e728bef3c2b27c5dd044ff82dd68
IMG-0129,images/gusu/MET__DP-40653-002-qianlong.jpg,gusu,2,,14be47305a1cea2d242987ebae97eb2f0d83d2560d5efe7b1abf8f4b0b12df33
IMG-0130,images/gusu/MET__DP-40654-002-qianlong.jpg,gusu,4,,ae3608133f4d6338ae1ef598f151eafe8dcfd908cdd8d9be08001d182bad5324
IMG-0131,images/gusu/MET__DP-40655-002-qianlong.jpg,gusu,4,,47ceb36067224e48004cefa27741e96bd6f4f38bc6070b7f5e58c3475078ed0a
IMG-0132,images/gusu/MET__DP-40656-002-qianlong.jpg,gusu,1,,ec0222cba8da53d60e7575e011a8a74aea31dac19136ee8eb131cd5933012e27
IMG-0133,images/gusu/MET__DP-40656-003-qianlong.jpg,gusu,3,,3b6a492b071b1addcb17c9102649453708cab9ee3273c00bc04321a2eb077ffc
IMG-0134,images/gusu/MET__DP-40657-002-qianlong-东坞主人.jpg,gusu,5,,81e65cc4a930808b292839d1a93f92d72718b7ad656f1af327fe3e1f7384e2fd
IMG-0135,images/gusu/MET__DP-40658-002-qianlong-仁和轩.jpg,gusu,1,,ed1c14e2370743b12dbbc96a80fda5d62852ecc61d292f15357ec36efa942758
IMG-0136,images/gusu/MET__DP-40659-002-qianlong-墨浪子.jpg,gusu,1,,afd8fb147fe6a0c1b7dd71eb1adc01327a6a9f346f87c79ca88c2a82c262985f
IMG-0137,images/gusu/MET__DP-40660-002-qianlong.jpg,gusu,5,,33a531e8586fe6ed5aad4dce7fdf8b0c6ffb4a56bd306cefc821df4858cfa098
IMG-0138,images/gusu/MET__DP-40661-002-qianlong-曹陞.jpg,gusu,2,,3cd97f041d90ac01c4cc6e4bf33f197aded08f90cc4b2bdc0885573cd5a797ef
IMG-0139,images/gusu/MET__DP-40662-002-qianlong-归来轩.jpg,gusu,5,,2ccd1ce621179ec9a2372bfea6b3739075cafeb37c07e859598dc4801b93fbae
IMG-0140,images/gusu/MET__DP-40663-002-qianlong.jpg,gusu,5,,15fb21ebb8e58d760df7d6f5f11fd6947d9241905b697e5f74f8376dc2893029
IMG-0141,images/gusu/MET__DP-40664-002-qianlong.jpg,gusu,2,,58afc683ecf95aef591055e6797579f117ad28254d849b7f072e7d4e6010c71e
IMG-0142,images/gusu/MET__DP-40665-002-qianlong.jpg,gusu,2,,f780e0ba2127b15fff2b7dcc74ee83f0ec34b4600c860c5667101b3ce5709c54
IMG-0143,images/gusu/MET__DP-40666-002-qianlong.jpg,gusu,2,,4ee666c715a7a5b72d54afc07919ac0b94e485714c4866d458a18e7a361ad95b
IMG-0144,images/gusu/MET__DP-40667-002-qianlong-种墨斋.jpg,gusu,2,,7f18d8220429f9c8bce91c4eb00f40f0fcdc2fd7cbba1bdb738e26293b98b768
IMG-0145,images/gusu/MET__DP-40669-002-qianlong.jpg,gusu,5,,003dfdbe3ab762f0f256c3958dbd4ca73fe8997eb915f5fa92f702fcc9df32ea
IMG-0146,images/gusu/MET__DP-40670-002-kangxi.jpg,gusu,4,,4b8cedcf18b8750ca0380fcb2223d64f273e19df2bfd8e9fd9ee22a3c8f7b6a5
IMG-0147,images/gusu/MET__DP-40846-001-ming.jpg,gusu,5,,b46a4d5940850a60d22d9810cc7b6aef2f24335d1f095bedf632ca306b6b9881
IMG-0148,images/gusu/MET__DP-40847-001-jiaqing-周元兴发.jpg,gusu,3,,8a70d4773fc30f9cd92fa919863d4f9f580c47f348a2b9fd0378940446b9ecbf
IMG-0149,images/gusu/MET__DP-40848-001-qianlong.jpg,gusu,2,,fb69011945cbb4940cb8c5d75136828e9d3abd506a168ee13270cbc8975ca5f4
IMG-0150,images/gusu/MET__DP-40849-001-qianlong.jpg,gusu,4,,507d1c56c552d1a5350426325f29c8fdfec3fb18223a7d6de374a7818b8a3b0a
IMG-0151,images/gusu/MET__DP-40850-001-qianlong.jpg,gusu,5,,d19c1dc7cc486df53758187cc20b28215d96c837f68d6eab5178c3642f0ccc2c
IMG-0152,images/gusu/MET__DP-40851-001-qianlong.jpg,gusu,2,,09064ca1efb88cc4d4b08a7ee705c233df9d541bee7f3df7cea4d936cd530c9c
IMG-0153,images/gusu/MET__DP-40852-001-kangxi or yongzheng.jpg,gusu,4,,0ef5ac619f794477b19301949d7ee62f9c9820974e4ac94c16236f8e93d11916
IMG-0154,images/gusu/MET__DP-40853-001-zhenjiang.jpg,gusu,5,,2c308b24eec6e4b263932ce1138a14a09e58384f0274978b5e09f6259c61b2ab
IMG-0155,images/gusu/MET__DP-40854-001-kangxi.jpg,gusu,5,,46d3312be6940296fc4a03a6f67f63073a1392f31a7c992e6d09cf1a95213e21
IMG-0156,images/gusu/MET__DP-40855-001-qianlong.jpg,gusu,3,,a2ff1009bf46a8f612cf61330a6ddc1b960f204fd3b562e843f3aba56a955e39
IMG-0157,images/gusu/MET__DP-40856-001-kangxi-季祥吉发行.jpg,gusu,2,,c1680816675e039fb3fb4cb83d3cd8b49f6abdccac4f1f6ccff30dde36b40c40
IMG-0158,images/gusu/MET__DP-40857-001-qianlong.jpg,gusu,5,,3449eddf87f885b8015330f6dc568cd8231b7b880c91c50727a79866534f7775
IMG-0159,images/gusu/MET__DP-40858-001-jiaqing.jpg,gusu,2,,1389d8b138952cb3b3a62cbcb63e785795c7f63d6330b4dacdb15575980502e0
IMG-0160,images/gusu/MET__DP-40859-001-jiaqing.jpg,gusu,3,,74f8e399c4a7af4cffb0e57b8778f0e75d6761ad48c969227de6baa85f8d81a6
IMG-0161,images/gusu/MET__DP-40860-001-jiaqing.jpg,gusu,2,,a81c9679e1cad0984325ddbafeffab1a6a5cec430c9bc86c17cf5546a069ebf0
IMG-0162,images/gusu/MET__DP-40861-001-jiaqing.jpg,gusu,2,,9120d08ffc126cc5be902ede4edc63d2220b66715d33ae0471a6850388725fca
IMG-0163,images/gusu/MET__DP-40862-001-xianfeng.jpg,gusu,5,,f178926db55fd22658c3be3f7ad50a58e9b162320840a967480d22745009c648
IMG-0164,images/gusu/MET__DP-40863-001-jiaqing.jpg,gusu,1,,eb06a7222be37247d6ad66bdd0409ef4beec4fc12a35a1903f4c5799fb215f46
IMG-0165,images/gusu/MET__DP-40864-001-qianlong-管瑞玉.jpg,gusu,3,,b7edda828317680998232986be9543c0f061d8282d4be6da628d2ef31133fe24
IMG-0166,images/gusu/MET__DP-40865-001-qianlong.jpg,gusu,2,,c2c0caa52a18407f74b6179ef47ca0dc872af4d25f95f39bbdc344c70e8fdbe0
IMG-0167,images/gusu/MET__DP-40866-001-kangxi.jpg,gusu,5,,6690635a5d1bb15c5fb071d7c0844d330ed69dae07e1a433cf076069f7443ee8
IMG-0168,images/gusu/MET__DP-40867-001-jiaqing.jpg,gusu,5,,98641ecec94a38bc4279af8f363a952d7c6cf04bd67cbff37279f213a1725415
IMG-0169,images/gusu/MET__DP-40868-001-qianlong.jpg,gusu,1,,be8c5826147db48c05231d58ecf2f7ca7c4db97db4d68e058fad0eb6a05f0429
IMG-0170,images/gusu/MET__DP-41019-004-qianlong.jpg,gusu,5,,54c785b14d14c0c78af81f506a2478d51be787679ff5562274c0c0abd467a3d3
IMG-0171,images/gusu/MET__DP-41270-001-ming.jpg,gusu,2,,78168237855848292f36ed3aebb6b603ea7b5924b229573a34fb187260439854
IMG-0172,images/gusu/MET__DP-41271-001-qianlong.jpg,gusu,4,,87b64ee5e47862570b50960519c3e93a3405d6ca7201ca1bcf033bf352c40bbb
IMG-0173,images/gusu/MET__DP-41272-001-qianlong.jpg,gusu,2,,83acf21302b00fca106e7399b9fab86aff0c9fb31c773e05ccb95f622135247d
IMG-0174,images/gusu/MET__DP-41273-001-qianlong.jpg,gusu,4,,9170c8c9e46c6ffbd66539521afc359e894268be5cf6c5ceb3d8cbfffc863d5c
IMG-0175,images/gusu/MET__DP-41274-001-qianlong.jpg,gusu,3,,21ed6ed3a19e6f545c59cf1b74181d45d589926cc3eb73b35cf256aabebae943
IMG-0176,images/gusu/MET__DP-41275-001-jiaqing.jpg,gusu,3,,4af2b7b3c0e9b14a0fe18cfab288e7fdf9c905b3a3753547e0b3223189be4ec8
IMG-0177,images/gusu/MET__DP-41276-001-qianlong.jpg,gusu,4,,3c74b494be0ecd10d31e6158fa6bfff0ba6747f808bae5b2107c22ab5d54fdb5
IMG-0178,images/gusu/MET__DP-41277-001-qianlong-季涛子.jpg,gusu,3,,582ac1e876d959a0671c1d9269e4931c7065094f4ee55128cba5020b509727d7
IMG-0179,images/gusu/MET__DP-41278-001-qianlong.jpg,gusu,5,,b7ac7523bb8cd5de28717a1189ac264116b5a599490c856e67cf093488e06bce
IMG-0180,images/gusu/MET__DP-41280-001-qianlong-桃坞主人.jpg,gusu,3,,12086cbd11aaa66b5bebcf800877e4cd73a503e26370cce9c9b1c09b1ba72f2e
IMG-0181,images/gusu/MET__DP-41281-002-xianfeng.jpg,gusu,4,,9eb0a0802ad759ea4a5fe2a8a60caf1b5139dfec4c1f4a9d2d91a869b069bb17
IMG-0182,images/gusu/MET__DP-41282-001-qianlong.jpg,gusu,4,,4b86a2d6310d63ef1695135725a48449caaa3331df0b23f5bd6109dc80c7f90f
IMG-0183,images/gusu/MET__DP-41283-001-qianlong.jpg,gusu,1,,58abd9299e052baf05dd873b7e6afaa3b32a7d4ffa145ae2151114c967b391d4
IMG-0184,images/gusu/MET__DP-41284-001-qianlong.jpg,gusu,2,,63debe805dca727edf59ee59113f692dedd07bb99aabc654f27cb967a4eb7bcb
IMG-0185,images/gusu/MET__DP-41285-001-qianlong.jpg,gusu,4,,7b2ad3d75f6df86340cf23619c43ce2f0a1ded9d00629ab497f0490f1cfcad26
IMG-0186,images/gusu/MET__DP-41286-001-qianlong.jpg,gusu,5,,7f8f9c436a1d782259e161db4868f94fd3a78cd639516bff3cbddda1021fce57
IMG-0187,images/gusu/MET__DP-41287-001-qianlong-归来主人.jpg,gusu,5,,5eb198cb1d1bc40f30b51d5dc41e6a3e19fff7959aa0cb474cb797494beb213b
IMG-0188,images/gusu/MET__DP-41290-002-qianlong-季子明.jpg,gusu,4,,4632483c9d25a3aef26d3563c0972ef97b066506cebd2a6d2d55f4643f2e2bdb
IMG-0189,images/gusu/MET__DP-41298-001-kangxi or yongzheng.jpg,gusu,1,,48de989ffda553de1c0f92737b3210f18114bc293ce1cf050bf0130f3fb0c04c
IMG-0190,images/gusu/MET__DP-41299-001-kangxi-吕君翰发行.jpg,gusu,2,,3a9d3f7f293c6a14e8ec31fb44d942087c365a974ffe4d9c0419a4d573041307
IMG-0191,images/gusu/MET__DP-41307-001-kangxi.jpg,gusu,5,,18712d9b9baf2a250c4994f1c852c7f5a0a9c2d0f6282a5f6304cd0bd58a5730
IMG-0192,images/gusu/MET__DP-41318-002-qianlong-墨浪子.jpg,gusu,3,,c128c4e6c80e1c9ad75f4b801ecb8bff662ea64c33543817bd3e1384ee37c8f8
IMG-0193,images/gusu/MET__DP-41319-001-jiaqing-竟源记.jpg,gusu,1,,dbf09f5af43cb985ca6a5cd17b2357bcc606971105feeba81d82d9e7b2d2e526
IMG-0194,images/gusu/MET__DP-41320-001-daoguang.jpg,gusu,4,,562a70f473cc4d95cc00dba44995d1d2b5293f3b38c567bb51035bd06b0992fe
IMG-0195,images/gusu/MET__DP-41323-001-qianlong.jpg,gusu,4,,6795cb4cae7225bec01c3f5f7a1bd0365214f285a2c2993c8dbacaba7ede647d
IMG-0196,images/gusu/MET__DP-41324-001-qianlong.jpg,gusu,2,,7fd00f10bedc1f63921afed129594dd98591764e71354bf300697cd0316fc143
IMG-0197,images/gusu/MET__DP-41326-001-qianlong-根延氏.jpg,gusu,2,,d5986649b05ad82d6e299b9bcd28cf9d7f6436834a666aabb5a1d98d173f3ae2
IMG-0198,images/gusu/MET__DP-41327-001-qianlong-曹陞.jpg,gusu,2,,3b27246dc3d62863752ba77199da2527cc041d874c71559473cec150a6c71fe1
IMG-0199,images/gusu/MET__DP-41328-001-qianlong.jpg,gusu,3,,3dbd0da73200f2968af96c225812cd83b3f8b43e7b57cdb9bdaea39ad80cb933
IMG-0200,images/gusu/MET__DP-41329-001-qianlong.jpg,gusu,1,,bd6757a3c2ac6ede5abb7d22116dc7cf06c60f12abef06b6427c87d505fed3f0
IMG-0201,images/gusu/MET__DP-41331-001-jiaqing.jpg,gusu,4,,98e3e9a442823f1b7ab494f4c96c3bdca7b65d63ad1944a02d5e3301541fbd87
IMG-0202,images/gusu/MET__DP-41333-001-qianlong.jpg,gusu,2,,0360d8871387ba330490e82105456f4d602a4fdcc923cac793aaff0703555b73
IMG-0203,images/gusu/MET__DP-41445-002-jiaqing-止庵.jpg,gusu,1,,72e06be8037894ab7bb1872160b978054f8340e1cfec747c7db65bceb8ebb361
IMG-0204,images/gusu/MET__DP-41446-001-qianlong.jpg,gusu,1,,a2208d0e168ff5c511afd809439ba61c62c561caecefcf0e3b19c4e554991240
IMG-0205,images/gusu/MET__DP-41449-001-kangxi.jpg,gusu,4,,a1de357a3f2904ab2e75ef17a41e5450039de0bca2ecb698f9308d78cdf7e969
IMG-0206,images/gusu/MET__DP-41450-001-kangxi.jpg,gusu,2,,1f3ac7866d6dda358672ce986dabf650ab66eb4666e726d483c8b98ca4094afa
IMG-0207,images/gusu/MET__DP-41451-001-qianlong.jpg,gusu,5,,e1f07afc3d606c13b8ae59f8ce687eb32c1aec633f7d8b8b03e928e58c2857ea
IMG-0208,images/gusu/MET__DP-41452-001-qianlong.jpg,gusu,3,,be5d3e3366a76bdbdce8379e6c5e526318af87ad302797ec6c80777bb6423e9e
IMG-0209,images/gusu/MET__DP-41454-001-qianlong-丁亮先.jpg,gusu,3,,cc6b8661ec588cee9b11d5ce072bfd6783eaaf74048179c0513335b3ed9abaf6
IMG-0210,images/gusu/MET__DP-41455-001-qianlong-应宗氏.jpg,gusu,5,,1406fb9d6ed3b4c16626e2477b7ee0388506fa53f3df251fafb68920b925138e
IMG-0211,images/gusu/MET__DP-41456-001-qianlong-丁亮先.jpg,gusu,3,,33ec28e68850b45ec9c4448c1f7f511f70250b9981e59653ee16e46c5094698a
IMG-0212,images/gusu/MET__DP-41457-001-qianlong-亮先氏.jpg,gusu,4,,0849f861546a105a31a74a16a4a6cec106a3faeb5c9bf0d1021749e93cdd4162
IMG-0213,images/gusu/MET__DP-41458-001-qianlong-应宗.jpg,gusu,3,,b3cd33da926ca73751733bcddd59d7b76b908ea32a5189208bde3433fc17195b
IMG-0214,images/gusu/MET__DP-41459-001-qianlong.jpg,gusu,1,,f990d3cab46daddef114156f4a6ca707933a61bb33c88204fc4d69a24aaa4b10
IMG-0215,images/gusu/MET__DP-41460-001-qianlong-亮先氏.jpg,gusu,3,,7650e9efda7e2c3be030591fffc0c675314de6c868599daa919e38e47f25232a
IMG-0216,images/gusu/MET__DP-41461-001-qianlong-丁应宗.jpg,gusu,2,,b95e56c7b74a5686d3f698a6fc60730ec4cdc56b0a053951355a01b89aa51641
IMG-0217,images/gusu/MET__DP-41462-001-qianlong.jpg,gusu,3,,7c49c94615c67651633b5c52774f4bba1397aaccdeb8fd6ce2f000d1a582ac05
IMG-0218,images/gusu/MET__DP-41463-001-qianlong-许源山.jpg,gusu,2,,6b8de04e61edc298a778dfe36b4c6cdefd11efea4c036a57d71240bfda83734b
IMG-0219,images/gusu/MET__DP-41464-001-qianlong-许源山.jpg,gusu,1,,036e0ee78242384bae46433d8df0fc24bc8f85968068b31e350ba13d974ef263
IMG-0220,images/gusu/MET__DP-41465-001-qianlong.jpg,gusu,2,,45644fa7137ec7004a5fa8b9befd4871a8d54dc0dc9da2dcd7e4b7980b55c48a
IMG-0221,images/gusu/MET__DP-41466-001-qianlong.jpg,gusu,5,,da27fff3377c8f865c2fceafe94ae7e655bd01c314afa15e3b1b4342f06827bd
IMG-0222,images/gusu/MET__DP-41467-001-qianlong.jpg,gusu,1,,191d291f195141cc9b8b602a7c80671eef0adc8f8bd1aae8104c463632f3765e
IMG-0223,images/gusu/MET__DP-41468-001-qianlong.jpg,gusu,3,,f6ec18e5f9a8bb7708e860fbc435e7489d68ba109bf928203366d4f486e2286c
IMG-0224,images/gusu/MET__DP-41469-001-qianlong-亮先氏.jpg,gusu,2,,f504a4359ec7c6d047b41b1b2e174c23fa53750877bee8a07ef1fd681478a349
IMG-0225,images/gusu/MET__DP-41470-001-qianlong-亮先题.jpg,gusu,5,,3ea0719022cb06e5ce06998626e52844d8bc9f3f4b1665caa48c449791757053
IMG-0226,images/gusu/MET__DP-41473-001-qianlong.jpg,gusu,2,,caecfafd7cd99c0ad58aeb6b3654590e3bf2097e6bbe949df0204bd3b32b9fc5
IMG-0227,images/gusu/MET__DP-41821-001-yongzheng or qianlong-韩怀德.jpg,gusu,2,,84f380ed12a8f194c26e9da6da580d52355e8f25936258201b2c5592a19bfd41
IMG-0228,images/gusu/MET__DP-41822-001-qianlong.jpg,gusu,5,,5f0255ee641afa9adc2cd74ae7b1198fc9778e620ca5c88b9f75fbed071a79fe
IMG-0229,images/gusu/MET__DP-44380-002-qianlong.jpg,gusu,4,,d1d9a17adce0df009d510b19d6fdc8084a990576f6ec466475f7e27ffb9c70f9
IMG-0230,images/gusu/MET__DP-44381-002-qianlong or jiaqing.jpg,gusu,5,,d8509a8d131b315d2893db07e87ec49a841513f3d5a440f8ef8e5f345aa96d42
IMG-0231,images/gusu/MET__restricted-2-kangxi.jpg,gusu,2,,da64c9cff3c375068d67c5083b8decc20ad8e3dfc422194e7e8c8b95f2fc29a9
IMG-0232,images/gusu/MET__restricted-3-qianlong.jpg,gusu,4,,b46ae53eec282ec8f1ae9e324a02c6a9050465cb834c4350f95aa462e6801b95
IMG-0233,images/gusu/MET__restricted-kangxi.jpg,gusu,1,,7a9ba1baf16e75f6027683bff9ed7b6e587ac34d01c2187f24940b523796a049
IMG-0234,images/gusu/私人藏家__微信图片_20260506165420.jpg,gusu,1,私人藏家,cb6689893349b60ef7f76efec6d8d8e431e29629042876c2f4cab48d6112b135
IMG-0235,images/gusu/私人藏家__微信图片_20260506165451.jpg,gusu,1,私人藏家,b0ab6eb28e88422b116827a61768b21aca156b3af4028d02e703547fa64ed2f2
IMG-0236,images/gusu/私人藏家__微信图片_20260506165500.jpg,gusu,2,私人藏家,77b1d29efc2108eb22ca0a696ea9ae7fd6d98126af989df52f4fc493eb639282
IMG-0237,images/gusu/私人藏家__微信图片_20260506165509.jpg,gusu,2,私人藏家,b0134dc849e560a2e9fd662aeb100e1d463d78a1e10ff91de097e11745551b67
IMG-0238,images/gusu/私人藏家__微信图片_20260506165517.jpg,gusu,2,私人藏家,d1ff2b9eae4a2dce4e5b175cf297cdbeecabad32373f62de4061a7522714b149
IMG-0239,images/gusu/私人藏家__微信图片_20260506165528.jpg,gusu,3,私人藏家,474f610ff6db792f76f2a7637dd573ff1093b33852effe57add91dddbcf3141a
IMG-0240,images/gusu/私人藏家__微信图片_20260506165540.jpg,gusu,2,私人藏家,c505b3b174bfaa25538ba7e7d2cc1bda718a68f7064e77a594c32c66e4c5d4c1
IMG-0241,images/gusu/私人藏家__微信图片_20260506165548.jpg,gusu,1,私人藏家,eb08c2083ea57e6b0cfc460ddd5543aa468228908fc9f22d90f2b0df6ce27ffc
IMG-0242,images/gusu/私人藏家__微信图片_20260506165556.jpg,gusu,3,私人藏家,53169a27132099d9ed3741ba5636a73bc8da770921ecede11944aab14ab795d2
IMG-0243,images/gusu/私人藏家__微信图片_20260506165606.jpg,gusu,4,私人藏家,b1a1fdad1bba32c4a0274dcd3b3f85856623ddd8dd1a844096db19bc36f5ac0c
IMG-0244,images/gusu/私人藏家__微信图片_20260506165632.jpg,gusu,3,私人藏家,301c8ffbae14325bbff70a3665abab603532eb72ac3c663f9da4ea4f295497f0
IMG-0245,images/gusu/私人藏家__微信图片_20260506165639.jpg,gusu,4,私人藏家,45039520424d591ec31d7585ce93de107ceda7b90510a242da741f900c681a3b
IMG-0246,images/gusu/私人藏家__微信图片_20260506165648.jpg,gusu,5,私人藏家,3cc0f7e4b12eb61fe328390827df3a3d6ab67d6ccd1438283c58d98a89b0479a
IMG-0247,images/gusu/私人藏家__微信图片_20260424173857.jpg,gusu,4,私人藏家,156fabb73a144c78b1daed6fcf0e66cd468a7929504e9d675265b66686b6817b
IMG-0248,images/gusu/私人藏家__微信图片_20260424173943.jpg,gusu,4,私人藏家,c947f9bf18b77499bce8f4d9433c7e08ef5bf186c6f76345f9b4564e1493f8bf
IMG-0249,images/gusu/私人藏家__微信图片_20260424173952.jpg,gusu,2,私人藏家,9b6c35f7c6743acdd671104be7dba00fc5435ed63c2a8aabbd7fe5f101b9e2ab
IMG-0250,images/gusu/私人藏家__微信图片_20260424174000.jpg,gusu,2,私人藏家,8bc8de633c483e804ba5a17574bd7911c64a3927b2b36586a5648c2feaadb0b6
IMG-0251,images/gusu/私人藏家__微信图片_20260424174015.jpg,gusu,4,私人藏家,3fb700e3ae68c9b2abe4ad921eca471487cee1b0297a5a6525167b1caab74e17
IMG-0252,images/gusu/私人藏家__微信图片_20260424174022.jpg,gusu,3,私人藏家,bfebfaa78d5d176bf7d7635600bc33422e783e8735360a9bf054ee39a71b381e
IMG-0253,images/gusu/私人藏家__微信图片_20260424174029.jpg,gusu,3,私人藏家,489ee65e1000573217e3a9f83ab52f9f729c1237bf25da7be61b49ec801554b7
IMG-0254,images/gusu/私人藏家__微信图片_20260424174035.jpg,gusu,3,私人藏家,5448e0bbcc4f7a54c018d6511fa2020973d15634741b2263a531d2f93360cf71
IMG-0255,images/gusu/私人藏家__微信图片_20260424174045.jpg,gusu,1,私人藏家,bc2a393f66506fb24da57b67c837dcd7c609c01a6dea0d4150608df9f338a8a3
IMG-0256,images/gusu/私人藏家__微信图片_20260424174054.jpg,gusu,5,私人藏家,3cf8b05c24aef2d3819f76131607d3e5a547a4b37a1984d01e992fcc4e285574
IMG-0257,images/gusu/私人藏家__微信图片_20260424174104.jpg,gusu,3,私人藏家,fbabc0ef123e5f3c852171f04b61bf6fa956b20191062577cd6bfdebec04a7f4
IMG-0258,images/gusu/私人藏家__微信图片_20260424174123.jpg,gusu,2,私人藏家,155c77c206cb7e2e2d1b32d2a329424ddea0aa9f560302c71cf9ff7f6f565ed2
IMG-0259,images/gusu/私人藏家__微信图片_20260424174129.jpg,gusu,5,私人藏家,c8ac606bfb0188a1738083d8dbd6ebbea8f92b5ebd304b75617780534cc491d4
IMG-0260,images/gusu/私人藏家__微信图片_20260424174136.jpg,gusu,5,私人藏家,48d028cd606de4f517895a3836699cecea084bf8c8125c05c588c8a01df8366e
IMG-0261,images/gusu/私人藏家__微信图片_20260424174144.jpg,gusu,4,私人藏家,ca93b7372376ae11aaad65e20c526159b3daabfd64574e7a55f97dd2feb639b8
IMG-0262,images/gusu/私人藏家__微信图片_20260424174151.jpg,gusu,4,私人藏家,0d8c9d7e8279320e3c1b001be2d618d8e0dbd037b39eba67886f0a3e8f594427
IMG-0263,images/gusu/私人藏家__微信图片_20260424174200.jpg,gusu,3,私人藏家,81032da06751552b3ed29f686b8e0670c6949afea10853279907e99302f5e6ff
IMG-0264,images/gusu/私人藏家__微信图片_20260424174209.jpg,gusu,4,私人藏家,c1a0da50f842bb5ec735fc01486569876368927b3d93786f7c668bdc952ce428
IMG-0265,images/gusu/私人藏家__微信图片_20260424174216.jpg,gusu,5,私人藏家,89d5d6d4285644ec3e69fdede904b5943516852588b1116385e46e23422b6ff2
IMG-0266,images/gusu/私人藏家__微信图片_20260424174222.jpg,gusu,4,私人藏家,af26b77e593d94b9d8da12d3ad3bd027a64de94759778393aa2809ed749f7f57
IMG-0267,images/gusu/私人藏家__微信图片_20260424174229.jpg,gusu,2,私人藏家,b0b70c42e8e1098f82107f7d7e6c903ec65200fe1179df04c25b5f027a9ca6e6
IMG-0268,images/gusu/私人藏家__微信图片_20260424174236.jpg,gusu,2,私人藏家,92cbf16b3bc947eb4380310aff578241e8d4b3f544a78c991364ca611c46de2b
IMG-0269,images/gusu/私人藏家__微信图片_20260424174243.jpg,gusu,4,私人藏家,550d5e0226b227f221a9e328ba951211c7b2dc3fc1800ccb56a88ffa3f0c317c
IMG-0270,images/gusu/私人藏家__微信图片_20260424174250.jpg,gusu,4,私人藏家,4991d4b46297ce4a3972a652ae4adb9fe402f6d44cf307bb0b97d5b34ea29ab8
IMG-0271,images/gusu/私人藏家__微信图片_20260424174256.jpg,gusu,4,私人藏家,9d4c57268468459939eb76998267284c4a623f3bd339194d15d3b68ff522a963
IMG-0272,images/gusu/私人藏家__微信图片_20260424174303.jpg,gusu,5,私人藏家,fcad17c474d6aa8693d536e5c7ae99256d077015640ec431feabbea3d411aef5
IMG-0273,images/gusu/私人藏家__微信图片_20260424174310.jpg,gusu,5,私人藏家,299edf692d32adfe4291f827ae8ea81412a766f6133b303adfd3ead1ef9a0513
IMG-0274,images/gusu/私人藏家__微信图片_20260424174319.jpg,gusu,3,私人藏家,d8797420d05ec88e3943c67842e56f8a973f527587f96a0a79a3881eadcd5984
IMG-0275,images/gusu/三国一组__GS0029-三国一组-私人藏家-1.jpg,gusu,4,私人藏家,11f00cbe597edb51a92496a4bedb43f1aa2713e20e9ab821c1f2d2d2e74768f2
IMG-0276,images/gusu/三国一组__GS0029-三国一组-私人藏家-2.jpg,gusu,2,私人藏家,afe37b7e0496eb1fd64f4632e4d21db3f48eddf9bbf3a6b24cdc7bbc2a65fde8
IMG-0277,images/gusu/三国一组__GS0029-三国一组-私人藏家-3.jpg,gusu,2,私人藏家,9ccded69487eaa18b1a9771db712ae968558468bfaf09f1a3ff522fd30e1d59d
IMG-0278,images/gusu/三国一组__GS0029-三国一组-私人藏家-4.jpg,gusu,3,私人藏家,11d83f3441b156050d49dc54acef6dbabfbfa20455e6956ebb529b8fd5a0c15c
IMG-0279,images/gusu/佚名_《撩跤图》_清乾隆_墨版套色敷彩_54x30.5__佚名 《撩跤图》 清乾隆 墨版套色敷彩 54x30.5.jpg,gusu,3,,eb242f723b69be94b5fdb5c20f9465093f65b0abc5b948a8727247a7311747cb
IMG-0280,images/gusu/佚名_《渔家乐》清中期_墨版套色敷彩_56x26.5__佚名 《渔家乐》清中期 墨版套色敷彩 56x26.5.jpg,gusu,3,,ee786d40a5024f81ea9fcab7e21d99fdf9976498a1a6448d9859325f89493cee
IMG-0281,images/gusu/佚名_《福寿双全》清_木版拓印134x54__佚名 《福寿双全》清 木版拓印134x54.jpg,gusu,2,,5ed0bbbb2ea075960e31d87c2c23ea0056d92079ca22930cb033b9b800ae0db0
IMG-0282,images/gusu/私人藏家__丁亮先 《秋色花篮》清康乾时期 拱花，木版套色 25x32.5.jpg,gusu,2,私人藏家,0c07c48f1503d18d1a2ed56cef8b12302d915e4b8d4a079048acf3f950ab66d7
IMG-0283,images/gusu/奥莱美术馆__D11_平面_福寿双喜图.jpg,gusu,4,,6d110fbcabdbe9c0db08f51eec40939c38c5afe4b34e77b0620e9a97994207ba
IMG-0284,images/gusu/奥莱美术馆__D1泥金报喜.jpg,gusu,3,,8ce7e7a854d03ab619f5fb7593beb6f3d767a671bc4884a5aeccf9cebae2c528
IMG-0285,images/gusu/奥莱美术馆__D2_平面_抚琴图.jpg,gusu,5,,d61d39937d47ad908d62a14fd2369053703afe766ed6a1bbeba65b88ccad71f5
IMG-0286,images/gusu/奥莱美术馆__D3_平面_西湖全景之断桥残雪.jpg,gusu,5,,d4f1e161facebe89b1b14a9fe324590982e046728a19718dc829adf3e0b68fe1
IMG-0287,images/gusu/奥莱美术馆__D4_平面_西湖全景之平湖秋月.jpg,gusu,2,,c32bc9705c828440ffadec50cf0ae1eca9f69b76a058b2257833fd3ced7ca2fc
IMG-0288,images/gusu/奥莱美术馆__D5_平面_罗通盘肠大战.jpg,gusu,4,,37df4b9173e1560202492b66c16706764c84fd630dc8b6abf335d2eca64d34c1
IMG-0289,images/gusu/奥莱美术馆__D6_平面_时童赏梅.jpg,gusu,5,,0e99d46cfcd5777feab6409ee42ed788b7526349ca478eecd88ac3ac5b3727a7
IMG-0290,images/gusu/奥莱美术馆__D7_平面_程咬金大闹武举场.jpg,gusu,2,,0628f0b9a2bbeb717aa799aeb375897443a4dec323c753748ba9a4058843f667
IMG-0291,images/gusu/奥莱美术馆__D8_平面_张飞黑夜战马超.jpg,gusu,4,,836bc30773f5753afcb4cf55eea567fc89caccf50e88d694105b295d4d174cb4
IMG-0292,images/gusu/奥莱美术馆__冬.jpg,gusu,4,,1a488605dac22d61b9c550a2069ea820464ad3887d2e3a5c73127cb4fb082ed6
IMG-0293,images/gusu/奥莱美术馆__单.jpg,gusu,2,,7fd9f4c933e5ae63380e37850bb44f7dba1deec25fcb61adbbc2e61aaf55e345
IMG-0294,images/gusu/奥莱美术馆__喜上眉梢.jpg,gusu,4,,e2a6359566166b1c5cfa77da569f45890694e80b2d8e901b1be1c43cad188dc2
IMG-0295,images/gusu/奥莱美术馆__夏.jpg,gusu,1,,4ff4bc142e032ed0396c48a1c9ad841a4bc22709b3e91556b6d6b15841d81ae3
IMG-0296,images/gusu/奥莱美术馆__姑苏美人.jpg,gusu,5,,7b31d0546f6d3a2dfb92b48275ffae004e39cd689acc80178bcccd06944f80b3
IMG-0297,images/gusu/奥莱美术馆__扬眉得意.jpg,gusu,1,,47577c34624d937361c1ab312ce3f5a6bb172880be01e58642b37f7f283881b2
IMG-0298,images/gusu/奥莱美术馆__春.jpg,gusu,4,,45dd2beb79d8f102b08537ae275d718523abc6f8aa2ba71e9b9ff7eb6940ae13
IMG-0299,images/gusu/奥莱美术馆__汾阳宫全.jpg,gusu,1,,27061167a4821b171a9f321dbc3150083c57601a0a10d460afcea8d3dd60462d
IMG-0300,images/gusu/奥莱美术馆__清朝三百六十行.jpg,gusu,3,,e78d6b929c39ebb849b83593b2b5fbcde6af74c3c2902371ce818a2aaac04074
IMG-0301,images/gusu/奥莱美术馆__秋.jpg,gusu,3,,c00807567c898b4903cfe931a41675ac33b621b35b258b279a6ec961a4ad1bf9
IMG-0302,images/gusu/奥莱美术馆__秋色花篮.jpg,gusu,2,,541cf3aa90576ed4eecb56d13b2e734a2112a633b47dbb081beac888031323aa
IMG-0303,images/gusu/奥莱美术馆__腊转春回.jpg,gusu,1,,3c1b8525e790fc4fd8722058e6a9d1dd0edc6511db0fac6d1b912c161d858300
IMG-0304,images/gusu/奥莱美术馆__莲蓬菱角图.jpg,gusu,1,,6a51b667e799cd1d9f17e7ead62a951e34b001c8d3e7b0ead0f5e50403bbfa73
IMG-0305,images/gusu/姑苏-私人藏家__微信图片_20260404210321.jpg,gusu,1,私人藏家,babfa56fc02427e7be3c46cdd905cacc1fb51677cc4c2d400c5841d424d4a992
IMG-0306,images/gusu/姑苏-私人藏家__微信图片_20260404210331.jpg,gusu,2,私人藏家,1f67809dc6b63a51f8be7df599c33442a48362d06e9514f61791578829561be5
IMG-0307,images/gusu/姑苏-私人藏家__微信图片_20260404210339.jpg,gusu,2,私人藏家,5c28dff7c27b9fd667d51efb15e18450a46fda9f7ad236d690bd2f2a1d357f67
IMG-0308,images/gusu/姑苏-私人藏家__微信图片_20260404212958.jpg,gusu,4,私人藏家,ee04f064a915c7ea0f7bd9a3bc50d22f44976749f5bd5c42884c241811123740
IMG-0309,images/gusu/姑苏-私人藏家__微信图片_20260404213009.jpg,gusu,4,私人藏家,19255c53cf86d2b18565ebc8ac8d2354322c574598afcb58ab2fa5d70e592768
IMG-0310,images/gusu/姑苏-私人藏家__微信图片_20260404213022.jpg,gusu,3,私人藏家,d305287d0a70d347702338eebe5e65ad1c3299432b924d039d6d4a463f1b6c2c
IMG-0311,images/gusu/姑苏-私人藏家__微信图片_20260404213034.jpg,gusu,2,私人藏家,bb6a7347c586225760dd3daee07573d1981be07c48669c8044dc1b030851d322
IMG-0312,images/gusu/姑苏-私人藏家__微信图片_20260404213247.jpg,gusu,1,私人藏家,27eab1f5a2b9d48eeac6ab433c4dde3e5cf56b5b9367b7e518ae6e15de044952
IMG-0313,images/gusu/姑苏-私人藏家__微信图片_20260404213257.jpg,gusu,3,私人藏家,a35a905bfeede5702d30eabcde2190eadcd11388c841339a085d15d24ab18e0e
IMG-0314,images/gusu/姑苏-私人藏家__微信图片_20260404213306.jpg,gusu,4,私人藏家,d47a2881e6b44a6cce807b2c8f4ac533a02826f671e20f6902ba23bd33e665f5
IMG-0315,images/gusu/姑苏-私人藏家__微信图片_20260404213313.jpg,gusu,4,私人藏家,d9fc95e95e1def436aa4ea2fa2790ffcaf99013b77ba0a3ce0f5a2515adce285
IMG-0316,images/gusu/姑苏-私人藏家__微信图片_20260404213322.jpg,gusu,2,私人藏家,3467e3d15a7cb14586891a2330c293c7860fca1d6beb911d1152e366c3e4d866
IMG-0317,images/gusu/姑苏-私人藏家__微信图片_20260404213329.jpg,gusu,1,私人藏家,1728a2b412b8f7250b531a8412951217fb74cddce43c41c845cd12434c992e53
IMG-0318,images/gusu/姑苏-私人藏家__微信图片_20260404213337.jpg,gusu,4,私人藏家,b6bb4ae47d5a340e2fb68106c4efbea65b673fa11e0059336bffb6139d61e656
IMG-0319,images/gusu/姑苏-私人藏家__微信图片_20260404213558.jpg,gusu,3,私人藏家,2363a9f4ce4ff21b9cf793dfcdaaa535517a6d5c7ebfcc0a3cadbee2ee252e65
IMG-0320,images/gusu/姑苏-私人藏家__微信图片_20260404213611.jpg,gusu,4,私人藏家,710f16a7b937e8b45c1eb3691aad55ee5894ecf157e3033dd122bbd04156b4ee
IMG-0321,images/gusu/姑苏-私人藏家__微信图片_20260404214109.jpg,gusu,3,私人藏家,d9190a11a3d526e173792c2d8b0ef14aaa45f54ea072be1969b0eb9e6c082082
IMG-0322,images/gusu/姑苏-私人藏家__微信图片_20260404214129.jpg,gusu,5,私人藏家,ee1ee11d857de1de5168ebf28649663397458abb0b9ef1ff300a4f02f9d5028e
IMG-0323,images/gusu/姑苏-私人藏家__微信图片_20260404214137.jpg,gusu,1,私人藏家,030377a155d19c68d70b46acb726fdf813b7e07e1cecf6a012a3b8d5b899581e
IMG-0324,images/gusu/姑苏-私人藏家__微信图片_20260404220824.jpg,gusu,3,私人藏家,ee3883efd687d3055bc6522a800afada86d878519396b3ea7aa24df43ab60347
IMG-0325,images/gusu/姑苏-私人藏家__微信图片_20260404220835.jpg,gusu,5,私人藏家,cb7a8f03518463c3c75a0ffcb9e1237a9b4435afa3b6a63e76e4d484e4536462
IMG-0326,images/gusu/姑苏-私人藏家__微信图片_20260404220845.jpg,gusu,2,私人藏家,66a0cf1387d39ac31143fa2f4069a6f7363b655f40477250218417b48111f962
IMG-0327,images/gusu/姑苏-私人藏家__微信图片_20260404220859.jpg,gusu,3,私人藏家,29a74dacf370fd4cade0eeee96ea8bd1d0d87023b7df298ea751bafb6f70c183
IMG-0328,images/gusu/姑苏-私人藏家__微信图片_20260404220906.jpg,gusu,5,私人藏家,684bce4922f05641caaded383f468e73090647cf48a5f1baace06c2843652022
IMG-0329,images/gusu/姑苏-私人藏家__微信图片_20260404220913.jpg,gusu,3,私人藏家,976aa3b2dd4bbca1eba2c483a27e053ae02e94dc9b77b900de0ad4c75ccf0eea
IMG-0330,images/gusu/姑苏-私人藏家__微信图片_20260404220921.jpg,gusu,2,私人藏家,1d13c60bd7f8e059855a4986e5816b97ddc5fa88829ab19c80c2e44665bc45cf
IMG-0331,images/gusu/姑苏-私人藏家__微信图片_20260409094121.jpg,gusu,2,私人藏家,acea00bba99722b2c947e838d55aa3e0ea49e4e0761a371d4501a3c828e87359
IMG-0332,images/gusu/姑苏-私人藏家__微信图片_20260409095208.jpg,gusu,4,私人藏家,43ff9661221e4ce53eb46e95ef47f27af9773d89600247f531780f27470bc082
IMG-0333,images/gusu/姑苏-私人藏家__微信图片_20260409095219.jpg,gusu,3,私人藏家,e71d95daffbb661eddbda87afba094b0d7e5b0a3e4a1efaf0e7af78b980eacd6
IMG-0334,images/gusu/姑苏-私人藏家__微信图片_20260409095226.jpg,gusu,1,私人藏家,4d044e3e68d48601caf3ffd1be45fb43fbfcf34db0217f8b195db3d5c91a13fe
IMG-0335,images/gusu/姑苏-私人藏家__微信图片_20260409095231.jpg,gusu,1,私人藏家,802894065c07dc295e1bf54471f66a84a8330386aa2bc3b4dc9be621199846e5
IMG-0336,images/gusu/姑苏-私人藏家__微信图片_20260409101633.jpg,gusu,1,私人藏家,98765fe88870f27885e8041aa06c7d91106512dc134241b1d6100ffe4c379032
IMG-0337,images/gusu/姑苏-私人藏家__微信图片_20260409102208.jpg,gusu,3,私人藏家,8ae7ffaabb1e822d81e588b9c3b57f0171df036171280a9ceb823983600636d5
IMG-0338,images/gusu/姑苏-私人藏家__微信图片_20260409102217.jpg,gusu,4,私人藏家,b6fcc57251e2729bf7013dff6f17cc6125f16a16026719c153b2a7a596bb8281
IMG-0339,images/gusu/姑苏-私人藏家__微信图片_20260409102222.jpg,gusu,3,私人藏家,04d998d6c0f025f8e02a8c73caea201b1110f1f58ce259ce10e3140e91859a20
IMG-0340,images/gusu/姑苏-私人藏家__微信图片_20260409102227.jpg,gusu,5,私人藏家,c13e06ee61c6c9a940f93efadf114f984a067cb27d0cdec418dee6756f5c57e2
IMG-0341,images/gusu/姑苏-私人藏家__微信图片_20260409102231.jpg,gusu,1,私人藏家,e5469d87f858a19fe16837a827bae1882945b60d6941622f671e8dffb086c5e2
IMG-0342,images/gusu/姑苏-私人藏家__微信图片_20260409120614.jpg,gusu,4,私人藏家,4129652a9e792f0a7299b678446eaad4002a0734f7d24c4b6501971c7f1d4ca0
IMG-0343,images/gusu/姑苏-私人藏家__微信图片_20260409120628.jpg,gusu,3,私人藏家,c6a62613d89231b096d30959d51878cfe2eb70662494070d799023aeed41246f
IMG-0344,images/gusu/姑苏-私人藏家__微信图片_20260409120638.jpg,gusu,3,私人藏家,3b4a926713a876b50721af8be1634808ed32fc814f3f80d895a7b5f657cca0d6
IMG-0345,images/gusu/姑苏-私人藏家__微信图片_20260409120644.jpg,gusu,4,私人藏家,315f639eee863b3731d99524d3355ee25ade2a0b0f174afac77bb7551d222a5b
IMG-0346,images/gusu/姑苏-私人藏家__微信图片_20260409120651.jpg,gusu,2,私人藏家,1383515160327beb08b2f56082cb0827921661d7cfee3481b4bd23087b5f8701
IMG-0347,images/gusu/姑苏-私人藏家__微信图片_20260409120659.jpg,gusu,5,私人藏家,100c9bbb1213e6bd0367575dda5f7690a41ca88d505db5146a371717bf637867
IMG-0348,images/gusu/姑苏-私人藏家__微信图片_20260409120708.jpg,gusu,2,私人藏家,8fb8595b171829a5edf9003edb5542a2ea3d2cf1a9ba0db0fd2a0449adb6de33
IMG-0349,images/gusu/姑苏-私人藏家__微信图片_20260409120716.jpg,gusu,1,私人藏家,302e048b3c83df2cc10a7a8c07b029effdc230a93220ec51e39a0697ae05497f
IMG-0350,images/gusu/姑苏-私人藏家__微信图片_20260409120724.jpg,gusu,2,私人藏家,d113f7f8a9efea05638abdc8f64ed20f1ff4f86cbe31ad6729f7981846a4b95f
IMG-0351,images/gusu/姑苏-私人藏家__微信图片_20260409121054.jpg,gusu,2,私人藏家,dbe9fa0df73b78182cf3426263457b5d258cb97d2e80c7d47f20daaa8324644e
IMG-0352,images/gusu/姑苏-私人藏家__微信图片_20260409121101.jpg,gusu,5,私人藏家,dc68789524c33dc21f03ba867d37e1d0c8ff71ba51804eba4f2e93c03b6bb7c6
IMG-0353,images/gusu/姑苏-私人藏家__微信图片_20260409121112.jpg,gusu,1,私人藏家,96aaa267ae3886f84bb1c84ce1b38f0f145f4fdde2ba42cae6c70e5d6e9e44b8
IMG-0354,images/gusu/姑苏-私人藏家__微信图片_20260409121119.jpg,gusu,4,私人藏家,17e021d4cb00439f7ec48bd02b7423cc07fe198694918e8e068acf5008de09a7
IMG-0355,images/gusu/姑苏-私人藏家__微信图片_20260409121125.jpg,gusu,5,私人藏家,ac239fb4d0b658282fae3cc914f92ad050104bac0dc668cbe609009ca8f03f37
IMG-0356,images/gusu/姑苏-私人藏家__微信图片_20260409121133.jpg,gusu,1,私人藏家,d246405ad4ffb1c269dcc86f206ef994d2aea3cadda1056bb6cb3bddfb5a0999
IMG-0357,images/gusu/姑苏-私人藏家__微信图片_20260409121140.jpg,gusu,4,私人藏家,3454659dc96f92cafbe034807a7faf70031655c4c4551cd86fa4192d38f4b6f7
IMG-0358,images/gusu/姑苏-私人藏家__微信图片_20260409121147.jpg,gusu,1,私人藏家,c2c4594237efa38a609562cf94850b6a4b1eb63a896f4d24863335c4ca2ce519
IMG-0359,images/gusu/姑苏-私人藏家__微信图片_20260409121153.jpg,gusu,2,私人藏家,599de3e0be9a9a92772d1a42b1d21b1ec2de29ad853b81799a1b77144a572717
IMG-0360,images/gusu/姑苏-私人藏家__微信图片_20260409121942.jpg,gusu,1,私人藏家,5c0ae807df0341eb5cb0ea6aec7200dac1c436371c55e41637a406991311f5c1
IMG-0361,images/gusu/姑苏-私人藏家__微信图片_20260409125339.jpg,gusu,5,私人藏家,2f21991a839b9426df79c2ca97098f794ef2539c2b90ac38a8c0bdeacb422146
IMG-0362,images/gusu/姑苏-私人藏家__微信图片_20260409125350.jpg,gusu,5,私人藏家,719c3d4571e0ebc656fbc13245ecf3ac2d68a72306a2522ede9ccea648e850ac
IMG-0363,images/gusu/姑苏-私人藏家__微信图片_20260409125358.jpg,gusu,3,私人藏家,5d15f3baf0e591530b9fad8b1c6fb69ac3a13cdca57e404fc385d446ce7680de
IMG-0364,images/gusu/姑苏-私人藏家__微信图片_20260409125405.jpg,gusu,4,私人藏家,9bde9492bad2fb3d9cc2e38b4df23d1217ef990bc628f94314eb430531cdbc05
IMG-0365,images/gusu/姑苏-私人藏家__微信图片_20260410093914.jpg,gusu,5,私人藏家,dbcf7765e3b46cbe0f2cf640b8b5d48ad6a9e3d32ec1c8a576006b5433a64a8a
IMG-0366,images/gusu/姑苏-私人藏家__微信图片_20260410095834.jpg,gusu,4,私人藏家,0ca295811239d9d18951f8ae25edbe1e85d07afad93d3016c9d5948abd875e91
IMG-0367,images/gusu/姑苏-私人藏家__微信图片_20260410095846.jpg,gusu,3,私人藏家,667f1af7e2da0b2e6246af57b923013882bb9622cbf28649d7b458456399ac8b
IMG-0368,images/gusu/姑苏-私人藏家__微信图片_20260410095851.jpg,gusu,3,私人藏家,537c908c7387680773c0d98f4cbb07b6863e2c2dfac95e205d297c0d43ddb9b8
IMG-0369,images/gusu/姑苏-私人藏家__微信图片_20260410095855.jpg,gusu,3,私人藏家,05495455e874ea183fcbc2ff9138744ae2a90905242be11bd3db19ab8c01d3ff
IMG-0370,images/gusu/姑苏-统计表__微信图片_20260409095939.jpg,gusu,4,,199f895f09fc7d8d68b40f5c25f3734afc139ec187dada785ec9a21fa21c2897
IMG-0371,images/gusu/姑苏-统计表__微信图片_20260409102514.jpg,gusu,5,,cd654e1b3ff946a84c31776e41f91777d4f8a5c8be0450ce0b7af1037d5d2c29
IMG-0372,images/gusu/姑苏-统计表__微信图片_20260410100409.jpg,gusu,3,,c5eaa91d4c2eca8f0231369513b28454c0f3ff2e32badf2c561d18a27f711292
IMG-0373,images/gusu/姑苏季永吉发行_《刘天璧》清康熙_墨版套色敷彩_50×36__姑苏季永吉发行 《刘天璧》清康熙 墨版套色敷彩 50×36.jpg,gusu,5,,1eba206819dee4cc788537034ec9386940793e5d2732c1f0ae519c0d4e0d7b1a
IMG-0374,images/gusu/水浒传等（一函十二张）__GS0028-水浒传等(一函十二张)-私人藏家-1.jpg,gusu,5,私人藏家,0a253d1598ff260549caef0afc9581619f0350d8ac1bed0e6adf2d156231c541
IMG-0375,images/gusu/水浒传等（一函十二张）__GS0028-水浒传等(一函十二张)-私人藏家-10.jpg,gusu,4,私人藏家,a1595dd438a3e0a2c6556ee51e577a4f3a1791122808d9ef5523574f407d8a18
IMG-0376,images/gusu/水浒传等（一函十二张）__GS0028-水浒传等(一函十二张)-私人藏家-11.jpg,gusu,4,私人藏家,feade74562183a9550f65489ed9a13bb98d7eab8062c9afab8c83b23d0a1871d
IMG-0377,images/gusu/水浒传等（一函十二张）__GS0028-水浒传等(一函十二张)-私人藏家-12.jpg,gusu,3,私人藏家,c3fe6083be46e9ba8361e0b137827abbac2961361aa37c1824d14e882155d5e5
IMG-0378,images/gusu/水浒传等（一函十二张）__GS0028-水浒传等(一函十二张)-私人藏家-2.jpg,gusu,3,私人藏家,03c578e9239cb75b6f95e1dd922474168d6fa81868890e4c1bd228a7642be391
IMG-0379,images/gusu/水浒传等（一函十二张）__GS0028-水浒传等(一函十二张)-私人藏家-3.jpg,gusu,2,私人藏家,75861c4062e1ad9bba1d2716effa5930c5a8d3ed64ef52b26206d8b1451ee4a4
IMG-0380,images/gusu/水浒传等（一函十二张）__GS0028-水浒传等(一函十二张)-私人藏家-4.jpg,gusu,1,私人藏家,327b73cf1afd94bc10ee45c43f87df04d45079748c4b7cd8f476636dc0c1e0d4
IMG-0381,images/gusu/水浒传等（一函十二张）__GS0028-水浒传等(一函十二张)-私人藏家-5.jpg,gusu,3,私人藏家,0d5e978c2967fb96fb824ebefb49f5415fd3e10a0eb1455abaa523a8acbcf1bd
IMG-0382,images/gusu/水浒传等（一函十二张）__GS0028-水浒传等(一函十二张)-私人藏家-6.jpg,gusu,3,私人藏家,0e4286ddc9525719e361eb1ebcf1c1806f27e0a984b076838e02270e4d8bf71f
IMG-0383,images/gusu/水浒传等（一函十二张）__GS0028-水浒传等(一函十二张)-私人藏家-7.jpg,gusu,4,私人藏家,23afa02aefd3140a347f662d2f41f093174f00940a297ff100ad0c8f82fc1b00
IMG-0384,images/gusu/水浒传等（一函十二张）__GS0028-水浒传等(一函十二张)-私人藏家-8.jpg,gusu,3,私人藏家,2ad05719072d73e9db3db372a157a3f583476b980921e93fa23391cd2a2ae3ad
IMG-0385,images/gusu/水浒传等（一函十二张）__GS0028-水浒传等(一函十二张)-私人藏家-9.jpg,gusu,2,私人藏家,abc3193e08dc0a6bdfcb3ba2001276e3d6365e6913c27ba481ff3485ddbed0e8
IMG-0386,images/gusu/私人藏家__GS0002-仕女婴戏图-私人藏家.jpg,gusu,1,私人藏家,4dbb590edaf5a8023ff2070ec15a0413a65696a95582b16f27aae0ed4b931a25
IMG-0387,images/gusu/私人藏家__GS0003-演奏十番图-私人藏家.jpg,gusu,1,私人藏家,0a0812b08a289a966b2485f1fa20c0d1758acb0bc696fddf1692dcab3c980cb3
IMG-0388,images/gusu/私人藏家__GS0009-仕女消闲图-私人藏家.jpg,gusu,5,私人藏家,7674cb0b18ffeb412a12d95d6df9792f8893e36fa015fa44308b0be0fb926c89
IMG-0389,images/gusu/私人藏家__GS0010-描金凤-私人藏家.jpg,gusu,5,私人藏家,c94cfdfc1228f6d27d4197698d1276dbea7ca6745ae93d0b6db47584c60347c3
IMG-0390,images/gusu/私人藏家__GS0011-石榴童子图-私人藏家.jpg,gusu,1,私人藏家,75125641e2aab246727a23273b10c597eafe952e761ba486371960dbe1d37b72
IMG-0391,images/gusu/私人藏家__GS0012-太平统一万国来朝-私人藏家.jpg,gusu,1,私人藏家,c2fdd4957e039235ca18a1d62800bd617fdc01804cea3d32127c37d9622001a0
IMG-0392,images/gusu/私人藏家__GS0013-满堂吉庆-私人藏家.jpg,gusu,3,私人藏家,dffca64734bbc3c13258913ab3d14eafa7e02afb04b11c744a0efb1de3dbcaae
IMG-0393,images/gusu/私人藏家__GS0014-水演图-私人藏家.jpg,gusu,1,私人藏家,0b45ff734034df3e1639dc35c3d59dd0273c26ef50c63f608496ebcb9d0173f7
IMG-0394,images/gusu/私人藏家__GS0015-教子图（侍女执笔图）-私人藏家.jpg,gusu,3,私人藏家,4d65861aeacd03ecc19366b73ab9c34cc46fcc815c5e8e09c734e9c2ccfdac3c
IMG-0395,images/gusu/私人藏家__GS0016-百寿图-私人藏家.jpg,gusu,4,私人藏家,d1701dfba9a1e792fde51932aec6d2860e6a18c5393642811797f47792db10ed
IMG-0396,images/gusu/私人藏家__GS0018-一团和气-私人藏家.jpg,gusu,1,私人藏家,87a09fbc101be24292eb5d91fe774415bfc82b9674a884d3ff56745c42e7e79b
IMG-0397,images/gusu/私人藏家__GS0019-杨贵妃游园图-私人藏家.jpg,gusu,4,私人藏家,a130a35344e907b58732f0ad29c0a8d651f7aa6b16b1660a3afeab0e5815b91b
IMG-0398,images/gusu/私人藏家__GS0020-演奏十番多子演乐图-私人藏家.jpg,gusu,5,私人藏家,ce45e0a0423fec7b2dc3777c58702ee35b6704e337c2082a2bdcc87351ce48b2
IMG-0399,images/gusu/私人藏家__GS0021-道光元年福寿春牛图-私人藏家.jpg,gusu,1,私人藏家,53cdb2c1910b44698ac8459deb1ac41e7787047a519bcb5ad93f375c8f0067e4
IMG-0400,images/gusu/私人藏家__GS0022-教子图-私人藏家.jpg,gusu,4,私人藏家,3303dbeda94e8ffb62a6edd8864d24ddbd42fcedbae1060aa564d7c567e04b8b
IMG-0401,images/gusu/私人藏家__GS0023-杂技图-私人藏家.jpg,gusu,3,私人藏家,dd38794546463483bbf387462a587d8125970eabb8ce34669d8bdca0751ad766
IMG-0402,images/gusu/私人藏家__GS0024-教子图-私人藏家.jpg,gusu,3,私人藏家,7cb65e96ee3518e793032ee9db263ec3bb7b096f2169cf9d029dca9425ff77ba
IMG-0403,images/gusu/私人藏家__GS0025-杂技图-私人藏家.jpg,gusu,1,私人藏家,9397b05a6033717d575f3a71e101e80ceedd39d311f3f9055189a9b3066f5af9
IMG-0404,images/gusu/私人藏家__GS0026-宴会图(张荣兴)-私人藏家.jpg,gusu,4,私人藏家,c81f4dc2d85b81de17c825ed794271be127de1f86bbc7d6e1706bf1400f9f75c
IMG-0405,images/gusu/私人藏家__GS0027-杂技图-私人藏家.jpg,gusu,1,私人藏家,0d756469edf6b465919bdd6723c219f7748a461c0d12a69d0e7a419652cb9707
IMG-0406,images/gusu/私人藏家__佚名 《蜀峰雪景》清中期 墨版套色敷彩 33x52.jpg,gusu,5,私人藏家,c9d8013919d82ecb0c219f8303c00f47f380cbd4ebd06df177ac547a1634d410
IMG-0407,images/gusu/私人藏家__博古花卉图-青铜花瓶中的石榴.jpg,gusu,3,私人藏家,28a9d064e83dd73c949167993a9ae470645fa0adcc2e5fbd23582fbc56c5fff3
IMG-0408,images/gusu/私人藏家__双和 《岳阳楼》清中期 墨版套色敷彩 59x109.jpg,gusu,2,私人藏家,d08a5276f95b629a7b872f4c610c56f8b385881c5c0625701317253e70c322a3
IMG-0409,images/gusu/私人藏家__墨浪子 《姑苏玄墓山胜景》清康熙 墨版套色敷彩 96x52.jpg,gusu,4,私人藏家,625d44cbce8d093190ef6e3e7138f265a94575e6fe1f40de2c21aba6e7e55d02
IMG-0410,images/gusu/私人藏家__寿星图.jpg,gusu,5,私人藏家,c1f2a8034804406d5f1468e02126f9915a89ac504ac4cac738ba9635f477560f
IMG-0411,images/gusu/私人藏家__游园图.jpg,gusu,2,私人藏家,8a43b4c17b2b6cc6835a68dd41369eb7c4a4584f709a66a61ce314c98ee44cc7
IMG-0412,images/gusu/私人藏家__琵琶上的蝴蝶.jpg,gusu,4,私人藏家,78bef02f36a4fcffebdefb54a57d02be71678b6186609e324970b59604b0cc9f
IMG-0413,images/gusu/私人藏家__石榴花上的鸟儿.jpg,gusu,5,私人藏家,97cd21d783953673699cb2b945d8039fe349a53bb8807a7ebc65ca8f755d49af
IMG-0414,images/gusu/私人藏家__芙蓉上的鸟儿.jpg,gusu,4,私人藏家,d66d0218e585b05d1b8394f3ccb15291994141eda29bc3b83f0cde4d8785f514
IMG-0415,images/gusu/私人藏家__荔枝上的螳螂.jpg,gusu,3,私人藏家,20f5dfcfc0971157ddcf20ec28d6e8ce7d555f9e406f1a87f15f7f1efacc1ea3
IMG-0416,images/gusu/私人藏家__采茶歌（正月、二月、三月）.jpg,gusu,1,私人藏家,08d485b8b4495aef4cd0c74ab398a2988000223551ccd5d6a3c3e209b3313151
IMG-0417,images/gusu/私人藏家__麟儿图.jpg,gusu,4,私人藏家,5bec59946a6a8f529ed2e436736f3d92b3d98b1cadb59ce9f3709d217ad34144
IMG-0418,images/gusu/苏州市公共文化中心（苏州美术馆）__14.石榴上的螽斯.jpg,gusu,1,,698679fbf48efec851abc3cff7db058086235f68da31f18e7a9e7feaf5d06923
IMG-0419,images/gusu/苏州市公共文化中心（苏州美术馆）__15.蝴蝶牡丹图.jpg,gusu,2,,2529b7f42d1fb8814b3c5a722f00a9fdfbbcf1b2f7be7f80266b80c478e2c16c
IMG-0420,images/gusu/苏州市公共文化中心（苏州美术馆）__MR2018022901-桃花坞版画麒麟送子图-无.jpg,gusu,3,,4b97c5973305499a9a27db3da98fa465a1b027a5dc8e928efd480788d06bac23
IMG-0421,images/gusu/苏州市公共文化中心（苏州美术馆）__MR2018023001-桃花坞版画二美闲坐图-无.jpg,gusu,5,,9b7502e5416ab56a0ead3501ad559f8272af60958d296507f6dc793075b6e2e9
IMG-0422,images/gusu/苏州市公共文化中心（苏州美术馆）__MR2019024701-姑苏阊门图-无.jpg,gusu,3,,8e7e4645c199b4a3f24233713f61f2e9197a395c66c1d5d225869b9348cdee33
IMG-0423,images/gusu/苏州市公共文化中心（苏州美术馆）__PR0696-天仙送子麒麟送子对门画-无-1.jpg,gusu,2,,6fcd29ec66ae734ff31dc8da6a632e6b0f37383390298fd6d0ca35ad7dcd90a9
IMG-0424,images/gusu/苏州市公共文化中心（苏州美术馆）__PR0696-天仙送子麒麟送子对门画-无-2.jpg,gusu,1,,e750c929f7ec423b0dc50ac324a9960561b02304177dfe245e416cd9f3c91ab1
IMG-0425,images/gusu/苏州市公共文化中心（苏州美术馆）__PR0697-秋冬美境-无.jpg,gusu,1,,7c224349ccd605806390df297de464e28d7da797de8072ef4138526bd06adb4c
IMG-0426,images/gusu/苏州市公共文化中心（苏州美术馆）__PR0698-舟游图-无.jpg,gusu,4,,ce69c0054ccc69c52473cd053bfbf8d661d18a244659b8f3cbd8b998614ba79a
IMG-0427,images/gusu/苏州市公共文化中心（苏州美术馆）__PR0699-双美奏乐-无.jpg,gusu,3,,456a80c2ad5085d90fb7ae7763c6b7b2c31c25616ec9171185ea41c7b78e1b81
IMG-0428,images/gusu/苏州市公共文化中心（苏州美术馆）__PR0700-童子戏水-无.jpg,gusu,3,,049b5ade562a45d2f6b52c3965dec4e8e93def839e80abf2c2789d6c0c3534f9
IMG-0429,images/gusu/苏州市公共文化中心（苏州美术馆）__PR0701-美人观画-无.jpg,gusu,1,,428ff4066dd64fccbd5fa0673df6b51bb8ef10e0dd030b8af56c47fe0f79e41e
IMG-0430,images/gusu/苏州市公共文化中心（苏州美术馆）__PR0867-姑苏版一团和气（桃花坞年画）-无.jpg,gusu,4,,9fa15d7b6f31dce355605a1151ea2b14b929a48aec73bb7f26110aa74ffbad46
IMG-0431,images/gusu/苏州市公共文化中心（苏州美术馆）__PR0869-姑苏版金如意（桃花坞年画）-无.jpg,gusu,2,,fb8d9c77f9ce98c57df5089721cd1897be68f4604fdce77be60fbad72d687d82
IMG-0432,images/gusu/苏州市公共文化中心（苏州美术馆）__PR0877-《一团和气图》-无.jpg,gusu,4,,f32016c4c8c419185122cfa2755155e1123a7ba2bd58de11b3afa3bbab554aa9
IMG-0433,images/gusu/苏州市公共文化中心（苏州美术馆）__PR0878-百子状元图-无.jpg,gusu,3,,4bb698a73d15dc392612581c4324b4cca0c2094ce7f509991736a85aa4341cd6
IMG-0434,images/gusu/苏州市公共文化中心（苏州美术馆）__PR0896-关帝图-无.jpg,gusu,5,,5c6d699f9973627d098b5b23b4400fa475adb8da25c64d20345a94c283703b31
IMG-0435,images/gusu/苏州市公共文化中心（苏州美术馆）__百子图103x58cm.jpg,gusu,4,,5d2573b934eacb2e683f3e6c58d3b55826130f7f7030d824d205e9066c43388b
IMG-0436,images/gusu/辽博__西洋剧场图 辽宁博物馆收藏.jpg,gusu,5,,d03c7c6baf0456ec54c0e9540220ad30ab60ae03fac687de7d62f602551ff9f3
IMG-0437,images/gusu/韩国古版画博物馆藏__1.贵妃醉酒.jpg,gusu,4,,735d367d4f4e14f0bdcbc3c3bd7943d14b09bc0ed9e5877294ca8d8604fc37be
IMG-0438,images/gusu/韩国古版画博物馆藏__2.楼闺妇人图.jpg,gusu,3,,31ef988ff77dc19a077b1e4937ec6732479a6a162162dd3fc401627ab8d7fcbc
IMG-0439,images/gusu/韩国古版画博物馆藏__3.寿字图.jpg,gusu,4,,b2723a3e44f6b5a79d5f70703089fcd1fb1fca89fd525dc6afebb467f87c0b61
IMG-0440,images/gusu/韩国古版画博物馆藏__4.关羽图.jpg,gusu,2,,b88eed33eddc84b277533977a1bb29e9c44f8e33126dd077c779cc3bc251dbb2
IMG-0441,images/gusu/韩国古版画博物馆藏__5.螳螂三童图.jpg,gusu,2,,896c8dbba822f3fdf488203e12c582336b0782625acfabd28608c8ffc66d2d27
IMG-0442,images/gusu/韩国古版画博物馆藏__6.母子图.jpg,gusu,2,,e6362a059752761cc257db5a9f4e66dd64b0f6bde2e1db98dc8c5fcf4092a265
IMG-0443,images/gusu/韩国古版画博物馆藏__7.福字图.jpg,gusu,4,,4499cb10c0d0a0eca3a01b991b90185ac5b3c37b7101c6f2670d7b477a268a94
IMG-0444,images/gusu/韩国古版画博物馆藏__8.寿字图.jpg,gusu,2,,3795bfa7f5133cb71baf720c73df92c7e9335f2ad2abea0d094492a94978e2b9
IMG-0445,images/gusu/韩国古版画博物馆藏__9.银钱大战国.jpg,gusu,5,,b7603d3d9d56036200b99d396c9e33da896dc8b0b6cb6fb0e6d605dd6add275d
IMG-0446,images/gusu/私人藏家__237-麟儿图苏州收藏109x59.jpg,gusu,1,私人藏家,bea1f73dc1d441b1cffec14b188867a109e34caf084af76611d598f0ff445a70
IMG-0447,images/gusu/私人藏家__239-麟儿图-b 109x59cm.jpg,gusu,4,私人藏家,fe97e5ba8f78e9b1a4b4f5a654c1413d88e3cf5929bb40efb90ec8a0f9e77f33
IMG-0448,images/gusu/私人藏家__一团和气-私人藏家.jpg,gusu,3,私人藏家,18d4cc24b98f3a397b28dc7270ab81a36c3922b7c1d80bfb77202b21593226c6
IMG-0449,images/gusu/私人藏家__一团和气2-私人藏家.jpg,gusu,2,私人藏家,8f6205393e85578180baa6b9e53d00e65a933231b4015e26016aa2aad76e8ae8
IMG-0450,images/gusu/私人藏家__凤子图，四艺美人童子图之画.jpg,gusu,5,私人藏家,318e56cef2c1f63be37161083c11b651aa2268ef2713ea259a9cea80eab68915
IMG-0451,images/gusu/私人藏家__和合二仙-私人藏家.jpg,gusu,1,私人藏家,d9c79e6e38467f6c8de85a6bafb56ec530e4758ecfd2a93876392cb632054497
IMG-0452,images/gusu/私人藏家__四妃十六子-私人藏家.jpg,gusu,3,私人藏家,6d5c71f3523e654a681f841b4142076d4a487f166a0d27f91ae99de162d376f3
IMG-0453,images/gusu/私人藏家__四艺之棋-私人藏家.jpg,gusu,1,私人藏家,559973c09aa44999019a5928516b6bf8f71d692539e83b3d3a5027f1e8ede06b
IMG-0454,images/gusu/私人藏家__四艺美人童子之琴、书.jpg,gusu,2,私人藏家,3502e3f90d07fac53b406cd75eb31f3ea9a1b5b8ae1c9f77132e799ac11e3a1a
IMG-0455,images/gusu/私人藏家__皇妃与格格-私人藏家.jpg,gusu,3,私人藏家,27b66761f77d21e2caa73837e84f9d8d32e922c30243acd72ccc06b3086460c5
IMG-0456,images/gusu/私人藏家__鳌拜围猎图-私人藏家.jpg,gusu,4,私人藏家,811dc20830809970582075ee4424abaae7d6c24227def31027809d72ddb2d932
IMG-0457,images/gusu/私人藏家__麟儿图-b【带框合成版】.jpg,gusu,5,私人藏家,501c5a03847a14318cc545a7bee713d72326859a0b507596f39d94d03480f45d
IMG-0458,images/gusu/私人藏家__麟儿图【带框合成版】.jpg,gusu,2,私人藏家,9a994d0537b8df9a2204c278a2c98825f82d50d1adf2b2662f1931c69110caf0
IMG-0459,images/non_gusu/1860英法从圆明园掠走年画__微信图片_20260409092756.jpg,non_gusu,4,,d7e02a91b649203841d9514be929c24e861777f9037daf18864dff338e3cc9d7
IMG-0460,images/non_gusu/1860英法从圆明园掠走年画__微信图片_20260409092807.jpg,non_gusu,3,,5eafd586077b7d18031a80123d740d82c2cf5deb0dfb258ed480050ed58a3427
IMG-0461,images/non_gusu/1860英法从圆明园掠走年画__微信图片_20260409092828.jpg,non_gusu,1,,b67afdc06d2b96c861c1fa4d011a35095008787a797ef927317afb6384e8691f
IMG-0462,images/non_gusu/1951年木板年画__微信图片_20260409095947.jpg,non_gusu,3,,e89a9dc6d42914192fa7c8cea1c1427f1f6bac73a948e5aa3f469cc4818372b1
IMG-0463,images/non_gusu/1951年木板年画__微信图片_20260409095953.jpg,non_gusu,3,,0afa75db781e0f0da595fd6972e9422944133c22602866a97545d77f61a2d064
IMG-0464,images/non_gusu/1951年木板年画__微信图片_20260409095959.jpg,non_gusu,1,,d9af7068846b0a998afa45e7a1c01744271db0104ae3cd33d2f6b9525b15f43c
IMG-0465,images/non_gusu/1951年木板年画__微信图片_20260409100018.jpg,non_gusu,2,,e9481a5ea9e6e1eca510587a0cfd16bc73691661d55c1547bbe285820e372c40
IMG-0466,images/non_gusu/1951年木板年画__微信图片_20260409100023.jpg,non_gusu,3,,05fc1037d2ec34e61c56bd53a18554fc4f074a2e4017faf0ed213760f54cd7ab
IMG-0467,images/non_gusu/1951年木板年画__微信图片_20260409100042.jpg,non_gusu,2,,e7e972f7a16d78535206cdaa7e3f141cdc328875505d53383fdecc4682c4f1cf
IMG-0468,images/non_gusu/1951年木板年画__微信图片_20260409100047.jpg,non_gusu,2,,bece23bb2fea055580abdc293d02d9f676489ff1c5c6ee46be7a87d9bb5d3732
IMG-0469,images/non_gusu/1951年木板年画__微信图片_20260409100051.jpg,non_gusu,1,,50571983c9937ce5a2f75f2f88b31c90e373f0b83a35ee3cbdc7403282f977ff
IMG-0470,images/non_gusu/50年代桃花坞__微信图片_20260410093445.jpg,non_gusu,3,,48358aa9adc4a036be87bd8e6adad43cdc1625e01376b11e82cea10da5b8cf4a
IMG-0471,images/non_gusu/50年代桃花坞__微信图片_20260410093506.jpg,non_gusu,3,,8ed0e49da7273f816ed5ca104f971e4329b3b171862bc47f3865bcbb8831e5ec
IMG-0472,images/non_gusu/50年代桃花坞__微信图片_20260410093513.jpg,non_gusu,2,,c925e5d733c106b18845b11bc9745177ab59ad269895f8b9c161997c5e43b54c
IMG-0473,images/non_gusu/50年代桃花坞__微信图片_20260410093519.jpg,non_gusu,4,,af3b3d844d7ef215b1635508c470ab951802adbc310fbc31c4b68f677a3dc890
IMG-0474,images/non_gusu/50年代桃花坞__微信图片_20260410093525.jpg,non_gusu,3,,ea119fa80283ccbb8bbeab8670fdf1926bc4c3f92981aea990f748a9eb47c732
IMG-0475,images/non_gusu/50年代桃花坞__微信图片_20260410093530.jpg,non_gusu,4,,a0ddd895dde1468ab728ce969030aca60e0c3b101ec5438686db453ac2bbea0a
IMG-0476,images/non_gusu/50年代桃花坞__微信图片_20260410093537.jpg,non_gusu,4,,715c5a73f6b6d6b82e0a69cfcc9c48a5c94d98db802bd2e789e26920452ecab2
IMG-0477,images/non_gusu/50年代桃花坞__微信图片_20260410093543.jpg,non_gusu,3,,a236c02a38ad13be811b57174e809296437ccdf9191f0a10c0cf83d8a07a3184
IMG-0478,images/non_gusu/50年代桃花坞__微信图片_20260410093549.jpg,non_gusu,3,,6d9e521d05d1eacd277182f14aaa5c2ffc1b2149aa9f58fddff7e35deae29c35
IMG-0479,images/non_gusu/上海胶印民国__微信图片_20260404204909.jpg,non_gusu,4,,231a362ea378382958bcf71b613685e3a17a477e747ba825141efb03a4f87ee8
IMG-0480,images/non_gusu/上海胶印民国__微信图片_20260404204922.jpg,non_gusu,2,,580b9d42029750912fa85000cf4c33ecee95dafbf2d8178c5f3b527c3f1d907b
IMG-0481,images/non_gusu/上海胶印民国__微信图片_20260404204931.jpg,non_gusu,4,,587275e8703dd69699ae703792990e54d736f2522fe224a801998cc2145ffbd9
IMG-0482,images/non_gusu/上海胶印民国__微信图片_20260404204941.jpg,non_gusu,1,,7af87cbb314262e1fb553a62ee9f824789e3949256698ded6f7b92eb8dcbc97b
IMG-0483,images/non_gusu/上海胶印民国__微信图片_20260404204955.jpg,non_gusu,1,,f1b2d8345effe1b76aef0665223f4db717ce6a0d1877958a01558ebf5f982e94
IMG-0484,images/non_gusu/上海胶印民国__微信图片_20260404205007.jpg,non_gusu,1,,53ad559df28d748b3259a96c5c654f3b578eb844ae64cc0f909a5e8b87d506e7
IMG-0485,images/non_gusu/上海胶印民国__微信图片_20260404205016.jpg,non_gusu,2,,69b6737986d61babd68e9ae1cf67f53cb12290897a24c62fe3da0acb8a05df19
IMG-0486,images/non_gusu/上海胶印民国__微信图片_20260404205026.jpg,non_gusu,4,,b65648dd4b73b3b44785977f257ce2ea4201a320c0c6c264b02b43cd049ee1d8
IMG-0487,images/non_gusu/上海胶印民国__微信图片_20260404205041.jpg,non_gusu,1,,cdad663afd44fe9f18dec3e0b0c843036fe55c556045df098167950ec76b1e26
IMG-0488,images/non_gusu/上海胶印民国__微信图片_20260404214529.jpg,non_gusu,1,,0dee5e6d9804146754c7ff64cb06d52d1d6a2d109c2592524d56f8389c9ce082
IMG-0489,images/non_gusu/上海胶印民国__微信图片_20260404214543.jpg,non_gusu,2,,f9c7abb5b35702a3cc99fddb4e68cef8da663a2a14a2e91f5760571e662b469e
IMG-0490,images/non_gusu/上海胶印民国__微信图片_20260404214555.jpg,non_gusu,2,,46b9fb2262eea1f2c0f5233a9f774ec60e3b484433ff4c7c600f184fd0b61c59
IMG-0491,images/non_gusu/上海胶印民国__微信图片_20260404214603.jpg,non_gusu,5,,256053c09a02e7ea01c1bff2d6817febbd939f3d615acfc16ab0eff032a4bf45
IMG-0492,images/non_gusu/上海胶印民国__微信图片_20260404214613.jpg,non_gusu,5,,7a966e38073c65cc8afc56847a55e9b51b573222ca1b6b8216a56fbb75c1c1af
IMG-0493,images/non_gusu/上海胶印民国__微信图片_20260404214625.jpg,non_gusu,4,,38ccdc789042cd05525dba30d3c922396c82ff2c07e95d4669a625c227f0f3e4
IMG-0494,images/non_gusu/上海胶印民国__微信图片_20260404214636.jpg,non_gusu,3,,6e973220421c7a470c165e760f3297be2d3d1c76cd8eefcdc37f0cc7510b6ef9
IMG-0495,images/non_gusu/上海胶印民国__微信图片_20260404214646.jpg,non_gusu,1,,26f074f2e94508c135d7577d9eaf13aea60cbe89e7549aa2b6561eb70705cb28
IMG-0496,images/non_gusu/上海胶印民国__微信图片_20260404214653.jpg,non_gusu,3,,a9869b5d00e4320e26fed99a016b9e7d6618342b66810a8d351c958e6af3e61d
IMG-0497,images/non_gusu/上海胶印民国__微信图片_20260409122252.jpg,non_gusu,3,,d114b692cb24a4e55ca3f01a97385e58fddb69a760413ea2db514a309750a738
IMG-0498,images/non_gusu/北京__微信图片_20260404213923.jpg,non_gusu,5,,58a2e4f68fb7eb57813e04b826d6771ce20e84f53c915b802f755b8c8f04efc6
IMG-0499,images/non_gusu/北京__微信图片_20260404213938.jpg,non_gusu,5,,121a5109196fa1fd047230579ae04d20d5e5895b805b00e560164d421c57fe68
IMG-0500,images/non_gusu/北京__微信图片_20260409122552.jpg,non_gusu,2,,7da29287a5fb35cd148a7aef681c299e0dd06c55f8ee791efaf2babc3e1559bc
IMG-0501,images/non_gusu/北京__微信图片_20260409122601.jpg,non_gusu,5,,0a9d62ab1deca9919a2108aed4b185a1726d32d625d8a6f03733a1ca1e86792a
IMG-0502,images/non_gusu/北京__微信图片_20260409122608.jpg,non_gusu,1,,9e19824cc5db542a3d9e9119186688bfcfbd4f979bcfeb2a6f156eef012d1457
IMG-0503,images/non_gusu/北京__微信图片_20260409122614.jpg,non_gusu,2,,005c4d22e1ce7b1838b941b9c7bbfd21a6eb3b2035db6d6c2fb61848a6c11b74
IMG-0504,images/non_gusu/北京__微信图片_20260409122619.jpg,non_gusu,5,,1181b94da8109c6a19d502aa70ffde88e310182d5953282751eefb46a92e719a
IMG-0505,images/non_gusu/天主教__微信图片_20260409101644.jpg,non_gusu,5,,a455f8061b9a9aa29b72d3c1136127ce6020e03c8af6476c4f1a36853a74a57b
IMG-0506,images/non_gusu/小教厂清末__微信图片_20260404204242.jpg,non_gusu,4,,e24435573349bcdb78c808324aee399cd9949a2142108ae6921c2ddc169af68b
IMG-0507,images/non_gusu/小教厂清末__微信图片_20260404204255.jpg,non_gusu,1,,bbd50f1f64ec771e50a66649470eadfb2912523593c193481a3900385d570ea8
IMG-0508,images/non_gusu/小教厂清末__微信图片_20260404204305.jpg,non_gusu,1,,74262d5f673793d89c7cd61ff8e2de911e83616d066fb8f566514fd422003cba
IMG-0509,images/non_gusu/小教厂清末__微信图片_20260404204316.jpg,non_gusu,5,,1175654beb387cfd21d50adf038430fe59bce65ffca1dd1375b5c415ffb8a709
IMG-0510,images/non_gusu/小教厂清末__微信图片_20260404204338.jpg,non_gusu,3,,f2c56977c0cf18c4f66f25b8f4acc5639fba37810fd2ce6e9b258bac42c47420
IMG-0511,images/non_gusu/小教厂清末__微信图片_20260404204351.jpg,non_gusu,4,,ec44dc40b41cc6f17dd6d2ad4ad2f05dd1d6a08f371705a11463016cfd85be2f
IMG-0512,images/non_gusu/小教厂清末__微信图片_20260404204402.jpg,non_gusu,3,,9ef793d122e32a90545791625a1a963e0d37741390bf773e964e88cb361b1b97
IMG-0513,images/non_gusu/小教厂清末__微信图片_20260404204412.jpg,non_gusu,5,,30cf20cd253e3e50ebf876dc100d82b3f4e8b5b08a1735d15050e0a3cb15ba88
IMG-0514,images/non_gusu/小教厂清末__微信图片_20260404204421.jpg,non_gusu,4,,f2794315804c9fe1eca4eb88a138c3132913f3034edbaecde744562a3aafa911
IMG-0515,images/non_gusu/小教厂清末__微信图片_20260409093552.jpg,non_gusu,3,,f48c78863abc58120b623238368b8c176afa41a1a3e6908b7f360e4eca2a296f
IMG-0516,images/non_gusu/小教厂清末__微信图片_20260409093605.jpg,non_gusu,4,,0c08b10405a8273c21adfe8ca033348b3dfe680ca1ce10bb920333e3b4bf4ffe
IMG-0517,images/non_gusu/小教厂清末__微信图片_20260409093613.jpg,non_gusu,2,,d75f86df1cc7b1e2bd105f7cf5c06be02ab7871b95877ef33f92b827a4da8221
IMG-0518,images/non_gusu/小教厂清末__微信图片_20260409093621.jpg,non_gusu,2,,472e4680e2f144cfeadc2d7f80d3131837b7b09662c601828cf509dabfe91f5f
IMG-0519,images/non_gusu/小教厂清末__微信图片_20260409093625.jpg,non_gusu,2,,3f9f9a696e407628fae258a62191fb5c2d11e87a6f739de2dfda8bd14259074e
IMG-0520,images/non_gusu/小教厂清末__微信图片_20260409093633.jpg,non_gusu,4,,83a1025339626a026ce2677967947e62cdc1ad78ee95d1ad646bd5fe93e58b74
IMG-0521,images/non_gusu/小教厂清末__微信图片_20260409093646.jpg,non_gusu,1,,2555569927c94c8ccf72d752e586840ccf83e731c3ae1ee85319ef8ab7f27465
IMG-0522,images/non_gusu/小教厂清末__微信图片_20260409093654.jpg,non_gusu,4,,6dabedd428ff2d9d16744cfebd5a9395758cffaac0d9cd0a0ebfe3d4ff2fa5ad
IMG-0523,images/non_gusu/小教厂清末__微信图片_20260409093701.jpg,non_gusu,4,,dc415ac70146ace3cd66ea5cde0df3cc992432f8fb04a4a1e14514f8e4422a31
IMG-0524,images/non_gusu/小教厂清末__微信图片_20260409101708.jpg,non_gusu,5,,1214651d89127136aa4772f93adea056d26324e646f962f5a2eadb088b52f6a3
IMG-0525,images/non_gusu/小教厂清末__微信图片_20260409121522.jpg,non_gusu,1,,fed7b65c512f6efb3034142c1b09d247c042cca378c82e938678e7ff73fe1ff4
IMG-0526,images/non_gusu/小教厂清末__微信图片_20260409121532.jpg,non_gusu,4,,80caebb4e621f1a18c971f1d4c83b51e2c43f9063e086716695e97215eb7a30b
IMG-0527,images/non_gusu/小教厂清末__微信图片_20260409121546.jpg,non_gusu,4,,5526895a170b2159981e456434bdcb4de65cd08208c2affa94c612f1aa1a4797
IMG-0528,images/non_gusu/小教厂清末__微信图片_20260409121555.jpg,non_gusu,3,,20af401c589f3daea0626b0eace03326e48e7ca95950233e39bb39bc01315a6b
IMG-0529,images/non_gusu/小教厂清末__微信图片_20260409121602.jpg,non_gusu,2,,e1f4684c033faba82ff421a33e462251d9f048b8777047fffca5cd82f45c8833
IMG-0530,images/non_gusu/小教厂清末__微信图片_20260409125053.jpg,non_gusu,3,,7b910f87275103bcd4be35be2a835d4ffbbeab3ea2080b609968e37a7e5b86f4
IMG-0531,images/non_gusu/小教厂清末__微信图片_20260409125109.jpg,non_gusu,5,,44fb4ed6f3c2ffb8ba0511499e7ed21001bc5de2c3d223fed027def1aa44c4d4
IMG-0532,images/non_gusu/小教厂清末__微信图片_20260409125116.jpg,non_gusu,4,,427f7249f857d338d010651af07a445fc392093b2685c57f54946a3f0e617673
IMG-0533,images/non_gusu/小教厂清末__微信图片_20260409125124.jpg,non_gusu,1,,a16efb6e7aebdde533f0e5024261817f40e27a318d5b0ff71d6dd7623ebf4090
IMG-0534,images/non_gusu/小教厂清末__微信图片_20260409125134.jpg,non_gusu,4,,2532cfebf647c590b050c340d255ccad5133e52cd49b7945d4c5fa540e544625
IMG-0535,images/non_gusu/小教厂清末__微信图片_20260409125141.jpg,non_gusu,2,,fd5848128b8b4f79f8c5c306aa4a1e9bee1ee4fda80a1c701297ccfaf8ef472d
IMG-0536,images/non_gusu/小教厂清末__微信图片_20260409125150.jpg,non_gusu,2,,03e94d0d408503760c54acc719b20fad76b06ee0e64f0a80e536d86b59c1a9e8
IMG-0537,images/non_gusu/小教厂清末__微信图片_20260409125158.jpg,non_gusu,4,,03b0deff15ba7298d93ff5f622560664e5bdd2a74cddbea352e2959646e87748
IMG-0538,images/non_gusu/小教厂清末__微信图片_20260409125205.jpg,non_gusu,5,,e26c876c02dbc422b0a0a08ad5cafabe701fa5fe79c806f29f1dce57b13ccc69
IMG-0539,images/non_gusu/插图__微信图片_20260409100438.jpg,non_gusu,5,,53e2bbe2d168d55177b019aec2d2103a4871b33366bb52df525158a29ef3e5d4
IMG-0540,images/non_gusu/插图__微信图片_20260409100449.jpg,non_gusu,2,,947e99e5c578a5d34b50e75bf43af28de9ba063c4124d4ad348f9fd2d8255133
IMG-0541,images/non_gusu/插图__微信图片_20260409100454.jpg,non_gusu,3,,91bb92da578e97741643e05a1671b76e69054304a42323122e188e3ba18c51d5
IMG-0542,images/non_gusu/插图__微信图片_20260409100501.jpg,non_gusu,4,,58e460c078a919a5e87dd0ddba5ffbb97fbd629c914e7ac7234efc094d8c7d1a
IMG-0543,images/non_gusu/插图__微信图片_20260409100506.jpg,non_gusu,5,,9998cef44f6d308a1c946a96be1a9f1c4780439c051954c4b78ad182814cfcac
IMG-0544,images/non_gusu/插图__微信图片_20260409100511.jpg,non_gusu,2,,a48cdb19c840ea3f16830b14e434473f73121e1f0dc13c4ffc405098dfc376e4
IMG-0545,images/non_gusu/插图__微信图片_20260409100516.jpg,non_gusu,5,,832332e2389cec84056831719f8f0364df83237bcf692fecdec50fc2ba90834b
IMG-0546,images/non_gusu/插图__微信图片_20260409100522.jpg,non_gusu,1,,3debea6f010ceca989aef2b40b5022066b13a80b3eca7799169b104135f069de
IMG-0547,images/non_gusu/插图__微信图片_20260409100528.jpg,non_gusu,4,,ee9ca2bb403849ac1d673fbf601e475c9892c12a35875617ad052fd029cd1baa
IMG-0548,images/non_gusu/插图__微信图片_20260409100704.jpg,non_gusu,3,,b12e12bf494a77e9e328f751c8a20148d0bfac8a3556c2e45961eb6fdc4784af
IMG-0549,images/non_gusu/插图__微信图片_20260409100712.jpg,non_gusu,2,,cbb9cb34048a5e394ca12c9661d01d36317680f814176df35ea1781b4d2b2b85
IMG-0550,images/non_gusu/插图__微信图片_20260409100725.jpg,non_gusu,5,,936fd301e4137d7459229ac173bc094fca6bf2b55b07798fa80473eea736ed03
IMG-0551,images/non_gusu/插图__微信图片_20260409100732.jpg,non_gusu,4,,06769227e2989b78a3bb5e2cf3179cce38b5ea379d535ea606d81c5358a88232
IMG-0552,images/non_gusu/插图__微信图片_20260409100740.jpg,non_gusu,3,,67b0a77ea9328068711a1969b74ae4bc2c180dc735eb1459a6f5e25be020d4ca
IMG-0553,images/non_gusu/插图__微信图片_20260409100749.jpg,non_gusu,4,,69d13814c95bd2aeb94640dcf3c9981938248aeb84c5c5823bcd5994078cc856
IMG-0554,images/non_gusu/插图__微信图片_20260409100801.jpg,non_gusu,3,,40fc0e8709385ac33eb4ae40a8f6ec2b1301532ac2eff6008461fd0e9c62bef0
IMG-0555,images/non_gusu/插图__微信图片_20260409100809.jpg,non_gusu,5,,aa7a6a66eace9e5e16a86a553dc3bfcf0d5e4b3c930a1fe63d5a6e52d463fe9b
IMG-0556,images/non_gusu/插图__微信图片_20260409100817.jpg,non_gusu,1,,252d9e24aa49fbdf58bbfceb78cc2411e3534fd51730439693f12216adfc27e7
IMG-0557,images/non_gusu/插图__微信图片_20260409102731.jpg,non_gusu,3,,ab976ccc321b00d370476073568f6bb4edae6c30a679aab91c63e91b6fd41f31
IMG-0558,images/non_gusu/插图__微信图片_20260409102740.jpg,non_gusu,4,,58649ac5dfc9185df1a79093045c86a9417dc859ae07bdb080c6340fcccdad5e
IMG-0559,images/non_gusu/插图__微信图片_20260409102748.jpg,non_gusu,4,,ea985783c2ee271f76d94b9079167be90a8d8de7f1b1ed5c3008ba94ac6ce8e5
IMG-0560,images/non_gusu/插图__微信图片_20260409102758.jpg,non_gusu,4,,c2a3df1112b5ff467ae561aba9ad7a94aa5e29e51093be595a884d9112d5063e
IMG-0561,images/non_gusu/插图__微信图片_20260409102806.jpg,non_gusu,5,,2cdebc2685e6ab2af323d098da670e00cd3c892a700900db11cf519dba7b7707
IMG-0562,images/non_gusu/插图__微信图片_20260409102816.jpg,non_gusu,1,,18a44726e8d34d187b1b3ab3c0c4274bc3817dee1882326d2e17a72e53a62398
IMG-0563,images/non_gusu/插图__微信图片_20260409102826.jpg,non_gusu,3,,969cf152d7e66451f9cb4cb8af943a2a3920404816bce7c757f2e769290d8133
IMG-0564,images/non_gusu/插图__微信图片_20260409102838.jpg,non_gusu,2,,728c55384c41e618bd509c252089d9fe5b16e0e7a361ab6ef13410b0268fe8ff
IMG-0565,images/non_gusu/插图__微信图片_20260409102846.jpg,non_gusu,2,,8f0aa9d989989443be596ea4ac71139a155d1a5707c17d2ea0a273abd93c96af
IMG-0566,images/non_gusu/插图__微信图片_20260409114645.jpg,non_gusu,3,,e61622d5015eade8cbccb59fc44705f5ec22c0f36b48ed90f5fd7ace5a8548cb
IMG-0567,images/non_gusu/插图__微信图片_20260409114657.jpg,non_gusu,2,,a40da2080411c14e8ef0645ff5393ce37edb233ec9aa134306195a325ed190a6
IMG-0568,images/non_gusu/插图__微信图片_20260409114705.jpg,non_gusu,2,,600bbad3cfb2547833add6e8ab9fcf94b8e28d242e51e36b846a2ec81e185445
IMG-0569,images/non_gusu/插图__微信图片_20260409114715.jpg,non_gusu,3,,242fb05bfc66f1894429f768dd9603484989c341d849e2b2b8ca9e9d8d1b0ccb
IMG-0570,images/non_gusu/插图__微信图片_20260409114722.jpg,non_gusu,4,,aec6640d47e5302e277a87f51804209eb939c3cab6f8e4b4c3afd6c4d10592fe
IMG-0571,images/non_gusu/插图__微信图片_20260409114729.jpg,non_gusu,2,,963cff75ce0260eb29f8be8d34c53ff8b2cd0564e9d3388edb0443b5e3c99234
IMG-0572,images/non_gusu/插图__微信图片_20260409114800.jpg,non_gusu,5,,36914938d069fd1e100ff5c8ef089d3454820fcda481d832f211eee52dc49c4a
IMG-0573,images/non_gusu/插图__微信图片_20260409114810.jpg,non_gusu,2,,5919a51f3281228cfc2451474d8b456cc1976ef4f1c9e29b22eed2835c8ca09e
IMG-0574,images/non_gusu/插图__微信图片_20260409114817.jpg,non_gusu,4,,c5814128ed50689863f8d43f7978e5f7d374e5dc0bd86bf94505ce654ecc6b36
IMG-0575,images/non_gusu/插图__微信图片_20260409130321.jpg,non_gusu,1,,6774fddbf03da11439d9681ee723484f72c3acf130c1f60da66454044ed485d1
IMG-0576,images/non_gusu/插图__微信图片_20260409130330.jpg,non_gusu,4,,c491e3f35fc891e8d14f2fb952acd5bb7161b891e5e19eceb50f05919442ea7c
IMG-0577,images/non_gusu/插图__微信图片_20260409130334.jpg,non_gusu,3,,f223163db1cb225da9617e8e7566bf72f7b5ae45ed78ea4a495db3836727e2db
IMG-0578,images/non_gusu/插图__微信图片_20260409130340.jpg,non_gusu,2,,4301567109e93ee144c21b949dcd7c33ede8f4d0e549581e5ca526c891017782
IMG-0579,images/non_gusu/插图__微信图片_20260409130344.jpg,non_gusu,2,,648e48d7a8e783105995a5943eb0335ba38c40356880bc428394a0bb694c9702
IMG-0580,images/non_gusu/插图__微信图片_20260409130349.jpg,non_gusu,2,,12611bb620c71a3ecd2d430c38ff28fee1ad934d44660a9e23450066ca4fba1a
IMG-0581,images/non_gusu/插图__微信图片_20260409130353.jpg,non_gusu,5,,2a6989d8906f745c33ca0ed52851e7efdbf97f330a6ef86aaab952687c871c2a
IMG-0582,images/non_gusu/插图__微信图片_20260409130401.jpg,non_gusu,1,,d888048cb8e3a7eff07efc90e93197896b4d243d045c884861fd58ff4ff5ed2f
IMG-0583,images/non_gusu/插图__微信图片_20260409130408.jpg,non_gusu,1,,715032c5ecf49f4f03620bdad944c5083821f1efc9e7096ef23cc86ccf5580cc
IMG-0584,images/non_gusu/插图__微信图片_20260410094029.jpg,non_gusu,2,,12331e68a1e48441d6d1eac58c560e167987fdd65a8d47c544e38c63ffd95cd4
IMG-0585,images/non_gusu/插图__微信图片_20260410094038.jpg,non_gusu,3,,17aed54979702017705dfefebe5fd2eb386e26ae0d2fd57d529e784db5499750
IMG-0586,images/non_gusu/插图__微信图片_20260410094045.jpg,non_gusu,5,,b27d7bf9102bb71fc17965ee81d7ac07bc1a871c76a0985b396ad71949dd9bb8
IMG-0587,images/non_gusu/插图__微信图片_20260410094052.jpg,non_gusu,1,,8aa6b16d5771f17b276dd25f2a93615bdee6b7c49ceec029f38fd41c4319f53f
IMG-0588,images/non_gusu/插图__微信图片_20260410094102.jpg,non_gusu,3,,f3f0d7c78a034928add966ec208203acbd0fdbabec67eb642e3ae0198b4f458a
IMG-0589,images/non_gusu/插图__微信图片_20260410094107.jpg,non_gusu,3,,7f3ddd2b1dcfd38f46fe09a370a299f476f1ba93dd7fa3844a056651f5a37f1b
IMG-0590,images/non_gusu/插图__微信图片_20260410094115.jpg,non_gusu,2,,7fdf8c62e9dccdb9eb047c9783b87223da6903333d380a1decc9bcc3a1aa3a77
IMG-0591,images/non_gusu/插图__微信图片_20260410094119.jpg,non_gusu,4,,e93fc5b5fa8aae560b20d32c69fe26cf2074a0b31c69be0fd62115cc0467f77b
IMG-0592,images/non_gusu/插图__微信图片_20260410094239.jpg,non_gusu,4,,4deb61aa477e9d542babe3433cc561ea30af58a94540ad53ccb18142a94dbcc9
IMG-0593,images/non_gusu/插图__微信图片_20260410094252.jpg,non_gusu,3,,fb2bbadd3e4370fc7f3087cfe774a6e4be19909036736db3e4750a20a2350a18
IMG-0594,images/non_gusu/插图__微信图片_20260410094303.jpg,non_gusu,5,,ef05d868dffb9e264e204bfd22d8f6c9b7329bf52b4a6a89262f57821a47f084
IMG-0595,images/non_gusu/插图__微信图片_20260410094317.jpg,non_gusu,1,,c0be441cce30e358f8336a6a574329c0b818dc8b9e2a4c627441857a4223b1a5
IMG-0596,images/non_gusu/插图__微信图片_20260410094327.jpg,non_gusu,2,,ee3756042e4e36ba2bf39d038ece6bf25e57dbe6c8b3c320f7f7504c5f82e968
IMG-0597,images/non_gusu/插图__微信图片_20260410094335.jpg,non_gusu,2,,bc4724c1164c4737aa2962bf6a370e44403720bb64dbe994da619c4092e7d89a
IMG-0598,images/non_gusu/插图__微信图片_20260410094343.jpg,non_gusu,5,,277ba95476bd5220ecdeec5d411910e195d455cd2a7979607b35e2f501a75a0b
IMG-0599,images/non_gusu/插图__微信图片_20260410094352.jpg,non_gusu,4,,97d607800f82bb1ac053487c4831cef4fa7f433125980f7aa596187e7c0a5ec0
IMG-0600,images/non_gusu/插图__微信图片_20260410094400.jpg,non_gusu,1,,c8afc0d1631f3d1c4220227cbf6b8fc211c9f1fee18a539b7a18cfc35f069b3e
IMG-0601,images/non_gusu/新年画__微信图片_20260409122807.jpg,non_gusu,2,,a48932ed568ca385bdce77c44e561452353646d4cf22f9ef8354a5eab6ed3373
IMG-0602,images/non_gusu/新年画__微信图片_20260409122817.jpg,non_gusu,3,,583e484d33ffe1a0557bae92a9e8b5c97fb5d6b1525aedd0414dca5133ea696b
IMG-0603,images/non_gusu/新年画__微信图片_20260409122823.jpg,non_gusu,1,,9027a9c15dace3d55fac404af4970d9bf3c9427068bfdcd7a6070117cd0ac0ee
IMG-0604,images/non_gusu/暹罗__微信图片_20260404210245.jpg,non_gusu,1,,578dc39bbc1d1ff39b249a4fa8bea64cd3ddb174ab16c294555d4a8b75a7777d
IMG-0605,images/non_gusu/杨柳青清末__微信图片_20260404210100.jpg,non_gusu,2,,2bdc3e9bcac87a5ef136e1a6f93c583588c3d47a638677889d8354d32295bdec
IMG-0606,images/non_gusu/杨柳青清末__微信图片_20260404210125.jpg,non_gusu,5,,0b18d914a3c43c0fcbd3de805dce4f69693b391490d784917f43f2887b134059
IMG-0607,images/non_gusu/杨柳青清末__微信图片_20260404210142.jpg,non_gusu,1,,be3e6e5ae5634c4776d323eb506bbf9ac26b0e304e8f1ff4bb335ee3f5fb9f1b
IMG-0608,images/non_gusu/杨柳青清末__微信图片_20260404211114.jpg,non_gusu,3,,edbd47da07dfc3ae55cc330a190ee83a208f15a922a1f1588c6f8a9c17c9b342
IMG-0609,images/non_gusu/杨柳青清末__微信图片_20260404211137.jpg,non_gusu,2,,b8c6cf94688561eabd42d9f7c59e2e7d9a4860029373a0cb3f36b2ff322994b0
IMG-0610,images/non_gusu/杨柳青清末__微信图片_20260404211146.jpg,non_gusu,1,,4fbe15ed3271e80108040edb1bb589f52732c85d8423ba28268ad7c57ca1f760
IMG-0611,images/non_gusu/杨柳青清末__微信图片_20260404211157.jpg,non_gusu,3,,95e2593cb1c2949e6d1ac42a023e42273deedb349912b7e18b0a40d0ec7b426b
IMG-0612,images/non_gusu/杨柳青清末__微信图片_20260404211209.jpg,non_gusu,3,,b9c759be72e44d22f0e97c032817b70938bf5d4bfea15215ffffbd6d332d9657
IMG-0613,images/non_gusu/杨柳青清末__微信图片_20260404211219.jpg,non_gusu,1,,ca74e4c2bab4837f0654dd3609b5bf0066903ac08cc0927d3cfd7b58d9a551e7
IMG-0614,images/non_gusu/杨柳青清末__微信图片_20260404211231.jpg,non_gusu,4,,3dd2c4355d63312378e0236f4b830a5e92b3b8d746e1ece035c46011f56a08fe
IMG-0615,images/non_gusu/杨柳青清末__微信图片_20260404211243.jpg,non_gusu,5,,d2a80819592e9c7c803e926ce2f0796fe88dd276c3034726993453505175e8e5
IMG-0616,images/non_gusu/杨柳青清末__微信图片_20260404211253.jpg,non_gusu,4,,98d9b2c69ca19fe5d2db96358b81b381e0cbc71cd0b5a20765b3ab60e83116b9
IMG-0617,images/non_gusu/杨柳青清末__微信图片_20260404211819.jpg,non_gusu,5,,b101814964e314d7c8f30cc757330ae218b516dc9fe0778af13d0238fbc348f4
IMG-0618,images/non_gusu/杨柳青清末__微信图片_20260404211829.jpg,non_gusu,4,,0a1c2c5308a9061e41bbc930e724e7aa20afe85e682567703ae6f09154afcf0b
IMG-0619,images/non_gusu/杨柳青清末__微信图片_20260404211841.jpg,non_gusu,5,,5ddb79acc5633734b75e02f5c417b91b9a11fbf890e58fb9bfbdbcb38e09c8ec
IMG-0620,images/non_gusu/杨柳青清末__微信图片_20260404211848.jpg,non_gusu,1,,60effe74674b8810b6ea91b8e90ea08471a5a5f3f0189fb60ca8701d3bb86ba1
IMG-0621,images/non_gusu/杨柳青清末__微信图片_20260404211857.jpg,non_gusu,1,,c21512073fc00c6827a991d848862cc2fae9c7006c3fd1f4593765641037db8f
IMG-0622,images/non_gusu/杨柳青清末__微信图片_20260404211905.jpg,non_gusu,5,,61d8bc7cf3e2ffee626f18622d41d08f849679d9a833d69d8f0d354186d6c5b6
IMG-0623,images/non_gusu/杨柳青清末__微信图片_20260404212105.jpg,non_gusu,2,,9892e7c5d412ce4bf1df061cc54c791d4ce9aa69fc05c41c6c1e60ab6f85f076
IMG-0624,images/non_gusu/杨柳青清末__微信图片_20260404212119.jpg,non_gusu,4,,8ca6f77540411f3f49517a499f8832c9369929c76d08eaf68e96da7d94f2f43a
IMG-0625,images/non_gusu/杨柳青清末__微信图片_20260404212127.jpg,non_gusu,5,,4139adc1f15a75c2ca4e170b9dc841803c3c40c640876943d403d5693a9d1b8f
IMG-0626,images/non_gusu/杨柳青清末__微信图片_20260404212135.jpg,non_gusu,2,,3c73271fae2c4880e34a52369544d07079b8b58e41a6f916eb6726e4b7e3aa83
IMG-0627,images/non_gusu/杨柳青清末__微信图片_20260404212143.jpg,non_gusu,3,,338a5ceb0ed70ea9709bdaa49421453fae9f33c8da2eb3a603c583c2f7f8bffd
IMG-0628,images/non_gusu/杨柳青清末__微信图片_20260404212152.jpg,non_gusu,1,,7c5f402923eec0b8659870d92233ac08ba75af27d347bb2358356ed5e068191d
IMG-0629,images/non_gusu/杨柳青清末__微信图片_20260404212203.jpg,non_gusu,1,,47281bf47f6e5bfb730a6078a7e7f82616b3d63eb0556ad0c62d39636f494702
IMG-0630,images/non_gusu/杨柳青清末__微信图片_20260404212210.jpg,non_gusu,5,,9bbe4604a8b5aca7b06a38b5a8559d0c6f19c86a82192d286039cce008946045
IMG-0631,images/non_gusu/杨柳青清末__微信图片_20260404212217.jpg,non_gusu,1,,2e1213b739c02dee51472964badf5f21f23b7ec35a8ec3964973d528aa6e2f37
IMG-0632,images/non_gusu/杨柳青清末__微信图片_20260404213044.jpg,non_gusu,1,,8589e6e601e6373f80a5471842066e47c26a22bacc7303ae91aac47a0aa30331
IMG-0633,images/non_gusu/杨柳青清末__微信图片_20260404215645.jpg,non_gusu,1,,2da6210fc1622b24161a507f07c7faf52d9ae2a849e4f752f5a60a68558cd9a0
IMG-0634,images/non_gusu/杨柳青清末__微信图片_20260404215659.jpg,non_gusu,1,,ead3192796f0747047f01018370caf42ff85ae3be4afbb5bcb22eafdbf5aaa15
IMG-0635,images/non_gusu/杨柳青清末__微信图片_20260404215707.jpg,non_gusu,4,,9f4d0ceac8abefb2d7e7465d8cfe48961275d5a88e0be36f22d3fdf947887d6b
IMG-0636,images/non_gusu/杨柳青清末__微信图片_20260404220444.jpg,non_gusu,5,,5ac411aecb13b1a798196a83226e17deab4fd0b66dd510868f97f224e2a9f121
IMG-0637,images/non_gusu/杨柳青清末__微信图片_20260404220454.jpg,non_gusu,5,,74b42c8a5a15ea66514e77d405e7e0bc8ce424bca92620076968b224a2fc2fd2
IMG-0638,images/non_gusu/杨柳青清末__微信图片_20260404220505.jpg,non_gusu,3,,bed05f492c361332417bcd05f319a076bd92bdba7d3d3992ec78ba4a927a49e5
IMG-0639,images/non_gusu/杨柳青清末__微信图片_20260404220512.jpg,non_gusu,5,,1e4834c2655449ef36a76b95bbb9810adefea86aeaeab24b2584d65b610a4e15
IMG-0640,images/non_gusu/杨柳青清末__微信图片_20260404220519.jpg,non_gusu,2,,d9c8e504be00720ba549e129beabeff32d85e59f6c3adf0ffb2360f5d75cc5dd
IMG-0641,images/non_gusu/杨柳青清末__微信图片_20260404220527.jpg,non_gusu,5,,ba2d4f47076f1f75141a254bf956c98faf8c6d814bf3653251b1e297e0a5ad95
IMG-0642,images/non_gusu/杨柳青清末__微信图片_20260404220533.jpg,non_gusu,4,,278599d26f1ce4eba5314c9b2f9541dd09a641ebb7405c29361f195dd0757a1e
IMG-0643,images/non_gusu/杨柳青清末__微信图片_20260409092938.jpg,non_gusu,1,,1f3c960fbc120034bdaf86b003b424b24b87dbcc2da213d59f3b54c07a533f32
IMG-0644,images/non_gusu/杨柳青清末__微信图片_20260409092948.jpg,non_gusu,1,,73d1c39ff77007b95e7af702d82d543754b78e87fe3983ae100cb82f664c362a
IMG-0645,images/non_gusu/杨柳青清末__微信图片_20260409092953.jpg,non_gusu,5,,56df23e2d3c109ea61bf29a219c0a10110a3bcb30fec6fb98ff205cb9c0d8848
IMG-0646,images/non_gusu/杨柳青清末__微信图片_20260409101519.jpg,non_gusu,2,,57007ace5504c04a933520f0b3ba572f3e79d683f06f2ed5e9e7ff977ff18a94
IMG-0647,images/non_gusu/杨柳青清末__微信图片_20260409101531.jpg,non_gusu,3,,066316bde2ead4321aa349ce7c40cb89ae87b33d02b589cb36fcabfde683a26c
IMG-0648,images/non_gusu/杨柳青清末__微信图片_20260409101541.jpg,non_gusu,5,,d93bccc4194e26f28c82eeae6122c7f826baf2a08912a70a409f5c4ecffa82ec
IMG-0649,images/non_gusu/杨柳青清末__微信图片_20260409101551.jpg,non_gusu,1,,5e962f61b8855c9a0889bb8eba0a69fd332e00ef16a0e802f6a0a97287adfe3f
IMG-0650,images/non_gusu/杨柳青清末__微信图片_20260409101559.jpg,non_gusu,5,,47858fe5180edcc1bc7aaa182e8654e7bfe4b2b2ea46a53d5cbc50f75d9f7b27
IMG-0651,images/non_gusu/杨柳青清末__微信图片_20260409101607.jpg,non_gusu,5,,57284e5c39930baba9a42dd7361ee7f5001344bb11026fa34bbf733e2dd8d306
IMG-0652,images/non_gusu/杨柳青清末__微信图片_20260409101936.jpg,non_gusu,1,,fd6a10ac2097270fe3db31c957db6ff8d137a71c1245d23a1c8066adc5840432
IMG-0653,images/non_gusu/杨柳青清末__微信图片_20260409101951.jpg,non_gusu,4,,da9448ec5727008914ce75a248583dbcc2b1f75eadba0bbf4a5ef728e764859b
IMG-0654,images/non_gusu/杨柳青清末__微信图片_20260409101958.jpg,non_gusu,2,,ebb010dc27dab3af1e30089ec965056a336aa4a39ec3c6eeb83fa7b26d3d8e8f
IMG-0655,images/non_gusu/杨柳青清末__微信图片_20260409102005.jpg,non_gusu,2,,bea33c65261cc1e39128a269588818d16ea7733c4a2e412249731cc1bd0ba7e8
IMG-0656,images/non_gusu/杨柳青清末__微信图片_20260409102015.jpg,non_gusu,4,,fc3f5ac62830fb034bf5141cd32ffb19dc781c154966b5a379a29c8f7768c56b
IMG-0657,images/non_gusu/杨柳青清末__微信图片_20260409102023.jpg,non_gusu,3,,d7a3d51ba22b4264a85c4ed69c55a0de6fa0c33fce21bd005856e9284bc7d5eb
IMG-0658,images/non_gusu/杨柳青清末__微信图片_20260409102030.jpg,non_gusu,2,,54448fb1177d91055908d4ff4a482c565e7110a02a62d217194713842d7b43f8
IMG-0659,images/non_gusu/杨柳青清末__微信图片_20260409102038.jpg,non_gusu,5,,a6beabb9642e6190cff0c8a5d4415a59b5ca0f0222ab2bb8c42f03b08ac1a75c
IMG-0660,images/non_gusu/杨柳青清末__微信图片_20260409102047.jpg,non_gusu,1,,aea15ad1c175f017f3047216a9a9b786c728a5370d2e410895f5ba7961b63542
IMG-0661,images/non_gusu/杨柳青清末__微信图片_20260409114434.jpg,non_gusu,5,,94801921f415a3051963f598e74e7692e94fc60fedeaffd893c9aad420fc40da
IMG-0662,images/non_gusu/杨柳青清末__微信图片_20260409114450.jpg,non_gusu,1,,328d27466e6810583b48fc55b6c218b01b1a39037f721f1355de023cc81cda9f
IMG-0663,images/non_gusu/杨柳青清末__微信图片_20260409114458.jpg,non_gusu,5,,51e816f7d7679e6eaa19a5a8f2e4b5520f7aecb869c936fb2d3667ff4377a56e
IMG-0664,images/non_gusu/杨柳青清末__微信图片_20260409114507.jpg,non_gusu,1,,7e6288b67c21ba6a2230f30e6ddae2d9aaa2e04576cf56e6dedbaffe4bbb297d
IMG-0665,images/non_gusu/杨柳青清末__微信图片_20260409114515.jpg,non_gusu,4,,8a0e98b87cfc93984a59376d8a91ded1049636a17ee0e09a3aa234255da0938d
IMG-0666,images/non_gusu/杨柳青清末__微信图片_20260409114524.jpg,non_gusu,4,,ddd13085bb40615649de7815b5065a74e47a98e60cff47bdb1ab215b254e3416
IMG-0667,images/non_gusu/杨柳青清末__微信图片_20260409122125.jpg,non_gusu,5,,2664a46a567cba7895136c9948d8157eed4dbc800c8ab41da0dcddb0667d4253
IMG-0668,images/non_gusu/杨柳青清末__微信图片_20260409122137.jpg,non_gusu,3,,bf3dd230e40529a8337bd56860ad032e73bab09b600343b01b7788ca8d671498
IMG-0669,images/non_gusu/杨柳青清末__微信图片_20260409122143.jpg,non_gusu,2,,b3838458ed6f5d64a8c5d18d2fd425635f563614b5aa14420904f87064d382a5
IMG-0670,images/non_gusu/杨柳青清末__微信图片_20260409122154.jpg,non_gusu,4,,ea4916d3970f8a85946a1b448fbb328e1eb559772cb16482bc564ddb5909ce31
IMG-0671,images/non_gusu/杨柳青清末__微信图片_20260409122205.jpg,non_gusu,1,,f4c960f8591f9c511a824e042073d2d3a41b771e6013d65236907cfafdaef31f
IMG-0672,images/non_gusu/杨柳青清末__微信图片_20260409122237.jpg,non_gusu,4,,71a3f2acadbcacaf63153c9b10b06e1714a476145d10af3df500b45f3b00c418
IMG-0673,images/non_gusu/杨柳青清末__微信图片_20260409122244.jpg,non_gusu,2,,3e7fea5a8be40bb05a391bd2220151b5dffe8a6673b0cb5e8dd33a695dbe423b
IMG-0674,images/non_gusu/杨柳青清末__微信图片_20260409123104.jpg,non_gusu,4,,a2c94e2972785a7cf876b3a822042017e53c278e4d7b5fcc8e2e0a9c35df8c14
IMG-0675,images/non_gusu/杨柳青清末__微信图片_20260409123119.jpg,non_gusu,5,,982ab09704a9d269489e697ad3416a4b32ab5b6c500242986617034036e25fcb
IMG-0676,images/non_gusu/杨柳青清末__微信图片_20260409123128.jpg,non_gusu,2,,c57ae4b48c3ebeaa40dfb8f42c5e61978dfea46e4c6cd0e40dd2dfe1ab7e121c
IMG-0677,images/non_gusu/杨柳青清末__微信图片_20260409123137.jpg,non_gusu,3,,a55efcdbcb8b3d661ed539df3da21aa9a706d4e1022c72a09ff65d96acd37b8a
IMG-0678,images/non_gusu/杨柳青清末__微信图片_20260409123146.jpg,non_gusu,5,,5334c161acb23780250e62fff241f4a20a92d6e1ab96ad380aecbe33346a5cb1
IMG-0679,images/non_gusu/杨柳青清末__微信图片_20260409123155.jpg,non_gusu,4,,a609313ba0d1ae0d6f8d6ddf12328dbcb6ae994bae104e17b1e241250058b01d
IMG-0680,images/non_gusu/杨柳青清末__微信图片_20260409123205.jpg,non_gusu,5,,340ac961d052b1043c6e5967634b2f446218f52b0bd20cdca56568c11cf93ab3
IMG-0681,images/non_gusu/杨柳青清末__微信图片_20260409123213.jpg,non_gusu,3,,7ecae48cec2fa35f3b1ec1ace5b56bd0e68dd1b43dbe20dc26a82c2a2e938d55
IMG-0682,images/non_gusu/杨柳青清末__微信图片_20260409125903.jpg,non_gusu,4,,42b79883123f77b2064899a771437dbb8068b98c04811179b5e3b9ad06f9f18d
IMG-0683,images/non_gusu/杨柳青清末__微信图片_20260409125916.jpg,non_gusu,4,,ca96d5389e1792c858545bad253abb1dbffc69c0a4d196e26b5fad802072ab75
IMG-0684,images/non_gusu/杨柳青清末__微信图片_20260409125922.jpg,non_gusu,5,,c5283cb6583c136eed8d5f2a1de70852011bea539cb5956796ed43017982814b
IMG-0685,images/non_gusu/杨柳青清末__微信图片_20260409125926.jpg,non_gusu,1,,3571d927a991099e2579f22aafc703c2bb98eda61b96d54048710ce98d892a96
IMG-0686,images/non_gusu/杨柳青清末__微信图片_20260409125931.jpg,non_gusu,5,,f9809452b1bd37e5761264a56001d9625022512efd057204042fd77b81af3647
IMG-0687,images/non_gusu/杨柳青清末__微信图片_20260409125939.jpg,non_gusu,1,,29a98eb9ae33a7e231111b720c2cfe888385578efe21c8a88b2b1f6f9cce1b40
IMG-0688,images/non_gusu/杨柳青清末__微信图片_20260410094640.jpg,non_gusu,5,,396ebf51abd5545b5c3a4826e24e2bca22165e7cac5608857f5a3753f82ac1f8
IMG-0689,images/non_gusu/杨柳青清末__微信图片_20260410094700.jpg,non_gusu,4,,9e5246999b057d90f3912d71c64375ead7dd175c8304df8eb88258a44fae0acb
IMG-0690,images/non_gusu/杨柳青清末__微信图片_20260410094709.jpg,non_gusu,2,,8fdcd870b5f716dd10fdf99790ae382d62adb0b52591e4aca6b66eea5e28c04a
IMG-0691,images/non_gusu/杨柳青清末__微信图片_20260410094716.jpg,non_gusu,2,,e71c9ed6d9aa6ad1491aaaf7b150e96caf56f236786d3de9a14e37308422b904
IMG-0692,images/non_gusu/杨柳青清末__微信图片_20260410094722.jpg,non_gusu,1,,4d7799e5a26950a2f5942e4720aa14ad8966379af4848fc790a1a29af779039e
IMG-0693,images/non_gusu/杨柳青清末__微信图片_20260410095452.jpg,non_gusu,1,,ade0d7b37fcf45bdc037617fe3ea3057d5952a109962732ba07c014025fd5f2a
IMG-0694,images/non_gusu/杨柳青清末__微信图片_20260410095523.jpg,non_gusu,4,,0931c432e43660b8afc1603c7d2b639d90d0881bd5a0911b43d50bb3e8f33653
IMG-0695,images/non_gusu/杨柳青清末__微信图片_20260410095528.jpg,non_gusu,5,,60da522a58d70a3ff56e4d2c58336e1c83e69e49e18b6345a7c4c0291fd57931
IMG-0696,images/non_gusu/杨柳青清末__微信图片_20260410095534.jpg,non_gusu,4,,5cbc1145d8a9560023d12f223766d7f496b138c83ca3993bcb280b74a30a279c
IMG-0697,images/non_gusu/杨柳青清末__微信图片_20260410095543.jpg,non_gusu,5,,c8eb1b1d6285d12b5e8f0f95eb49f3d573bb30eab088e0ddad5f94ce6a1605ef
IMG-0698,images/non_gusu/杨柳青清末__微信图片_20260410095553.jpg,non_gusu,1,,268a32e87e511ee6841d119b75c1e125202465fbba98abd7699eb78820010830
IMG-0699,images/non_gusu/杨柳青清末__微信图片_20260410095601.jpg,non_gusu,5,,6b9a2bacf0227ab6dfbf46b55fd61871e13e1767ded40fb8ae1da0f30817176f
IMG-0700,images/non_gusu/杨柳青清末__微信图片_20260410095608.jpg,non_gusu,5,,e0d7ebe070bb2887b8b803c1ec86f9e1835e87050fe55e308ae9c0599c3db9a3
IMG-0701,images/non_gusu/杨柳青清末__微信图片_20260410095900.jpg,non_gusu,5,,19e246ff92a540cce5ba3c1e1dd323a09607ec7dbce0849584484f030300333a
IMG-0702,images/non_gusu/杨柳青清末__微信图片_20260410095910.jpg,non_gusu,3,,8dad74ea07e07767e0842b4016805eecff3f30db7d57fa36d1f3c0f7d7ce29fc
IMG-0703,images/non_gusu/杨柳青清末__微信图片_20260410095916.jpg,non_gusu,3,,e44de1aefa31a2b7bed3806fcc5b991540ea46ab3f9afa17b8667917d529dd34
IMG-0704,images/non_gusu/杨柳青清末__微信图片_20260410095920.jpg,non_gusu,3,,b25da652e21b4b368d8c9f10d9b0d4472a3d9243039b158e16d27306b82975d0
IMG-0705,images/non_gusu/民国年画宣传画__微信图片_20260409095518.jpg,non_gusu,2,,29f6a263919df836a6c79e6ee563862201d8385e10ee12accb7eea99f99bfebf
IMG-0706,images/non_gusu/民国年画宣传画__微信图片_20260409095527.jpg,non_gusu,1,,4a71dd1d17380335d6bb373ced976b68bf44150b6ab3687e7934e6f4d5b32a94
IMG-0707,images/non_gusu/民国年画宣传画__微信图片_20260409095531.jpg,non_gusu,2,,e92e8853b65c2c546f234d0d2c8c7114e1f51f61fe79e38e2abf5106c6bcb3b0
IMG-0708,images/non_gusu/民国年画宣传画__微信图片_20260409095536.jpg,non_gusu,5,,2a2efef4e8130a7942ad9f9d5f740b0f10237eb53d1f5ca960a4652c27a694f8
IMG-0709,images/non_gusu/民国年画宣传画__微信图片_20260409095644.jpg,non_gusu,1,,081cd01b1848113ff90002ce14bd5d071b5fb9306f8984286387d08ffd8adbfc
IMG-0710,images/non_gusu/民国年画宣传画__微信图片_20260409095649.jpg,non_gusu,5,,f1120b0ee0d7bd27e9a482f3990379579332778650a531aeb460d1b971f8c47f
IMG-0711,images/non_gusu/民国年画宣传画__微信图片_20260409095653.jpg,non_gusu,5,,05c433040a8dd8df83313d4488491b02461eb0ef21b3fbcfcda7b04cb32ce40a
IMG-0712,images/non_gusu/民国年画宣传画__微信图片_20260409095701.jpg,non_gusu,5,,201e17fc68a97c6f44121c1fe3cd59e1cefe26efb72036fc2dd5f5f526747353
IMG-0713,images/non_gusu/民国年画宣传画__微信图片_20260409095705.jpg,non_gusu,5,,82311a53a4dd2a0fcb3200dbe0d417784084bebe70ad65013c24f2df4928da2d
IMG-0714,images/non_gusu/民国年画宣传画__微信图片_20260409101257.jpg,non_gusu,4,,95329b91dbacac3ff8ece2ef6e40f0be9a37c77f53a67b31c96132d45cbd1987
IMG-0715,images/non_gusu/民国年画宣传画__微信图片_20260409101307.jpg,non_gusu,2,,38a0c80d76f4a999cb8d34bc18de7faaeda96c2fa2ea1eb449f01d7c68ccc03c
IMG-0716,images/non_gusu/民国年画宣传画__微信图片_20260409101313.jpg,non_gusu,2,,3e196e1522e75eb3a5c0fb32e60fe4e0c1548d198c15729c0b548fbf493e4189
IMG-0717,images/non_gusu/民国年画宣传画__微信图片_20260409101318.jpg,non_gusu,3,,70936292995c8b0b8cffc8baeedbb7c38d8f7b71f7522cab4cd137c86ce8bbf5
IMG-0718,images/non_gusu/民国戏出__微信图片_20260409094558.jpg,non_gusu,4,,0ab2bf9a27d6e1cc93748cc518df3afd028310e89cce4f038b6461b2ac1d1867
IMG-0719,images/non_gusu/民国戏出__微信图片_20260409094607.jpg,non_gusu,1,,606af5f34d5a98ac95cd6b27d6d2c039591ae14c642c5366a95237f72adba0f8
IMG-0720,images/non_gusu/民国戏出__微信图片_20260409094615.jpg,non_gusu,2,,636fd85679fe9eb5674b45a39cba7e0b3b9bb784b0bf2a01375f21578db433b4
IMG-0721,images/non_gusu/民国戏出__微信图片_20260409094622.jpg,non_gusu,1,,18b821185d9594cce4e68aa737319cd7ac61af6820717884f5bfbab01e864989
IMG-0722,images/non_gusu/民国戏出__微信图片_20260409094631.jpg,non_gusu,4,,b708c60c040df915b800a43d97ef1d7ad6bbf98456db8bf88bae9d77a477854e
IMG-0723,images/non_gusu/民国戏出__微信图片_20260409094638.jpg,non_gusu,5,,5dbee30c67ded60fce78644888af39d6310139d732347478bbc6fbb66a4b20d6
IMG-0724,images/non_gusu/民国戏出__微信图片_20260409094646.jpg,non_gusu,5,,d70ff9be86b413e8ec8917d3e9742312ec0b4863407e9eec503fafea67d53da2
IMG-0725,images/non_gusu/民国戏出__微信图片_20260409094655.jpg,non_gusu,4,,be9469d907014665f53a966a36fd05b89ee08ca323fe5995f6d0c6aa556d8946
IMG-0726,images/non_gusu/民国戏出__微信图片_20260409094704.jpg,non_gusu,2,,d19213c68dd60cb131193b9f722727f40d1e66f1f4b7cf8a433027367cd32d06
IMG-0727,images/non_gusu/民国戏出__微信图片_20260409095005.jpg,non_gusu,2,,151afc83c4455d1cf16e8ad8135b9e59c6f571cff5d982bfb77b0f5e40703a7c
IMG-0728,images/non_gusu/民国戏出__微信图片_20260409095016.jpg,non_gusu,4,,6001c3b250902164d95813e1e2d261d7a81b7e290ded5a529bfb411893a43485
IMG-0729,images/non_gusu/民国戏出__微信图片_20260409095024.jpg,non_gusu,5,,b2ab61e8c4ec6aa36ebb2d1c876e00afbf6c77ddb2f291303b7118244222a6c7
IMG-0730,images/non_gusu/民国戏出__微信图片_20260409095031.jpg,non_gusu,3,,c0386ebfda232cf50e8925022d17ea03180fe5454be0d4b189e2afa7acc644b0
IMG-0731,images/non_gusu/民国戏出__微信图片_20260409095040.jpg,non_gusu,2,,7d0b7a9213eeacf27f1e6d3c11d4fb300c7e1afc6ba09b5777d976375b59eb36
IMG-0732,images/non_gusu/民国戏出__微信图片_20260409095046.jpg,non_gusu,2,,30f39a23ec5c4f45d751f99fd7bcafa487483f3dad22e6dc7c4ee5b23e228115
IMG-0733,images/non_gusu/民国戏出__微信图片_20260409095056.jpg,non_gusu,3,,468ad9e8368fb13f86bd55884b4bc6dce13383184eea3f5355d3f79be4519a42
IMG-0734,images/non_gusu/民国戏出__微信图片_20260409095106.jpg,non_gusu,4,,bc0f66266829f259d08f72e42ad6820e80d74f108c851aa1e642601f3803d331
IMG-0735,images/non_gusu/民国戏出__微信图片_20260409125547.jpg,non_gusu,3,,965c36b98912f4e45e391a00d0a217a8c3bf17a21f7c9a13a26bdda35c58a410
IMG-0736,images/non_gusu/民国戏出__微信图片_20260409125558.jpg,non_gusu,1,,e6dff827981b57c7a4020adb37292657d50fabc4150bf63874668abc1d99e007
IMG-0737,images/non_gusu/民国戏出__微信图片_20260409125606.jpg,non_gusu,2,,cb9c4f5ea68605a0ff29650e09990c8037bd175017ee33135ea44fd3e9f232dc
IMG-0738,images/non_gusu/民国戏出__微信图片_20260409125616.jpg,non_gusu,4,,5c9424272e670c9039a8b3e714dcb6a1560f244dcd4f0c9e055a5a5ca0869ddd
IMG-0739,images/non_gusu/民国戏出__微信图片_20260409125623.jpg,non_gusu,2,,7a6f963eb994428ab4eb0300f02c2c8b110aa7a5420f2d7d88d268b918b387f9
IMG-0740,images/non_gusu/民国戏出__微信图片_20260409125630.jpg,non_gusu,2,,6ae21c2570dc93d591747223be23a76086ae05b9d1b693b5dc600cd2dd1ac59d
IMG-0741,images/non_gusu/民国戏出__微信图片_20260409125640.jpg,non_gusu,2,,baa01147687fdaa7bf346c896628a2df8df2a67237a25a223f1d016bdc8a4748
IMG-0742,images/non_gusu/民国戏出__微信图片_20260409125650.jpg,non_gusu,1,,a06ecedb5c274f2228951f0b14a1caafd77a922ca2c6480606b62a557521e0c2
IMG-0743,images/non_gusu/河北山东__微信图片_20260404211913.jpg,non_gusu,1,,3a1f326bcb6de6ba5d7af69200b0021f70ea19152dc91998a0b59bde721af2f9
IMG-0744,images/non_gusu/河北山东__微信图片_20260404220543.jpg,non_gusu,3,,7be6e79442820ab985bd1e2159da326e0bc9695407ab53b261d8666596a9bfad
IMG-0745,images/non_gusu/河北山东__微信图片_20260404220554.jpg,non_gusu,4,,ad2cb49e57953fbe3835a362cc2e1bfcf329c1bdd351aba962901e8f1419d83c
IMG-0746,images/non_gusu/河北山东__微信图片_20260409124404.jpg,non_gusu,4,,410e122db80f080ebae5bd657768ccbb2f447c7caff0c9000aa9e914497007dc
IMG-0747,images/non_gusu/河北山东__微信图片_20260409124413.jpg,non_gusu,2,,ec0c02673ee27695f67c86cc7412c19eb62deeecf987613be694b592faf991c6
IMG-0748,images/non_gusu/河北山东__微信图片_20260410100520.jpg,non_gusu,5,,d90bc45f76fc565f92eb321630b4e56947552d7ccee3ae770c2edfada293e325
IMG-0749,images/non_gusu/河北山东__微信图片_20260410100529.jpg,non_gusu,2,,c0b4d572a61d1cd9f04217cd4a8ce5dc2d2577f9b628b72d12c2f110bdc0b7e9
IMG-0750,images/non_gusu/河北山东__微信图片_20260410100534.jpg,non_gusu,2,,0511ee9b9a9637bba9805c90ff8f4277a11845be842ffca373c51f7354c690f1
IMG-0751,images/non_gusu/河北山东__微信图片_20260410100539.jpg,non_gusu,1,,c32eb5c84555257adb82d704aa2fb91be034e204831112be08e22c855dde8a5a
IMG-0752,images/non_gusu/河北山东__微信图片_20260410100546.jpg,non_gusu,3,,9222048d289799fa768a5da2b10f2789417612a6e30af742f5482fdefef37e6e
IMG-0753,images/non_gusu/河北山东__微信图片_20260410100554.jpg,non_gusu,5,,3038691a7e8f070df26a24e11bd940ca81c9039f6c43cd1c6deb9b306e686058
IMG-0754,images/non_gusu/河北山东__微信图片_20260410100605.jpg,non_gusu,1,,bdc4814a9d8cefa6e9b5c687f976b822a5cd667356ffd1dc180b07b034427764
IMG-0755,images/non_gusu/河北山东__微信图片_20260410100612.jpg,non_gusu,1,,0e083e82908e6329fa3e9878bd4375dbe7c7139bb7fdc39c9ef0d6bef2823783
IMG-0756,images/non_gusu/河北山东__微信图片_20260410100620.jpg,non_gusu,4,,9dbb89d4bc1dbe4a2446d310df7fad5b40512edc62145e90c776d6d0bb88f41c
IMG-0757,images/non_gusu/河北山东__微信图片_20260410100711.jpg,non_gusu,3,,71b66231321f0cf0fdd123ba868174f740d6b4c599cff7b820e512903312db52
IMG-0758,images/non_gusu/河北山东__微信图片_20260410100719.jpg,non_gusu,2,,1e10a67e87b7fa99154490a44b2156d36966abf46b7cfe59658827758646f20a
IMG-0759,images/non_gusu/河北山东__微信图片_20260410100727.jpg,non_gusu,3,,d3e8965e40b4b554eab7755f3d1b32f4f444e78f1aba91613ad28435fe2504b0
IMG-0760,images/non_gusu/河北山东__微信图片_20260410100734.jpg,non_gusu,3,,32b8dc03190675cd7239c158012ac4ecbe02f019a2c4ad8ca53249f3465c4101
IMG-0761,images/non_gusu/河北山东__微信图片_20260410100743.jpg,non_gusu,5,,d27fa82d4405ac583563beb12b397df2f11b669122f023e866341d2aad513013
IMG-0762,images/non_gusu/河北山东__微信图片_20260410100749.jpg,non_gusu,5,,02ba57e5e5bea770cf35052b3697eb8383f6e290f5550b5adbd11046befbfbd1
IMG-0763,images/non_gusu/河北山东__微信图片_20260410100758.jpg,non_gusu,2,,c1f91bad144a51127ef92898a6f0054de92a252db1fa8564fde194463fa8b282
IMG-0764,images/non_gusu/河北山东__微信图片_20260410100806.jpg,non_gusu,2,,d55ceff8e2219d3e78e9fadae1f7054c930691bdd07313ae6fefd286703d38c3
IMG-0765,images/non_gusu/河北山东__微信图片_20260410100813.jpg,non_gusu,4,,5edfd59df2066fd2ed9fa0b167d9c71e71b9b14e820dc4f15f8fd4a693e3cb7f
IMG-0766,images/non_gusu/潍坊__微信图片_20260404211928.jpg,non_gusu,3,,1921c2de2c42a9825e4974aa657a70db5ee057e36f292557abec9db4463f9477
IMG-0767,images/non_gusu/非姑苏-未分类__微信图片_20260409093218.jpg,non_gusu,1,,c041807742ace2f74cbee54f8d29285ba2802a832ce0da376e94ccedac8fe587
IMG-0768,images/non_gusu/非姑苏-未分类__微信图片_20260409093227.jpg,non_gusu,3,,82854b7fa7ffa7c33f4c8278e7d8227572e3be93e44114424814299332816ecb
IMG-0769,images/non_gusu/非姑苏-未分类__微信图片_20260409093232.jpg,non_gusu,2,,0cde5f54e7348f3d55d41eae45443ba23bc341105a767940a3b0226ef484c269
IMG-0770,images/non_gusu/非姑苏-未分类__微信图片_20260409093245.jpg,non_gusu,5,,0b1a9bf7eda22b9a3cf4de446e1d8b51b196a94a2b9a753ae31ec5a7108a1e89
IMG-0771,images/non_gusu/非姑苏-未分类__微信图片_20260409093249.jpg,non_gusu,1,,0f9209e5f8b127cb0740900a2cccf29a5efc6d00158e42c39f1779eb2dd053ca
IMG-0772,images/non_gusu/非姑苏-未分类__微信图片_20260409093256.jpg,non_gusu,4,,74642d58522318e30954dc85bb6c966fd8589db512059b9c40339d9c30cdd610
IMG-0773,images/non_gusu/非姑苏-未分类__微信图片_20260409093301.jpg,non_gusu,4,,f92c484ea318ab312ec5621666de4e27cf2145fc3ef7c3ad1703fe6624f8b451
IMG-0774,images/non_gusu/非姑苏-未分类__微信图片_20260409093306.jpg,non_gusu,1,,a6d2d366c7c9fda8b9166794ad43b302ad5b419f2dae9092e48c8228812c7d4c
IMG-0775,images/non_gusu/非姑苏-未分类__微信图片_20260409093310.jpg,non_gusu,1,,e28a884c47a913f3840537c3203ba59a7bc68f9c568d9d1931b44f463fdf4578
IMG-0776,images/non_gusu/非姑苏-未分类__微信图片_20260409093840.jpg,non_gusu,5,,8b622e7d3a601107b609541548edcb0ccc9d5915cdabc5a876e43970b18b8f19
IMG-0777,images/non_gusu/非姑苏-未分类__微信图片_20260409093850.jpg,non_gusu,5,,6afc13a2538e4dbeb6f27e286e96ee053d0d7d18f2537a657615fc69b2f09b0f
IMG-0778,images/non_gusu/非姑苏-未分类__微信图片_20260409093856.jpg,non_gusu,5,,901a4975958e555199d311e4e2703270b9af40d40e6aafeb078a52ed7c521b88
IMG-0779,images/non_gusu/非姑苏-未分类__微信图片_20260409093903.jpg,non_gusu,1,,607c51835e861632ea71206891bdf133a7818bb8e160dfad51dbbf967764727f
IMG-0780,images/non_gusu/非姑苏-未分类__微信图片_20260409093915.jpg,non_gusu,5,,a4951999ea18ec52ff2a7eac372b8a8fcd28bfe77ba7c0329cdccae91bdfd6db
IMG-0781,images/non_gusu/非姑苏-未分类__微信图片_20260409093924.jpg,non_gusu,3,,cc849d18f69d47404783fbab9f309a9dcabcb0090805f21bba57ad341e7eb873
IMG-0782,images/non_gusu/非姑苏-未分类__微信图片_20260409093933.jpg,non_gusu,4,,32bcfec898f61f5d122d6cbb4c37e3e54aa326e337c3d7b30e92fbe607ca554a
IMG-0783,images/non_gusu/非姑苏-未分类__微信图片_20260409093938.jpg,non_gusu,4,,206033ca248be7848cbd71213e562c7262d4b4e1e2092fd293576152647fc6e5
IMG-0784,images/non_gusu/非姑苏-未分类__微信图片_20260409094255.jpg,non_gusu,1,,8c7162ae2a4c274f38b1f3becf87a9c2f3c801ff2cba4964587d9a607a3a412f
IMG-0785,images/non_gusu/非姑苏-未分类__微信图片_20260409094307.jpg,non_gusu,3,,263a27c1ebcd09e6a4752d5e9aa652073550ca9e15be9e071f53165671043645
IMG-0786,images/non_gusu/非姑苏-未分类__微信图片_20260409094312.jpg,non_gusu,5,,ca43727a60ceecb67f58fd7a0abfe8ec37d3a373ff63b6006b391c5a9cf84641
IMG-0787,images/non_gusu/非姑苏-未分类__微信图片_20260409094317.jpg,non_gusu,5,,d10b4d2e0469cb13e27f13651870d1eac380dab6a7244914f2f3a5e8b43b89b8
IMG-0788,images/non_gusu/非姑苏-未分类__微信图片_20260409094325.jpg,non_gusu,1,,927d53fd6da3f8511223641859f3b612c16155a175a628e37ff046e007dead17
IMG-0789,images/non_gusu/非姑苏-未分类__微信图片_20260409094330.jpg,non_gusu,3,,b29f28e1c3c0636fa8d27ba2a6c8f2313ccaad24a2911f9d70ec985e1e0eb400
IMG-0790,images/non_gusu/非姑苏-未分类__微信图片_20260409094335.jpg,non_gusu,5,,3a9bb9ddf0f8fd743731ecd589f4163d57eebc34359de9d3de4a5be7de7c7f74
IMG-0791,images/non_gusu/非姑苏-未分类__微信图片_20260409102454.jpg,non_gusu,1,,ecac96ea84657b3a7f1c5dfabb598e4ed56a7f76bf6d3c1823f705e30c8d6327
IMG-0792,images/non_gusu/非姑苏-未分类__微信图片_20260409102508.jpg,non_gusu,1,,6f80a38c2f5284e99392eb1defba30cf36a65eac71a49fced1b67006e1a9415f
IMG-0793,images/non_gusu/非姑苏-未分类__微信图片_20260409102519.jpg,non_gusu,4,,82fea54362b1249b5403469786f02aa48800147ab9067b0eaafcbf5f81933f2d
IMG-0794,images/non_gusu/非姑苏-未分类__微信图片_20260409102525.jpg,non_gusu,4,,d410a2dd75a33c4a74334cc791398bacf61e42593fd3b1644ef6c31922160606
IMG-0795,images/non_gusu/非姑苏-未分类__微信图片_20260409102533.jpg,non_gusu,5,,c673dcf68b5655bb52bf06351981fbd8e0eb712d118e366ec3563d31650b1d04
IMG-0796,images/non_gusu/非姑苏-未分类__微信图片_20260409102543.jpg,non_gusu,4,,24053ccb09a501707eee31fd568bcf7aa30b173bc75970c567ec7e792654f6ab
IMG-0797,images/non_gusu/非姑苏-未分类__微信图片_20260409115403.jpg,non_gusu,1,,73f331b9da4037922b5480d7601fc26d4f6dd314c44b100e72f05f1b1ddd44bc
IMG-0798,images/non_gusu/非姑苏-未分类__微信图片_20260409115440.jpg,non_gusu,3,,a064b939917ea9217112a195a0e158b2d0480d5f7a06ed89efd08586146fe037
IMG-0799,images/non_gusu/非姑苏-未分类__微信图片_20260409123019.jpg,non_gusu,5,,408fed00bb42b9639d62e6a12a3d854bdd8f47390e20b6a96026ac0d6a2529fa
IMG-0800,images/non_gusu/非姑苏-未分类__微信图片_20260409124102.jpg,non_gusu,1,,58005922be77580c8850b6f29aaebb5d8b0952b4475730734395c21e20cc7d79
IMG-0801,images/non_gusu/非姑苏-未分类__微信图片_20260409124116.jpg,non_gusu,3,,5aab691d8a136b959f420d4db8e7ac9c60e1872d1b73a4b66cad786bd10092d7
IMG-0802,images/non_gusu/非姑苏-未分类__微信图片_20260409124123.jpg,non_gusu,3,,42541976fe7d70ee2fdb93e16744860c73287a1383fd24568181534b30cc3576
IMG-0803,images/non_gusu/非姑苏-未分类__微信图片_20260409124131.jpg,non_gusu,2,,e5fe708e2524dc726460ca3b73406c5315a31286c51debea33e8c88e7467161b
IMG-0804,images/non_gusu/非姑苏-未分类__微信图片_20260409124141.jpg,non_gusu,5,,afe0734438831ad8fe3e5911c67ba96fda726849248dd17ae5cbce2ef83297ab
IMG-0805,images/non_gusu/非姑苏-未分类__微信图片_20260409124152.jpg,non_gusu,5,,d6dffca9f67d403a5067b1c4cd8e6e48a0e17bc147ff255f078e61e67ed9c053
IMG-0806,images/non_gusu/非姑苏-未分类__微信图片_20260409124202.jpg,non_gusu,1,,2a87846959c61f681e769db646aa0f4ba51a3f2e937dc7b1ad30598559782939
IMG-0807,images/non_gusu/非姑苏-未分类__微信图片_20260409124211.jpg,non_gusu,2,,4b0f46f97f0c2c721c9fe70b37913dd40095bc4c7fea1bdf2b5f6afbe78ce66b
IMG-0808,images/non_gusu/非姑苏-未分类__微信图片_20260409124222.jpg,non_gusu,3,,7f69f3bbbed4f52baf0d417bb8e140fec2ba16e73206fd6f87d9cfe64ab1b708
IMG-0809,images/non_gusu/非姑苏-未分类__微信图片_20260409125946.jpg,non_gusu,3,,c354f1b7da56e7a1ea0efca9735bd1df40b34e021f74d96662cbf49692bf1470
IMG-0810,images/non_gusu/非姑苏-未分类__微信图片_20260409125957.jpg,non_gusu,3,,4fdd372cf40e4a4de1c1ef8e4e198c6559aabd85207080d0ba3d4cb533c094a8
IMG-0811,images/non_gusu/非姑苏-未分类__微信图片_20260409130124.jpg,non_gusu,2,,51ef9ee027765b0a4700c65fea90a8d6a419146482660b5cf16590bdf1b70dc1
IMG-0812,images/non_gusu/非姑苏-未分类__微信图片_20260409130134.jpg,non_gusu,3,,6c6058a9bc2aa0fffed6bd7123de1d3a4e755fefb5c1784de59a810bd22fc0ac
IMG-0813,images/non_gusu/非姑苏-未分类__微信图片_20260409130138.jpg,non_gusu,4,,53c6daf73397f271c36a99d173d4c2213055b0f96afd37a63c8500bc1cbf563b
IMG-0814,images/non_gusu/非姑苏-未分类__微信图片_20260409130143.jpg,non_gusu,3,,fc1040200208150c9645f20518d3c5a80f2c4d2df67b0a3355c7195a6b7336a0
IMG-0815,images/non_gusu/非姑苏-未分类__微信图片_20260409130149.jpg,non_gusu,1,,b288ca9eb068c97cb1d7d3e7bf618d2e8cf564b49f43990db379d5800fc5dfcb
IMG-0816,images/non_gusu/非姑苏-未分类__微信图片_20260409130154.jpg,non_gusu,2,,4899a40e34bae4468414311b1d6cb55fb7075eb8a555f7c27bcda14fc037b77f
IMG-0817,images/non_gusu/非姑苏-未分类__微信图片_20260409130202.jpg,non_gusu,4,,825f2021be617fd1a31f64fff975d7fc1c6bc40d01e2e444a54271115d38d266
IMG-0818,images/non_gusu/非姑苏-未分类__微信图片_20260409130208.jpg,non_gusu,3,,2afa3f8fd77b84532d6ca5164cf768f6d54ddbb8a0b50a9f0db64ea4577a9b3e
IMG-0819,images/non_gusu/非姑苏-未分类__微信图片_20260410093255.jpg,non_gusu,2,,6ce9343279016a5d53173fe891a5eedcf62126be8b1c43ee11a213d8fc0b7681
IMG-0820,images/non_gusu/非姑苏-未分类__微信图片_20260410093310.jpg,non_gusu,2,,41ca4413e52520de0e44768bb0ea41be0365ab047d8d8dc080e77886869fe59c
IMG-0821,images/non_gusu/非姑苏-未分类__微信图片_20260410093318.jpg,non_gusu,5,,02d541ab3f57a2fc01257c0ff6c4a1ccc8b5b9bca533c885b943a71f660f49a9
IMG-0822,images/non_gusu/非姑苏-未分类__微信图片_20260410093326.jpg,non_gusu,2,,96d9c623cd20be1301adcf23d488cd702b5f161921781da783991feb6a5c1efd
IMG-0823,images/non_gusu/非姑苏-未分类__微信图片_20260410093332.jpg,non_gusu,4,,bd831df4698d06434ba11e31a2e7e0533dd2b7a68f2d99ffa6fbdc310ad4cdb8
IMG-0824,images/non_gusu/非姑苏-未分类__微信图片_20260410093337.jpg,non_gusu,2,,6b174c62743f3f0fc53cbc11f56de46cb5ec853bd44e840b02650dca5549f192
IMG-0825,images/non_gusu/非姑苏-未分类__微信图片_20260410095924.jpg,non_gusu,4,,fbe0e9c636bb04c0907d6cfe9360785f858d838e292c050ca1ca030c39ea5925
IMG-0826,images/non_gusu/非姑苏-未分类__微信图片_20260410100030.jpg,non_gusu,3,,fb4ba9109bf75a6b6faf3677ebde27aa5da1fda9270867b32a133398e5e0c143
IMG-0827,images/non_gusu/非姑苏-未分类__微信图片_20260410100036.jpg,non_gusu,1,,4b2baefcf9d0e4ca8c56777273fc507f44bac3910c4562ca85ec68d211d8414c
IMG-0828,images/non_gusu/非姑苏-未分类__微信图片_20260410100040.jpg,non_gusu,3,,bde527f5ab474d5a3f5c4b79cf6a4354b5fc239d4fc4c8569b8919e5118bcbcc
IMG-0829,images/non_gusu/非姑苏-未分类__微信图片_20260410100045.jpg,non_gusu,3,,5932a9ba42b076405755da33dcdf87075df99badb8a3f699a7e698ece9505a22
IMG-0830,images/non_gusu/非姑苏-未分类__微信图片_20260410100049.jpg,non_gusu,4,,c0d1991d879fd12d3a58db3cfb5c6c8b136484df4dc46e25917cc51fb4b7af95
IMG-0831,images/non_gusu/非姑苏-未分类__微信图片_20260410100053.jpg,non_gusu,2,,467d113103208012cc8734be26df7d5efb5ffa864ed33a1c162ac38b23a961f9
IMG-0832,images/non_gusu/非姑苏-未分类__微信图片_20260410100058.jpg,non_gusu,1,,7240de5f06b91fac8c38a13c0bd22484148c2fc7bdb21e28de6388be634761ce
IMG-0833,images/non_gusu/非姑苏-未分类__微信图片_20260410100105.jpg,non_gusu,5,,eabcfe99164481dabfcd723f457f7632ea1e81bdfecc76143676288047cc6bf2
IMG-0834,images/non_gusu/非姑苏-未分类__微信图片_20260410100113.jpg,non_gusu,1,,5113a53acd189f7b3d230dee1a22801a5328398d345ac92191b4b918cfb0c1ba
IMG-0835,images/non_gusu/非姑苏-未分类__微信图片_20260410100334.jpg,non_gusu,1,,4efb90ab2e57c18e37359ebc563bc95f5e3fc931a50eca71025d59d41f6ba8a1
IMG-0836,images/non_gusu/非姑苏-未分类__微信图片_20260410100340.jpg,non_gusu,4,,3a1a096a9467cea4090e888aa3d58f2f37032c34d1dacd5aacca04218e8a53c1
IMG-0837,images/non_gusu/非姑苏-未分类__微信图片_20260410100350.jpg,non_gusu,2,,60ab8067b7cdb0b4eb751ccc64128dab4c3eef1f5edc34dd0d766b226a5e4dd8
IMG-0838,images/non_gusu/非姑苏-未分类__微信图片_20260410100356.jpg,non_gusu,1,,45e8aa6fd5558f85c4a2d24adce166bef0b070e2da4924b132a0730741742944
IMG-0839,images/non_gusu/非姑苏-未分类__微信图片_20260410100402.jpg,non_gusu,4,,d8552e0f61fcb53b78f8e51ac0f8efc3425b0be5726d38008af3872aa5c60aec
IMG-0840,images/non_gusu/非姑苏-统计表__DP-18167-001-ming.jpg,non_gusu,4,,64b3f2d63b2e2850829d74779f2c18a094c2cf116598a2df671894953cb2aa9a
IMG-0841,images/non_gusu/非姑苏-统计表__DP-19473-002_crd-ming.jpg,non_gusu,2,,0ce39a55b741e177e1196b6193a60c5fe10632d60aa104a08138eb7788049787
IMG-0842,images/non_gusu/非姑苏-统计表__DP-44381-003.jpg,non_gusu,3,,53be6955e63207e377ef5612af2d892951998cc6d90069ea0b4125ef6a73c2be
IMG-0843,images/non_gusu/非姑苏-统计表__w163 4.jpg,non_gusu,1,,676060a2abe2d12467ce0c72acb54ef9b18bc65dab4cdad1cd147064fbca57d1
IMG-0844,images/non_gusu/非姑苏-统计表__w164 1.jpg,non_gusu,5,,f0062da502f578f35e4fdf1078836d5b3ab24c0c6a4b60644d5c942fa807d658
IMG-0845,images/non_gusu/非姑苏-统计表__冯宁等绘 《平定仲苗得胜图之攻克北乡巴林》清嘉庆三年 铜版画 49x85.jpg,non_gusu,2,,a3a8b9975b850cafadc669b72f119890219b4f6612d74abd5d86e4091b3b6ed1
IMG-0846,images/non_gusu/非姑苏-统计表__冯宁等绘 《平定苗疆得胜图之收复乾州》 清乾隆六十年至嘉庆三年 铜版画51x87.jpg,non_gusu,3,,d378ff8710d671a29b1cf2b605f5876323bc5903345b77cfe410e1f994bb5e8a
IMG-0847,images/non_gusu/非姑苏-统计表__冯宁等绘 《平定苗疆得胜图之攻克苏麻寨》清乾隆六十年至嘉庆三年 铜版画 51x87.jpg,non_gusu,2,,958e3ff9db61dd8150f4cfe6eb305516c09eec734cf4a225324e3ef62d77c346
IMG-0848,images/non_gusu/非姑苏-统计表__南极仙翁.jpg,non_gusu,4,,d89306930c4a1fe15eb9d1610e7c623566171488aa808a58c277eac1dfae9c5d
IMG-0849,images/non_gusu/非姑苏-统计表__微信图片_20260404210259.jpg,non_gusu,2,,ec2bc9ba9b98da8b43d1ff6ebe9af0b5b2d0852a06b983144899c189c9383085
IMG-0850,images/non_gusu/非姑苏-统计表__微信图片_20260404210312.jpg,non_gusu,5,,581e138589dd2077149a4767958387e7f81827af3a64551cc6c1552104b494cf
IMG-0851,images/non_gusu/非姑苏-统计表__微信图片_20260404210449.jpg,non_gusu,3,,fd9f54958a42fd1e54d3690015683445900c655da6c523d06a9a53b373cca7c8
IMG-0852,images/non_gusu/非姑苏-统计表__群神聚会下天台.jpg,non_gusu,3,,329c1e3e7199b1eb2a07ea0d85666be1c261bf553ec5a80fe386d6c8282ec2e9
IMG-0853,images/non_gusu/非姑苏-统计表__贾士球、黎明、冯宁等绘 《平定廓尔喀得胜图之攻克擦木之图》清乾隆六十年至嘉庆元年 铜版画 51x87.jpg,non_gusu,4,,305a1b05119c717dca98f03f43914ba74f3caca8991274c9217ea70094166c52
IMG-0854,images/non_gusu/非姑苏-统计表__郎世宁等绘 《平定西域战图之伊西洱库尔淖尔之战》清乾隆 铜版画51.5x90.jpg,non_gusu,4,,03b82cd83258886550e501f7c2acfba76f098fc7b348b9ae3b211e7aaacc8d3f
IMG-0855,images/non_gusu/非姑苏-统计表__郎世宁等绘 《平定西域战图之阿尔楚尔之战》清乾隆 铜版画 51.5x90.jpg,non_gusu,1,,ce6b214bb3b9bf17d96517fdee90746cf63bc538571dbad914ebc7407f90b27e
IMG-0856,images/non_gusu/鲁主任转__新中国年画1.jpg,non_gusu,1,,903a5c3e1192b43601dc10f36d8d7494ae4da9d7a6b4554c3d4815d295bb93de
IMG-0857,images/non_gusu/鲁主任转__新中国年画10、11.jpg,non_gusu,5,,6414959c1e95cbeb79301eacfd374efe0e574816934abee0b2193be90eaaded4
IMG-0858,images/non_gusu/鲁主任转__新中国年画12、13.jpg,non_gusu,3,,86b71324c91017d6e6595095019381a13098dba244a47b3d19e16dc686c25129
IMG-0859,images/non_gusu/鲁主任转__新中国年画14.jpg,non_gusu,2,,86c6d504f50427d8a55dc033e696ec79b2f197dc5f20c2eca09862bbbd5e9fd2
IMG-0860,images/non_gusu/鲁主任转__新中国年画15.jpg,non_gusu,2,,cf6971de732b3c70301f2020d4e343b424c5637a7037191cd18a150264fee1f0
IMG-0861,images/non_gusu/鲁主任转__新中国年画16、17.jpg,non_gusu,5,,2eab18e7ec8551f2d5064cf924e7d66dc5b208484dc900e9ef08fdba44d5fd0b
IMG-0862,images/non_gusu/鲁主任转__新中国年画18、19.jpg,non_gusu,5,,8f95c41b697589bdd056b39eb35c4b5cb9a1f3c1d89ca9b453fbda3b9a571e51
IMG-0863,images/non_gusu/鲁主任转__新中国年画2.jpg,non_gusu,3,,a839a30e4f8e945e81551a11ff34d3998a6afb78459eb888b457d6f083e501a0
IMG-0864,images/non_gusu/鲁主任转__新中国年画20.jpg,non_gusu,3,,0908eaf7720a62dff514b11c7d7b8faf428814ecafa226fcdf4a5922abf366cc
IMG-0865,images/non_gusu/鲁主任转__新中国年画21、22、23、24.jpg,non_gusu,4,,e3a51564bc8d470a669c2688c1801e32dd19e0ecd2d6c535fbc0599fd6fe2518
IMG-0866,images/non_gusu/鲁主任转__新中国年画3、4.jpg,non_gusu,5,,9b64e9cbc541797c75e3fa01176b61d44b15a3862c091af0989c53d013a89ac8
IMG-0867,images/non_gusu/鲁主任转__新中国年画5.jpg,non_gusu,4,,5f2151366089e193f36f3b597f4ef3a026e2988fe50ef723a35ffdcbac273948
IMG-0868,images/non_gusu/鲁主任转__新中国年画6.jpg,non_gusu,3,,bbceec6d8ee9967b46a6dbeaf6621a9dd7ccfbf3c323bc6684af9e541e93e630
IMG-0869,images/non_gusu/鲁主任转__新中国年画7.jpg,non_gusu,1,,46d3e7b06e141d964c7e2632297a26bb5d64b8ec895f7f5e6ecef32119ee2b0b
IMG-0870,images/non_gusu/鲁主任转__新中国年画8.jpg,non_gusu,3,,4ef684601b65bc5ff5603e82f56f1a11c4472c38c8c84df7e0cc0fd0d8e8ac6f
IMG-0871,images/non_gusu/鲁主任转__新中国年画9.jpg,non_gusu,1,,0512d5f2950d4660baad2c1ad0f0deb117d12ebb6d0dbb11144d5e038dcc1a52
IMG-0872,images/non_gusu/鲁主任转__民间年画1.jpg,non_gusu,5,,e60b8a5f35641f26805aebfd7f4ca69e45fdbacd28f1af88869bbe92c76ba04d
IMG-0873,images/non_gusu/鲁主任转__民间年画10.jpg,non_gusu,3,,259bca52f858845bcbfef1174a5596b6d5481877e13a1bdf8070728e7b3579fb
IMG-0874,images/non_gusu/鲁主任转__民间年画11.jpg,non_gusu,3,,d5456643b34c01e20bc47d2dfde6454fcbe417cee99e54b5f87e636269daa096
IMG-0875,images/non_gusu/鲁主任转__民间年画12.jpg,non_gusu,4,,53ef5781388a175917eb16dc57ce0ea0451f05a9c8aa4dae33c4dbb5b80200ad
IMG-0876,images/non_gusu/鲁主任转__民间年画13.jpg,non_gusu,2,,a6bdbdb3c264771242a0512a1b87ae2bd123a8e396507326222128da25fa683e
IMG-0877,images/non_gusu/鲁主任转__民间年画14.jpg,non_gusu,1,,c24a959753d3b926abbb656ba90ace46d227b9a54a6c3aceca6480a82da9e3a7
IMG-0878,images/non_gusu/鲁主任转__民间年画15.jpg,non_gusu,4,,e737a4cc096d6d3fe8e5fd18b3726aae53c4a7f54f1b0e236d67967ed1004be1
IMG-0879,images/non_gusu/鲁主任转__民间年画16.jpg,non_gusu,3,,df6c0191f5acae9d44b91a7dbfcea7b8593abf93c9efefaf53f76217a7ebd6d4
IMG-0880,images/non_gusu/鲁主任转__民间年画2.jpg,non_gusu,5,,8f3d4a10cab047036363f69371afdd039b643f7cc6419b1870d4701b6a5bbb06
IMG-0881,images/non_gusu/鲁主任转__民间年画3.jpg,non_gusu,3,,1a201f51e95261b39895c2ad891bd8f88ef0c616af35203ebb103aedb26d173a
IMG-0882,images/non_gusu/鲁主任转__民间年画4.jpg,non_gusu,3,,b18ff6f7d9fe0d673049243438fd14cbe2b464429e405f501304ee7bd108aa29
IMG-0883,images/non_gusu/鲁主任转__民间年画5.jpg,non_gusu,2,,5502ea24d9ff329b6deb4d96598198ddf9cf144ef6dc5dd8b14b56d1c04a6071
IMG-0884,images/non_gusu/鲁主任转__民间年画6.jpg,non_gusu,1,,129149119acf14e63af8340f4ef1385062b2bd7f5724bd8eadad485613b2a359
IMG-0885,images/non_gusu/鲁主任转__民间年画7.jpg,non_gusu,1,,0243d8885266919f96b01b47a51989086385de559a012857ca8a01a0f96692c6
IMG-0886,images/non_gusu/鲁主任转__民间年画8.jpg,non_gusu,3,,88a1fcbebbd9e4ea48f42d5840fed252562607a4cfadc3930d5e4ad3b82a33a7
IMG-0887,images/non_gusu/鲁主任转__民间年画9.jpg,non_gusu,4,,dc3adb7727b582126e74b6f5f3482b8171c3e0f1b035a6bdbec7cb54a28b15c1
IMG-0888,images/non_gusu/鲁主任转__门神1.jpg,non_gusu,3,,93f07c62055843159f2081b80576fd823dbbdcaffbda4d9459d01934d866ce0d
IMG-0889,images/non_gusu/鲁主任转__门神2.jpg,non_gusu,1,,cdb7a2d089a096a75c64e319be7d9229ed7a709bd03379cec669afc104b48fdd
IMG-0890,images/non_gusu/鲁主任转__门神3.jpg,non_gusu,2,,8ff884c06e70522bff2e647152f4cd80151e8966b559ae1a391c8560b0ab3c02
IMG-0891,images/non_gusu/鲁主任转__门神4.jpg,non_gusu,2,,310541a476343f7b7181e04768c964f8bd01afaa26e43a307cdc15073526acd4
