sample_id,sha256,proposed_group,group,original_width,original_height,resized_width,resized_height,image_format,had_alpha,crop_top,crop_left,crop_height,crop_width,effective_pixel_fraction,crop_effective_pixel_fraction,total_blocks,accepted_blocks,accepted_block_fraction,glcm_observations,energy,contrast,correlation,homogeneity
IMG-0145,003dfdbe3ab762f0f256c3958dbd4ca73fe8997eb915f5fa92f702fcc9df32ea,清代姑苏版画（候选，待确认）,姑苏版画（候选）,2456,4000,314,512,JPEG,False,0,29,512,256,1.0,1.0,32,32,1.0,384,0.1448700252789226,4.547996976568405,0.6496068185014818,0.4956813839454952
IMG-0103,00878b718c8f9a6bb07e1b972a4536cf1502b13ba5f12eaf69e80c46a69b6a27,清代姑苏版画（候选，待确认）,姑苏版画（候选）,2090,3400,315,512,JPEG,False,0,29,512,256,1.0,1.0,32,32,1.0,384,0.3611348176555195,13.820861678004535,0.6399350613277883,0.5858333064503469
IMG-0102,00a6bc04f7cc55bc2e7e5b4e0b3b050fb72b4c09546fd2de0697ae516ed199e4,清代姑苏版画（候选，待确认）,姑苏版画（候选）,1867,3400,281,512,JPEG,False,0,12,512,256,1.0,1.0,32,32,1.0,384,0.2598721948562678,4.446767228023228,0.6996559594135107,0.6486014979670113
IMG-0106,0133e106380fcd4dafd1763bd3273312b8667082c1fe5c029aaaf5b056d2d200,清代姑苏版画（候选，待确认）,姑苏版画（候选）,3400,2450,512,369,JPEG,False,24,0,320,512,1.0,1.0,40,40,1.0,480,0.1077067515033324,19.216679264298314,0.6039623420797671,0.3658704727945282
IMG-0095,0240cf3c69b5cf6cc3237352284cb4a3555c076d13d865743583f437175cf7a4,清代姑苏版画（候选，待确认）,姑苏版画（候选）,1928,3400,290,512,JPEG,False,0,17,512,256,1.0,1.0,32,32,1.0,384,0.3057492150249984,5.773582370330557,0.7777166525475971,0.6859866947633707
IMG-0323,030377a155d19c68d70b46acb726fdf813b7e07e1cecf6a012a3b8d5b899581e,清代姑苏版画（候选，待确认）,姑苏版画（候选）,748,832,460,512,JPEG,False,0,6,512,448,1.0,1.0,56,56,1.0,672,0.05534572866801747,40.61148904006047,0.44724771291149146,0.22298961810043244
IMG-0111,031ba8810d4e7e66cf9304c83e7c28c921163f2429aed1353776287225f9082b,清代姑苏版画（候选，待确认）,姑苏版画（候选）,1943,3400,293,512,JPEG,False,0,18,512,256,1.0,1.0,32,32,1.0,384,0.0932573737870774,18.19704861111111,0.4960036830136022,0.3319709195222922
IMG-0202,0360d8871387ba330490e82105456f4d602a4fdcc923cac793aaff0703555b73,清代姑苏版画（候选，待确认）,姑苏版画（候选）,2400,2388,512,509,JPEG,False,30,0,448,512,1.0,1.0,56,56,1.0,672,0.19492991915531824,16.471550410602894,0.701124040310718,0.49502944726076015
IMG-0219,036e0ee78242384bae46433d8df0fc24bc8f85968068b31e350ba13d974ef263,清代姑苏版画（候选，待确认）,姑苏版画（候选）,3253,2596,512,409,JPEG,False,12,0,384,512,1.0,1.0,48,48,1.0,576,0.4081864769488703,5.6232872554637146,0.5592874695379971,0.7273776135952987
IMG-0378,03c578e9239cb75b6f95e1dd922474168d6fa81868890e4c1bd228a7642be391,清代姑苏版画（候选，待确认）,姑苏版画（候选）,4000,3682,512,471,JPEG,False,11,0,448,512,1.0,1.0,56,56,1.0,672,0.337127434257272,12.031308787960224,0.7647952569032634,0.6186785374862853
IMG-0008,03fafb01f7df498d4679adcaf0736920f25eb18b632d6a7dfdf2bcf0dbbe822a,清代姑苏版画（候选，待确认）,姑苏版画（候选）,1000,809,512,414,JPEG,False,15,0,384,512,1.0,1.0,48,48,1.0,576,0.3926157749164805,12.671163843374867,0.694016544805399,0.6525845364997485
IMG-0428,049b5ade562a45d2f6b52c3965dec4e8e93def839e80abf2c2789d6c0c3534f9,清代姑苏版画（候选，待确认）,姑苏版画（候选）,1990,4000,255,512,JPEG,False,0,31,512,192,1.0,1.0,24,24,1.0,288,0.3888957947773513,1.7137735291812235,0.641973291794252,0.7542249363687783
IMG-0339,04d998d6c0f025f8e02a8c73caea201b1110f1f58ce259ce10e3140e91859a20,清代姑苏版画（候选，待确认）,姑苏版画（候选）,1080,1822,303,512,JPEG,False,0,23,512,256,1.0,1.0,32,32,1.0,384,0.2446291807554712,12.805117279176992,0.7273414655020822,0.5958236992079595
IMG-0369,05495455e874ea183fcbc2ff9138744ae2a90905242be11bd3db19ab8c01d3ff,清代姑苏版画（候选，待确认）,姑苏版画（候选）,1080,1411,392,512,JPEG,False,0,4,512,384,1.0,1.0,48,48,1.0,576,0.38153633873385717,8.383589124307132,0.7095745667855483,0.7343098363783211
IMG-0040,060c937bc028a282b69ea3f6ced837498acc67a1d9475a72df532a878c4e0da6,清代姑苏版画（候选，待确认）,姑苏版画（候选）,979,1000,501,512,JPEG,False,0,26,512,448,1.0,1.0,56,56,1.0,672,0.27925213907542157,21.614289314516128,0.6709288638034194,0.596146967187646
IMG-0290,0628f0b9a2bbeb717aa799aeb375897443a4dec323c753748ba9a4058843f667,清代姑苏版画（候选，待确认）,姑苏版画（候选）,4000,3147,512,403,JPEG,False,9,0,384,512,1.0,1.0,48,48,1.0,576,0.30960885755853107,12.50681507834603,0.7126596804797403,0.6044161443666749
IMG-0059,079a41128ffc90bf069f686c58f086bf03035daac1c9ec4f3ca08ae75f822b96,清代姑苏版画（候选，待确认）,姑苏版画（候选）,1000,908,512,465,JPEG,False,8,0,448,512,1.0,1.0,56,56,1.0,672,0.3424249140723947,19.584278155706727,0.6412310191629658,0.6437989403509585
IMG-0005,07a7349044de755cbd3bb1ce0d49083d521bd3055143c7c21f271ff968b8171f,清代姑苏版画（候选，待确认）,姑苏版画（候选）,1000,782,512,400,JPEG,False,8,0,384,512,1.0,1.0,48,48,1.0,576,0.4621771121825836,15.020912068531118,0.6300991809834019,0.6721790421458942
IMG-0212,0849f861546a105a31a74a16a4a6cec106a3faeb5c9bf0d1021749e93cdd4162,清代姑苏版画（候选，待确认）,姑苏版画（候选）,3508,2817,512,411,JPEG,False,13,0,384,512,1.0,1.0,48,48,1.0,576,0.4839937836885997,4.121403769841269,0.5378657134232774,0.7482178056151816
IMG-0416,08d485b8b4495aef4cd0c74ab398a2988000223551ccd5d6a3c3e209b3313151,清代姑苏版画（候选，待确认）,姑苏版画（候选）,3177,4000,407,512,JPEG,False,0,11,512,384,1.0,1.0,48,48,1.0,576,0.2169156899706089,12.82564877802973,0.5670795140295342,0.47529625813008114
IMG-0152,09064ca1efb88cc4d4b08a7ee705c233df9d541bee7f3df7cea4d936cd530c9c,清代姑苏版画（候选，待确认）,姑苏版画（候选）,2304,3908,302,512,JPEG,False,0,23,512,256,1.0,1.0,32,32,1.0,384,0.2906457638017823,5.311700837742505,0.7930798712175702,0.6094944352935232
IMG-0387,0a0812b08a289a966b2485f1fa20c0d1758acb0bc696fddf1692dcab3c980cb3,清代姑苏版画（候选，待确认）,姑苏版画（候选）,2168,4000,278,512,JPEG,False,0,11,512,256,1.0,1.0,32,32,1.0,384,0.37599011365568685,11.54570092485919,0.6814892410104444,0.6405065355645732
IMG-0374,0a253d1598ff260549caef0afc9581619f0350d8ac1bed0e6adf2d156231c541,清代姑苏版画（候选，待确认）,姑苏版画（候选）,4000,3725,512,477,JPEG,False,14,0,448,512,1.0,1.0,56,56,1.0,672,0.2552969652408484,13.44890873015873,0.7581981578370557,0.5375876162171407
IMG-0393,0b45ff734034df3e1639dc35c3d59dd0273c26ef50c63f608496ebcb9d0173f7,清代姑苏版画（候选，待确认）,姑苏版画（候选）,4000,2227,512,285,JPEG,False,14,0,256,512,1.0,1.0,32,32,1.0,384,0.10883760912381901,16.99596875787352,0.5927141912951392,0.372981478937343
IMG-0282,0c07c48f1503d18d1a2ed56cef8b12302d915e4b8d4a079048acf3f950ab66d7,清代姑苏版画（候选，待确认）,姑苏版画（候选）,4000,3133,512,401,JPEG,False,8,0,384,512,1.0,1.0,48,48,1.0,576,0.4358476870141079,4.73056921275856,0.6648868705548804,0.6933835274178793
IMG-0366,0ca295811239d9d18951f8ae25edbe1e85d07afad93d3016c9d5948abd875e91,清代姑苏版画（候选，待确认）,姑苏版画（候选）,1080,1591,348,512,JPEG,False,0,14,512,320,1.0,1.0,40,40,1.0,480,0.2313996682405755,8.518179957168051,0.721601421290167,0.5924675006932014
IMG-0381,0d5e978c2967fb96fb824ebefb49f5415fd3e10a0eb1455abaa523a8acbcf1bd,清代姑苏版画（候选，待确认）,姑苏版画（候选）,4000,3699,512,473,JPEG,False,12,0,448,512,1.0,1.0,56,56,1.0,672,0.18026799374308833,10.756651437785543,0.6983562181529867,0.5325145337601078
IMG-0405,0d756469edf6b465919bdd6723c219f7748a461c0d12a69d0e7a419652cb9707,清代姑苏版画（候选，待确认）,姑苏版画（候选）,2137,4000,274,512,JPEG,False,0,9,512,256,1.0,1.0,32,32,1.0,384,0.14024427399344577,9.111237087427563,0.7199038929660764,0.4891191900837908
IMG-0262,0d8c9d7e8279320e3c1b001be2d618d8e0dbd037b39eba67886f0a3e8f594427,清代姑苏版画（候选，待确认）,姑苏版画（候选）,1300,1280,512,504,JPEG,False,28,0,448,512,1.0,1.0,56,56,1.0,672,0.1314615133661659,28.359536407155456,0.6443551770194437,0.3848181153275363
IMG-0015,0e0d88fdadac8417f6c4f446b53d935da658a5207de37918dd98fcc65629c861,清代姑苏版画（候选，待确认）,姑苏版画（候选）,1000,796,512,408,JPEG,False,12,0,384,512,1.0,1.0,48,48,1.0,576,0.38212858558698526,6.755481938145628,0.7888946558623962,0.731996859111222
IMG-0382,0e4286ddc9525719e361eb1ebcf1c1806f27e0a984b076838e02270e4d8bf71f,清代姑苏版画（候选，待确认）,姑苏版画（候选）,4000,3704,512,474,JPEG,False,13,0,448,512,1.0,1.0,56,56,1.0,672,0.17938770908110777,10.83113519265233,0.649206151122754,0.5185176261827883
IMG-0289,0e99d46cfcd5777feab6409ee42ed788b7526349ca478eecd88ac3ac5b3727a7,清代姑苏版画（候选，待确认）,姑苏版画（候选）,4000,2990,512,383,JPEG,False,31,0,320,512,1.0,1.0,40,40,1.0,480,0.21049093162293323,12.06676744771983,0.7724212059423146,0.5352869510709048
IMG-0049,0ed4199dd4f0c878bb7e8bd2f2ff4d22f4aa66316ff7bb96b44eff5b935a89d0,清代姑苏版画（候选，待确认）,姑苏版画（候选）,1000,871,512,446,JPEG,False,31,0,384,512,1.0,1.0,48,48,1.0,576,0.1484809801010767,25.58466198979592,0.7024649401089978,0.4702461669293937
IMG-0153,0ef5ac619f794477b19301949d7ee62f9c9820974e4ac94c16236f8e93d11916,清代姑苏版画（候选，待确认）,姑苏版画（候选）,3038,2896,512,488,JPEG,False,20,0,448,512,1.0,1.0,56,56,1.0,672,0.15131758502525477,17.287458724220475,0.6318246389526879,0.42945277296915974
IMG-0347,100c9bbb1213e6bd0367575dda5f7690a41ca88d505db5146a371717bf637867,清代姑苏版画（候选，待确认）,姑苏版画（候选）,1458,1080,512,379,JPEG,False,29,0,320,512,1.0,1.0,40,40,1.0,480,0.3881043773274043,10.855105583900226,0.6325573949600432,0.5947824325847485
IMG-0045,10c54f6f8eb38b93382bf04cd51f1737bfd80f231b34a7025845db8962ff9808,清代姑苏版画（候选，待确认）,姑苏版画（候选）,1000,786,512,402,JPEG,False,9,0,384,512,1.0,1.0,48,48,1.0,576,0.2963121734651331,10.955164241622576,0.639187199386553,0.6355493183282506
IMG-0035,11a6a20086a14a5a6ac73651b7167eb3adfa8cf99e1270b5593070baea236482,清代姑苏版画（候选，待确认）,姑苏版画（候选）,1000,933,512,478,JPEG,False,15,0,448,512,1.0,1.0,56,56,1.0,672,0.11361682356702735,38.67872734331188,0.6821009390145327,0.3540152291763226
IMG-0278,11d83f3441b156050d49dc54acef6dbabfbfa20455e6956ebb529b8fd5a0c15c,清代姑苏版画（候选，待确认）,姑苏版画（候选）,3894,3224,512,424,JPEG,False,20,0,384,512,1.0,1.0,48,48,1.0,576,0.13962957279853427,10.658221005861808,0.621424972747054,0.45261612097430476
IMG-0275,11f00cbe597edb51a92496a4bedb43f1aa2713e20e9ab821c1f2d2d2e74768f2,清代姑苏版画（候选，待确认）,姑苏版画（候选）,2375,3232,376,512,JPEG,False,0,28,512,320,1.0,1.0,40,40,1.0,480,0.15265125820571013,8.713277903754094,0.6114575595299375,0.47257375231254306
IMG-0180,12086cbd11aaa66b5bebcf800877e4cd73a503e26370cce9c9b1c09b1ba72f2e,清代姑苏版画（候选，待确认）,姑苏版画（候选）,2122,3604,301,512,JPEG,False,0,22,512,256,1.0,1.0,32,32,1.0,384,0.13205991117070415,7.885984019255925,0.5386952874391898,0.4418907671512594
IMG-0346,1383515160327beb08b2f56082cb0827921661d7cfee3481b4bd23087b5f8701,清代姑苏版画（候选，待确认）,姑苏版画（候选）,1080,1474,375,512,JPEG,False,0,27,512,320,1.0,1.0,40,40,1.0,480,0.18734746582742884,7.482551200737165,0.6353582964737665,0.510193784032496
IMG-0159,1389d8b138952cb3b3a62cbcb63e785795c7f63d6330b4dacdb15575980502e0,清代姑苏版画（候选，待确认）,姑苏版画（候选）,3514,2520,512,367,JPEG,False,23,0,320,512,1.0,1.0,40,40,1.0,480,0.10305694280755433,18.45567773328488,0.5501630778416875,0.34788597178150205
IMG-0009,13b4b8e234347cc05358b6f27bfd48b4d930705313fa79282905c0a5e917508e,清代姑苏版画（候选，待确认）,姑苏版画（候选）,1000,794,512,407,JPEG,False,11,0,384,512,1.0,1.0,48,48,1.0,576,0.3087148269725879,8.878704491055682,0.6791842795420572,0.6539849439746818
IMG-0210,1406fb9d6ed3b4c16626e2477b7ee0388506fa53f3df251fafb68920b925138e,清代姑苏版画（候选，待确认）,姑苏版画（候选）,3347,2685,512,411,JPEG,False,13,0,384,512,1.0,1.0,48,48,1.0,576,0.4763898465543335,3.7069790879314697,0.5929205045359905,0.7485723484841635
IMG-0129,14be47305a1cea2d242987ebae97eb2f0d83d2560d5efe7b1abf8f4b0b12df33,清代姑苏版画（候选，待确认）,姑苏版画（候选）,2106,4000,270,512,JPEG,False,0,7,512,256,1.0,1.0,32,32,1.0,384,0.23679060824527642,10.777746617492737,0.8394582301171902,0.5438780757547166
IMG-0258,155c77c206cb7e2e2d1b32d2a329424ddea0aa9f560302c71cf9ff7f6f565ed2,清代姑苏版画（候选，待确认）,姑苏版画（候选）,2468,2521,501,512,JPEG,False,0,26,512,448,1.0,1.0,56,56,1.0,672,0.07123007235471107,40.31529617895545,0.44050663485970143,0.2697380641308382
IMG-0247,156fabb73a144c78b1daed6fcf0e66cd468a7929504e9d675265b66686b6817b,清代姑苏版画（候选，待确认）,姑苏版画（候选）,568,1052,276,512,JPEG,False,0,10,512,256,1.0,1.0,32,32,1.0,384,0.1327531589465961,13.94734189972285,0.5393991360114418,0.39940619039399294
IMG-0116,1579951a99796aacf16afe744b9792430a1ed1d7d3ad4f0bcd7859a9a50efad7,清代姑苏版画（候选，待确认）,姑苏版画（候选）,3264,2448,512,384,JPEG,False,0,0,384,512,1.0,1.0,48,48,1.0,576,0.28454088276803424,15.17767137096774,0.7386906533804043,0.6433154726734651
IMG-0140,15fb21ebb8e58d760df7d6f5f11fd6947d9241905b697e5f74f8376dc2893029,清代姑苏版画（候选，待确认）,姑苏版画（候选）,2407,4000,308,512,JPEG,False,0,26,512,256,1.0,1.0,32,32,1.0,384,0.2582350405593179,9.286470143613002,0.7596190910947156,0.5983854058393623
IMG-0317,1728a2b412b8f7250b531a8412951217fb74cddce43c41c845cd12434c992e53,清代姑苏版画（候选，待确认）,姑苏版画（候选）,566,434,512,393,JPEG,False,4,0,384,512,1.0,1.0,48,48,1.0,576,0.08166506852135985,19.941156424487357,0.6683126603237763,0.32851216533289385
IMG-0354,17e021d4cb00439f7ec48bd02b7423cc07fe198694918e8e068acf5008de09a7,清代姑苏版画（候选，待确认）,姑苏版画（候选）,1042,1870,285,512,JPEG,False,0,14,512,256,1.0,1.0,32,32,1.0,384,0.18290902476373697,16.013464309176147,0.4428745923447718,0.4562249449434593
IMG-0191,18712d9b9baf2a250c4994f1c852c7f5a0a9c2d0f6282a5f6304cd0bd58a5730,清代姑苏版画（候选，待确认）,姑苏版画（候选）,1782,3704,246,512,JPEG,False,0,27,512,192,1.0,1.0,24,24,1.0,288,0.33539537775280037,2.929351005448476,0.8233965500240464,0.7195181949958857
IMG-0448,18d4cc24b98f3a397b28dc7270ab81a36c3922b7c1d80bfb77202b21593226c6,清代姑苏版画（候选，待确认）,姑苏版画（候选）,2990,4000,383,512,JPEG,False,0,31,512,320,1.0,1.0,40,40,1.0,480,0.26323094182823753,9.013840365493147,0.5727120534993774,0.5319564094316668
IMG-0013,190d558c0bb4f65bcdfbb51024684dc60a8889b4ab77a4e3120c7a989eae23ee,清代姑苏版画（候选，待确认）,姑苏版画（候选）,1000,790,512,404,JPEG,False,10,0,384,512,1.0,1.0,48,48,1.0,576,0.41281374797607306,13.497891865079364,0.6423738710519993,0.7005652014558154
IMG-0222,191d291f195141cc9b8b602a7c80671eef0adc8f8bd1aae8104c463632f3765e,清代姑苏版画（候选，待确认）,姑苏版画（候选）,2549,3374,387,512,JPEG,False,0,1,512,384,1.0,1.0,48,48,1.0,576,0.4918693697762072,4.350438428059396,0.6650137722711267,0.7754497787249894
IMG-0309,19255c53cf86d2b18565ebc8ac8d2354322c574598afcb58ab2fa5d70e592768,清代姑苏版画（候选，待确认）,姑苏版画（候选）,930,1554,306,512,JPEG,False,0,25,512,256,1.0,1.0,32,32,1.0,384,0.08154071980654531,17.730481052374653,0.6624218176164101,0.3502147435141246
IMG-0003,196352214a5d4a574412f9d53aa5720907449bf490732213487bc14df5ef2fc1,清代姑苏版画（候选，待确认）,姑苏版画（候选）,758,1000,388,512,JPEG,False,0,2,512,384,1.0,1.0,48,48,1.0,576,0.26828349436249077,15.395205420131015,0.7700159700486505,0.6093705985629413
IMG-0370,199f895f09fc7d8d68b40f5c25f3734afc139ec187dada785ec9a21fa21c2897,清代姑苏版画（候选，待确认）,姑苏版画（候选）,1080,1576,351,512,JPEG,False,0,15,512,320,1.0,1.0,40,40,1.0,480,0.3284075238106749,16.52940867898085,0.39940141528064443,0.6432641364578814
IMG-0292,1a488605dac22d61b9c550a2069ea820464ad3887d2e3a5c73127cb4fb082ed6,清代姑苏版画（候选，待确认）,姑苏版画（候选）,4000,2124,512,272,JPEG,False,8,0,256,512,1.0,1.0,32,32,1.0,384,0.14926423720084714,5.768581506676744,0.7670774953552171,0.5338980978264763
IMG-0010,1ae152d8deae47f3e98ffdba991135a74e60a8dc11deda2b9a2d5119d7d66f83,清代姑苏版画（候选，待确认）,姑苏版画（候选）,1000,797,512,408,JPEG,False,12,0,384,512,1.0,1.0,48,48,1.0,576,0.3527420088366821,13.35480470750128,0.7247350429421188,0.6998349130680064
IMG-0042,1cefcdf264a3f7a925557502ca0070ed41900716222d89b256db5c88e1ec9ff0,清代姑苏版画（候选，待确认）,姑苏版画（候选）,983,1000,503,512,JPEG,False,0,27,512,448,1.0,1.0,56,56,1.0,672,0.3452468980872492,15.730859375000001,0.7009538731636609,0.6345190103182611
IMG-0330,1d13c60bd7f8e059855a4986e5816b97ddc5fa88829ab19c80c2e44665bc45cf,清代姑苏版画（候选，待确认）,姑苏版画（候选）,1142,1080,512,484,JPEG,False,18,0,448,512,1.0,1.0,56,56,1.0,672,0.11581666203712118,9.958386048343751,0.6302389305540566,0.4335995946164122
IMG-0001,1d149231e57eae7758126e3a0adc40326548c46787ce9eb067fcf0217774ac78,清代姑苏版画（候选，待确认）,姑苏版画（候选）,797,1000,408,512,JPEG,False,0,12,512,384,0.9972378599877451,0.997802734375,48,48,1.0,576,0.2629088441430292,9.09076879015495,0.7821444796930782,0.5964716655452333
IMG-0373,1eba206819dee4cc788537034ec9386940793e5d2732c1f0ae519c0d4e0d7b1a,清代姑苏版画（候选，待确认）,姑苏版画（候选）,4000,3000,512,384,JPEG,False,0,0,384,512,1.0,1.0,48,48,1.0,576,0.2075098287731261,7.043004070185781,0.622528239460255,0.5157627043577133
IMG-0206,1f3ac7866d6dda358672ce986dabf650ab66eb4666e726d483c8b98ca4094afa,清代姑苏版画（候选，待确认）,姑苏版画（候选）,2941,3408,442,512,JPEG,False,0,29,512,384,1.0,1.0,48,48,1.0,576,0.24509357054618522,9.950852854582694,0.6999358429963642,0.5920733462366004
IMG-0306,1f67809dc6b63a51f8be7df599c33442a48362d06e9514f61791578829561be5,清代姑苏版画（候选，待确认）,姑苏版画（候选）,1280,1816,361,512,JPEG,False,0,20,512,320,1.0,1.0,40,40,1.0,480,0.20204659321517973,13.89016941846183,0.7528977872362184,0.5551982398497763
IMG-0415,20f5dfcfc0971157ddcf20ec28d6e8ce7d555f9e406f1a87f15f7f1efacc1ea3,清代姑苏版画（候选，待确认）,姑苏版画（候选）,4000,3132,512,401,JPEG,False,8,0,384,512,1.0,1.0,48,48,1.0,576,0.615616941194137,3.54529439090451,0.577696167639351,0.7656738054721148
IMG-0175,21ed6ed3a19e6f545c59cf1b74181d45d589926cc3eb73b35cf256aabebae943,清代姑苏版画（候选，待确认）,姑苏版画（候选）,2041,3770,277,512,JPEG,False,0,10,512,256,1.0,1.0,32,32,1.0,384,0.12388873127374268,11.359304138321995,0.6087097572375113,0.42274111557798133
IMG-0108,2226d967dd810c245df55b7eff33d06aae0c7da05fe5dbab2a895a84c54144ba,清代姑苏版画（候选，待确认）,姑苏版画（候选）,3400,544,512,82,JPEG,False,9,0,64,512,1.0,1.0,8,8,1.0,96,0.08585801224411163,17.60408266129032,0.5156623874394759,0.304779045743135
IMG-0319,2363a9f4ce4ff21b9cf793dfcdaaa535517a6d5c7ebfcc0a3cadbee2ee252e65,清代姑苏版画（候选，待确认）,姑苏版画（候选）,1080,1842,300,512,JPEG,False,0,22,512,256,1.0,1.0,32,32,1.0,384,0.12001507311673501,12.174099269337363,0.6655271426796635,0.44659421676148714
IMG-0383,23afa02aefd3140a347f662d2f41f093174f00940a297ff100ad0c8f82fc1b00,清代姑苏版画（候选，待确认）,姑苏版画（候选）,4000,3688,512,472,JPEG,False,12,0,448,512,1.0,1.0,56,56,1.0,672,0.18895095273699217,10.882155334587475,0.6475065988052078,0.5258539848545751
IMG-0128,2491990a1362b097fdd2f1a784f2034146f8e728bef3c2b27c5dd044ff82dd68,清代姑苏版画（候选，待确认）,姑苏版画（候选）,3711,2998,512,414,JPEG,False,15,0,384,512,1.0,1.0,48,48,1.0,576,0.3362274736967569,4.813380456349206,0.8282320814505586,0.7028914934433546
IMG-0419,2529b7f42d1fb8814b3c5a722f00a9fdfbbcf1b2f7be7f80266b80c478e2c16c,清代姑苏版画（候选，待确认）,姑苏版画（候选）,4000,3294,512,422,JPEG,False,19,0,384,512,1.0,1.0,48,48,1.0,576,0.3737202060071234,4.202876984126984,0.6485837202999807,0.7107148533877041
IMG-0020,2559c604f0c890e42f80832688db4073e55180d093d360fb5b2d3b4efc96a4ce,清代姑苏版画（候选，待确认）,姑苏版画（候选）,1000,803,512,411,JPEG,False,13,0,384,512,1.0,1.0,48,48,1.0,576,0.34368116973820817,9.668650793650794,0.7183815441573441,0.6734481800966879
IMG-0056,260503708f0c8440ef36354cf7ddce013e6542f5665b46c9b01badc9d26bce1f,清代姑苏版画（候选，待确认）,姑苏版画（候选）,1000,984,512,504,JPEG,False,28,0,448,512,1.0,1.0,56,56,1.0,672,0.13836394408492544,29.527406515921783,0.7137856878147661,0.397121100924673
IMG-0058,26a6596b2e9d23c72e513f7050f5f586d0c08e87587bfb9ae1faa36904fb2a88,清代姑苏版画（候选，待确认）,姑苏版画（候选）,707,1000,362,512,JPEG,False,0,21,512,320,1.0,1.0,40,40,1.0,480,0.2443848635500859,15.865690705792474,0.7123774199672316,0.5654264010662857
IMG-0070,26bfb9bb5c60afb604cdc05299fb7d824304854f3bfb7be3a91ad6c412add305,清代姑苏版画（候选，待确认）,姑苏版画（候选）,1000,960,512,492,JPEG,False,22,0,448,512,1.0,1.0,56,56,1.0,672,0.1461487509771715,26.2159234063996,0.7261864752096737,0.43051814388711074
IMG-0299,27061167a4821b171a9f321dbc3150083c57601a0a10d460afcea8d3dd60462d,清代姑苏版画（候选，待确认）,姑苏版画（候选）,4000,1196,512,153,JPEG,False,12,0,128,512,1.0,1.0,16,16,1.0,192,0.18579683133464897,3.5696649029982366,0.7158201706303313,0.555499957124607
IMG-0041,2712975b12729e877cbeef0d7b28b38ea41b00929abd145ef3ec451ee8e2ce38,清代姑苏版画（候选，待确认）,姑苏版画（候选）,956,1000,489,512,JPEG,False,0,20,512,448,1.0,1.0,56,56,1.0,672,0.3228681889747136,14.27991937515747,0.7330389172069156,0.6318931588637282
IMG-0455,27b66761f77d21e2caa73837e84f9d8d32e922c30243acd72ccc06b3086460c5,清代姑苏版画（候选，待确认）,姑苏版画（候选）,3277,4000,419,512,JPEG,False,0,17,512,384,1.0,1.0,48,48,1.0,576,0.5413005789924996,0.5435161878847212,0.7390655793560067,0.8525934538845953
IMG-0312,27eab1f5a2b9d48eeac6ab433c4dde3e5cf56b5b9367b7e518ae6e15de044952,清代姑苏版画（候选，待确认）,姑苏版画（候选）,438,540,415,512,JPEG,False,0,15,512,384,1.0,1.0,48,48,1.0,576,0.40274312583569616,6.91307634164777,0.7022250607284581,0.6592729743253966
IMG-0407,28a9d064e83dd73c949167993a9ae470645fa0adcc2e5fbd23582fbc56c5fff3,清代姑苏版画（候选，待确认）,姑苏版画（候选）,3256,4000,417,512,JPEG,False,0,16,512,384,1.0,1.0,48,48,1.0,576,0.49856359269357575,3.6554134385235577,0.5857510093873863,0.7246462638553894
IMG-0273,299edf692d32adfe4291f827ae8ea81412a766f6133b303adfd3ead1ef9a0513,清代姑苏版画（候选，待确认）,姑苏版画（候选）,1504,1002,512,341,JPEG,False,10,0,320,512,1.0,1.0,40,40,1.0,480,0.09158982259321347,27.05321150228433,0.5796489183106812,0.3201638497951048
IMG-0327,29a74dacf370fd4cade0eeee96ea8bd1d0d87023b7df298ea751bafb6f70c183,清代姑苏版画（候选，待确认）,姑苏版画（候选）,1080,1945,284,512,JPEG,False,0,14,512,256,1.0,1.0,32,32,1.0,384,0.09709172899879699,13.455926639127533,0.7197103227335178,0.41449241831186545
IMG-0384,2ad05719072d73e9db3db372a157a3f583476b980921e93fa23391cd2a2ae3ad,清代姑苏版画（候选，待确认）,姑苏版画（候选）,4000,3705,512,474,JPEG,False,13,0,448,512,1.0,1.0,56,56,1.0,672,0.306427637309441,9.123422122091196,0.73801205488795,0.6160507958103998
IMG-0060,2b4eccb412a5cc5fcfef601bae199572a56fd5f430a07399f3f9867e14a7d0e1,清代姑苏版画（候选，待确认）,姑苏版画（候选）,1000,855,512,438,JPEG,False,27,0,384,512,1.0,1.0,48,48,1.0,576,0.16880367061123827,22.598370771919882,0.7017392530540207,0.4721725059212466
IMG-0007,2b7f80008573437a37e8bbd2e3f93c38965f5cb9532da6cbf2dcb7acad3d30f1,清代姑苏版画（候选，待确认）,姑苏版画（候选）,843,1000,432,512,JPEG,False,0,24,512,384,1.0,1.0,48,48,1.0,576,0.3941252332501218,13.245210931594858,0.7463406372212741,0.6907935759682517
IMG-0154,2c308b24eec6e4b263932ce1138a14a09e58384f0274978b5e09f6259c61b2ab,清代姑苏版画（候选，待确认）,姑苏版画（候选）,3232,2847,512,451,JPEG,False,1,0,448,512,1.0,1.0,56,56,1.0,672,0.22087987380363056,10.087177579365079,0.8144963739389506,0.5754960400399345
IMG-0073,2c457ab4a529696b303b572db8ed58a69169145b1ce82f25b59e7e65b241eddb,清代姑苏版画（候选，待确认）,姑苏版画（候选）,1000,798,512,409,JPEG,False,12,0,384,512,1.0,1.0,48,48,1.0,576,0.3869583004517517,8.194759385235576,0.7047857095830672,0.7041961913194561
IMG-0139,2ccd1ce621179ec9a2372bfea6b3739075cafeb37c07e859598dc4801b93fbae,清代姑苏版画（候选，待确认）,姑苏版画（候选）,2529,4000,324,512,JPEG,False,0,2,512,320,1.0,1.0,40,40,1.0,480,0.2067193722386918,6.965720520437414,0.7330957176689424,0.5502899387691503
IMG-0081,2e8f646af5b33f5ed3939f2530e5aa65ffebc489cbe64718b49f91fa779c40e4,清代姑苏版画（候选，待确认）,姑苏版画（候选）,1000,906,512,464,JPEG,False,8,0,448,512,1.0,1.0,56,56,1.0,672,0.3704814728150275,12.730158730158731,0.6628665243559088,0.6373998506178107
IMG-0011,2ee9f6768461c73c495e2a80eebb29c13264e423b0df05bc3a8060e6b4b331d3,清代姑苏版画（候选，待确认）,姑苏版画（候选）,1000,778,512,398,JPEG,False,7,0,384,512,1.0,1.0,48,48,1.0,576,0.2842479088398219,11.460835144242882,0.7268578120227684,0.6386538971092617
IMG-0361,2f21991a839b9426df79c2ca97098f794ef2539c2b90ac38a8c0bdeacb422146,清代姑苏版画（候选，待确认）,姑苏版画（候选）,753,1183,326,512,JPEG,False,0,3,512,320,1.0,1.0,40,40,1.0,480,0.09700078822242272,18.93233366935484,0.558521229283382,0.346036323411194
IMG-0244,301c8ffbae14325bbff70a3665abab603532eb72ac3c663f9da4ea4f295497f0,清代姑苏版画（候选，待确认）,姑苏版画（候选）,4000,3000,512,384,JPEG,False,0,0,384,512,1.0,1.0,48,48,1.0,576,0.24218598963014348,4.418402777777778,0.7658115197620792,0.6312015439991057
IMG-0349,302e048b3c83df2cc10a7a8c07b029effdc230a93220ec51e39a0697ae05497f,清代姑苏版画（候选，待确认）,姑苏版画（候选）,1657,1080,512,334,JPEG,False,7,0,320,512,1.0,1.0,40,40,1.0,480,0.1546900939064783,16.25774754346183,0.6549548329742099,0.46212171612657194
IMG-0345,315f639eee863b3731d99524d3355ee25ade2a0b0f174afac77bb7551d222a5b,清代姑苏版画（候选，待确认）,姑苏版画（候选）,1007,1655,312,512,JPEG,False,0,28,512,256,1.0,1.0,32,32,1.0,384,0.24475568502929074,13.826656588561352,0.5889405236070011,0.5168559850171197
IMG-0450,318e56cef2c1f63be37161083c11b651aa2268ef2713ea259a9cea80eab68915,清代姑苏版画（候选，待确认）,姑苏版画（候选）,3402,4000,435,512,JPEG,False,0,25,512,384,1.0,1.0,48,48,1.0,576,0.2276287169628733,1.7248341354164127,0.6648695973087227,0.6346375888992912
IMG-0438,31ef988ff77dc19a077b1e4937ec6732479a6a162162dd3fc401627ab8d7fcbc,清代姑苏版画（候选，待确认）,姑苏版画（候选）,2054,4000,263,512,JPEG,False,0,3,512,256,1.0,1.0,32,32,1.0,384,0.2864932522184056,19.47265329743008,0.6806060997856126,0.5608514298989369
IMG-0380,327b73cf1afd94bc10ee45c43f87df04d45079748c4b7cd8f476636dc0c1e0d4,清代姑苏版画（候选，待确认）,姑苏版画（候选）,4000,3717,512,476,JPEG,False,14,0,448,512,1.0,1.0,56,56,1.0,672,0.2907716265715662,12.69993819286974,0.721526590485491,0.561335752519961
IMG-0400,3303dbeda94e8ffb62a6edd8864d24ddbd42fcedbae1060aa564d7c567e04b8b,清代姑苏版画（候选，待确认）,姑苏版画（候选）,2240,4000,287,512,JPEG,False,0,15,512,256,1.0,1.0,32,32,1.0,384,0.2546003481906346,5.862043518487414,0.6575805132137303,0.5831939330743647
IMG-0137,33a531e8586fe6ed5aad4dce7fdf8b0c6ffb4a56bd306cefc821df4858cfa098,清代姑苏版画（候选，待确认）,姑苏版画（候选）,3894,2998,512,394,JPEG,False,5,0,384,512,1.0,1.0,48,48,1.0,576,0.16385414797808412,10.778029730410683,0.6341524094407991,0.5392667164739504
IMG-0211,33ec28e68850b45ec9c4448c1f7f511f70250b9981e59653ee16e46c5094698a,清代姑苏版画（候选，待确认）,姑苏版画（候选）,2655,3414,398,512,JPEG,False,0,7,512,384,0.9615705480527639,0.9843037923177084,48,48,1.0,576,0.3438861740036128,5.827235579048887,0.7471879906381894,0.6925550424528275
IMG-0158,3449eddf87f885b8015330f6dc568cd8231b7b880c91c50727a79866534f7775,清代姑苏版画（候选，待确认）,姑苏版画（候选）,3944,2673,512,347,JPEG,False,13,0,320,512,1.0,1.0,40,40,1.0,480,0.141139757908917,21.680146132527085,0.6898912735984226,0.4254148338886195
IMG-0357,3454659dc96f92cafbe034807a7faf70031655c4c4551cd86fa4192d38f4b6f7,清代姑苏版画（候选，待确认）,姑苏版画（候选）,953,1200,407,512,JPEG,False,0,11,512,384,0.999021038083538,1.0,48,48,1.0,576,0.2751073042885286,19.57547883064516,0.7931125940622552,0.6009583132143979
IMG-0316,3467e3d15a7cb14586891a2330c293c7860fca1d6beb911d1152e366c3e4d866,清代姑苏版画（候选，待确认）,姑苏版画（候选）,368,562,335,512,JPEG,False,0,7,512,320,1.0,1.0,40,40,1.0,480,0.11507438314948994,10.045868256181134,0.7008924817738913,0.4271102895302625
IMG-0454,3502e3f90d07fac53b406cd75eb31f3ea9a1b5b8ae1c9f77132e799ac11e3a1a,清代姑苏版画（候选，待确认）,姑苏版画（候选）,2187,4000,280,512,JPEG,False,0,12,512,256,1.0,1.0,32,32,1.0,384,0.28256670646721843,2.4287508400537634,0.7359192302063762,0.6594581175874683
IMG-0119,375081d83ca138406c9db47266b62ad1feff0ac952254f5816f3bf86c52d3097,清代姑苏版画（候选，待确认）,姑苏版画（候选）,2048,2731,384,512,JPEG,False,0,0,512,384,1.0,1.0,48,48,1.0,576,0.30926911156999054,7.083396337365592,0.8221404851102839,0.6465300974959661
IMG-0444,3795bfa7f5133cb71baf720c73df92c7e9335f2ad2abea0d094492a94978e2b9,清代姑苏版画（候选，待确认）,姑苏版画（候选）,2181,4000,279,512,JPEG,False,0,11,512,256,1.0,1.0,32,32,1.0,384,0.18806673927511103,4.076593600403124,0.6926764174250929,0.5593439604337616
IMG-0063,379a950abb3dc6f5c1221bbed8502b66174c60a72b4bd63ccea6c3df3307d104,清代姑苏版画（候选，待确认）,姑苏版画（候选）,712,1000,365,512,JPEG,False,0,22,512,320,1.0,1.0,40,40,1.0,480,0.15617947960167927,19.700115347064752,0.6800699410747055,0.4801551829292554
IMG-0288,37df4b9173e1560202492b66c16706764c84fd630dc8b6abf335d2eca64d34c1,清代姑苏版画（候选，待确认）,姑苏版画（候选）,4000,3097,512,396,JPEG,False,6,0,384,512,1.0,1.0,48,48,1.0,576,0.2439479893890549,12.071552579365079,0.7734874741276289,0.5880199858866431
IMG-0037,37f501bef86aac5b453a1e6ff1f407bc8c962aac9a2bbdd979c901d2e83e9e77,清代姑苏版画（候选，待确认）,姑苏版画（候选）,1000,916,512,469,JPEG,False,10,0,448,512,1.0,1.0,56,56,1.0,672,0.2702235551172818,25.305153301429264,0.6586521822617268,0.5485525301072405
IMG-0190,3a9d3f7f293c6a14e8ec31fb44d942087c365a974ffe4d9c0419a4d573041307,清代姑苏版画（候选，待确认）,姑苏版画（候选）,1759,4000,225,512,JPEG,False,0,16,512,192,1.0,1.0,24,24,1.0,288,0.21623349556084098,12.646006550768455,0.5688196982041629,0.5246807596129685
IMG-0198,3b27246dc3d62863752ba77199da2527cc041d874c71559473cec150a6c71fe1,清代姑苏版画（候选，待确认）,姑苏版画（候选）,2585,4000,331,512,JPEG,False,0,5,512,320,1.0,1.0,40,40,1.0,480,0.27701358780957686,1.897742542327331,0.7484546828119611,0.6931837105988061
IMG-0344,3b4a926713a876b50721af8be1634808ed32fc814f3f80d895a7b5f657cca0d6,清代姑苏版画（候选，待确认）,姑苏版画（候选）,1048,1864,288,512,JPEG,False,0,16,512,256,1.0,1.0,32,32,1.0,384,0.33161853790262213,3.1758245244707215,0.7507090733951612,0.7389274808407684
IMG-0133,3b6a492b071b1addcb17c9102649453708cab9ee3273c00bc04321a2eb077ffc,清代姑苏版画（候选，待确认）,姑苏版画（候选）,2325,4000,298,512,JPEG,False,0,21,512,256,1.0,1.0,32,32,1.0,384,0.2047396025308522,6.84782986111111,0.6934656915116906,0.556623595390408
IMG-0017,3b7d3264fa0ca3805328b6b4f7c6909ba58a276863a64321844f863836d9f9f2,清代姑苏版画（候选，待确认）,姑苏版画（候选）,1000,774,512,396,JPEG,False,6,0,384,512,1.0,1.0,48,48,1.0,576,0.3753689224172256,7.540942302847064,0.7454563089345214,0.7189823310724581
IMG-0303,3c1b8525e790fc4fd8722058e6a9d1dd0edc6511db0fac6d1b912c161d858300,清代姑苏版画（候选，待确认）,姑苏版画（候选）,3149,4000,403,512,JPEG,False,0,9,512,384,1.0,1.0,48,48,1.0,576,0.41669040434975246,5.04545275794184,0.69379516617071,0.6964978299733317
IMG-0177,3c74b494be0ecd10d31e6158fa6bfff0ba6747f808bae5b2107c22ab5d54fdb5,清代姑苏版画（候选，待确认）,姑苏版画（候选）,2063,3626,291,512,JPEG,False,0,17,512,256,1.0,1.0,32,32,1.0,384,0.12702861551868144,7.63567649281935,0.6174647190598033,0.4527254569220537
IMG-0067,3cbb288798d4dec6b8d8c5413241419892ab6db2c928151e7959ec22d4862059,清代姑苏版画（候选，待确认）,姑苏版画（候选）,813,1000,416,512,JPEG,False,0,16,512,384,0.9996478740985577,0.9996185302734375,48,48,1.0,576,0.4382621780488061,9.599431051520648,0.774929307966522,0.72513346915532
IMG-0246,3cc0f7e4b12eb61fe328390827df3a3d6ab67d6ccd1438283c58d98a89b0479a,清代姑苏版画（候选，待确认）,姑苏版画（候选）,4000,3000,512,384,JPEG,False,0,0,384,512,1.0,1.0,48,48,1.0,576,0.2210634181488914,5.426807760141093,0.761577080390264,0.5785725915653062
IMG-0138,3cd97f041d90ac01c4cc6e4bf33f197aded08f90cc4b2bdc0885573cd5a797ef,清代姑苏版画（候选，待确认）,姑苏版画（候选）,2391,4000,306,512,JPEG,False,0,25,512,256,1.0,1.0,32,32,1.0,384,0.13186468949466473,10.138321995464853,0.5597272458584003,0.43009876060615093
IMG-0256,3cf8b05c24aef2d3819f76131607d3e5a547a4b37a1984d01e992fcc4e285574,清代姑苏版画（候选，待确认）,姑苏版画（候选）,1356,1302,512,492,JPEG,False,22,0,448,512,1.0,1.0,56,56,1.0,672,0.10601638684855556,34.843129960317455,0.6119694104618978,0.3456014885854649
IMG-0199,3dbd0da73200f2968af96c225812cd83b3f8b43e7b57cdb9bdaea39ad80cb933,清代姑苏版画（候选，待确认）,姑苏版画（候选）,2942,3041,495,512,JPEG,False,0,23,512,448,1.0,1.0,56,56,1.0,672,0.23159898216778277,5.7081737231182785,0.6897545381301543,0.5275212582578654
IMG-0225,3ea0719022cb06e5ce06998626e52844d8bc9f3f4b1665caa48c449791757053,清代姑苏版画（候选，待确认）,姑苏版画（候选）,2806,3463,415,512,JPEG,False,0,15,512,384,1.0,1.0,48,48,1.0,576,0.49098782233954874,4.139454529659416,0.7079203287261236,0.7504180059965003
IMG-0251,3fb700e3ae68c9b2abe4ad921eca471487cee1b0297a5a6525167b1caab74e17,清代姑苏版画（候选，待确认）,姑苏版画（候选）,927,581,512,321,JPEG,False,0,0,320,512,1.0,1.0,40,40,1.0,480,0.10139040018861892,16.723859914336106,0.6189882289742679,0.36094954647198835
IMG-0342,4129652a9e792f0a7299b678446eaad4002a0734f7d24c4b6501971c7f1d4ca0,清代姑苏版画（候选，待确认）,姑苏版画（候选）,1000,1856,276,512,JPEG,False,0,10,512,256,1.0,1.0,32,32,1.0,384,0.2951490403306195,6.014865205341396,0.8473606646316023,0.6973107393870577
IMG-0429,428ff4066dd64fccbd5fa0673df6b51bb8ef10e0dd030b8af56c47fe0f79e41e,清代姑苏版画（候选，待确认）,姑苏版画（候选）,1993,4000,255,512,JPEG,False,0,31,512,192,1.0,1.0,24,24,1.0,288,0.4231697475852393,0.7372353830645162,0.6522001143454208,0.7741689166895969
IMG-0085,42a643251f01fa2b192bb5b33aeebdd1f84e45dadb4a92c785638467e599ee47,清代姑苏版画（候选，待确认）,姑苏版画（候选）,346,1000,177,512,JPEG,False,0,24,512,128,1.0,1.0,16,16,1.0,192,0.39771984851600006,4.579239103048627,0.8648053340010337,0.7317871299987114
IMG-0332,43ff9661221e4ce53eb46e95ef47f27af9773d89600247f531780f27470bc082,清代姑苏版画（候选，待确认）,姑苏版画（候选）,1080,1623,341,512,JPEG,False,0,10,512,320,1.0,1.0,40,40,1.0,480,0.2136759028918619,10.788737717309147,0.7005359351598051,0.5638816800494277
IMG-0443,4499cb10c0d0a0eca3a01b991b90185ac5b3c37b7101c6f2670d7b477a268a94,清代姑苏版画（候选，待确认）,姑苏版画（候选）,2562,4000,328,512,JPEG,False,0,4,512,320,1.0,1.0,40,40,1.0,480,0.24113637417549402,15.96674796710799,0.5923135912661466,0.5858915988548979
IMG-0245,45039520424d591ec31d7585ce93de107ceda7b90510a242da741f900c681a3b,清代姑苏版画（候选，待确认）,姑苏版画（候选）,4000,3000,512,384,JPEG,False,0,0,384,512,1.0,1.0,48,48,1.0,576,0.22542052955292513,3.441532258064516,0.7556818213505924,0.6220736988859819
IMG-0220,45644fa7137ec7004a5fa8b9befd4871a8d54dc0dc9da2dcd7e4b7980b55c48a,清代姑苏版画（候选，待确认）,姑苏版画（候选）,3150,2602,512,423,JPEG,False,19,0,384,512,1.0,1.0,48,48,1.0,576,0.3550422758062257,4.095230221718317,0.5526603303881473,0.6825793337845618
IMG-0427,456a80c2ad5085d90fb7ae7763c6b7b2c31c25616ec9171185ea41c7b78e1b81,清代姑苏版画（候选，待确认）,姑苏版画（候选）,2447,4000,313,512,JPEG,False,0,28,512,256,1.0,1.0,32,32,1.0,384,0.3583097754705201,4.93640873015873,0.6839586832419243,0.7182641768890665
IMG-0298,45dd2beb79d8f102b08537ae275d718523abc6f8aa2ba71e9b9ff7eb6940ae13,清代姑苏版画（候选，待确认）,姑苏版画（候选）,4000,2124,512,272,JPEG,False,8,0,256,512,1.0,1.0,32,32,1.0,384,0.1560153486392637,5.234598760352409,0.799656106649441,0.5486255379665581
IMG-0188,4632483c9d25a3aef26d3563c0972ef97b066506cebd2a6d2d55f4643f2e2bdb,清代姑苏版画（候选，待确认）,姑苏版画（候选）,2506,3994,321,512,JPEG,False,0,0,512,320,1.0,1.0,40,40,1.0,480,0.21039692002080504,8.387804502027812,0.7098025557210437,0.5502714321430344
IMG-0155,46d3312be6940296fc4a03a6f67f63073a1392f31a7c992e6d09cf1a95213e21,清代姑苏版画（候选，待确认）,姑苏版画（候选）,3769,2503,512,340,JPEG,False,10,0,320,512,1.0,1.0,40,40,1.0,480,0.12307840987633473,12.411136601631394,0.5346957117424395,0.386925580794044
IMG-0239,474f610ff6db792f76f2a7637dd573ff1093b33852effe57add91dddbcf3141a,清代姑苏版画（候选，待确认）,姑苏版画（候选）,4000,3000,512,384,JPEG,False,0,0,384,512,1.0,1.0,48,48,1.0,576,0.2968700335348785,4.659261424477199,0.8624969270459313,0.7140279355554766
IMG-0297,47577c34624d937361c1ab312ce3f5a6bb172880be01e58642b37f7f283881b2,清代姑苏版画（候选，待确认）,姑苏版画（候选）,3121,4000,399,512,JPEG,False,0,7,512,384,1.0,1.0,48,48,1.0,576,0.5413328185500725,3.9528751511690405,0.6456930627781527,0.7519070396174662
IMG-0131,47ceb36067224e48004cefa27741e96bd6f4f38bc6070b7f5e58c3475078ed0a,清代姑苏版画（候选，待确认）,姑苏版画（候选）,2501,4000,320,512,JPEG,False,0,0,512,320,1.0,1.0,40,40,1.0,480,0.21555235310833082,7.0025192088484145,0.8390418420529341,0.5981323657772855
IMG-0253,489ee65e1000573217e3a9f83ab52f9f729c1237bf25da7be61b49ec801554b7,清代姑苏版画（候选，待确认）,姑苏版画（候选）,897,579,512,330,JPEG,False,5,0,320,512,1.0,1.0,40,40,1.0,480,0.09748647810551297,14.287676411290324,0.6464741335832236,0.367222061630876
IMG-0260,48d028cd606de4f517895a3836699cecea084bf8c8125c05c588c8a01df8366e,清代姑苏版画（候选，待确认）,姑苏版画（候选）,1429,1280,512,459,JPEG,False,5,0,448,512,1.0,1.0,56,56,1.0,672,0.13348873375867998,21.020527282000018,0.6881264291875928,0.41066666108438454
IMG-0117,48db2021dc63c84f6fdd2038220fa82adb1f703a61aee900a2d397647097cf78,清代姑苏版画（候选，待确认）,姑苏版画（候选）,2448,3264,384,512,JPEG,False,0,0,512,384,1.0,1.0,48,48,1.0,576,0.30795298716968245,14.05971804417705,0.8046721702077584,0.6251702906576885
IMG-0189,48de989ffda553de1c0f92737b3210f18114bc293ce1cf050bf0130f3fb0c04c,清代姑苏版画（候选，待确认）,姑苏版画（候选）,1765,3886,233,512,JPEG,False,0,20,512,192,1.0,1.0,24,24,1.0,288,0.4569012882101562,5.807077113252708,0.7556742509334446,0.7283172796595367
IMG-0270,4991d4b46297ce4a3972a652ae4adb9fe402f6d44cf307bb0b97d5b34ea29ab8,清代姑苏版画（候选，待确认）,姑苏版画（候选）,1638,1046,512,327,JPEG,False,3,0,320,512,0.9918530198776758,0.99820556640625,40,40,1.0,480,0.09236120280829152,17.491142267351336,0.6935674145229176,0.3590683875861895
IMG-0097,4a4c81ef17d4ef8f6665bab13df6bf09cfbfdaa2a2a0461596be4b8b3b941ed7,清代姑苏版画（候选，待确认）,姑苏版画（候选）,2115,3400,318,512,JPEG,False,0,31,512,256,1.0,1.0,32,32,1.0,384,0.21026569436157677,6.259702620967742,0.6928368121442127,0.5753000241267587
IMG-0176,4af2b7b3c0e9b14a0fe18cfab288e7fdf9c905b3a3753547e0b3223189be4ec8,清代姑苏版画（候选，待确认）,姑苏版画（候选）,3719,2127,512,293,JPEG,False,18,0,256,512,1.0,1.0,32,32,1.0,384,0.1280618293665874,12.335097001763668,0.5460939530826314,0.39931596932138
IMG-0182,4b86a2d6310d63ef1695135725a48449caaa3331df0b23f5bd6109dc80c7f90f,清代姑苏版画（候选，待确认）,姑苏版画（候选）,2209,4000,283,512,JPEG,False,0,13,512,256,1.0,1.0,32,32,1.0,384,0.17448907357989568,5.096245905769716,0.7845903397374422,0.5687174259514962
IMG-0146,4b8cedcf18b8750ca0380fcb2223d64f273e19df2bfd8e9fd9ee22a3c8f7b6a5,清代姑苏版画（候选，待确认）,姑苏版画（候选）,2578,4000,330,512,JPEG,False,0,5,512,320,1.0,1.0,40,40,1.0,480,0.25133951331038323,2.4020548220756646,0.6070028111837237,0.6435936311864456
IMG-0420,4b97c5973305499a9a27db3da98fa465a1b027a5dc8e928efd480788d06bac23,清代姑苏版画（候选，待确认）,姑苏版画（候选）,2652,4000,339,512,JPEG,False,0,9,512,320,1.0,1.0,40,40,1.0,480,0.36524387479057896,7.385109599395314,0.7208757265481731,0.6386379589968418
IMG-0433,4bb698a73d15dc392612581c4324b4cca0c2094ce7f509991736a85aa4341cd6,清代姑苏版画（候选，待确认）,姑苏版画（候选）,2184,4000,280,512,JPEG,False,0,12,512,256,1.0,1.0,32,32,1.0,384,0.06521816947949213,37.266943814562865,0.5553022103350906,0.28629520591210433
IMG-0334,4d044e3e68d48601caf3ffd1be45fb43fbfcf34db0217f8b195db3d5c91a13fe,清代姑苏版画（候选，待确认）,姑苏版画（候选）,810,1162,357,512,JPEG,False,0,18,512,320,1.0,1.0,40,40,1.0,480,0.188500994334644,5.841553259408602,0.7385613465601307,0.5472767974864721
IMG-0394,4d65861aeacd03ecc19366b73ab9c34cc46fcc815c5e8e09c734e9c2ccfdac3c,清代姑苏版画（候选，待确认）,姑苏版画（候选）,2656,4000,340,512,JPEG,False,0,10,512,320,1.0,1.0,40,40,1.0,480,0.33187603338454086,3.1635172587553537,0.6287225227845107,0.6609097263288132
IMG-0386,4dbb590edaf5a8023ff2070ec15a0413a65696a95582b16f27aae0ed4b931a25,清代姑苏版画（候选，待确认）,姑苏版画（候选）,1966,4000,252,512,JPEG,False,0,30,512,192,1.0,1.0,24,24,1.0,288,0.25585421999155766,4.71252204585538,0.6462224429063654,0.5927084582597046
IMG-0027,4e7a27ba38da0a33eaf6387ba4d7aaceeb87bfcf96f8fc99fa2ffb09f23f7deb,清代姑苏版画（候选，待确认）,姑苏版画（候选）,1000,996,512,510,JPEG,False,31,0,448,512,1.0,1.0,56,56,1.0,672,0.12149242078363479,24.083795362903224,0.770743916764694,0.40855328591350354
IMG-0143,4ee666c715a7a5b72d54afc07919ac0b94e485714c4866d458a18e7a361ad95b,清代姑苏版画（候选，待确认）,姑苏版画（候选）,2600,4000,333,512,JPEG,False,0,6,512,320,1.0,1.0,40,40,1.0,480,0.22139813455663984,4.263931701152684,0.8210167800381953,0.6388044332240086
IMG-0295,4ff4bc142e032ed0396c48a1c9ad841a4bc22709b3e91556b6d6b15841d81ae3,清代姑苏版画（候选，待确认）,姑苏版画（候选）,4000,2124,512,272,JPEG,False,8,0,256,512,1.0,1.0,32,32,1.0,384,0.15309474764242254,6.011031883818342,0.8136024776560253,0.5525225202496822
IMG-0012,4ffa56d08bb9c5d5ae11f25269fa07bb7f49d7d155d0f66ba27012953aae4ce8,清代姑苏版画（候选，待确认）,姑苏版画（候选）,1000,738,512,378,JPEG,False,29,0,320,512,1.0,1.0,40,40,1.0,480,0.39479905790198755,8.439405391786345,0.7568916177917824,0.7391689786840614
IMG-0457,501c5a03847a14318cc545a7bee713d72326859a0b507596f39d94d03480f45d,清代姑苏版画（候选，待确认）,姑苏版画（候选）,2384,4000,305,512,JPEG,False,0,24,512,256,1.0,1.0,32,32,1.0,384,0.11797753870340633,9.598009574200052,0.7380187896034167,0.4470310797346979
IMG-0150,507d1c56c552d1a5350426325f29c8fdfec3fb18223a7d6de374a7818b8a3b0a,清代姑苏版画（候选，待确认）,姑苏版画（候选）,3724,2557,512,352,JPEG,False,16,0,320,512,1.0,1.0,40,40,1.0,480,0.1913211614346996,10.097227822580646,0.6088305013210451,0.5229228289965868
IMG-0031,52b399a2d6ea675549bc7ab0ce27a760f4b638a5b30ff12d5413783899cbdb48,清代姑苏版画（候选，待确认）,姑苏版画（候选）,1000,715,512,366,JPEG,False,23,0,320,512,1.0,1.0,40,40,1.0,480,0.29896328045900034,16.92365835222978,0.584684214899963,0.5921896148407161
IMG-0242,53169a27132099d9ed3741ba5636a73bc8da770921ecede11944aab14ab795d2,清代姑苏版画（候选，待确认）,姑苏版画（候选）,4000,3000,512,384,JPEG,False,0,0,384,512,0.9992574055989584,0.9992574055989584,48,48,1.0,576,0.27082929628679303,3.89896699420509,0.8492172670054396,0.6915889463670397
IMG-0368,537c908c7387680773c0d98f4cbb07b6863e2c2dfac95e205d297c0d43ddb9b8,清代姑苏版画（候选，待确认）,姑苏版画（候选）,880,1474,306,512,JPEG,False,0,25,512,256,1.0,1.0,32,32,1.0,384,0.13292628435734055,9.154462139545185,0.7640137008696076,0.530985720148886
IMG-0399,53cdb2c1910b44698ac8459deb1ac41e7787047a519bcb5ad93f375c8f0067e4,清代姑苏版画（候选，待确认）,姑苏版画（候选）,4000,2948,512,377,JPEG,False,28,0,320,512,1.0,1.0,40,40,1.0,480,0.12142033187869014,13.628349985827663,0.5724103277742443,0.402773696176988
IMG-0302,541cf3aa90576ed4eecb56d13b2e734a2112a633b47dbb081beac888031323aa,清代姑苏版画（候选，待确认）,姑苏版画（候选）,3898,4000,499,512,JPEG,False,0,25,512,448,1.0,1.0,56,56,1.0,672,0.407607428762075,4.3776781714029696,0.625403066795603,0.6993237986229233
IMG-0254,5448e0bbcc4f7a54c018d6511fa2020973d15634741b2263a531d2f93360cf71,清代姑苏版画（候选，待确认）,姑苏版画（候选）,928,593,512,327,JPEG,False,3,0,320,512,1.0,1.0,40,40,1.0,480,0.09914862782691608,16.134706041235013,0.6178820619385074,0.36032533500788333
IMG-0062,5493710e166ca0ac78bcb602a08dfdc22f02dd38e9c70db7392e872884ac7688,清代姑苏版画（候选，待确认）,姑苏版画（候选）,1000,954,512,488,JPEG,False,20,0,448,512,1.0,1.0,56,56,1.0,672,0.2400637233496084,26.54229270673323,0.7073846518252647,0.5331973886937376
IMG-0170,54c785b14d14c0c78af81f506a2478d51be787679ff5562274c0c0abd467a3d3,清代姑苏版画（候选，待确认）,姑苏版画（候选）,4000,2912,512,373,JPEG,False,26,0,320,512,1.0,1.0,40,40,1.0,480,0.12616476352100287,7.768229166666666,0.78725676501022,0.4988686119596291
IMG-0066,54cddfef601e1c4de09619bda05ddecc13cc75b4c138d19b04b6b2800b8894bc,清代姑苏版画（候选，待确认）,姑苏版画（候选）,612,1000,313,512,JPEG,False,0,28,512,256,1.0,1.0,32,32,1.0,384,0.1102683780429603,18.878728111615015,0.695720407747062,0.3898270699995312
IMG-0269,550d5e0226b227f221a9e328ba951211c7b2dc3fc1800ccb56a88ffa3f0c317c,清代姑苏版画（候选，待确认）,姑苏版画（候选）,1359,1308,512,493,JPEG,False,22,0,448,512,1.0,1.0,56,56,1.0,672,0.187664735738065,17.595114087301585,0.633587982880663,0.499847265174006
IMG-0453,559973c09aa44999019a5928516b6bf8f71d692539e83b3d3a5027f1e8ede06b,清代姑苏版画（候选，待确认）,姑苏版画（候选）,3297,4000,422,512,JPEG,False,0,19,512,384,1.0,1.0,48,48,1.0,576,0.4299464381995995,1.298859126984127,0.81535403902059,0.7835862711173107
IMG-0194,562a70f473cc4d95cc00dba44995d1d2b5293f3b38c567bb51035bd06b0992fe,清代姑苏版画（候选，待确认）,姑苏版画（候选）,3778,2396,512,325,JPEG,False,2,0,320,512,1.0,1.0,40,40,1.0,480,0.10986827265077223,12.744771982867224,0.6599147482068524,0.3862457892632444
IMG-0090,5632e52bf62473f3f110942966419d2db1e5bcbd3fe8ae54763f93a1264c81e0,清代姑苏版画（候选，待确认）,姑苏版画（候选）,2046,3400,308,512,JPEG,False,0,26,512,256,1.0,1.0,32,32,1.0,384,0.11427219463104024,15.411334325396826,0.5144059022375322,0.40073667786161693
IMG-0087,57a1ea2eb7f6068540e761ea186c0b5fed00b246085bf37e3c16832d46cbd902,清代姑苏版画（候选，待确认）,姑苏版画（候选）,3400,2918,512,439,JPEG,False,27,0,384,512,1.0,1.0,48,48,1.0,576,0.3028937667203875,2.677176974155693,0.6200685903403695,0.6737666426128016
IMG-0178,582ac1e876d959a0671c1d9269e4931c7065094f4ee55128cba5020b509727d7,清代姑苏版画（候选，待确认）,姑苏版画（候选）,2137,3842,285,512,JPEG,False,0,14,512,256,1.0,1.0,32,32,1.0,384,0.13405940051261908,7.342781557067271,0.7535605386063372,0.5133950066525605
IMG-0183,58abd9299e052baf05dd873b7e6afaa3b32a7d4ffa145ae2151114c967b391d4,清代姑苏版画（候选，待确认）,姑苏版画（候选）,2148,3813,288,512,JPEG,False,0,16,512,256,1.0,1.0,32,32,1.0,384,0.15128595372063947,8.569921874999999,0.7153763963287856,0.5045044832016985
IMG-0141,58afc683ecf95aef591055e6797579f117ad28254d849b7f072e7d4e6010c71e,清代姑苏版画（候选，待确认）,姑苏版画（候选）,2308,4000,295,512,JPEG,False,0,19,512,256,1.0,1.0,32,32,1.0,384,0.29760059014111157,4.547786992256244,0.7776580953351919,0.6348056902899828
IMG-0080,59211be5360ee5e37ba7f60f67f18596142189eabde14aa22e10eba0ea1f66e3,清代姑苏版画（候选，待确认）,姑苏版画（候选）,1000,997,512,510,JPEG,False,31,0,448,512,1.0,1.0,56,56,1.0,672,0.19696283267268813,24.49411622596466,0.6401367111515816,0.45553650882621255
IMG-0123,592ca77fba6df1df61380a834afb958479f1dac3714a62e9c738bf84e24e8670,清代姑苏版画（候选，待确认）,姑苏版画（候选）,2448,3264,384,512,JPEG,False,0,0,512,384,1.0,1.0,48,48,1.0,576,0.22181146381924682,18.274909196983554,0.6666894192601299,0.5608856465618075
IMG-0028,593516cd909539c1e1e02ca0089b5fe207bdd7532bfbe874ca1949ec574c583c,清代姑苏版画（候选，待确认）,姑苏版画（候选）,979,1000,501,512,JPEG,False,0,26,512,448,1.0,1.0,56,56,1.0,672,0.12511036586037985,27.078105316200556,0.7316283555161616,0.3907600423409238
IMG-0359,599de3e0be9a9a92772d1a42b1d21b1ec2de29ad853b81799a1b77144a572717,清代姑苏版画（候选，待确认）,姑苏版画（候选）,972,1200,415,512,JPEG,False,0,15,512,384,0.9995246611445783,1.0,48,48,1.0,576,0.2585885993709984,18.332325522801714,0.7479531839641603,0.5855950931164392
IMG-0074,5bbf6f407ee0a494bcfe6bad98e7b797477384229fdce6deaabcc94f4a20de0b,清代姑苏版画（候选，待确认）,姑苏版画（候选）,759,1000,389,512,JPEG,False,0,2,512,384,1.0,1.0,48,48,1.0,576,0.6890099040828828,0.8829151510141094,0.9356362212947464,0.8915673315555143
IMG-0417,5bec59946a6a8f529ed2e436736f3d92b3d98b1cadb59ce9f3709d217ad34144,清代姑苏版画（候选，待确认）,姑苏版画（候选）,2672,4000,342,512,JPEG,False,0,11,512,320,1.0,1.0,40,40,1.0,480,0.3131602446258095,1.5861678004535147,0.5946568523617877,0.700765038131985
IMG-0360,5c0ae807df0341eb5cb0ea6aec7200dac1c436371c55e41637a406991311f5c1,清代姑苏版画（候选，待确认）,姑苏版画（候选）,400,567,361,512,JPEG,False,0,20,512,320,1.0,1.0,40,40,1.0,480,0.33669982386507546,5.783289241622575,0.8310228277662821,0.7694013621856834
IMG-0307,5c28dff7c27b9fd667d51efb15e18450a46fda9f7ad236d690bd2f2a1d357f67,清代姑苏版画（候选，待确认）,姑苏版画（候选）,1279,1910,343,512,JPEG,False,0,11,512,320,1.0,1.0,40,40,1.0,480,0.2645939927147222,11.446934618054772,0.7163256334414858,0.6115513269529724
IMG-0434,5c6d699f9973627d098b5b23b4400fa475adb8da25c64d20345a94c283703b31,清代姑苏版画（候选，待确认）,姑苏版画（候选）,1923,4000,246,512,JPEG,False,0,27,512,192,1.0,1.0,24,24,1.0,288,0.16807974386260066,10.451351784926935,0.5544344261937413,0.47711201190348584
IMG-0363,5d15f3baf0e591530b9fad8b1c6fb69ac3a13cdca57e404fc385d446ce7680de,清代姑苏版画（候选，待确认）,姑苏版画（候选）,1806,1080,512,306,JPEG,False,25,0,256,512,0.9956661049836601,0.9999847412109375,32,32,1.0,384,0.09753916147596539,20.07635215637928,0.6742648972267187,0.37510847499726324
IMG-0435,5d2573b934eacb2e683f3e6c58d3b55826130f7f7030d824d205e9066c43388b,清代姑苏版画（候选，待确认）,姑苏版画（候选）,2236,4000,286,512,JPEG,False,0,15,512,256,1.0,1.0,32,32,1.0,384,0.11655409817859255,10.188578672209625,0.6197044393070804,0.4206230549498484
IMG-0187,5eb198cb1d1bc40f30b51d5dc41e6a3e19fff7959aa0cb474cb797494beb213b,清代姑苏版画（候选，待确认）,姑苏版画（候选）,2707,4000,346,512,JPEG,False,0,13,512,320,1.0,1.0,40,40,1.0,480,0.20305850432411443,8.266003024193548,0.8328142919203407,0.5441117782389965
IMG-0281,5ed0bbbb2ea075960e31d87c2c23ea0056d92079ca22930cb033b9b800ae0db0,清代姑苏版画（候选，待确认）,姑苏版画（候选）,1602,4000,205,512,JPEG,False,0,6,512,192,1.0,1.0,24,24,1.0,288,0.21892496352131185,5.343064318205409,0.2689851400147145,0.4899072184605054
IMG-0077,5edda4770a52dd8b105da532e7659f62fb2f0bd5ea77544467a6d1cefbf76a7e,清代姑苏版画（候选，待确认）,姑苏版画（候选）,527,1000,270,512,JPEG,False,0,7,512,256,1.0,1.0,32,32,1.0,384,0.2552068751181312,11.159989921894685,0.6317807023770547,0.536808649723586
IMG-0228,5f0255ee641afa9adc2cd74ae7b1198fc9778e620ca5c88b9f75fbed071a79fe,清代姑苏版画（候选，待确认）,姑苏版画（候选）,1804,3688,250,512,JPEG,False,0,29,512,192,1.0,1.0,24,24,1.0,288,0.40111835354723213,8.481476814516128,0.6663266469250635,0.7135809518699877
IMG-0075,60b7fb1781563d49e76b846ad3cfbc604812d7a3dd063af749d615bb0dbe3aae,清代姑苏版画（候选，待确认）,姑苏版画（候选）,654,1000,335,512,JPEG,False,0,7,512,320,1.0,1.0,40,40,1.0,480,0.24901081501976297,13.580750818846058,0.6314830665209212,0.5491376106114823
IMG-0078,61c118e6383fdc4e4e315086ffa9f9c56e697a9c56273720417a8b8ac90c114d,清代姑苏版画（候选，待确认）,姑苏版画（候选）,1000,688,512,352,JPEG,False,16,0,320,512,0.9999611594460227,1.0,40,40,1.0,480,0.11301182629196814,16.83345930964979,0.5956457308665126,0.3735035169161255
IMG-0121,620c177fd54b1e459c59c606587234f874300e7d4259f9c0390fead1f6623d96,清代姑苏版画（候选，待确认）,姑苏版画（候选）,2448,3264,384,512,JPEG,False,0,0,512,384,1.0,1.0,48,48,1.0,576,0.1740976172637187,19.122957551823,0.7714157890564661,0.4738315870683125
IMG-0409,625d44cbce8d093190ef6e3e7138f265a94575e6fe1f40de2c21aba6e7e55d02,清代姑苏版画（候选，待确认）,姑苏版画（候选）,2169,4000,278,512,JPEG,False,0,11,512,256,1.0,1.0,32,32,1.0,384,0.1251089445016878,7.685689090450995,0.45551011164962857,0.41876955027048873
IMG-0052,6333dfe5e62dcccac57f89df574f2f0e57b1e2e17de3dfde0107489f7b42f283,清代姑苏版画（候选，待确认）,姑苏版画（候选）,1000,890,512,456,JPEG,False,4,0,448,512,1.0,1.0,56,56,1.0,672,0.16458489412339,28.135298563869995,0.7235706363369132,0.4521292005518009
IMG-0115,63a27a6f7f5383687bd3529899d6d2a1f37a3f4358ef528ae1a8070a6cba14de,清代姑苏版画（候选，待确认）,姑苏版画（候选）,1752,3400,264,512,JPEG,False,0,4,512,256,1.0,1.0,32,32,1.0,384,0.10777623602292696,10.912320483749056,0.5064231690199129,0.38610640030946597
IMG-0184,63debe805dca727edf59ee59113f692dedd07bb99aabc654f27cb967a4eb7bcb,清代姑苏版画（候选，待确认）,姑苏版画（候选）,2170,3852,288,512,JPEG,False,0,16,512,256,1.0,1.0,32,32,1.0,384,0.14010582771768193,9.855360965324003,0.7202806512007718,0.4878372269033079
IMG-0120,6528f66151e8a326376c01b85081cf95b508e3ae576d429a57df7f17c69bdb80,清代姑苏版画（候选，待确认）,姑苏版画（候选）,3264,2448,512,384,JPEG,False,0,0,384,512,1.0,1.0,48,48,1.0,576,0.25950523105775003,11.738095238095237,0.7825147255180114,0.5834993673613077
IMG-0367,667f1af7e2da0b2e6246af57b923013882bb9622cbf28649d7b458456399ac8b,清代姑苏版画（候选，待确认）,姑苏版画（候选）,1080,1701,325,512,JPEG,False,0,2,512,320,1.0,1.0,40,40,1.0,480,0.2768924473825293,9.98941798941799,0.7078622754554926,0.6174046723361333
IMG-0167,6690635a5d1bb15c5fb071d7c0844d330ed69dae07e1a433cf076069f7443ee8,清代姑苏版画（候选，待确认）,姑苏版画（候选）,3737,2610,512,358,JPEG,False,19,0,320,512,1.0,1.0,40,40,1.0,480,0.11400042287822179,13.867687331989247,0.5771680134205373,0.3866869107272224
IMG-0326,66a0cf1387d39ac31143fa2f4069a6f7363b655f40477250218417b48111f962,清代姑苏版画（候选，待确认）,姑苏版画（候选）,1080,1947,284,512,JPEG,False,0,14,512,256,1.0,1.0,32,32,1.0,384,0.10620854310243703,15.160778946995466,0.6025997305243136,0.39006145204553155
IMG-0091,67141518413484e8d67b10cab808dd0bc9aeaa44aab5bcab861ec43b3b358f60,清代姑苏版画（候选，待确认）,姑苏版画（候选）,2013,3400,303,512,JPEG,False,0,23,512,256,1.0,1.0,32,32,1.0,384,0.3925414322081605,8.133316532258064,0.6515299225791853,0.7160564155809583
IMG-0000,67612b935a3296511a285a638769219733ad3906426a0a66145a050b851b73c6,清代姑苏版画（候选，待确认）,姑苏版画（候选）,583,1000,298,512,JPEG,False,0,21,512,256,1.0,1.0,32,32,1.0,384,0.3297678472514137,10.199168556311413,0.799095615946957,0.6456795110399265
IMG-0195,6795cb4cae7225bec01c3f5f7a1bd0365214f285a2c2993c8dbacaba7ede647d,清代姑苏版画（候选，待确认）,姑苏版画（候选）,2146,3797,289,512,JPEG,False,0,16,512,256,1.0,1.0,32,32,1.0,384,0.16113747770018083,10.811791383219955,0.7748135078300872,0.5252273325044668
IMG-0328,684bce4922f05641caaded383f468e73090647cf48a5f1baace06c2843652022,清代姑苏版画（候选，待确认）,姑苏版画（候选）,1080,1901,291,512,JPEG,False,0,17,512,256,1.0,1.0,32,32,1.0,384,0.10219217388128962,12.26353746639785,0.6810752947319485,0.41048825904382275
IMG-0418,698679fbf48efec851abc3cff7db058086235f68da31f18e7a9e7feaf5d06923,清代姑苏版画（候选，待确认）,姑苏版画（候选）,4000,2909,512,372,JPEG,False,26,0,320,512,1.0,1.0,40,40,1.0,480,0.38641850539564826,5.889495149911816,0.6002291877000545,0.6872511816117525
IMG-0304,6a51b667e799cd1d9f17e7ead62a951e34b001c8d3e7b0ead0f5e50403bbfa73,清代姑苏版画（候选，待确认）,姑苏版画（候选）,4000,3671,512,470,JPEG,False,11,0,448,512,1.0,1.0,56,56,1.0,672,0.3659793999913443,2.1561432018722564,0.7300242330361837,0.7428139875738317
IMG-0218,6b8de04e61edc298a778dfe36b4c6cdefd11efea4c036a57d71240bfda83734b,清代姑苏版画（候选，待确认）,姑苏版画（候选）,3224,2559,512,406,JPEG,False,11,0,384,512,1.0,1.0,48,48,1.0,576,0.4163545699925414,3.739732930209121,0.5851211496831745,0.7362800810980374
IMG-0283,6d110fbcabdbe9c0db08f51eec40939c38c5afe4b34e77b0620e9a97994207ba,清代姑苏版画（候选，待确认）,姑苏版画（候选）,3978,4000,509,512,JPEG,False,0,30,512,448,1.0,1.0,56,56,1.0,672,0.37635197513212565,2.785660282258064,0.7561562598450614,0.7467101992115506
IMG-0452,6d5c71f3523e654a681f841b4142076d4a487f166a0d27f91ae99de162d376f3,清代姑苏版画（候选，待确认）,姑苏版画（候选）,4000,2111,512,270,JPEG,False,7,0,256,512,1.0,1.0,32,32,1.0,384,0.21972575347823858,3.3361048122952885,0.7214309226313824,0.60215136326764
IMG-0423,6fcd29ec66ae734ff31dc8da6a632e6b0f37383390298fd6d0ca35ad7dcd90a9,清代姑苏版画（候选，待确认）,姑苏版画（候选）,2457,4000,314,512,JPEG,False,0,29,512,256,1.0,1.0,32,32,1.0,384,0.37929006596616993,2.564732142857143,0.6237471272261543,0.6971436237795438
IMG-0122,708b991eca93d73dfda540ede950d2578642c3b3b2562b06d945299e625d86cd,清代姑苏版画（候选，待确认）,姑苏版画（候选）,2448,3264,384,512,JPEG,False,0,0,512,384,1.0,1.0,48,48,1.0,576,0.16282203760242453,15.76228298611111,0.782622021691868,0.48464926161891964
IMG-0320,710f16a7b937e8b45c1eb3691aad55ee5894ecf157e3033dd122bbd04156b4ee,清代姑苏版画（候选，待确认）,姑苏版画（候选）,1080,1440,384,512,JPEG,False,0,0,512,384,1.0,1.0,48,48,1.0,576,0.15167865675406567,11.330561854371378,0.6798709029271968,0.5101802889496179
IMG-0362,719c3d4571e0ebc656fbc13245ecf3ac2d68a72306a2522ede9ccea648e850ac,清代姑苏版画（候选，待确认）,姑苏版画（候选）,1080,1440,384,512,JPEG,False,0,0,512,384,1.0,1.0,48,48,1.0,576,0.22795914846074913,3.3278671422272614,0.7299921310059234,0.5905436691736512
IMG-0083,72a7eb4e53071dbfba789ba985bbde3ac327f29b1094b7133938c575421fd2c1,清代姑苏版画（候选，待确认）,姑苏版画（候选）,1000,750,512,384,JPEG,False,0,0,384,512,1.0,1.0,48,48,1.0,576,0.3146878264014021,5.702538972928397,0.7291226364625663,0.6902898599508738
IMG-0203,72e06be8037894ab7bb1872160b978054f8340e1cfec747c7db65bceb8ebb361,清代姑苏版画（候选，待确认）,姑苏版画（候选）,3002,4000,384,512,JPEG,False,0,0,512,384,1.0,1.0,48,48,1.0,576,0.3774567470801769,2.555051650289746,0.574716867065652,0.7125025121508306
IMG-0088,72f9cc348361c7845e66fc9f2b84defc8253204ffa3958545c86f53db34998bc,清代姑苏版画（候选，待确认）,姑苏版画（候选）,3400,2724,512,410,JPEG,False,13,0,384,512,1.0,1.0,48,48,1.0,576,0.32038691692573684,5.311287477954144,0.6691003146994604,0.6675186356481775
IMG-0437,735d367d4f4e14f0bdcbc3c3bd7943d14b09bc0ed9e5877294ca8d8604fc37be,清代姑苏版画（候选，待确认）,姑苏版画（候选）,2576,4000,330,512,JPEG,False,0,5,512,320,1.0,1.0,40,40,1.0,480,0.2898255779252332,5.011141084972463,0.6702650141372268,0.6371153184861952
IMG-0160,74f8e399c4a7af4cffb0e57b8778f0e75d6761ad48c969227de6baa85f8d81a6,清代姑苏版画（候选，待确认）,姑苏版画（候选）,3612,2466,512,350,JPEG,False,15,0,320,512,1.0,1.0,40,40,1.0,480,0.11335133072895252,14.208267964070334,0.5766776813632377,0.3803223691662639
IMG-0390,75125641e2aab246727a23273b10c597eafe952e761ba486371960dbe1d37b72,清代姑苏版画（候选，待确认）,姑苏版画（候选）,2171,4000,278,512,JPEG,False,0,11,512,256,1.0,1.0,32,32,1.0,384,0.35202890133901166,5.2827080774439406,0.7413775930523621,0.6641542109252183
IMG-0084,758192fb9308529281f9668866359a9204dce06a8ff18d9fdf6a997b05d9646c,清代姑苏版画（候选，待确认）,姑苏版画（候选）,450,1000,230,512,JPEG,False,0,19,512,192,1.0,1.0,24,24,1.0,288,0.22168503585930405,5.119157426075269,0.872650513605731,0.6254179029598244
IMG-0014,758489cefa7507b545b40065382cc0f9547a2f801e7c18c2a9b1197d39b7cf66,清代姑苏版画（候选，待确认）,姑苏版画（候选）,1000,779,512,399,JPEG,False,7,0,384,512,1.0,1.0,48,48,1.0,576,0.21591032328192233,11.953512104139744,0.7817313610367331,0.601524544958596
IMG-0379,75861c4062e1ad9bba1d2716effa5930c5a8d3ed64ef52b26206d8b1451ee4a4,清代姑苏版画（候选，待确认）,姑苏版画（候选）,4000,3704,512,474,JPEG,False,13,0,448,512,1.0,1.0,56,56,1.0,672,0.24080551842438352,12.148347218489654,0.7727964234610118,0.5694953022331426
IMG-0215,7650e9efda7e2c3be030591fffc0c675314de6c868599daa919e38e47f25232a,清代姑苏版画（候选，待确认）,姑苏版画（候选）,3605,2752,512,391,JPEG,False,3,0,384,512,1.0,1.0,48,48,1.0,576,0.4432708431644591,4.792894935752079,0.6275886477514128,0.7430176144181221
IMG-0388,7674cb0b18ffeb412a12d95d6df9792f8893e36fa015fa44308b0be0fb926c89,清代姑苏版画（候选，待确认）,姑苏版画（候选）,2559,4000,328,512,JPEG,False,0,4,512,320,1.0,1.0,40,40,1.0,480,0.3418565957730725,2.3555493551587303,0.6145570336881283,0.6968312226835848
IMG-0002,76e46c95b82f6ccd1faaf618d3cd839021ba38878ed672757f38d72da334b3e0,清代姑苏版画（候选，待确认）,姑苏版画（候选）,1000,814,512,417,JPEG,False,16,0,384,512,0.6012065347721822,0.6221822102864584,48,22,0.4583333333333333,264,0.24142978975003557,22.28495842781557,0.692380179382155,0.4811991568705771
IMG-0236,77b1d29efc2108eb22ca0a696ea9ae7fd6d98126af989df52f4fc493eb639282,清代姑苏版画（候选，待确认）,姑苏版画（候选）,4000,3000,512,384,JPEG,False,0,0,384,512,1.0,1.0,48,48,1.0,576,0.13959921864695762,8.600277147896197,0.7992884461954581,0.5077276463679392
IMG-0171,78168237855848292f36ed3aebb6b603ea7b5924b229573a34fb187260439854,清代姑苏版画（候选，待确认）,姑苏版画（候选）,1726,3781,234,512,JPEG,False,0,21,512,192,1.0,1.0,24,24,1.0,288,0.22112041166517174,6.292265054169816,0.46207864062453263,0.5126219019702416
IMG-0412,78bef02f36a4fcffebdefb54a57d02be71678b6186609e324970b59604b0cc9f,清代姑苏版画（候选，待确认）,姑苏版画（候选）,4000,3209,512,411,JPEG,False,13,0,384,512,1.0,1.0,48,48,1.0,576,0.4032194994574884,4.19353298611111,0.6763643614811394,0.685821385005078
IMG-0233,7a9ba1baf16e75f6027683bff9ed7b6e587ac34d01c2187f24940b523796a049,清代姑苏版画（候选，待确认）,姑苏版画（候选）,522,600,445,512,JPEG,False,0,30,512,384,1.0,1.0,48,48,1.0,576,0.2533990323957691,23.96573444192492,0.4728293791449125,0.5062652607028333
IMG-0185,7b2ad3d75f6df86340cf23619c43ce2f0a1ded9d00629ab497f0490f1cfcad26,清代姑苏版画（候选，待确认）,姑苏版画（候选）,2193,3892,288,512,JPEG,False,0,16,512,256,1.0,1.0,32,32,1.0,384,0.1693397888485692,7.305210559544072,0.7726515558669573,0.5233721671003517
IMG-0296,7b31d0546f6d3a2dfb92b48275ffae004e39cd689acc80178bcccd06944f80b3,清代姑苏版画（候选，待确认）,姑苏版画（候选）,4000,2259,512,289,JPEG,False,16,0,256,512,1.0,1.0,32,32,1.0,384,0.22150820915805114,4.350694444444445,0.8791018733321156,0.6170763139308904
IMG-0425,7c224349ccd605806390df297de464e28d7da797de8072ef4138526bd06adb4c,清代姑苏版画（候选，待确认）,姑苏版画（候选）,2259,4000,289,512,JPEG,False,0,16,512,256,1.0,1.0,32,32,1.0,384,0.08692384643670627,19.556563366087175,0.6330780936868836,0.34429288493751165
IMG-0217,7c49c94615c67651633b5c52774f4bba1397aaccdeb8fd6ce2f000d1a582ac05,清代姑苏版画（候选，待确认）,姑苏版画（候选）,3404,2550,512,384,JPEG,False,0,0,384,512,1.0,1.0,48,48,1.0,576,0.5264052972516025,2.981894841269841,0.6652782415093585,0.7785583051581306
IMG-0402,7cb65e96ee3518e793032ee9db263ec3bb7b096f2169cf9d029dca9425ff77ba,清代姑苏版画（候选，待确认）,姑苏版画（候选）,2239,4000,287,512,JPEG,False,0,15,512,256,1.0,1.0,32,32,1.0,384,0.34460923631058493,6.02625248015873,0.6182577183067013,0.6387644861021222
IMG-0126,7cf1fbdaf015fc885f7385be5b6cb6adc142f1e8fc7c0f3d7f619753ae578524,清代姑苏版画（候选，待确认）,姑苏版画（候选）,2754,4000,353,512,JPEG,False,0,16,512,320,1.0,1.0,40,40,1.0,480,0.1816248618935727,4.5810263920382965,0.779726404899176,0.5796053592165656
IMG-0144,7f18d8220429f9c8bce91c4eb00f40f0fcdc2fd7cbba1bdb738e26293b98b768,清代姑苏版画（候选，待确认）,姑苏版画（候选）,2540,4000,325,512,JPEG,False,0,2,512,320,1.0,1.0,40,40,1.0,480,0.14334870627711083,7.083183736457546,0.7551605728263164,0.48931222476536257
IMG-0186,7f8f9c436a1d782259e161db4868f94fd3a78cd639516bff3cbddda1021fce57,清代姑苏版画（候选，待确认）,姑苏版画（候选）,2281,3924,298,512,JPEG,False,0,21,512,256,1.0,1.0,32,32,1.0,384,0.12960114465638323,10.578483245149911,0.7476926683302083,0.45635964777784144
IMG-0024,7f93e20c0854a2fb3fdabc512f6ea6745c0fe83be15e67f8b9559572593268b6,清代姑苏版画（候选，待确认）,姑苏版画（候选）,1000,794,512,407,JPEG,False,11,0,384,512,1.0,1.0,48,48,1.0,576,0.35068331296126354,5.98286722096246,0.7811427741748395,0.7364075152170397
IMG-0050,7fba1bdcd18a4d2ebe2b06dd0562be304b52c7f2164853b925d2754cd5443bb4,清代姑苏版画（候选，待确认）,姑苏版画（候选）,971,1000,497,512,JPEG,False,0,24,512,448,1.0,1.0,56,56,1.0,672,0.35045568817848116,7.563114134542706,0.7032417373686211,0.7192418863654799
IMG-0196,7fd00f10bedc1f63921afed129594dd98591764e71354bf300697cd0316fc143,清代姑苏版画（候选，待确认）,姑苏版画（候选）,2156,3848,287,512,JPEG,False,0,15,512,256,1.0,1.0,32,32,1.0,384,0.11948539899056566,13.91307634164777,0.7705161743300701,0.4169523804972519
IMG-0293,7fd9f4c933e5ae63380e37850bb44f7dba1deec25fcb61adbbc2e61aaf55e345,清代姑苏版画（候选，待确认）,姑苏版画（候选）,4000,2124,512,272,JPEG,False,8,0,256,512,1.0,1.0,32,32,1.0,384,0.17401462926447958,5.136208717357911,0.7929343779184574,0.5701255939200873
IMG-0335,802894065c07dc295e1bf54471f66a84a8330386aa2bc3b4dc9be621199846e5,清代姑苏版画（候选，待确认）,姑苏版画（候选）,810,1424,291,512,JPEG,False,0,17,512,256,1.0,1.0,32,32,1.0,384,0.228594500846928,7.790598952001297,0.7353754455773791,0.5938504678718913
IMG-0263,81032da06751552b3ed29f686b8e0670c6949afea10853279907e99302f5e6ff,清代姑苏版画（候选，待确认）,姑苏版画（候选）,1327,1312,512,506,JPEG,False,29,0,448,512,1.0,1.0,56,56,1.0,672,0.11758327043163468,25.850333297243367,0.6529460609575328,0.40430543826003595
IMG-0456,811dc20830809970582075ee4424abaae7d6c24227def31027809d72ddb2d932,清代姑苏版画（候选，待确认）,姑苏版画（候选）,4000,2198,512,281,JPEG,False,12,0,256,512,1.0,1.0,32,32,1.0,384,0.18276287283692294,3.9386409936585145,0.6012250521664975,0.5368544469910408
IMG-0134,81e65cc4a930808b292839d1a93f92d72718b7ad656f1af327fe3e1f7384e2fd,清代姑苏版画（候选，待确认）,姑苏版画（候选）,2755,4000,353,512,JPEG,False,0,16,512,320,1.0,1.0,40,40,1.0,480,0.23588617248975946,7.122448979591836,0.8246325127493493,0.5669191852557056
IMG-0021,828b1b8ae2e066d86ea40388262a1049c97cc0ade80ff45484ce09661cc1862c,清代姑苏版画（候选，待确认）,姑苏版画（候选）,1000,790,512,404,JPEG,False,10,0,384,512,1.0,1.0,48,48,1.0,576,0.35898220758524546,11.957290314199158,0.6966187945509832,0.69820186133548
IMG-0291,836bc30773f5753afcb4cf55eea567fc89caccf50e88d694105b295d4d174cb4,清代姑苏版画（候选，待确认）,姑苏版画（候选）,4000,3013,512,386,JPEG,False,1,0,384,512,1.0,1.0,48,48,1.0,576,0.2947949127522602,12.021961724461054,0.6921597223943846,0.6182382494156544
IMG-0173,83acf21302b00fca106e7399b9fab86aff0c9fb31c773e05ccb95f622135247d,清代姑苏版画（候选，待确认）,姑苏版画（候选）,2267,3698,314,512,JPEG,False,0,29,512,256,1.0,1.0,32,32,1.0,384,0.37172125265595274,6.400891657066051,0.7675304870429476,0.6863770700174217
IMG-0227,84f380ed12a8f194c26e9da6da580d52355e8f25936258201b2c5592a19bfd41,清代姑苏版画（候选，待确认）,姑苏版画（候选）,1917,3852,255,512,JPEG,False,0,31,512,192,1.0,1.0,24,24,1.0,288,0.16506128176213808,3.2967086083985566,0.6043800901316592,0.5246260024603016
IMG-0093,851136c1d37609280528903c7c2a9eefea2946624a21339c314bb0c1f54c269b,清代姑苏版画（候选，待确认）,姑苏版画（候选）,1800,3400,271,512,JPEG,False,0,7,512,256,1.0,1.0,32,32,1.0,384,0.19314422137198467,4.3859914336104815,0.6294921201899892,0.5514100185999218
IMG-0033,8533ab10d9aaf505c3acbbccba55537a93464ba33802fe4c98f32dc10e9fc182,清代姑苏版画（候选，待确认）,姑苏版画（候选）,1000,774,512,396,JPEG,False,6,0,384,512,1.0,1.0,48,48,1.0,576,0.3049085286057508,8.217702147933437,0.6724349400911594,0.6983329404400792
IMG-0068,8661546dbd09704ec9699d1852d85dd92d2058003e2bc8bbc3c4d6ffdfa942aa,清代姑苏版画（候选，待确认）,姑苏版画（候选）,1000,948,512,485,JPEG,False,18,0,448,512,1.0,1.0,56,56,1.0,672,0.17806017913057365,23.02109647944101,0.716042242827102,0.44886371678973125
IMG-0125,86f0a37fb981ee60a6bbabc9afab776c7cddb4b067483d69246091abc86b495b,清代姑苏版画（候选，待确认）,姑苏版画（候选）,2430,4000,311,512,JPEG,False,0,27,512,256,1.0,1.0,32,32,1.0,384,0.12183887542288196,9.632292355599647,0.46377173731960775,0.40655612611030345
IMG-0396,87a09fbc101be24292eb5d91fe774415bfc82b9674a884d3ff56745c42e7e79b,清代姑苏版画（候选，待确认）,姑苏版画（候选）,2848,4000,365,512,JPEG,False,0,22,512,320,1.0,1.0,40,40,1.0,480,0.22670083881812628,4.188707502676996,0.5756677135238261,0.5638189615763145
IMG-0172,87b64ee5e47862570b50960519c3e93a3405d6ca7201ca1bcf033bf352c40bbb,清代姑苏版画（候选，待确认）,姑苏版画（候选）,2266,3764,308,512,JPEG,False,0,26,512,256,1.0,1.0,32,32,1.0,384,0.14379996493564715,12.15228692163845,0.6280145164901765,0.4618765311461597
IMG-0441,896c8dbba822f3fdf488203e12c582336b0782625acfabd28608c8ffc66d2d27,清代姑苏版画（候选，待确认）,姑苏版画（候选）,2273,4000,291,512,JPEG,False,0,17,512,256,1.0,1.0,32,32,1.0,384,0.30447107242828486,6.492189468379944,0.7131908154292086,0.6580909425774955
IMG-0030,897ac8883ba2511bc9df641da21df8778d2158d37744c2b9cdc998fbafce9099,清代姑苏版画（候选，待确认）,姑苏版画（候选）,1000,874,512,447,JPEG,False,31,0,384,512,1.0,1.0,48,48,1.0,576,0.23836629947738422,9.225604454408796,0.6894948431751244,0.6308733845031897
IMG-0265,89d5d6d4285644ec3e69fdede904b5943516852588b1116385e46e23422b6ff2,清代姑苏版画（候选，待确认）,姑苏版画（候选）,1400,1355,512,496,JPEG,False,24,0,448,512,1.0,1.0,56,56,1.0,672,0.10754963202085802,28.190643601190473,0.6609059535777593,0.3598867990147875
IMG-0411,8a43b4c17b2b6cc6835a68dd41369eb7c4a4584f709a66a61ce314c98ee44cc7,清代姑苏版画（候选，待确认）,姑苏版画（候选）,3987,4000,510,512,JPEG,False,0,31,512,448,0.999984681372549,1.0,56,56,1.0,672,0.12415234478317803,18.724463563195588,0.5952148521817098,0.41767665745058624
IMG-0148,8a70d4773fc30f9cd92fa919863d4f9f580c47f348a2b9fd0378940446b9ecbf,清代姑苏版画（候选，待确认）,姑苏版画（候选）,3679,2690,512,374,JPEG,False,27,0,320,512,1.0,1.0,40,40,1.0,480,0.11856252129663258,23.435626102292765,0.5755455009093114,0.35867380309872837
IMG-0079,8a910d03e3dc007f76b5d5e39d694c90155631ae9a2be424c3f55b7928b251bf,清代姑苏版画（候选，待确认）,姑苏版画（候选）,917,1000,470,512,JPEG,False,0,11,512,448,1.0,1.0,56,56,1.0,672,0.523464330252249,4.893927941546989,0.5684901975394054,0.8175982915055775
IMG-0337,8ae7ffaabb1e822d81e588b9c3b57f0171df036171280a9ceb823983600636d5,清代姑苏版画（候选，待确认）,姑苏版画（候选）,1080,1820,304,512,JPEG,False,0,24,512,256,1.0,1.0,32,32,1.0,384,0.07087397485828208,30.927311665406904,0.5140597682588502,0.27727148761840203
IMG-0044,8b89018de0cb38daab0ffa3339515c1ec0bb9eff0b50971c605383c9654be4d6,清代姑苏版画（候选，待确认）,姑苏版画（候选）,979,1000,501,512,JPEG,False,0,26,512,448,1.0,1.0,56,56,1.0,672,0.2462747260692515,17.744777665770606,0.730506290886553,0.5549061279863693
IMG-0250,8bc8de633c483e804ba5a17574bd7911c64a3927b2b36586a5648c2feaadb0b6,清代姑苏版画（候选，待确认）,姑苏版画（候选）,1279,1810,362,512,JPEG,False,0,21,512,320,0.9284951225828729,0.997576904296875,40,40,1.0,480,0.3010806095693558,9.165848214285713,0.8581767684823085,0.7409415781361255
IMG-0284,8ce7e7a854d03ab619f5fb7593beb6f3d767a671bc4884a5aeccf9cebae2c528,清代姑苏版画（候选，待确认）,姑苏版画（候选）,3079,4000,394,512,JPEG,False,0,5,512,384,1.0,1.0,48,48,1.0,576,0.3840762746101228,3.65448436318972,0.7867013561836518,0.7559193860591051
IMG-0019,8e18dbfaea4654e188dfe1d0c76032b06b925e145d5f10f0f64242eda76e0334,清代姑苏版画（候选，待确认）,姑苏版画（候选）,1000,754,512,386,JPEG,False,1,0,384,512,1.0,1.0,48,48,1.0,576,0.3034588475421729,10.866567460317459,0.6951494832001008,0.674685618886179
IMG-0422,8e7e4645c199b4a3f24233713f61f2e9197a395c66c1d5d225869b9348cdee33,清代姑苏版画（候选，待确认）,姑苏版画（候选）,2068,4000,265,512,JPEG,False,0,4,512,256,1.0,1.0,32,32,1.0,384,0.14180692065227407,6.491633302626607,0.5901977286298226,0.4723169187662895
IMG-0449,8f6205393e85578180baa6b9e53d00e65a933231b4015e26016aa2aad76e8ae8,清代姑苏版画（候选，待确认）,姑苏版画（候选）,2859,4000,366,512,JPEG,False,0,23,512,320,1.0,1.0,40,40,1.0,480,0.230994761029506,2.9080257961906386,0.6311755567207338,0.6028210766144064
IMG-0348,8fb8595b171829a5edf9003edb5542a2ea3d2cf1a9ba0db0fd2a0449adb6de33,清代姑苏版画（候选，待确认）,姑苏版画（候选）,1668,1080,512,332,JPEG,False,6,0,320,512,1.0,1.0,40,40,1.0,480,0.17157079526411517,14.910083981467261,0.6135830830932336,0.4515226470334779
IMG-0092,90d57f37847ebd251dd175e03631c2b6ff62ab417ab2b6c090e3c4c9431a6d21,清代姑苏版画（候选，待确认）,姑苏版画（候选）,1502,3400,226,512,JPEG,False,0,17,512,192,1.0,1.0,24,24,1.0,288,0.25155618506102945,9.162486247816446,0.6158614618294331,0.5919979226212464
IMG-0053,910364504cb3d11d1c221ce3f654b655302b33d7ae7bf7c422bd5ce4713f337e,清代姑苏版画（候选，待确认）,姑苏版画（候选）,954,1000,488,512,JPEG,False,0,20,512,448,1.0,1.0,56,56,1.0,672,0.4198909921962526,4.221750192012289,0.6382425903211796,0.7619651850295642
IMG-0162,9120d08ffc126cc5be902ede4edc63d2220b66715d33ae0471a6850388725fca,清代姑苏版画（候选，待确认）,姑苏版画（候选）,3571,2511,512,360,JPEG,False,20,0,320,512,1.0,1.0,40,40,1.0,480,0.10477846008566016,16.647014361300073,0.635503035429309,0.3679651965411139
IMG-0174,9170c8c9e46c6ffbd66539521afc359e894268be5cf6c5ceb3d8cbfffc863d5c,清代姑苏版画（候选，待确认）,姑苏版画（候选）,2096,3852,279,512,JPEG,False,0,11,512,256,1.0,1.0,32,32,1.0,384,0.3160999154754851,4.513818027210885,0.7574587161549169,0.6734105057657602
IMG-0268,92cbf16b3bc947eb4380310aff578241e8d4b3f544a78c991364ca611c46de2b,清代姑苏版画（候选，待确认）,姑苏版画（候选）,1341,1391,494,512,JPEG,False,0,23,512,448,1.0,1.0,56,56,1.0,672,0.2566549993807159,7.08278309811828,0.6785679629875687,0.6280563252556668
IMG-0403,9397b05a6033717d575f3a71e101e80ceedd39d311f3f9055189a9b3066f5af9,清代姑苏版画（候选，待确认）,姑苏版画（候选）,2245,4000,287,512,JPEG,False,0,15,512,256,1.0,1.0,32,32,1.0,384,0.3831901073475958,3.745023935500126,0.6320004057260554,0.6966841544371472
IMG-0029,9466c150cc6a92aecb0ab1b48a6e3eb7d868d419b3f45a53ac5b260d03278407,清代姑苏版画（候选，待确认）,姑苏版画（候选）,1000,849,512,435,JPEG,False,25,0,384,512,1.0,1.0,48,48,1.0,576,0.34491997971875415,16.732824802374655,0.6126468529527891,0.600945873830909
IMG-0105,94d53841315850a42f0ede4b2f5b06ba329f0b3b71537a01970af3f2fa69df05,清代姑苏版画（候选，待确认）,姑苏版画（候选）,3400,2471,512,372,JPEG,False,26,0,320,512,1.0,1.0,40,40,1.0,480,0.09357821050980361,19.482993197278912,0.5653234103828915,0.3290314635461374
IMG-0034,952a2c682f0548d68bb3e59e4fb4fc2670998355351a6b14f3edda959cf61af2,清代姑苏版画（候选，待确认）,姑苏版画（候选）,939,1000,481,512,JPEG,False,0,16,512,448,1.0,1.0,56,56,1.0,672,0.08445104780483938,36.23507842593837,0.5829412326211728,0.3140281558606552
IMG-0025,95688611c09dbfb115ede8bd872aa3533e2db0d3984d4a55ad35f9044fa49fe9,清代姑苏版画（候选，待确认）,姑苏版画（候选）,1000,996,512,510,JPEG,False,31,0,448,512,1.0,1.0,56,56,1.0,672,0.09865337172453847,37.54681880275258,0.5804179746321891,0.3040750029594016
IMG-0353,96aaa267ae3886f84bb1c84ce1b38f0f145f4fdde2ba42cae6c70e5d6e9e44b8,清代姑苏版画（候选，待确认）,姑苏版画（候选）,1068,1866,293,512,JPEG,False,0,18,512,256,1.0,1.0,32,32,1.0,384,0.2332277905254886,5.233056185437138,0.782832172595717,0.6274696126386008
IMG-0329,976aa3b2dd4bbca1eba2c483a27e053ae02e94dc9b77b900de0ad4c75ccf0eea,清代姑苏版画（候选，待确认）,姑苏版画（候选）,972,1772,281,512,JPEG,False,0,12,512,256,1.0,1.0,32,32,1.0,384,0.1142108538369896,9.101284958427815,0.7369401586049559,0.45972922468374333
IMG-0413,97cd21d783953673699cb2b945d8039fe349a53bb8807a7ebc65ca8f755d49af,清代姑苏版画（候选，待确认）,姑苏版画（候选）,4000,3183,512,407,JPEG,False,11,0,384,512,1.0,1.0,48,48,1.0,576,0.5947785775559467,4.324263038548753,0.6210543406439092,0.787781935058075
IMG-0168,98641ecec94a38bc4279af8f363a952d7c6cf04bd67cbff37279f213a1725415,清代姑苏版画（候选，待确认）,姑苏版画（候选）,3898,2222,512,292,JPEG,False,18,0,256,512,1.0,1.0,32,32,1.0,384,0.23051542075564593,6.747016138514187,0.5419744379493365,0.54028192229916
IMG-0336,98765fe88870f27885e8041aa06c7d91106512dc134241b1d6100ffe4c379032,清代姑苏版画（候选，待确认）,姑苏版画（候选）,1006,1876,275,512,JPEG,False,0,9,512,256,1.0,1.0,32,32,1.0,384,0.23051660997720663,55.4116906021668,0.66802488768761,0.5430539854606775
IMG-0201,98e3e9a442823f1b7ab494f4c96c3bdca7b65d63ad1944a02d5e3301541fbd87,清代姑苏版画（候选，待确认）,姑苏版画（候选）,4000,2114,512,271,JPEG,False,7,0,256,512,1.0,1.0,32,32,1.0,384,0.18893479251490558,6.708742756361804,0.8334467449499798,0.5603436756718958
IMG-0064,997bcd20ce946829aafb3392e265414716d2499bb79d661e9b50698cc3d4234a,清代姑苏版画（候选，待确认）,姑苏版画（候选）,1000,972,512,498,JPEG,False,25,0,448,512,1.0,1.0,56,56,1.0,672,0.29071526926185093,14.287402773245372,0.7405571114639335,0.6149621167534048
IMG-0023,99fed0b3bf4b0f8a052355dfcdc9cd30d066dd46634c521e980835469abc2e3e,清代姑苏版画（候选，待确认）,姑苏版画（候选）,1000,814,512,417,JPEG,False,16,0,384,512,1.0,1.0,48,48,1.0,576,0.29653502293025646,8.210419784326515,0.7746662918047204,0.6874060220382059
IMG-0458,9a994d0537b8df9a2204c278a2c98825f82d50d1adf2b2662f1931c69110caf0,清代姑苏版画（候选，待确认）,姑苏版画（候选）,2467,4000,316,512,JPEG,False,0,30,512,256,1.0,1.0,32,32,1.0,384,0.1221982257041777,9.767039788959192,0.7178792701030108,0.44566956254697127
IMG-0249,9b6c35f7c6743acdd671104be7dba00fc5435ed63c2a8aabbd7fe5f101b9e2ab,清代姑苏版画（候选，待确认）,姑苏版画（候选）,1279,1810,362,512,JPEG,False,0,21,512,320,0.9647412379143646,0.997906494140625,40,40,1.0,480,0.19857422992145726,12.619299571680525,0.7113675733045072,0.5415559794343485
IMG-0421,9b7502e5416ab56a0ead3501ad559f8272af60958d296507f6dc793075b6e2e9,清代姑苏版画（候选，待确认）,姑苏版画（候选）,2652,4000,339,512,JPEG,False,0,9,512,320,1.0,1.0,40,40,1.0,480,0.3683392279249337,6.154195011337869,0.6428632372756609,0.70443645314773
IMG-0364,9bde9492bad2fb3d9cc2e38b4df23d1217ef990bc628f94314eb430531cdbc05,清代姑苏版画（候选，待确认）,姑苏版画（候选）,778,1174,339,512,JPEG,False,0,9,512,320,1.0,1.0,40,40,1.0,480,0.12248310328803295,11.88586545729403,0.6392540928015975,0.40900474346473237
IMG-0055,9c03188b236bb48a2a11e40a5c46c49d23c2a283168bb8d2b0865250d33c6039,清代姑苏版画（候选，待确认）,姑苏版画（候选）,1000,879,512,450,JPEG,False,1,0,448,512,1.0,1.0,56,56,1.0,672,0.20111408304730588,24.35599378360215,0.6297052641877114,0.4817389078897277
IMG-0277,9ccded69487eaa18b1a9771db712ae968558468bfaf09f1a3ff522fd30e1d59d,清代姑苏版画（候选，待确认）,姑苏版画（候选）,3889,2226,512,293,JPEG,False,18,0,256,512,1.0,1.0,32,32,1.0,384,0.11766108112267859,11.53514739229025,0.5710214724159839,0.41461560828847277
IMG-0113,9d4911a4fbc30c9c5adad43f912703d676de1d428422750616e53ff2c0852331,清代姑苏版画（候选，待确认）,姑苏版画（候选）,3400,2384,512,359,JPEG,False,19,0,320,512,1.0,1.0,40,40,1.0,480,0.11901997269157975,12.97072328687614,0.5727977818684162,0.3958003677659684
IMG-0271,9d4c57268468459939eb76998267284c4a623f3bd339194d15d3b68ff522a963,清代姑苏版画（候选，待确认）,姑苏版画（候选）,1634,1089,512,341,JPEG,False,10,0,320,512,1.0,1.0,40,40,1.0,480,0.06741875557829699,41.483245149911816,0.6096261286875979,0.2735019598769241
IMG-0181,9eb0a0802ad759ea4a5fe2a8a60caf1b5139dfec4c1f4a9d2d91a869b069bb17,清代姑苏版画（候选，待确认）,姑苏版画（候选）,2407,4000,308,512,JPEG,False,0,26,512,256,1.0,1.0,32,32,1.0,384,0.2746825183898413,5.480594758064516,0.4929984499372009,0.5918165111391864
IMG-0043,9ed15a25fa9701e4b352926f6fd82824b39795fe922dc9216518e08ad8295fdc,清代姑苏版画（候选，待确认）,姑苏版画（候选）,1000,941,512,482,JPEG,False,17,0,448,512,1.0,1.0,56,56,1.0,672,0.2623199706365841,17.860166288737716,0.6514009263384322,0.6015926564877954
IMG-0430,9fa15d7b6f31dce355605a1151ea2b14b929a48aec73bb7f26110aa74ffbad46,清代姑苏版画（候选，待确认）,姑苏版画（候选）,2707,4000,346,512,JPEG,False,0,13,512,320,1.0,1.0,40,40,1.0,480,0.211153920918701,16.60793020912069,0.5882061037227972,0.46365328394875727
IMG-0076,9fc320e627eba81c44b3445beb4e045b5881e2f611bb239d89f004ef3ba65234,清代姑苏版画（候选，待确认）,姑苏版画（候选）,670,1000,343,512,JPEG,False,0,11,512,320,1.0,1.0,40,40,1.0,480,0.2748576055224019,14.454084270208128,0.6169291857334013,0.5421239803692512
IMG-0397,a130a35344e907b58732f0ad29c0a8d651f7aa6b16b1660a3afeab0e5815b91b,清代姑苏版画（候选，待确认）,姑苏版画（候选）,1839,4000,235,512,JPEG,False,0,21,512,192,1.0,1.0,24,24,1.0,288,0.18047514715949015,4.628117913832201,0.5957014677877189,0.5549848174978731
IMG-0375,a1595dd438a3e0a2c6556ee51e577a4f3a1791122808d9ef5523574f407d8a18,清代姑苏版画（候选，待确认）,姑苏版画（候选）,4000,3703,512,474,JPEG,False,13,0,448,512,1.0,1.0,56,56,1.0,672,0.3397519889836637,10.865493147003495,0.6641643146355231,0.6042544457929817
IMG-0205,a1de357a3f2904ab2e75ef17a41e5450039de0bca2ecb698f9308d78cdf7e969,清代姑苏版画（候选，待确认）,姑苏版画（候选）,2938,3384,445,512,JPEG,False,0,30,512,384,1.0,1.0,48,48,1.0,576,0.4626235600220787,4.32711045277927,0.6650031107768593,0.7888266445395844
IMG-0204,a2208d0e168ff5c511afd809439ba61c62c561caecefcf0e3b19c4e554991240,清代姑苏版画（候选，待确认）,姑苏版画（候选）,2382,3543,344,512,JPEG,False,0,12,512,320,1.0,1.0,40,40,1.0,480,0.2844478445825223,3.9196271101033004,0.8149559219498852,0.6459816506774227
IMG-0156,a2ff1009bf46a8f612cf61330a6ddc1b960f204fd3b562e843f3aba56a955e39,清代姑苏版画（候选，待确认）,姑苏版画（候选）,2840,3450,421,512,JPEG,False,0,18,512,384,1.0,1.0,48,48,1.0,576,0.3020300720779734,5.831409210189452,0.8166351734066472,0.684928740875889
IMG-0313,a35a905bfeede5702d30eabcde2190eadcd11388c841339a085d15d24ab18e0e,清代姑苏版画（候选，待确认）,姑苏版画（候选）,540,406,512,385,JPEG,False,0,0,384,512,1.0,1.0,48,48,1.0,576,0.44828069758659783,8.859278153167566,0.6762124457499181,0.6882848031411863
IMG-0114,a5a6e3f5174e248f1afcdb43f52fb619da874be25dae9d0fb7674d471a17c5d3,清代姑苏版画（候选，待确认）,姑苏版画（候选）,3400,2385,512,359,JPEG,False,19,0,320,512,1.0,1.0,40,40,1.0,480,0.10976785750790466,16.203346836419755,0.5622015906182141,0.37634261605155883
IMG-0057,a66849e69cdbd4aaecb0fe0edc89d6457ffeae9c107848d6842ea43b16dd9544,清代姑苏版画（候选，待确认）,姑苏版画（候选）,779,1000,399,512,JPEG,False,0,7,512,384,1.0,1.0,48,48,1.0,576,0.28636462388689077,13.50859375,0.7115708646261028,0.6198806884120445
IMG-0161,a81c9679e1cad0984325ddbafeffab1a6a5cec430c9bc86c17cf5546a069ebf0,清代姑苏版画（候选，待确认）,姑苏版画（候选）,3708,2482,512,343,JPEG,False,11,0,320,512,1.0,1.0,40,40,1.0,480,0.10430103683887358,19.042338709677423,0.5246914121585426,0.3517348333271969
IMG-0036,a9000aaafb7f90abc0c84c917e19258df6dbd254fff3bec2c6f05437f7e04df6,清代姑苏版画（候选，待确认）,姑苏版画（候选）,1000,863,512,442,JPEG,False,29,0,384,512,1.0,1.0,48,48,1.0,576,0.31488672011281227,21.183781739277574,0.5559662677628576,0.6031213140054468
IMG-0385,abc3193e08dc0a6bdfcb3ba2001276e3d6365e6913c27ba481ff3485ddbed0e8,清代姑苏版画（候选，待确认）,姑苏版画（候选）,4000,3692,512,473,JPEG,False,12,0,448,512,1.0,1.0,56,56,1.0,672,0.29364011978777654,11.819917850824151,0.7279844790701797,0.5788111599733926
IMG-0112,abf0cd8922d1fc1580b4f4b8e37371e1495a95366840a4b32e149a5208385c4f,清代姑苏版画（候选，待确认）,姑苏版画（候选）,1542,3400,232,512,JPEG,False,0,20,512,192,1.0,1.0,24,24,1.0,288,0.1333569441571127,10.3686753984001,0.5951447929960059,0.4372263773619398
IMG-0355,ac239fb4d0b658282fae3cc914f92ad050104bac0dc668cbe609009ca8f03f37,清代姑苏版画（候选，待确认）,姑苏版画（候选）,1162,1862,320,512,JPEG,False,0,0,512,320,1.0,1.0,40,40,1.0,480,0.14564843613024608,7.189031498015874,0.6748519124372001,0.48051167695487496
IMG-0094,ac44abab0947340caa39542bacddb01fefd066f2dc2e81336cc6237290310e8b,清代姑苏版画（候选，待确认）,姑苏版画（候选）,1515,3400,228,512,JPEG,False,0,18,512,192,1.0,1.0,24,24,1.0,288,0.27253641882387286,5.934694974469229,0.6907985419379125,0.6018002425872093
IMG-0331,acea00bba99722b2c947e838d55aa3e0ea49e4e0761a371d4501a3c828e87359,清代姑苏版画（候选，待确认）,姑苏版画（候选）,1078,1590,347,512,JPEG,False,0,13,512,320,1.0,1.0,40,40,1.0,480,0.19281812607394305,8.623121879800307,0.6799068984898973,0.5341158023690299
IMG-0130,ae3608133f4d6338ae1ef598f151eafe8dcfd908cdd8d9be08001d182bad5324,清代姑苏版画（候选，待确认）,姑苏版画（候选）,2256,4000,289,512,JPEG,False,0,16,512,256,1.0,1.0,32,32,1.0,384,0.2619640156418033,15.566824276753712,0.8012847114497053,0.570413302743734
IMG-0127,ae96c23ca3843d5b5e1ea00dfad1e4953423c69da6ceac0fac53e99510e363ca,清代姑苏版画（候选，待确认）,姑苏版画（候选）,3807,2998,512,403,JPEG,False,9,0,384,512,1.0,1.0,48,48,1.0,576,0.24934910822147677,6.759133282942806,0.8080883530959891,0.6039163558922469
IMG-0266,af26b77e593d94b9d8da12d3ad3bd027a64de94759778393aa2809ed749f7f57,清代姑苏版画（候选，待确认）,姑苏版画（候选）,1416,1349,512,488,JPEG,False,20,0,448,512,1.0,1.0,56,56,1.0,672,0.18292382148846986,11.651045603426557,0.7436116871578438,0.5354493753345566
IMG-0136,afd8fb147fe6a0c1b7dd71eb1adc01327a6a9f346f87c79ca88c2a82c262985f,清代姑苏版画（候选，待确认）,姑苏版画（候选）,2427,4000,311,512,JPEG,False,0,27,512,256,1.0,1.0,32,32,1.0,384,0.13714221781711547,7.770990803728898,0.5518181001673554,0.4533953476873748
IMG-0276,afe37b7e0496eb1fd64f4632e4d21db3f48eddf9bbf3a6b24cdc7bbc2a65fde8,清代姑苏版画（候选，待确认）,姑苏版画（候选）,2429,3508,355,512,JPEG,False,0,17,512,320,1.0,1.0,40,40,1.0,480,0.14297190508646596,9.585631480414747,0.6331462213098509,0.47261456249143063
IMG-0237,b0134dc849e560a2e9fd662aeb100e1d463d78a1e10ff91de097e11745551b67,清代姑苏版画（候选，待确认）,姑苏版画（候选）,4000,3000,512,384,JPEG,False,0,0,384,512,1.0,1.0,48,48,1.0,576,0.2727413726460416,5.659990239375319,0.8412168857187771,0.7093739659464298
IMG-0235,b0ab6eb28e88422b116827a61768b21aca156b3af4028d02e703547fa64ed2f2,清代姑苏版画（候选，待确认）,姑苏版画（候选）,4000,3000,512,384,JPEG,False,0,0,384,512,1.0,1.0,48,48,1.0,576,0.1598659602634905,7.322958669354839,0.8057215697415661,0.5326363238107508
IMG-0267,b0b70c42e8e1098f82107f7d7e6c903ec65200fe1179df04c25b5f027a9ca6e6,清代姑苏版画（候选，待确认）,姑苏版画（候选）,1384,1448,489,512,JPEG,False,0,20,512,448,1.0,1.0,56,56,1.0,672,0.29144594854124084,6.424792139077853,0.6717262023686891,0.5932739066675208
IMG-0243,b1a1fdad1bba32c4a0274dcd3b3f85856623ddd8dd1a844096db19bc36f5ac0c,清代姑苏版画（候选，待确认）,姑苏版画（候选）,4000,3000,512,384,JPEG,False,0,0,384,512,1.0,1.0,48,48,1.0,576,0.2852647943556243,2.8699924414210125,0.8636654567777362,0.6844733579844462
IMG-0054,b1e81034b740364f44f2747033b5fc85438dbe179ed3727d31c19a80917722d5,清代姑苏版画（候选，待确认）,姑苏版画（候选）,1000,882,512,452,JPEG,False,2,0,448,512,1.0,1.0,56,56,1.0,672,0.35139475825502664,10.638941144853533,0.7016484299438077,0.6819617196166862
IMG-0439,b2723a3e44f6b5a79d5f70703089fcd1fb1fca89fd525dc6afebb467f87c0b61,清代姑苏版画（候选，待确认）,姑苏版画（候选）,2382,4000,305,512,JPEG,False,0,24,512,256,1.0,1.0,32,32,1.0,384,0.11710077591580495,23.179438001097374,0.639810641650735,0.3968694757289871
IMG-0213,b3cd33da926ca73751733bcddd59d7b76b908ea32a5189208bde3433fc17195b,清代姑苏版画（候选，待确认）,姑苏版画（候选）,3612,2997,512,425,JPEG,False,20,0,384,512,1.0,1.0,48,48,1.0,576,0.435182373016432,2.4798507104454686,0.555173694251684,0.7589929066878931
IMG-0147,b46a4d5940850a60d22d9810cc7b6aef2f24335d1f095bedf632ca306b6b9881,清代姑苏版画（候选，待确认）,姑苏版画（候选）,3348,2950,512,451,JPEG,False,1,0,448,512,1.0,1.0,56,56,1.0,672,0.16436234003396483,6.1805128003333305,0.7284353589897594,0.48800738501626506
IMG-0232,b46ae53eec282ec8f1ae9e324a02c6a9050465cb834c4350f95aa462e6801b95,清代姑苏版画（候选，待确认）,姑苏版画（候选）,414,600,353,512,JPEG,False,0,16,512,320,1.0,1.0,40,40,1.0,480,0.3752172010198262,10.33509700176367,0.7671052112767416,0.6948717684961025
IMG-0109,b5baa958fe3f48ac1276f96b8d7623b8af9555f0552dd2ec0c5c756beef00c25,清代姑苏版画（候选，待确认）,姑苏版画（候选）,1773,3400,267,512,JPEG,False,0,5,512,256,1.0,1.0,32,32,1.0,384,0.09748048072998405,14.469770322254933,0.6789393715980622,0.3686522423692237
IMG-0318,b6bb4ae47d5a340e2fb68106c4efbea65b673fa11e0059336bffb6139d61e656,清代姑苏版画（候选，待确认）,姑苏版画（候选）,376,694,277,512,JPEG,False,0,10,512,256,1.0,1.0,32,32,1.0,384,0.08934234678599427,13.28663018560172,0.5880802676917147,0.3453960386640025
IMG-0338,b6fcc57251e2729bf7013dff6f17cc6125f16a16026719c153b2a7a596bb8281,清代姑苏版画（候选，待确认）,姑苏版画（候选）,1080,1716,322,512,JPEG,False,0,1,512,320,1.0,1.0,40,40,1.0,480,0.20691000772845097,7.992313508064516,0.7154587594073647,0.5621791615224834
IMG-0445,b7603d3d9d56036200b99d396c9e33da896dc8b0b6cb6fb0e6d605dd6add275d,清代姑苏版画（候选，待确认）,姑苏版画（候选）,4000,3289,512,421,JPEG,False,18,0,384,512,1.0,1.0,48,48,1.0,576,0.12424825421556455,10.361607142857142,0.55951853515649,0.4266684717219353
IMG-0179,b7ac7523bb8cd5de28717a1189ac264116b5a599490c856e67cf093488e06bce,清代姑苏版画（候选，待确认）,姑苏版画（候选）,2299,3638,324,512,JPEG,False,0,2,512,320,1.0,1.0,40,40,1.0,480,0.259325846631577,6.886621315192745,0.8645389798229184,0.654887464701283
IMG-0165,b7edda828317680998232986be9543c0f061d8282d4be6da628d2ef31133fe24,清代姑苏版画（候选，待确认）,姑苏版画（候选）,3087,2998,512,497,JPEG,False,24,0,448,512,1.0,1.0,56,56,1.0,672,0.202184010794705,17.713403880070548,0.7035050461377018,0.4854665390021346
IMG-0440,b88eed33eddc84b277533977a1bb29e9c44f8e33126dd077c779cc3bc251dbb2,清代姑苏版画（候选，待确认）,姑苏版画（候选）,2217,4000,284,512,JPEG,False,0,14,512,256,1.0,1.0,32,32,1.0,384,0.11411771639898174,27.01384283756751,0.5613992452598134,0.3831416180986988
IMG-0216,b95e56c7b74a5686d3f698a6fc60730ec4cdc56b0a053951355a01b89aa51641,清代姑苏版画（候选，待确认）,姑苏版画（候选）,3409,2698,512,405,JPEG,False,10,0,384,512,1.0,1.0,48,48,1.0,576,0.439273671185443,6.019923275089607,0.6995426831665941,0.6800940791628312
IMG-0305,babfa56fc02427e7be3c46cdd905cacc1fb51677cc4c2d400c5841d424d4a992,清代姑苏版画（候选，待确认）,姑苏版画（候选）,1279,2331,281,512,JPEG,False,0,12,512,256,1.0,1.0,32,32,1.0,384,0.32155885115247296,19.118303571428573,0.5641941293687965,0.6269800812492631
IMG-0311,bb6a7347c586225760dd3daee07573d1981be07c48669c8044dc1b030851d322,清代姑苏版画（候选，待确认）,姑苏版画（候选）,1026,2016,261,512,JPEG,False,0,2,512,256,1.0,1.0,32,32,1.0,384,0.16648352540594363,9.510456034265559,0.6970639334188571,0.4960605389611104
IMG-0082,bbe2e3aad2af69896ef8b44584c1efbc33fb6c09744c234ed8b9e16c271152a0,清代姑苏版画（候选，待确认）,姑苏版画（候选）,1000,934,512,478,JPEG,False,15,0,448,512,1.0,1.0,56,56,1.0,672,0.22418404919219617,20.616150163769213,0.5982692848887579,0.5107102593831437
IMG-0100,bc1662499d29cdde0bd7954437f7a9e315de884ccd89dab086b5bf81afcc44ad,清代姑苏版画（候选，待确认）,姑苏版画（候选）,1913,3400,288,512,JPEG,False,0,16,512,256,1.0,1.0,32,32,1.0,384,0.15328945836207,8.783091517857143,0.6660313955091012,0.5046060691344856
IMG-0255,bc2a393f66506fb24da57b67c837dcd7c609c01a6dea0d4150608df9f338a8a3,清代姑苏版画（候选，待确认）,姑苏版画（候选）,1383,1366,512,506,JPEG,False,29,0,448,512,1.0,1.0,56,56,1.0,672,0.0852599294632378,39.69891660367851,0.518030984531303,0.30650630518866084
IMG-0200,bd6757a3c2ac6ede5abb7d22116dc7cf06c60f12abef06b6427c87d505fed3f0,清代姑苏版画（候选，待确认）,姑苏版画（候选）,2170,3826,290,512,JPEG,False,0,17,512,256,1.0,1.0,32,32,1.0,384,0.3184425629427419,5.401449810248173,0.789953287551524,0.6860409981209927
IMG-0208,be5d3e3366a76bdbdce8379e6c5e526318af87ad302797ec6c80777bb6423e9e,清代姑苏版画（候选，待确认）,姑苏版画（候选）,3072,2931,512,488,JPEG,False,20,0,448,512,1.0,1.0,56,56,1.0,672,0.36966097604265796,9.214392968510523,0.5444272834460459,0.626034828793672
IMG-0169,be8c5826147db48c05231d58ecf2f7ca7c4db97db4d68e058fad0eb6a05f0429,清代姑苏版画（候选，待确认）,姑苏版画（候选）,2998,3162,485,512,JPEG,False,0,18,512,448,1.0,1.0,56,56,1.0,672,0.14013622134436732,31.611600942460313,0.3708768207861486,0.3520646847514006
IMG-0446,bea1f73dc1d441b1cffec14b188867a109e34caf084af76611d598f0ff445a70,清代姑苏版画（候选，待确认）,姑苏版画（候选）,2165,4000,277,512,JPEG,False,0,10,512,256,1.0,1.0,32,32,1.0,384,0.11353095653975159,10.983371126228269,0.7004339992241498,0.4360044466654245
IMG-0252,bfebfaa78d5d176bf7d7635600bc33422e783e8735360a9bf054ee39a71b381e,清代姑苏版画（候选，待确认）,姑苏版画（候选）,853,509,512,306,JPEG,False,25,0,256,512,1.0,1.0,32,32,1.0,384,0.08496759150351632,15.220206601158981,0.5968348102399612,0.3302755245322039
IMG-0301,c00807567c898b4903cfe931a41675ac33b621b35b258b279a6ec961a4ad1bf9,清代姑苏版画（候选，待确认）,姑苏版画（候选）,4000,2124,512,272,JPEG,False,8,0,256,512,1.0,1.0,32,32,1.0,384,0.1702950269352781,4.573406005920887,0.8206167270237346,0.5857568429069191
IMG-0192,c128c4e6c80e1c9ad75f4b801ecb8bff662ea64c33543817bd3e1384ee37c8f8,清代姑苏版画（候选，待确认）,姑苏版画（候选）,2402,4000,307,512,JPEG,False,0,25,512,256,1.0,1.0,32,32,1.0,384,0.1115442518756653,11.567145376669187,0.6513227177643179,0.3932194375504063
IMG-0340,c13e06ee61c6c9a940f93efadf114f984a067cb27d0cdec418dee6756f5c57e2,清代姑苏版画（候选，待确认）,姑苏版画（候选）,1080,1652,335,512,JPEG,False,0,7,512,320,1.0,1.0,40,40,1.0,480,0.14288724513691378,11.778281683043588,0.635798285467673,0.4477111559461274
IMG-0157,c1680816675e039fb3fb4cb83d3cd8b49f6abdccac4f1f6ccff30dde36b40c40,清代姑苏版画（候选，待确认）,姑苏版画（候选）,3948,2657,512,345,JPEG,False,12,0,320,512,1.0,1.0,40,40,1.0,480,0.1492965355149224,10.072940287226,0.6202808046478817,0.458757826135271
IMG-0264,c1a0da50f842bb5ec735fc01486569876368927b3d93786f7c668bdc952ce428,清代姑苏版画（候选，待确认）,姑苏版画（候选）,1333,1297,512,498,JPEG,False,25,0,448,512,1.0,1.0,56,56,1.0,672,0.10220833618760519,24.64222726127488,0.6158268333807364,0.39017114451936813
IMG-0410,c1f2a8034804406d5f1468e02126f9915a89ac504ac4cac738ba9635f477560f,清代姑苏版画（候选，待确认）,姑苏版画（候选）,2048,4000,262,512,JPEG,False,0,3,512,256,1.0,1.0,32,32,1.0,384,0.26150179024089726,2.400595238095238,0.6546578153904249,0.6289855557969894
IMG-0065,c2478c397bc085fe6017e4ad35ad780a3fa0580150f3d47974936793e4abad4e,清代姑苏版画（候选，待确认）,姑苏版画（候选）,797,1000,408,512,JPEG,False,0,12,512,384,1.0,1.0,48,48,1.0,576,0.3728587417953441,11.614955357142856,0.6762398627299985,0.6491266135391313
IMG-0166,c2c0caa52a18407f74b6179ef47ca0dc872af4d25f95f39bbdc344c70e8fdbe0,清代姑苏版画（候选，待确认）,姑苏版画（候选）,3385,2998,512,453,JPEG,False,2,0,448,512,1.0,1.0,56,56,1.0,672,0.2963968955155577,8.816716269841269,0.806957725397613,0.6822540865320581
IMG-0358,c2c4594237efa38a609562cf94850b6a4b1eb63a896f4d24863335c4ca2ce519,清代姑苏版画（候选，待确认）,姑苏版画（候选）,920,1870,252,512,JPEG,False,0,30,512,192,1.0,1.0,24,24,1.0,288,0.1646894508887873,7.47593245967742,0.6940656163255975,0.530182524926547
IMG-0391,c2fdd4957e039235ca18a1d62800bd617fdc01804cea3d32127c37d9622001a0,清代姑苏版画（候选，待确认）,姑苏版画（候选）,4000,2626,512,336,JPEG,False,8,0,320,512,1.0,1.0,40,40,1.0,480,0.1001678613819848,16.628072545849285,0.6238160978060254,0.38003859904166676
IMG-0287,c32bc9705c828440ffadec50cf0ae1eca9f69b76a058b2257833fd3ced7ca2fc,清代姑苏版画（候选，待确认）,姑苏版画（候选）,4000,2865,512,367,JPEG,False,23,0,320,512,1.0,1.0,40,40,1.0,480,0.1992299770717354,10.124716553287982,0.7012969797224978,0.5244614321863097
IMG-0377,c3fe6083be46e9ba8361e0b137827abbac2961361aa37c1824d14e882155d5e5,清代姑苏版画（候选，待确认）,姑苏版画（候选）,4000,3686,512,472,JPEG,False,12,0,448,512,1.0,1.0,56,56,1.0,672,0.3135539656601557,7.551972119866465,0.4753752168836053,0.5524109672343148
IMG-0240,c505b3b174bfaa25538ba7e7d2cc1bda718a68f7064e77a594c32c66e4c5d4c1,清代姑苏版画（候选，待确认）,姑苏版画（候选）,4000,3000,512,384,JPEG,False,0,0,384,512,1.0,1.0,48,48,1.0,576,0.29444313662658145,4.7419874871991805,0.8376442483375888,0.7281501386983128
IMG-0118,c58c7fca24d0e5f2f0b0577535112ec26510a871063d450a752d44de167f0a94,清代姑苏版画（候选，待确认）,姑苏版画（候选）,2448,3264,384,512,JPEG,False,0,0,512,384,0.9708658854166666,0.9708658854166666,48,45,0.9375,540,0.2500392914846893,10.763193189970178,0.8269883076089873,0.6212689802977835
IMG-0372,c5eaa91d4c2eca8f0231369513b28454c0f3ff2e32badf2c561d18a27f711292,清代姑苏版画（候选，待确认）,姑苏版画（候选）,1064,1980,275,512,JPEG,False,0,9,512,256,1.0,1.0,32,32,1.0,384,0.09287946105872631,29.120194692460316,0.6118441568648021,0.3616379631795185
IMG-0343,c6a62613d89231b096d30959d51878cfe2eb70662494070d799023aeed41246f,清代姑苏版画（候选，待确认）,姑苏版画（候选）,962,1866,264,512,JPEG,False,0,4,512,256,1.0,1.0,32,32,1.0,384,0.4085391760853866,2.4513032961093635,0.9177561637432101,0.7861449773755617
IMG-0404,c81f4dc2d85b81de17c825ed794271be127de1f86bbc7d6e1706bf1400f9f75c,清代姑苏版画（候选，待确认）,姑苏版画（候选）,4000,2770,512,355,JPEG,False,17,0,320,512,1.0,1.0,40,40,1.0,480,0.2348381145873435,2.926363271278233,0.5556990618925498,0.5843133890192714
IMG-0259,c8ac606bfb0188a1738083d8dbd6ebbea8f92b5ebd304b75617780534cc491d4,清代姑苏版画（候选，待确认）,姑苏版画（候选）,1327,1280,512,494,JPEG,False,23,0,448,512,1.0,1.0,56,56,1.0,672,0.1291689177983345,15.771089875954697,0.7165205887087182,0.42307886170106623
IMG-0110,c92b61635f7abf8077f95fa312009cacd2e46dc05de3cf2ef85d304dd93116f9,清代姑苏版画（候选，待确认）,姑苏版画（候选）,1806,3400,272,512,JPEG,False,0,8,512,256,1.0,1.0,32,32,1.0,384,0.09821720563406125,16.154446963970774,0.5919649565165235,0.36484605841754425
IMG-0248,c947f9bf18b77499bce8f4d9433c7e08ef5bf186c6f76345f9b4564e1493f8bf,清代姑苏版画（候选，待确认）,姑苏版画（候选）,1810,1279,512,362,JPEG,False,21,0,320,512,0.9368093922651933,0.9848876953125,40,40,1.0,480,0.19005035420645533,16.500980253212397,0.6196667094433328,0.4666782527766074
IMG-0389,c94cfdfc1228f6d27d4197698d1276dbea7ca6745ae93d0b6db47584c60347c3,清代姑苏版画（候选，待确认）,姑苏版画（候选）,4000,2563,512,328,JPEG,False,4,0,320,512,1.0,1.0,40,40,1.0,480,0.1994089500755375,14.569490447388631,0.48704833968288475,0.4461205815885707
IMG-0406,c9d8013919d82ecb0c219f8303c00f47f380cbd4ebd06df177ac547a1634d410,清代姑苏版画（候选，待确认）,姑苏版画（候选）,4000,2490,512,319,JPEG,False,31,0,256,512,1.0,1.0,32,32,1.0,384,0.406236242830621,0.8111097110215053,0.4506660951919894,0.752452889987904
IMG-0261,ca93b7372376ae11aaad65e20c526159b3daabfd64574e7a55f97dd2feb639b8,清代姑苏版画（候选，待确认）,姑苏版画（候选）,1344,1378,499,512,JPEG,False,0,25,512,448,1.0,1.0,56,56,1.0,672,0.1049488847479706,29.61373127880184,0.6131560448588267,0.35129099309800926
IMG-0226,caecfafd7cd99c0ad58aeb6b3654590e3bf2097e6bbe949df0204bd3b32b9fc5,清代姑苏版画（候选，待确认）,姑苏版画（候选）,2211,3825,296,512,JPEG,False,0,20,512,256,1.0,1.0,32,32,1.0,384,0.17339966720447292,5.162131519274377,0.7023201847519064,0.5591016408920522
IMG-0234,cb6689893349b60ef7f76efec6d8d8e431e29629042876c2f4cab48d6112b135,清代姑苏版画（候选，待确认）,姑苏版画（候选）,1279,1706,384,512,JPEG,False,0,0,512,384,1.0,1.0,48,48,1.0,576,0.32230836088621106,2.8706352158919124,0.8608181444463572,0.7670080572779998
IMG-0325,cb7a8f03518463c3c75a0ffcb9e1237a9b4435afa3b6a63e76e4d484e4536462,清代姑苏版画（候选，待确认）,姑苏版画（候选）,1080,1911,289,512,JPEG,False,0,16,512,256,1.0,1.0,32,32,1.0,384,0.09790626066338118,19.526832955404384,0.7265953908064238,0.3841057487526724
IMG-0209,cc6b8661ec588cee9b11d5ce072bfd6783eaaf74048179c0513335b3ed9abaf6,清代姑苏版画（候选，待确认）,姑苏版画（候选）,3647,2992,512,420,JPEG,False,18,0,384,512,1.0,1.0,48,48,1.0,576,0.4166923159705589,3.184933835765489,0.7532877639618154,0.7660905940139802
IMG-0371,cd654e1b3ff946a84c31776e41f91777d4f8a5c8be0450ce0b7af1037d5d2c29,清代姑苏版画（候选，待确认）,姑苏版画（候选）,762,564,512,379,JPEG,False,29,0,320,512,1.0,1.0,40,40,1.0,480,0.13990636904917017,21.69450743260267,0.41158050984635797,0.3675225249113616
IMG-0398,ce45e0a0423fec7b2dc3777c58702ee35b6704e337c2082a2bdcc87351ce48b2,清代姑苏版画（候选，待确认）,姑苏版画（候选）,2197,4000,281,512,JPEG,False,0,12,512,256,1.0,1.0,32,32,1.0,384,0.2616476241354326,3.7510707986898457,0.7544077267749394,0.6259179420672819
IMG-0426,ce69c0054ccc69c52473cd053bfbf8d661d18a244659b8f3cbd8b998614ba79a,清代姑苏版画（候选，待确认）,姑苏版画（候选）,2006,4000,257,512,JPEG,False,0,0,512,256,1.0,1.0,32,32,1.0,384,0.30138284965762346,6.612338018173878,0.6917942335095065,0.6353103376338887
IMG-0436,d03c7c6baf0456ec54c0e9540220ad30ab60ae03fac687de7d62f602551ff9f3,清代姑苏版画（候选，待确认）,姑苏版画（候选）,3005,4000,385,512,JPEG,False,0,0,512,384,1.0,1.0,48,48,1.0,576,0.261916101869311,4.977828168304358,0.7380157440759079,0.6395872261097304
IMG-0408,d08a5276f95b629a7b872f4c610c56f8b385881c5c0625701317253e70c322a3,清代姑苏版画（候选，待确认）,姑苏版画（候选）,4000,2209,512,283,JPEG,False,13,0,256,512,1.0,1.0,32,32,1.0,384,0.22867988370155048,4.754442189062004,0.6433244192698098,0.5813515927623627
IMG-0016,d1104a165366337df7d216ef185200353a4a736e54512b7d39ba0d1fb6a714db,清代姑苏版画（候选，待确认）,姑苏版画（候选）,1000,783,512,401,JPEG,False,8,0,384,512,1.0,1.0,48,48,1.0,576,0.30685346474430153,12.943999887870582,0.7069578825512989,0.6645407713283517
IMG-0350,d113f7f8a9efea05638abdc8f64ed20f1ff4f86cbe31ad6729f7981846a4b95f,清代姑苏版画（候选，待确认）,姑苏版画（候选）,1693,1080,512,327,JPEG,False,3,0,320,512,1.0,1.0,40,40,1.0,480,0.16864681528009928,13.872662548815823,0.6370209010818123,0.4426173777637942
IMG-0038,d166c6c1bf26e8eb729287a707879e4690486bd138114cb1b0c35626cdf51462,清代姑苏版画（候选，待确认）,姑苏版画（候选）,1000,996,512,510,JPEG,False,31,0,448,512,1.0,1.0,56,56,1.0,672,0.29556953036345857,26.051398337112623,0.6175152780856228,0.5745403624844158
IMG-0395,d1701dfba9a1e792fde51932aec6d2860e6a18c5393642811797f47792db10ed,清代姑苏版画（候选，待确认）,姑苏版画（候选）,2112,4000,270,512,JPEG,False,0,7,512,256,1.0,1.0,32,32,1.0,384,0.17027394195472978,14.856386999244144,0.42465548592915536,0.4195642189379329
IMG-0151,d19c1dc7cc486df53758187cc20b28215d96c837f68d6eab5178c3642f0ccc2c,清代姑苏版画（候选，待确认）,姑苏版画（候选）,3662,2623,512,367,JPEG,False,23,0,320,512,1.0,1.0,40,40,1.0,480,0.214091104689071,10.66257637314185,0.5644085765400698,0.5462585581306807
IMG-0229,d1d9a17adce0df009d510b19d6fdc8084a990576f6ec466475f7e27ffb9c70f9,清代姑苏版画（候选，待确认）,姑苏版画（候选）,3000,4000,384,512,JPEG,False,0,0,512,384,1.0,1.0,48,48,1.0,576,0.13028691299619533,12.9648475915157,0.7261164648887424,0.46051096224849497
IMG-0238,d1ff2b9eae4a2dce4e5b175cf297cdbeecabad32373f62de4061a7522714b149,清代姑苏版画（候选，待确认）,姑苏版画（候选）,4000,3000,512,384,JPEG,False,0,0,384,512,1.0,1.0,48,48,1.0,576,0.32266568433443155,5.813488063236047,0.8204626048434284,0.7243544911353997
IMG-0356,d246405ad4ffb1c269dcc86f206ef994d2aea3cadda1056bb6cb3bddfb5a0999,清代姑苏版画（候选，待确认）,姑苏版画（候选）,1050,1870,287,512,JPEG,False,0,15,512,256,1.0,1.0,32,32,1.0,384,0.1416482542255642,7.108717561098513,0.531619324092175,0.45577228059696745
IMG-0047,d2527cf71e87fdd7b12cdce027b04ea076ec3895ad7e640f4af7edcb8685e05c,清代姑苏版画（候选，待确认）,姑苏版画（候选）,1000,892,512,457,JPEG,False,4,0,448,512,1.0,1.0,56,56,1.0,672,0.16938825009133082,25.13208026266062,0.7314800196886138,0.4701797546705043
IMG-0310,d305287d0a70d347702338eebe5e65ad1c3299432b924d039d6d4a463f1b6c2c,清代姑苏版画（候选，待确认）,姑苏版画（候选）,890,1574,290,512,JPEG,False,0,17,512,256,1.0,1.0,32,32,1.0,384,0.09805260479397655,23.616780045351472,0.5664695952519618,0.3427086924119466
IMG-0314,d47a2881e6b44a6cce807b2c8f4ac533a02826f671e20f6902ba23bd33e665f5,清代姑苏版画（候选，待确认）,姑苏版画（候选）,928,428,512,236,JPEG,False,22,0,192,512,0.9999668961864406,1.0,24,24,1.0,288,0.10250092260597363,9.713529856387,0.7619596410967852,0.42228141914134343
IMG-0286,d4f1e161facebe89b1b14a9fe324590982e046728a19718dc829adf3e0b68fe1,清代姑苏版画（候选，待确认）,姑苏版画（候选）,4000,2811,512,360,JPEG,False,20,0,320,512,1.0,1.0,40,40,1.0,480,0.23815358964386446,9.554755704365078,0.6766798018294509,0.5947092694730909
IMG-0197,d5986649b05ad82d6e299b9bcd28cf9d7f6436834a666aabb5a1d98d173f3ae2,清代姑苏版画（候选，待确认）,姑苏版画（候选）,2261,3555,326,512,JPEG,False,0,3,512,320,1.0,1.0,40,40,1.0,480,0.19002975112468176,6.701236991955053,0.6818825847287383,0.5282161388767723
IMG-0089,d5dbf8810d23dcf2b85249dca96c41628213f82a276e448a017b756b723fccea,清代姑苏版画（候选，待确认）,姑苏版画（候选）,2763,3400,416,512,JPEG,False,0,16,512,384,1.0,1.0,48,48,1.0,576,0.5193740904534436,4.172588045634921,0.6488045513533137,0.7716769443489793
IMG-0285,d61d39937d47ad908d62a14fd2369053703afe766ed6a1bbeba65b88ccad71f5,清代姑苏版画（候选，待确认）,姑苏版画（候选）,4000,2113,512,270,JPEG,False,7,0,256,512,1.0,1.0,32,32,1.0,384,0.3655955118084664,13.568153187200807,0.7839840798421602,0.669149989515647
IMG-0414,d66d0218e585b05d1b8394f3ccb15291994141eda29bc3b83f0cde4d8785f514,清代姑苏版画（候选，待确认）,姑苏版画（候选）,4000,3272,512,419,JPEG,False,17,0,384,512,1.0,1.0,48,48,1.0,576,0.36872056353656074,3.444110423067076,0.538913304723595,0.7306467951585001
IMG-0107,d773adf1895c28e7a7efddf2b47054da3f56ec837de3d694b72ac93ca29fc970,清代姑苏版画（候选，待确认）,姑苏版画（候选）,3400,2382,512,359,JPEG,False,19,0,320,512,1.0,1.0,40,40,1.0,480,0.17174434410377237,16.28551351095994,0.6236488346553067,0.4446524151320333
IMG-0026,d7edcc46120e4efb9fb2d57368729cdcc337df97a127d7479a758f3548e23b04,清代姑苏版画（候选，待确认）,姑苏版画（候选）,966,1000,495,512,JPEG,False,0,23,512,448,1.0,1.0,56,56,1.0,672,0.11726385492896922,34.76275687993238,0.6684089074640872,0.3669684626580022
IMG-0230,d8509a8d131b315d2893db07e87ec49a841513f3d5a440f8ef8e5f345aa96d42,清代姑苏版画（候选，待确认）,姑苏版画（候选）,3000,4000,384,512,JPEG,False,0,0,512,384,1.0,1.0,48,48,1.0,576,0.45144011644844495,6.8931738779897875,0.7900918127271872,0.7717508779739459
IMG-0274,d8797420d05ec88e3943c67842e56f8a973f527587f96a0a79a3881eadcd5984,清代姑苏版画（候选，待确认）,姑苏版画（候选）,1920,1280,512,341,JPEG,False,10,0,320,512,1.0,1.0,40,40,1.0,480,0.09626180011439628,27.965734441924923,0.6423058595738731,0.34313961058708875
IMG-0321,d9190a11a3d526e173792c2d8b0ef14aaa45f54ea072be1969b0eb9e6c082082,清代姑苏版画（候选，待确认）,姑苏版画（候选）,580,1020,291,512,JPEG,False,0,17,512,256,1.0,1.0,32,32,1.0,384,0.06962161455549819,25.12219702695893,0.45212722675443884,0.27401570350756543
IMG-0451,d9c79e6e38467f6c8de85a6bafb56ec530e4758ecfd2a93876392cb632054497,清代姑苏版画（候选，待确认）,姑苏版画（候选）,2003,4000,256,512,JPEG,False,0,0,512,256,1.0,1.0,32,32,1.0,384,0.25794061003530155,2.466030486268582,0.6438043929717708,0.6215059603163376
IMG-0315,d9fc95e95e1def436aa4ea2fa2790ffcaf99013b77ba0a3ce0f5a2515adce285,清代姑苏版画（候选，待确认）,姑苏版画（候选）,838,1118,384,512,JPEG,False,0,0,512,384,0.9998372395833334,0.9998372395833334,48,48,1.0,576,0.052202276966527766,55.21541950113378,0.568685033869154,0.23036912995434175
IMG-0051,da21deccc467719e84b452d61e295aad10ac1f4ca0547dd8359baf4546b51d35,清代姑苏版画（候选，待确认）,姑苏版画（候选）,591,1000,303,512,JPEG,False,0,23,512,256,1.0,1.0,32,32,1.0,384,0.15772989331481135,16.817506320404505,0.6290681503434125,0.4460362382296563
IMG-0221,da27fff3377c8f865c2fceafe94ae7e655bd01c314afa15e3b1b4342f06827bd,清代姑苏版画（候选，待确认）,姑苏版画（候选）,3246,2482,512,391,JPEG,False,3,0,384,512,1.0,1.0,48,48,1.0,576,0.39592402280733147,4.8716517857142865,0.7119423167670881,0.7050797109779163
IMG-0231,da64c9cff3c375068d67c5083b8decc20ad8e3dfc422194e7e8c8b95f2fc29a9,清代姑苏版画（候选，待确认）,姑苏版画（候选）,521,600,445,512,JPEG,False,0,30,512,384,1.0,1.0,48,48,1.0,576,0.3902170683617768,9.7312748015873,0.7253944042237985,0.7487035064325875
IMG-0365,dbcf7765e3b46cbe0f2cf640b8b5d48ad6a9e3d32ec1c8a576006b5433a64a8a,清代姑苏版画（候选，待确认）,姑苏版画（候选）,1552,1080,512,356,JPEG,False,18,0,320,512,1.0,1.0,40,40,1.0,480,0.08746077584843813,13.246849798387096,0.5674368101923486,0.3329995508505097
IMG-0351,dbe9fa0df73b78182cf3426263457b5d258cb97d2e80c7d47f20daaa8324644e,清代姑苏版画（候选，待确认）,姑苏版画（候选）,1080,1084,510,512,JPEG,False,0,31,512,448,1.0,1.0,56,56,1.0,672,0.125563698160156,20.07864248708743,0.5820632581999444,0.4164835009747536
IMG-0193,dbf09f5af43cb985ca6a5cd17b2357bcc606971105feeba81d82d9e7b2d2e526,清代姑苏版画（候选，待确认）,姑苏版画（候选）,3708,2280,512,315,JPEG,False,29,0,256,512,1.0,1.0,32,32,1.0,384,0.15065216049860186,12.18644494834971,0.5698296865873882,0.43589964073907905
IMG-0352,dc68789524c33dc21f03ba867d37e1d0c8ff71ba51804eba4f2e93c03b6bb7c6,清代姑苏版画（候选，待确认）,姑苏版画（候选）,1040,1872,284,512,JPEG,False,0,14,512,256,1.0,1.0,32,32,1.0,384,0.2260410235455506,7.128534226190475,0.692071406130858,0.5915283633119974
IMG-0401,dd38794546463483bbf387462a587d8125970eabb8ce34669d8bdca0751ad766,清代姑苏版画（候选，待确认）,姑苏版画（候选）,2557,4000,327,512,JPEG,False,0,3,512,320,1.0,1.0,40,40,1.0,480,0.3593011099901863,3.738183815192744,0.6609880369832144,0.689563875001399
IMG-0124,de08a97122d4515e90c4d2b61d6f97a17c6c69787618008d80ff6901419b01f6,清代姑苏版画（候选，待确认）,姑苏版画（候选）,2548,4000,326,512,JPEG,False,0,3,512,320,1.0,1.0,40,40,1.0,480,0.15201593004289735,7.735411066308243,0.6264008302012595,0.49305041029938435
IMG-0086,de8c3cd5a8f438ba138519786c1ed7141d43c24983979a2ba5ed5c5f16027384,清代姑苏版画（候选，待确认）,姑苏版画（候选）,3400,2733,512,412,JPEG,False,14,0,384,512,1.0,1.0,48,48,1.0,576,0.4675677808279271,5.029478458049887,0.5685386677094189,0.7276921627274572
IMG-0392,dffca64734bbc3c13258913ab3d14eafa7e02afb04b11c744a0efb1de3dbcaae,清代姑苏版画（候选，待确认）,姑苏版画（候选）,2145,4000,275,512,JPEG,False,0,9,512,256,1.0,1.0,32,32,1.0,384,0.21345617018242258,5.9219154502078615,0.6237855691073617,0.5772396121191674
IMG-0004,e0b1e8e52ac0e6659917f611a2f7afdccec851b128a65ea7a9eab63757e354b7,清代姑苏版画（候选，待确认）,姑苏版画（候选）,789,1000,404,512,JPEG,False,0,10,512,384,1.0,1.0,48,48,1.0,576,0.3690129949001719,18.22083333333333,0.7006604281271386,0.6239625071337608
IMG-0207,e1f07afc3d606c13b8ae59f8ce687eb32c1aec633f7d8b8b03e928e58c2857ea,清代姑苏版画（候选，待确认）,姑苏版画（候选）,2820,2780,512,505,JPEG,False,28,0,448,512,1.0,1.0,56,56,1.0,672,0.2864548354896558,5.655076845553036,0.5262788844624391,0.5684448032354917
IMG-0069,e2a58383f7d1b72ea6c777c0ca0ddc2ce59fbae4aa3fa27b216849d9d077a56a,清代姑苏版画（候选，待确认）,姑苏版画（候选）,1000,934,512,478,JPEG,False,15,0,448,512,0.9988109636506276,0.9987313406808036,56,56,1.0,672,0.19995836974325729,14.566893424036282,0.7815146965607065,0.5724201234703057
IMG-0294,e2a6359566166b1c5cfa77da569f45890694e80b2d8e901b1be1c43cad188dc2,清代姑苏版画（候选，待确认）,姑苏版画（候选）,3143,4000,402,512,JPEG,False,0,9,512,384,1.0,1.0,48,48,1.0,576,0.43617197188892354,5.006173125238745,0.7408161073425713,0.7069668892696666
IMG-0341,e5469d87f858a19fe16837a827bae1882945b60d6941622f671e8dffb086c5e2,清代姑苏版画（候选，待确认）,姑苏版画（候选）,760,597,512,402,JPEG,False,9,0,384,512,1.0,1.0,48,48,1.0,576,0.1466568858933875,8.229810326908542,0.7536552064990487,0.46834921174991484
IMG-0022,e588a82f9379923a3f9fb7c8ac65d383bdabb0f70b4e800f36d94ca61d04656b,清代姑苏版画（候选，待确认）,姑苏版画（候选）,1000,777,512,398,JPEG,False,7,0,384,512,1.0,1.0,48,48,1.0,576,0.33405907934359536,5.0043582789298515,0.7992342922499681,0.7197675685883425
IMG-0442,e6362a059752761cc257db5a9f4e66dd64b0f6bde2e1db98dc8c5fcf4092a265,清代姑苏版画（候选，待确认）,姑苏版画（候选）,2415,4000,309,512,JPEG,False,0,26,512,256,1.0,1.0,32,32,1.0,384,0.26338850377418627,7.657512080773169,0.6848343288117528,0.6186530412767992
IMG-0333,e71d95daffbb661eddbda87afba094b0d7e5b0a3e4a1efaf0e7af78b980eacd6,清代姑苏版画（候选，待确认）,姑苏版画（候选）,1080,1561,354,512,JPEG,False,0,17,512,320,1.0,1.0,40,40,1.0,480,0.19566105180636226,8.20248015873016,0.7391199302749385,0.5590524531723041
IMG-0424,e750c929f7ec423b0dc50ac324a9960561b02304177dfe245e416cd9f3c91ab1,清代姑苏版画（候选，待确认）,姑苏版画（候选）,2462,4000,315,512,JPEG,False,0,29,512,256,1.0,1.0,32,32,1.0,384,0.4022101406842485,2.716742811072293,0.6745917442050358,0.7029556998594371
IMG-0300,e78d6b929c39ebb849b83593b2b5fbcde6af74c3c2902371ce818a2aaac04074,清代姑苏版画（候选，待确认）,姑苏版画（候选）,4000,2667,512,341,JPEG,False,10,0,320,512,1.0,1.0,40,40,1.0,480,0.2885292610573168,7.717813051146384,0.6086463757282361,0.571135792387239
IMG-0032,e874dc092c3e4d1968234cd81260a69458e864054f44dbeeb7a878a4adb2ef33,清代姑苏版画（候选，待确认）,姑苏版画（候选）,1000,783,512,401,JPEG,False,8,0,384,512,1.0,1.0,48,48,1.0,576,0.387132792584379,7.208859186035526,0.6935294331172226,0.7286433445024939
IMG-0006,ea65d4a36e629b539c9484ea224046500213f8d15ea2e1fa740bee3f6ba25ce0,清代姑苏版画（候选，待确认）,姑苏版画（候选）,834,1000,427,512,JPEG,False,0,21,512,384,1.0,1.0,48,48,1.0,576,0.34129022685853927,16.124716553287982,0.7206715737441576,0.6275872159819202
IMG-0164,eb06a7222be37247d6ad66bdd0409ef4beec4fc12a35a1903f4c5799fb215f46,清代姑苏版画（候选，待确认）,姑苏版画（候选）,3340,2888,512,443,JPEG,False,29,0,384,512,1.0,1.0,48,48,1.0,576,0.23071839264212093,17.359032501889644,0.6652069852582352,0.49392125605751847
IMG-0241,eb08c2083ea57e6b0cfc460ddd5543aa468228908fc9f22d90f2b0df6ce27ffc,清代姑苏版画（候选，待确认）,姑苏版画（候选）,4000,3000,512,384,JPEG,False,0,0,384,512,1.0,1.0,48,48,1.0,576,0.14384480615977663,7.325396825396824,0.8091945965133945,0.5367421418518034
IMG-0279,eb242f723b69be94b5fdb5c20f9465093f65b0abc5b948a8727247a7311747cb,清代姑苏版画（候选，待确认）,姑苏版画（候选）,2256,4000,289,512,JPEG,False,0,16,512,256,1.0,1.0,32,32,1.0,384,0.31005490753811993,3.718568909045099,0.7232777559352215,0.6653222245516255
IMG-0132,ec0222cba8da53d60e7575e011a8a74aea31dac19136ee8eb131cd5933012e27,清代姑苏版画（候选，待确认）,姑苏版画（候选）,2148,4000,275,512,JPEG,False,0,9,512,256,1.0,1.0,32,32,1.0,384,0.22473238676763269,4.3429219470046085,0.7318855588769048,0.597524476077702
IMG-0135,ed1c14e2370743b12dbbc96a80fda5d62852ecc61d292f15357ec36efa942758,清代姑苏版画（候选，待确认）,姑苏版画（候选）,2237,4000,286,512,JPEG,False,0,15,512,256,1.0,1.0,32,32,1.0,384,0.1587230599059689,5.475453629032258,0.6874873572442337,0.5096744456982303
IMG-0104,edb8b8c4fec213a8c7b7cadf1465af944c234262b0ace12cce3f583ef0c3409d,清代姑苏版画（候选，待确认）,姑苏版画（候选）,2162,3400,326,512,JPEG,False,0,3,512,320,1.0,1.0,40,40,1.0,480,0.19379526795440394,4.316452506928698,0.6687505503213877,0.5558039872292915
IMG-0308,ee04f064a915c7ea0f7bd9a3bc50d22f44976749f5bd5c42884c241811123740,清代姑苏版画（候选，待确认）,姑苏版画（候选）,1080,1654,334,512,JPEG,False,0,7,512,320,1.0,1.0,40,40,1.0,480,0.09264236985196442,15.531116150163768,0.5653953891581176,0.34511941051860157
IMG-0322,ee1ee11d857de1de5168ebf28649663397458abb0b9ef1ff300a4f02f9d5028e,清代姑苏版画（候选，待确认）,姑苏版画（候选）,870,1276,349,512,JPEG,False,0,14,512,320,1.0,1.0,40,40,1.0,480,0.06120227215101448,32.076875669249176,0.4659366780867772,0.24545623269889671
IMG-0324,ee3883efd687d3055bc6522a800afada86d878519396b3ea7aa24df43ab60347,清代姑苏版画（候选，待确认）,姑苏版画（候选）,2948,738,512,128,JPEG,False,0,0,128,512,1.0,1.0,16,16,1.0,192,0.07612385957149898,23.39728913679769,0.6181454940196305,0.33451125860584996
IMG-0280,ee786d40a5024f81ea9fcab7e21d99fdf9976498a1a6448d9859325f89493cee,清代姑苏版画（候选，待确认）,姑苏版画（候选）,1885,4000,241,512,JPEG,False,0,24,512,192,1.0,1.0,24,24,1.0,288,0.30257806655020986,1.2161753590325017,0.46634233047149987,0.68131388422361
IMG-0099,ee7f54ec3d9353aa16809aa1646a2675d314c513acbfb295cdcc3838f72453e1,清代姑苏版画（候选，待确认）,姑苏版画（候选）,1913,3400,288,512,JPEG,False,0,16,512,256,1.0,1.0,32,32,1.0,384,0.12210109428115044,8.774860638699923,0.6839635711104477,0.4603298840668504
IMG-0061,ef0bd4fa31cecfd7217f5b706fb21a029b9c38ffb2f943e704b06b2ae7d60a8c,清代姑苏版画（候选，待确认）,姑苏版画（候选）,1000,985,512,504,JPEG,False,28,0,448,512,1.0,1.0,56,56,1.0,672,0.2079914991750451,21.50189929812052,0.681910244483932,0.5054271201744148
IMG-0072,ef91a58f0ea4fe48bfecadcb3e669ed146cab628ef543c4b3884a52de2997337,清代姑苏版画（候选，待确认）,姑苏版画（候选）,1000,792,512,406,JPEG,False,11,0,384,512,1.0,1.0,48,48,1.0,576,0.3808359424541351,14.240362811791385,0.7255899624138828,0.6562507460237124
IMG-0163,f178926db55fd22658c3be3f7ad50a58e9b162320840a967480d22745009c648,清代姑苏版画（候选，待确认）,姑苏版画（候选）,3736,2648,512,363,JPEG,False,21,0,320,512,1.0,1.0,40,40,1.0,480,0.10492540997278962,13.876927831317712,0.6424425247888239,0.3741730165181283
IMG-0101,f1cf6cdd63f4980b70e68829a2d09f42334ace118cdb4f6ab435da253a7d5832,清代姑苏版画（候选，待确认）,姑苏版画（候选）,1622,3400,244,512,JPEG,False,0,26,512,192,1.0,1.0,24,24,1.0,288,0.1310531028783016,7.522954469086021,0.6747094408098215,0.4632399102588212
IMG-0039,f2467a08d62c55f57e8d1c91e3a460a543cc46671189b3920d4d1eeb49ddc086,清代姑苏版画（候选，待确认）,姑苏版画（候选）,982,1000,503,512,JPEG,False,0,27,512,448,1.0,1.0,56,56,1.0,672,0.3406077652539752,18.414055476570674,0.6782257414927748,0.634753350811302
IMG-0046,f2ebdaa3182628ab613b45aefa67dd5daba4c4e11d70178eb8d68216c821c990,清代姑苏版画（候选，待确认）,姑苏版画（候选）,1000,958,512,490,JPEG,False,21,0,448,512,1.0,1.0,56,56,1.0,672,0.254480017041394,8.075839393403717,0.7186194497567112,0.6492605289582682
IMG-0432,f32016c4c8c419185122cfa2755155e1123a7ba2bd58de11b3afa3bbab554aa9,清代姑苏版画（候选，待确认）,姑苏版画（候选）,2598,4000,333,512,JPEG,False,0,6,512,320,1.0,1.0,40,40,1.0,480,0.22961083284963996,15.583081194495175,0.6200223207563386,0.5348249818436152
IMG-0224,f504a4359ec7c6d047b41b1b2e174c23fa53750877bee8a07ef1fd681478a349,清代姑苏版画（候选，待确认）,姑苏版画（候选）,2872,3544,415,512,JPEG,False,0,15,512,384,1.0,1.0,48,48,1.0,576,0.4488560700647461,3.55626647823816,0.6500227516636093,0.713133774805282
IMG-0018,f595667fefe85ffa4716d5e1cd3041088b877e77844bb3848a90697bcac458b9,清代姑苏版画（候选，待确认）,姑苏版画（候选）,786,1000,402,512,JPEG,False,0,9,512,384,1.0,1.0,48,48,1.0,576,0.35499969021467603,12.578231292517007,0.704322434287392,0.6813137841741777
IMG-0048,f5f7dd8775422e708a2b9f3c4596fff136cf3ddb57095449f7a959803d8808d0,清代姑苏版画（候选，待确认）,姑苏版画（候选）,1000,956,512,489,JPEG,False,20,0,448,512,1.0,1.0,56,56,1.0,672,0.15172162048025656,30.988740276203075,0.6345511279530491,0.4352676854945875
IMG-0223,f6ec18e5f9a8bb7708e860fbc435e7489d68ba109bf928203366d4f486e2286c,清代姑苏版画（候选，待确认）,姑苏版画（候选）,3230,2558,512,405,JPEG,False,10,0,384,512,1.0,1.0,48,48,1.0,576,0.46440263057322567,5.046006944444445,0.6710751884099063,0.718880989626278
IMG-0142,f780e0ba2127b15fff2b7dcc74ee83f0ec34b4600c860c5667101b3ce5709c54,清代姑苏版画（候选，待确认）,姑苏版画（候选）,3002,4000,384,512,JPEG,False,0,0,512,384,1.0,1.0,48,48,1.0,576,0.47967703282422325,3.3544270833333334,0.8389537184315465,0.8019057478354992
IMG-0096,f918128c97726e2baf0c938b6656e8af7031f3e9e12e996075f50f08e499b838,清代姑苏版画（候选，待确认）,姑苏版画（候选）,2147,3400,323,512,JPEG,False,0,1,512,320,1.0,1.0,40,40,1.0,480,0.22472530141927416,5.948676915322581,0.7355018494015371,0.6101769451050668
IMG-0214,f990d3cab46daddef114156f4a6ca707933a61bb33c88204fc4d69a24aaa4b10,清代姑苏版画（候选，待确认）,姑苏版画（候选）,3447,2689,512,399,JPEG,False,7,0,384,512,1.0,1.0,48,48,1.0,576,0.435548273836053,2.0075270849080376,0.6561050999404667,0.7623698167554477
IMG-0149,fb69011945cbb4940cb8c5d75136828e9d3abd506a168ee13270cbc8975ca5f4,清代姑苏版画（候选，待确认）,姑苏版画（候选）,3774,2602,512,353,JPEG,False,16,0,320,512,1.0,1.0,40,40,1.0,480,0.20680936055163257,10.925777249743984,0.5754037820714284,0.5286377535843988
IMG-0431,fb8d9c77f9ce98c57df5089721cd1897be68f4604fdce77be60fbad72d687d82,清代姑苏版画（候选，待确认）,姑苏版画（候选）,4000,2663,512,341,JPEG,False,10,0,320,512,1.0,1.0,40,40,1.0,480,0.08537295862738442,17.9974772036204,0.5401310703382676,0.3318852296175971
IMG-0257,fbabc0ef123e5f3c852171f04b61bf6fa956b20191062577cd6bfdebec04a7f4,清代姑苏版画（候选，待确认）,姑苏版画（候选）,1280,1299,505,512,JPEG,False,0,28,512,448,1.0,1.0,56,56,1.0,672,0.10261474977667917,24.084656084656086,0.6698220769177108,0.3757499075159504
IMG-0098,fbe7499e393407722b55045f707b6f7a5be459889b33c0743f7f6c2a4d74e466,清代姑苏版画（候选，待确认）,姑苏版画（候选）,1879,3400,283,512,JPEG,False,0,13,512,256,1.0,1.0,32,32,1.0,384,0.19338878694057232,6.778372084397115,0.7150552533685657,0.5943049835540911
IMG-0272,fcad17c474d6aa8693d536e5c7ae99256d077015640ec431feabbea3d411aef5,清代姑苏版画（候选，待确认）,姑苏版画（候选）,1433,955,512,341,JPEG,False,10,0,320,512,1.0,1.0,40,40,1.0,480,0.08163821307120653,30.06286164219272,0.5932628260279786,0.29772266799387725
IMG-0071,fde312d7e5eea004a14f59a9d27cd936a253c26965118bbab4fe2c71f50ea4be,清代姑苏版画（候选，待确认）,姑苏版画（候选）,1000,962,512,493,JPEG,False,22,0,448,512,1.0,1.0,56,56,1.0,672,0.17053434329405825,12.748047367094987,0.8186241248868497,0.485302608001643
IMG-0447,fe97e5ba8f78e9b1a4b4f5a654c1413d88e3cf5929bb40efb90ec8a0f9e77f33,清代姑苏版画（候选，待确认）,姑苏版画（候选）,2165,4000,277,512,JPEG,False,0,10,512,256,1.0,1.0,32,32,1.0,384,0.11309658916374876,11.43323255228017,0.6943833738229633,0.4311141847609972
IMG-0376,feade74562183a9550f65489ed9a13bb98d7eab8062c9afab8c83b23d0a1871d,清代姑苏版画（候选，待确认）,姑苏版画（候选）,4000,3715,512,476,JPEG,False,14,0,448,512,1.0,1.0,56,56,1.0,672,0.2870793522283056,11.67686681153943,0.6412067606801712,0.5776017702763836
IMG-0647,066316bde2ead4321aa349ce7c40cb89ae87b33d02b589cb36fcabfde683a26c,清末杨柳青年画（候选，待确认）,杨柳青年画（候选）,2020,1080,512,274,JPEG,False,9,0,256,512,1.0,1.0,32,32,1.0,384,0.09700957714900754,20.422063961300726,0.5329756878807946,0.3284315355491454
IMG-0694,0931c432e43660b8afc1603c7d2b639d90d0881bd5a0911b43d50bb3e8f33653,清末杨柳青年画（候选，待确认）,杨柳青年画（候选）,1866,1082,512,297,JPEG,False,20,0,256,512,1.0,1.0,32,32,1.0,384,0.10865849244065254,28.949357520786094,0.5004313202870343,0.344713746176235
IMG-0618,0a1c2c5308a9061e41bbc930e724e7aa20afe85e682567703ae6f09154afcf0b,清末杨柳青年画（候选，待确认）,杨柳青年画（候选）,1080,1365,405,512,JPEG,False,0,10,512,384,0.9999131944444445,0.999908447265625,48,48,1.0,576,0.2257589051179212,13.229826108870967,0.8024201851274382,0.5727865467702524
IMG-0606,0b18d914a3c43c0fcbd3de805dce4f69693b391490d784917f43f2887b134059,清末杨柳青年画（候选，待确认）,杨柳青年画（候选）,1279,1891,346,512,JPEG,False,0,13,512,320,1.0,1.0,40,40,1.0,480,0.24093893118089543,16.251029364292016,0.6557929223347344,0.5519219688466803
IMG-0701,19e246ff92a540cce5ba3c1e1dd323a09607ec7dbce0849584484f030300333a,清末杨柳青年画（候选，待确认）,杨柳青年画（候选）,944,1370,353,512,JPEG,False,0,16,512,320,1.0,1.0,40,40,1.0,480,0.2310933255504256,11.630305333467707,0.7121876247057906,0.56398714640028
IMG-0639,1e4834c2655449ef36a76b95bbb9810adefea86aeaeab24b2584d65b610a4e15,清末杨柳青年画（候选，待确认）,杨柳青年画（候选）,1872,1280,512,350,JPEG,False,15,0,320,512,1.0,1.0,40,40,1.0,480,0.09451400867213458,25.819663525132277,0.6507189182009154,0.3602694657077403
IMG-0643,1f3c960fbc120034bdaf86b003b424b24b87dbcc2da213d59f3b54c07a533f32,清末杨柳青年画（候选，待确认）,杨柳青年画（候选）,1835,1080,512,301,JPEG,False,22,0,256,512,1.0,1.0,32,32,1.0,384,0.1487959837806122,29.458869051037702,0.6475543336311498,0.44107520623664137
IMG-0667,2664a46a567cba7895136c9948d8157eed4dbc800c8ab41da0dcddb0667d4253,清末杨柳青年画（候选，待确认）,杨柳青年画（候选）,1806,1082,512,307,JPEG,False,25,0,256,512,1.0,1.0,32,32,1.0,384,0.10250131697859699,40.3217435122197,0.5303215791514078,0.35814043148370917
IMG-0698,268a32e87e511ee6841d119b75c1e125202465fbba98abd7699eb78820010830,清末杨柳青年画（候选，待确认）,杨柳青年画（候选）,1440,1080,512,384,JPEG,False,0,0,384,512,1.0,1.0,48,48,1.0,576,0.06849757669401475,31.798891129032256,0.4822252577859528,0.26051114468100844
IMG-0642,278599d26f1ce4eba5314c9b2f9541dd09a641ebb7405c29361f195dd0757a1e,清末杨柳青年画（候选，待确认）,杨柳青年画（候选）,2023,1279,512,324,JPEG,False,2,0,320,512,1.0,1.0,40,40,1.0,480,0.15407971140714033,14.374245323129253,0.6610015840601562,0.46616256365012404
IMG-0687,29a98eb9ae33a7e231111b720c2cfe888385578efe21c8a88b2b1f6f9cce1b40,清末杨柳青年画（候选，待确认）,杨柳青年画（候选）,1630,1084,512,340,JPEG,False,10,0,320,512,1.0,1.0,40,40,1.0,480,0.3889692007669673,23.730662635424544,0.5050884827610275,0.6709348889484656
IMG-0605,2bdc3e9bcac87a5ef136e1a6f93c583588c3d47a638677889d8354d32295bdec,清末杨柳青年画（候选，待确认）,杨柳青年画（候选）,1279,1891,346,512,JPEG,False,0,13,512,320,1.0,1.0,40,40,1.0,480,0.21498747074434027,16.70606518817204,0.6611600894413806,0.5525806236500661
IMG-0633,2da6210fc1622b24161a507f07c7faf52d9ae2a849e4f752f5a60a68558cd9a0,清末杨柳青年画（候选，待确认）,杨柳青年画（候选）,642,1478,222,512,JPEG,False,0,15,512,192,1.0,1.0,24,24,1.0,288,0.11007671973924643,18.880970222801018,0.5632468261112528,0.39712986050736354
IMG-0631,2e1213b739c02dee51472964badf5f21f23b7ec35a8ec3964973d528aa6e2f37,清末杨柳青年画（候选，待确认）,杨柳青年画（候选）,2411,1080,512,229,JPEG,False,18,0,192,512,0.9997185453056768,0.9998372395833334,24,24,1.0,288,0.10418098215735203,12.953892668178383,0.6258630940523479,0.3981493567137835
IMG-0662,328d27466e6810583b48fc55b6c218b01b1a39037f721f1355de023cc81cda9f,清末杨柳青年画（候选，待确认）,杨柳青年画（候选）,1045,2038,263,512,JPEG,False,0,3,512,256,1.0,1.0,32,32,1.0,384,0.10539281605662082,23.399848828420257,0.5419438449560001,0.38247452477189925
IMG-0627,338a5ceb0ed70ea9709bdaa49421453fae9f33c8da2eb3a603c583c2f7f8bffd,清末杨柳青年画（候选，待确认）,杨柳青年画（候选）,846,974,445,512,JPEG,False,0,30,512,384,1.0,1.0,48,48,1.0,576,0.19555241560117326,8.545043676446086,0.5361097219794165,0.5069063039084896
IMG-0680,340ac961d052b1043c6e5967634b2f446218f52b0bd20cdca56568c11cf93ab3,清末杨柳青年画（候选，待确认）,杨柳青年画（候选）,1438,1078,512,384,JPEG,False,0,0,384,512,1.0,1.0,48,48,1.0,576,0.17929669676630966,15.08643746850592,0.6848693309290013,0.5052246047583275
IMG-0685,3571d927a991099e2579f22aafc703c2bb98eda61b96d54048710ce98d892a96,清末杨柳青年画（候选，待确认）,杨柳青年画（候选）,1714,1080,512,323,JPEG,False,1,0,320,512,1.0,1.0,40,40,1.0,480,0.37918327164542337,21.513227513227513,0.568953268402542,0.6840467794339664
IMG-0688,396ebf51abd5545b5c3a4826e24e2bca22165e7cac5608857f5a3753f82ac1f8,清末杨柳青年画（候选，待确认）,杨柳青年画（候选）,764,1230,318,512,JPEG,False,0,31,512,256,1.0,1.0,32,32,1.0,384,0.1573747436857516,14.80045351473923,0.7153212077587527,0.4659076467909782
IMG-0626,3c73271fae2c4880e34a52369544d07079b8b58e41a6f916eb6726e4b7e3aa83,清末杨柳青年画（候选，待确认）,杨柳青年画（候选）,832,958,445,512,JPEG,False,0,30,512,384,1.0,1.0,48,48,1.0,576,0.22691343541952155,8.385991433610481,0.642119961107844,0.5592243954918299
IMG-0614,3dd2c4355d63312378e0236f4b830a5e92b3b8d746e1ece035c46011f56a08fe,清末杨柳青年画（候选，待确认）,杨柳青年画（候选）,1438,1279,512,455,JPEG,False,3,0,448,512,1.0,1.0,56,56,1.0,672,0.15012971919502233,7.962501309361472,0.6018916918151194,0.4775051911260215
IMG-0673,3e7fea5a8be40bb05a391bd2220151b5dffe8a6673b0cb5e8dd33a695dbe423b,清末杨柳青年画（候选，待确认）,杨柳青年画（候选）,1846,1078,512,299,JPEG,False,21,0,256,512,1.0,1.0,32,32,1.0,384,0.10422513331139877,39.6805575239355,0.6522775271305226,0.37767998430978356
IMG-0625,4139adc1f15a75c2ca4e170b9dc841803c3c40c640876943d403d5693a9d1b8f,清末杨柳青年画（候选，待确认）,杨柳青年画（候选）,858,1032,426,512,JPEG,False,0,21,512,384,1.0,1.0,48,48,1.0,576,0.18709050281559428,7.9223985890652555,0.639121296470106,0.5255225793868123
IMG-0682,42b79883123f77b2064899a771437dbb8068b98c04811179b5e3b9ad06f9f18d,清末杨柳青年画（候选，待确认）,杨柳青年画（候选）,1804,1080,512,307,JPEG,False,25,0,256,512,0.9999745521172638,0.999969482421875,32,32,1.0,384,0.11939252165984388,39.39790546594982,0.5853628536660579,0.37442970812693993
IMG-0629,47281bf47f6e5bfb730a6078a7e7f82616b3d63eb0556ad0c62d39636f494702,清末杨柳青年画（候选，待确认）,杨柳青年画（候选）,964,1074,460,512,JPEG,False,0,6,512,448,1.0,1.0,56,56,1.0,672,0.21126311966789152,7.708988902273873,0.604974134808445,0.5449811972377919
IMG-0650,47858fe5180edcc1bc7aaa182e8654e7bfe4b2b2ea46a53d5cbc50f75d9f7b27,清末杨柳青年画（候选，待确认）,杨柳青年画（候选）,1775,1080,512,312,JPEG,False,28,0,256,512,1.0,1.0,32,32,1.0,384,0.12300221348444529,21.274571572580648,0.6244211211305681,0.42533435275124165
IMG-0692,4d7799e5a26950a2f5942e4720aa14ad8966379af4848fc790a1a29af779039e,清末杨柳青年画（候选，待确认）,杨柳青年画（候选）,1149,1387,424,512,JPEG,False,0,20,512,384,1.0,1.0,48,48,1.0,576,0.10816238465183128,42.71541950113378,0.5260156525686986,0.36627457013700704
IMG-0610,4fbe15ed3271e80108040edb1bb589f52732c85d8423ba28268ad7c57ca1f760,清末杨柳青年画（候选，待确认）,杨柳青年画（候选）,2181,1279,512,300,JPEG,False,22,0,256,512,1.0,1.0,32,32,1.0,384,0.19135284052425677,6.082274090938646,0.6940628768560899,0.5772734039772645
IMG-0663,51e816f7d7679e6eaa19a5a8f2e4b5520f7aecb869c936fb2d3667ff4377a56e,清末杨柳青年画（候选，待确认）,杨柳青年画（候选）,1042,1903,280,512,JPEG,False,0,12,512,256,1.0,1.0,32,32,1.0,384,0.22107288642174194,11.344045256991684,0.6513102230502552,0.560370521740016
IMG-0678,5334c161acb23780250e62fff241f4a20a92d6e1ab96ad380aecbe33346a5cb1,清末杨柳青年画（候选，待确认）,杨柳青年画（候选）,1084,1342,414,512,JPEG,False,0,15,512,384,1.0,1.0,48,48,1.0,576,0.12408482373986608,21.541207019003565,0.6321381797634797,0.41315975262290505
IMG-0658,54448fb1177d91055908d4ff4a482c565e7110a02a62d217194713842d7b43f8,清末杨柳青年画（候选，待确认）,杨柳青年画（候选）,1410,831,512,302,JPEG,False,23,0,256,512,1.0,1.0,32,32,1.0,384,0.16966245828092408,16.635928445452254,0.6975786123403603,0.4681447025536627
IMG-0645,56df23e2d3c109ea61bf29a219c0a10110a3bcb30fec6fb98ff205cb9c0d8848,清末杨柳青年画（候选，待确认）,杨柳青年画（候选）,1717,1080,512,322,JPEG,False,1,0,320,512,0.9998726222826086,0.999871826171875,40,40,1.0,480,0.1985310751466206,20.410590277777775,0.6616424363429891,0.5213262407713417
IMG-0646,57007ace5504c04a933520f0b3ba572f3e79d683f06f2ed5e9e7ff977ff18a94,清末杨柳青年画（候选，待确认）,杨柳青年画（候选）,1883,1080,512,294,JPEG,False,19,0,256,512,1.0,1.0,32,32,1.0,384,0.06370795326229034,46.43482694003527,0.5804173667378618,0.2705567363954716
IMG-0651,57284e5c39930baba9a42dd7361ee7f5001344bb11026fa34bbf733e2dd8d306,清末杨柳青年画（候选，待确认）,杨柳青年画（候选）,1882,1080,512,294,JPEG,False,19,0,256,512,1.0,1.0,32,32,1.0,384,0.09913624460988768,12.293020912068531,0.651752505882617,0.3978930247278456
IMG-0636,5ac411aecb13b1a798196a83226e17deab4fd0b66dd510868f97f224e2a9f121,清末杨柳青年画（候选，待确认）,杨柳青年画（候选）,1697,1080,512,326,JPEG,False,3,0,320,512,0.999215155291411,0.999249267578125,40,40,1.0,480,0.1607378098398319,18.043743405927188,0.6517779178863459,0.4566044033985419
IMG-0696,5cbc1145d8a9560023d12f223766d7f496b138c83ca3993bcb280b74a30a279c,清末杨柳青年画（候选，待确认）,杨柳青年画（候选）,1700,1084,512,326,JPEG,False,3,0,320,512,1.0,1.0,40,40,1.0,480,0.10103871559059847,16.521925403225808,0.5213416442107994,0.3732955891123711
IMG-0619,5ddb79acc5633734b75e02f5c417b91b9a11fbf890e58fb9bfbdbcb38e09c8ec,清末杨柳青年画（候选，待确认）,杨柳青年画（候选）,1080,1333,415,512,JPEG,False,0,15,512,384,0.9999858810240964,0.9999847412109375,48,48,1.0,576,0.16101638837788584,19.412893282312925,0.7739294852594585,0.47967471652523724
IMG-0649,5e962f61b8855c9a0889bb8eba0a69fd332e00ef16a0e802f6a0a97287adfe3f,清末杨柳青年画（候选，待确认）,杨柳青年画（候选）,1883,1080,512,294,JPEG,False,19,0,256,512,1.0,1.0,32,32,1.0,384,0.1049901431439555,28.810404187952464,0.5395347422843837,0.3508300790337965
IMG-0695,60da522a58d70a3ff56e4d2c58336e1c83e69e49e18b6345a7c4c0291fd57931,清末杨柳青年画（候选，待确认）,杨柳青年画（候选）,886,1671,271,512,JPEG,False,0,7,512,256,1.0,1.0,32,32,1.0,384,0.14215210978091505,21.5678218095643,0.4211860356636864,0.4247874709478871
IMG-0620,60effe74674b8810b6ea91b8e90ea08471a5a5f3f0189fb60ca8701d3bb86ba1,清末杨柳青年画（候选，待确认）,杨柳青年画（候选）,1646,1044,512,325,JPEG,False,2,0,320,512,1.0,1.0,40,40,1.0,480,0.12480709959973335,16.664986209911085,0.6971491453508631,0.4682278780087602
IMG-0622,61d8bc7cf3e2ffee626f18622d41d08f849679d9a833d69d8f0d354186d6c5b6,清末杨柳青年画（候选，待确认）,杨柳青年画（候选）,1440,1080,512,384,JPEG,False,0,0,384,512,1.0,1.0,48,48,1.0,576,0.1930207035717513,14.16151572158022,0.7275421298729834,0.49924823934355167
IMG-0699,6b9a2bacf0227ab6dfbf46b55fd61871e13e1767ded40fb8ae1da0f30817176f,清末杨柳青年画（候选，待确认）,杨柳青年画（候选）,1440,1080,512,384,JPEG,False,0,0,384,512,1.0,1.0,48,48,1.0,576,0.09383367576753199,42.656803686229566,0.5553187332671787,0.3155616193186328
IMG-0672,71a3f2acadbcacaf63153c9b10b06e1714a476145d10af3df500b45f3b00c418,清末杨柳青年画（候选，待确认）,杨柳青年画（候选）,1840,1078,512,300,JPEG,False,22,0,256,512,1.0,1.0,32,32,1.0,384,0.1416387984260612,23.19407242063492,0.5967903991085319,0.4338631362830837
IMG-0644,73d1c39ff77007b95e7af702d82d543754b78e87fe3983ae100cb82f664c362a,清末杨柳青年画（候选，待确认）,杨柳青年画（候选）,1895,1080,512,292,JPEG,False,18,0,256,512,0.9999866224315068,1.0,32,32,1.0,384,0.12362635606082381,24.44318468127992,0.6077664614885676,0.3971925018183804
IMG-0637,74b42c8a5a15ea66514e77d405e7e0bc8ce424bca92620076968b224a2fc2fd2,清末杨柳青年画（候选，待确认）,杨柳青年画（候选）,2209,1279,512,296,JPEG,False,20,0,256,512,1.0,1.0,32,32,1.0,384,0.11370589105180198,23.59939531368103,0.5818732251800292,0.391927380087046
IMG-0628,7c5f402923eec0b8659870d92233ac08ba75af27d347bb2358356ed5e068191d,清末杨柳青年画（候选，待确认）,杨柳青年画（候选）,1080,1225,451,512,JPEG,False,0,1,512,448,1.0,1.0,56,56,1.0,672,0.1733841804884087,8.051146384479718,0.6188979680486566,0.5166414424474068
IMG-0664,7e6288b67c21ba6a2230f30e6ddae2d9aaa2e04576cf56e6dedbaffe4bbb297d,清末杨柳青年画（候选，待确认）,杨柳青年画（候选）,1031,1903,277,512,JPEG,False,0,10,512,256,1.0,1.0,32,32,1.0,384,0.10832234323010713,24.27529958742756,0.5240692360109898,0.410233408629481
IMG-0681,7ecae48cec2fa35f3b1ec1ace5b56bd0e68dd1b43dbe20dc26a82c2a2e938d55,清末杨柳青年画（候选，待确认）,杨柳青年画（候选）,1530,1076,512,360,JPEG,False,20,0,320,512,1.0,1.0,40,40,1.0,480,0.14411117638540233,27.836734693877553,0.5936440715044747,0.4005924248737719
IMG-0632,8589e6e601e6373f80a5471842066e47c26a22bacc7303ae91aac47a0aa30331,清末杨柳青年画（候选，待确认）,杨柳青年画（候选）,988,990,511,512,JPEG,False,0,31,512,448,1.0,1.0,56,56,1.0,672,0.23641710191410104,5.494027217741935,0.6464037195338075,0.6092028972417356
IMG-0665,8a0e98b87cfc93984a59376d8a91ded1049636a17ee0e09a3aa234255da0938d,清末杨柳青年画（候选，待确认）,杨柳青年画（候选）,1004,768,512,392,JPEG,False,4,0,384,512,1.0,1.0,48,48,1.0,576,0.2829740604922436,5.539556563366087,0.821272882152214,0.6766204042471109
IMG-0624,8ca6f77540411f3f49517a499f8832c9369929c76d08eaf68e96da7d94f2f43a,清末杨柳青年画（候选，待确认）,杨柳青年画（候选）,1080,1182,468,512,JPEG,False,0,10,512,448,1.0,1.0,56,56,1.0,672,0.200922288757844,6.443436633912824,0.6440572109883176,0.5469173619772534
IMG-0702,8dad74ea07e07767e0842b4016805eecff3f30db7d57fa36d1f3c0f7d7ce29fc,清末杨柳青年画（候选，待确认）,杨柳青年画（候选）,993,1248,407,512,JPEG,False,0,11,512,384,0.9937471207002457,0.99969482421875,48,48,1.0,576,0.18328164355503176,7.18266369047619,0.7968801235528664,0.5896765648955747
IMG-0690,8fdcd870b5f716dd10fdf99790ae382d62adb0b52591e4aca6b66eea5e28c04a,清末杨柳青年画（候选，待确认）,杨柳青年画（候选）,1080,1104,501,512,JPEG,False,0,26,512,448,0.9808001185129741,0.9785287039620536,56,56,1.0,672,0.10980301861153383,15.482237339380198,0.745652376660737,0.4286546591070094
IMG-0661,94801921f415a3051963f598e74e7692e94fc60fedeaffd893c9aad420fc40da,清末杨柳青年画（候选，待确认）,杨柳青年画（候选）,1033,1915,276,512,JPEG,False,0,10,512,256,1.0,1.0,32,32,1.0,384,0.1726569644864731,17.662383471907283,0.611335056541496,0.46387522394470315
IMG-0611,95e2593cb1c2949e6d1ac42a023e42273deedb349912b7e18b0a40d0ec7b426b,清末杨柳青年画（候选，待确认）,杨柳青年画（候选）,2370,1279,512,276,JPEG,False,10,0,256,512,1.0,1.0,32,32,1.0,384,0.11818042296468624,11.363514360724533,0.6397993987412522,0.4227034445082698
IMG-0675,982ab09704a9d269489e697ad3416a4b32ab5b6c500242986617034036e25fcb,清末杨柳青年画（候选，待确认）,杨柳青年画（候选）,1084,1162,478,512,JPEG,False,0,15,512,448,1.0,1.0,56,56,1.0,672,0.08323136153138395,32.7075724274925,0.5014645361086852,0.327088126156199
IMG-0623,9892e7c5d412ce4bf1df061cc54c791d4ce9aa69fc05c41c6c1e60ab6f85f076,清末杨柳青年画（候选，待确认）,杨柳青年画（候选）,378,436,444,512,JPEG,False,0,30,512,384,1.0,1.0,48,48,1.0,576,0.1599361914832031,5.2602670697908795,0.7225862119250217,0.5281723883257806
IMG-0616,98d9b2c69ca19fe5d2db96358b81b381e0cbc71cd0b5a20765b3ab60e83116b9,清末杨柳青年画（候选，待确认）,杨柳青年画（候选）,1279,2152,304,512,JPEG,False,0,24,512,256,1.0,1.0,32,32,1.0,384,0.12401169184660944,10.316280241935484,0.69758934071689,0.45028038364337575
IMG-0630,9bbe4604a8b5aca7b06a38b5a8559d0c6f19c86a82192d286039cce008946045,清末杨柳青年画（候选，待确认）,杨柳青年画（候选）,1080,1128,490,512,JPEG,False,0,21,512,448,1.0,1.0,56,56,1.0,672,0.15578300401388437,7.681073588709677,0.6889869128368574,0.5151069728664617
IMG-0689,9e5246999b057d90f3912d71c64375ead7dd175c8304df8eb88258a44fae0acb,清末杨柳青年画（候选，待确认）,杨柳青年画（候选）,661,1050,322,512,JPEG,False,0,1,512,320,1.0,1.0,40,40,1.0,480,0.29979843683496255,6.51798115079365,0.8515051188069234,0.6727788822362992
IMG-0635,9f4d0ceac8abefb2d7e7465d8cfe48961275d5a88e0be36f22d3fdf947887d6b,清末杨柳青年画（候选，待确认）,杨柳青年画（候选）,682,1574,222,512,JPEG,False,0,15,512,192,1.0,1.0,24,24,1.0,288,0.0966791705054013,21.019892546138827,0.5959757488375101,0.37588139041038426
IMG-0674,a2c94e2972785a7cf876b3a822042017e53c278e4d7b5fcc8e2e0a9c35df8c14,清末杨柳青年画（候选，待确认）,杨柳青年画（候选）,1080,1616,342,512,JPEG,False,0,11,512,320,1.0,1.0,40,40,1.0,480,0.08329212441375212,38.45829553091398,0.5547318338351301,0.32390950294980725
IMG-0677,a55efcdbcb8b3d661ed539df3da21aa9a706d4e1022c72a09ff65d96acd37b8a,清末杨柳青年画（候选，待确认）,杨柳青年画（候选）,1074,1338,411,512,JPEG,False,0,13,512,384,1.0,1.0,48,48,1.0,576,0.12775158942555248,19.191859961577222,0.6661699358265256,0.4244533665766615
IMG-0679,a609313ba0d1ae0d6f8d6ddf12328dbcb6ae994bae104e17b1e241250058b01d,清末杨柳青年画（候选，待确认）,杨柳青年画（候选）,1448,1086,512,384,JPEG,False,0,0,384,512,0.99993896484375,0.99993896484375,48,48,1.0,576,0.09127155165504529,24.49208549347158,0.5403008100860025,0.34751947335252587
IMG-0659,a6beabb9642e6190cff0c8a5d4415a59b5ca0f0222ab2bb8c42f03b08ac1a75c,清末杨柳青年画（候选，待确认）,杨柳青年画（候选）,1349,802,512,304,JPEG,False,24,0,256,512,1.0,1.0,32,32,1.0,384,0.06693194372017697,38.924353158602145,0.5831408868414651,0.283097338314083
IMG-0693,ade0d7b37fcf45bdc037617fe3ea3057d5952a109962732ba07c014025fd5f2a,清末杨柳青年画（候选，待确认）,杨柳青年画（候选）,1606,1078,512,344,JPEG,False,12,0,320,512,1.0,1.0,40,40,1.0,480,0.08903130514759283,22.89768545186892,0.5451951897728504,0.3347586630531061
IMG-0660,aea15ad1c175f017f3047216a9a9b786c728a5370d2e410895f5ba7961b63542,清末杨柳青年画（候选，待确认）,杨柳青年画（候选）,1884,1084,512,295,JPEG,False,19,0,256,512,1.0,1.0,32,32,1.0,384,0.16830307408574305,25.919861918781848,0.6877566764570111,0.4477414814063748
IMG-0617,b101814964e314d7c8f30cc757330ae218b516dc9fe0778af13d0238fbc348f4,清末杨柳青年画（候选，待确认）,杨柳青年画（候选）,1346,1080,512,411,JPEG,False,13,0,384,512,1.0,1.0,48,48,1.0,576,0.2628961330713824,18.30982986085713,0.795816939259401,0.6618858026930654
IMG-0704,b25da652e21b4b368d8c9f10d9b0d4472a3d9243039b158e16d27306b82975d0,清末杨柳青年画（候选，待确认）,杨柳青年画（候选）,711,1205,302,512,JPEG,False,0,23,512,256,1.0,1.0,32,32,1.0,384,0.18385812450417857,10.619084047565895,0.855746814505584,0.5693619883271352
IMG-0669,b3838458ed6f5d64a8c5d18d2fd425635f563614b5aa14420904f87064d382a5,清末杨柳青年画（候选，待确认）,杨柳青年画（候选）,1840,1076,512,299,JPEG,False,21,0,256,512,1.0,1.0,32,32,1.0,384,0.10296938913783857,37.35699326026707,0.5376603430786353,0.3513756116643785
IMG-0609,b8c6cf94688561eabd42d9f7c59e2e7d9a4860029373a0cb3f36b2ff322994b0,清末杨柳青年画（候选，待确认）,杨柳青年画（候选）,2446,1279,512,268,JPEG,False,6,0,256,512,1.0,1.0,32,32,1.0,384,0.126071381701477,12.54824892920131,0.4997694838774438,0.399681245051728
IMG-0612,b9c759be72e44d22f0e97c032817b70938bf5d4bfea15215ffffbd6d332d9657,清末杨柳青年画（候选，待确认）,杨柳青年画（候选）,2288,1280,512,286,JPEG,False,15,0,256,512,1.0,1.0,32,32,1.0,384,0.31313450271232407,9.435765889016896,0.5536547660995793,0.6228701426911569
IMG-0641,ba2d4f47076f1f75141a254bf956c98faf8c6d814bf3653251b1e297e0a5ad95,清末杨柳青年画（候选，待确认）,杨柳青年画（候选）,1834,1279,512,357,JPEG,False,18,0,320,512,1.0,1.0,40,40,1.0,480,0.113796504443934,12.051650289745528,0.7307773613875921,0.4528657458807659
IMG-0607,be3e6e5ae5634c4776d323eb506bbf9ac26b0e304e8f1ff4bb335ee3f5fb9f1b,清末杨柳青年画（候选，待确认）,杨柳青年画（候选）,1279,1773,369,512,JPEG,False,0,24,512,320,1.0,1.0,40,40,1.0,480,0.14012592411258395,13.631287127211163,0.7271491641603096,0.4837294683741791
IMG-0655,bea33c65261cc1e39128a269588818d16ea7733c4a2e412249731cc1bd0ba7e8,清末杨柳青年画（候选，待确认）,杨柳青年画（候选）,785,1320,304,512,JPEG,False,0,24,512,256,1.0,1.0,32,32,1.0,384,0.1633144839135574,15.237681211597543,0.6924757464411175,0.4938466387218984
IMG-0638,bed05f492c361332417bcd05f319a076bd92bdba7d3d3992ec78ba4a927a49e5,清末杨柳青年画（候选，待确认）,杨柳青年画（候选）,2060,1280,512,318,JPEG,False,31,0,256,512,1.0,1.0,32,32,1.0,384,0.11687343704501187,25.502393550012595,0.5561020317936585,0.39085410891700356
IMG-0668,bf3dd230e40529a8337bd56860ad032e73bab09b600343b01b7788ca8d671498,清末杨柳青年画（候选，待确认）,杨柳青年画（候选）,1926,1078,512,287,JPEG,False,15,0,256,512,1.0,1.0,32,32,1.0,384,0.08655592196302635,36.98665241559587,0.595889172654521,0.32599027192200497
IMG-0621,c21512073fc00c6827a991d848862cc2fae9c7006c3fd1f4593765641037db8f,清末杨柳青年画（候选，待确认）,杨柳青年画（候选）,1440,1080,512,384,JPEG,False,0,0,384,512,1.0,1.0,48,48,1.0,576,0.1920062562774265,21.87699859457672,0.5604570385047509,0.4709883166586828
IMG-0684,c5283cb6583c136eed8d5f2a1de70852011bea539cb5956796ed43017982814b,清末杨柳青年画（候选，待确认）,杨柳青年画（候选）,2057,1120,512,279,JPEG,False,11,0,256,512,1.0,1.0,32,32,1.0,384,0.10856283394154312,25.065003779289494,0.5351890367317225,0.3678084427535577
IMG-0676,c57ae4b48c3ebeaa40dfb8f42c5e61978dfea46e4c6cd0e40dd2dfe1ab7e121c,清末杨柳青年画（候选，待确认）,杨柳青年画（候选）,1082,1168,474,512,JPEG,False,0,13,512,448,1.0,1.0,56,56,1.0,672,0.08034542540886777,41.37684828647093,0.45611850309927043,0.29396680919420204
IMG-0697,c8eb1b1d6285d12b5e8f0f95eb49f3d573bb30eab088e0ddad5f94ce6a1605ef,清末杨柳青年画（候选，待确认）,杨柳青年画（候选）,1440,1080,512,384,JPEG,False,0,0,384,512,0.9999898274739584,0.9999898274739584,48,48,1.0,576,0.07109618353262492,38.658684949487565,0.5090526331771461,0.2777170261847032
IMG-0613,ca74e4c2bab4837f0654dd3609b5bf0066903ac08cc0927d3cfd7b58d9a551e7,清末杨柳青年画（候选，待确认）,杨柳青年画（候选）,1440,854,512,304,JPEG,False,24,0,256,512,1.0,1.0,32,32,1.0,384,0.1759755951297346,16.587049634668684,0.6028001213547871,0.4536823057735299
IMG-0683,ca96d5389e1792c858545bad253abb1dbffc69c0a4d196e26b5fad802072ab75,清末杨柳青年画（候选，待确认）,杨柳青年画（候选）,2139,1131,512,271,JPEG,False,7,0,256,512,0.9984360585793358,0.9993820190429688,32,32,1.0,384,0.11481273458933554,18.760866695468508,0.6026890674728176,0.4001715152411721
IMG-0615,d2a80819592e9c7c803e926ce2f0796fe88dd276c3034726993453505175e8e5,清末杨柳青年画（候选，待确认）,杨柳青年画（候选）,1280,2148,305,512,JPEG,False,0,24,512,256,1.0,1.0,32,32,1.0,384,0.11631610663573373,10.621620911392185,0.60008757206529,0.4159604955194912
IMG-0657,d7a3d51ba22b4264a85c4ed69c55a0de6fa0c33fce21bd005856e9284bc7d5eb,清末杨柳青年画（候选，待确认）,杨柳青年画（候选）,842,1435,300,512,JPEG,False,0,22,512,256,1.0,1.0,32,32,1.0,384,0.24996077973100825,13.962180182706296,0.5866433538417194,0.5724203552037279
IMG-0648,d93bccc4194e26f28c82eeae6122c7f826baf2a08912a70a409f5c4ecffa82ec,清末杨柳青年画（候选，待确认）,杨柳青年画（候选）,1913,1080,512,289,JPEG,False,16,0,256,512,0.9999391760380623,1.0,32,32,1.0,384,0.09292607191048813,18.20005039052658,0.5695310038976485,0.3444341832579094
IMG-0640,d9c8e504be00720ba549e129beabeff32d85e59f6c3adf0ffb2360f5d75cc5dd,清末杨柳青年画（候选，待确认）,杨柳青年画（候选）,1905,1279,512,344,JPEG,False,12,0,320,512,1.0,1.0,40,40,1.0,480,0.11077595425432069,16.226784715780532,0.648100045917424,0.38879683967044343
IMG-0653,da9448ec5727008914ce75a248583dbcc2b1f75eadba0bbf4a5ef728e764859b,清末杨柳青年画（候选，待确认）,杨柳青年画（候选）,807,1459,283,512,JPEG,False,0,13,512,256,1.0,1.0,32,32,1.0,384,0.29929088343898147,6.0796874999999995,0.6429813869567345,0.6331812090141979
IMG-0666,ddd13085bb40615649de7815b5065a74e47a98e60cff47bdb1ab215b254e3416,清末杨柳青年画（候选，待确认）,杨柳青年画（候选）,1742,1080,512,317,JPEG,False,30,0,256,512,1.0,1.0,32,32,1.0,384,0.12236740773344429,45.11464533730159,0.5847613069078436,0.36705314733866656
IMG-0700,e0d7ebe070bb2887b8b803c1ec86f9e1835e87050fe55e308ae9c0599c3db9a3,清末杨柳青年画（候选，待确认）,杨柳青年画（候选）,1440,1080,512,384,JPEG,False,0,0,384,512,1.0,1.0,48,48,1.0,576,0.0846408805156864,40.951402889784944,0.510263293288239,0.31046218318296126
IMG-0703,e44de1aefa31a2b7bed3806fcc5b991540ea46ab3f9afa17b8667917d529dd34,清末杨柳青年画（候选，待确认）,杨柳青年画（候选）,438,754,297,512,JPEG,False,0,20,512,256,1.0,1.0,32,32,1.0,384,0.16690732188215673,16.46384479717813,0.678695316055723,0.4810021619448504
IMG-0691,e71c9ed6d9aa6ad1491aaaf7b150e96caf56f236786d3de9a14e37308422b904,清末杨柳青年画（候选，待确认）,杨柳青年画（候选）,1132,1338,433,512,JPEG,False,0,24,512,384,1.0,1.0,48,48,1.0,576,0.08667825596746628,47.61055072604012,0.5427420677580967,0.31129412286162544
IMG-0670,ea4916d3970f8a85946a1b448fbb328e1eb559772cb16482bc564ddb5909ce31,清末杨柳青年画（候选，待确认）,杨柳青年画（候选）,1764,1078,512,313,JPEG,False,28,0,256,512,0.9999812799520766,1.0,32,32,1.0,384,0.11340933490138101,44.38161784466541,0.5882241735207141,0.3482979101183283
IMG-0634,ead3192796f0747047f01018370caf42ff85ae3be4afbb5bcb22eafdbf5aaa15,清末杨柳青年画（候选，待确认）,杨柳青年画（候选）,670,1592,215,512,JPEG,False,0,11,512,192,1.0,1.0,24,24,1.0,288,0.12331902734464734,19.055429579239103,0.6199496477264179,0.40538108855704247
IMG-0654,ebb010dc27dab3af1e30089ec965056a336aa4a39ec3c6eeb83fa7b26d3d8e8f,清末杨柳青年画（候选，待确认）,杨柳青年画（候选）,806,1455,284,512,JPEG,False,0,14,512,256,1.0,1.0,32,32,1.0,384,0.28866359580192835,7.741244646006551,0.6429002123951177,0.5983247915032319
IMG-0608,edbd47da07dfc3ae55cc330a190ee83a208f15a922a1f1588c6f8a9c17c9b342,清末杨柳青年画（候选，待确认）,杨柳青年画（候选）,2216,1280,512,296,JPEG,False,20,0,256,512,1.0,1.0,32,32,1.0,384,0.13599633733491817,9.217424728558449,0.6060990334358687,0.4416780761656831
IMG-0671,f4c960f8591f9c511a824e042073d2d3a41b771e6013d65236907cfafdaef31f,清末杨柳青年画（候选，待确认）,杨柳青年画（候选）,1822,1082,512,304,JPEG,False,24,0,256,512,0.9993510999177632,0.9992294311523438,32,32,1.0,384,0.09929791308518085,48.671186270104414,0.46811763063715006,0.3177042125062938
IMG-0686,f9809452b1bd37e5761264a56001d9625022512efd057204042fd77b81af3647,清末杨柳青年画（候选，待确认）,杨柳青年画（候选）,1770,1078,512,312,JPEG,False,28,0,256,512,1.0,1.0,32,32,1.0,384,0.23393429184291942,38.45332494905044,0.5601193953741543,0.49526472091433216
IMG-0656,fc3f5ac62830fb034bf5141cd32ffb19dc781c154966b5a379a29c8f7768c56b,清末杨柳青年画（候选，待确认）,杨柳青年画（候选）,382,222,512,298,JPEG,False,21,0,256,512,1.0,1.0,32,32,1.0,384,0.17326402872570265,7.4189972285210395,0.7631503101033792,0.5199651703903158
IMG-0652,fd6a10ac2097270fe3db31c957db6ff8d137a71c1245d23a1c8066adc5840432,清末杨柳青年画（候选，待确认）,杨柳青年画（候选）,822,1478,285,512,JPEG,False,0,14,512,256,1.0,1.0,32,32,1.0,384,0.23960915632707563,11.121155753968253,0.6006071438639486,0.5799557285299088
IMG-0470,48358aa9adc4a036be87bd8e6adad43cdc1625e01376b11e82cea10da5b8cf4a,20世纪50年代桃花坞年画（候选，待确认）,桃花坞年画（候选）,1080,1440,384,512,JPEG,False,0,0,512,384,1.0,1.0,48,48,1.0,576,0.2473689888579219,13.043402777777779,0.5878630138219386,0.570643500913525
IMG-0478,6d9e521d05d1eacd277182f14aaa5c2ffc1b2149aa9f58fddff7e35deae29c35,20世纪50年代桃花坞年画（候选，待确认）,桃花坞年画（候选）,1084,1542,360,512,JPEG,False,0,20,512,320,1.0,1.0,40,40,1.0,480,0.11525414457547531,31.141012967687075,0.6350885863281983,0.388356061424686
IMG-0476,715c5a73f6b6d6b82e0a69cfcc9c48a5c94d98db802bd2e789e26920452ecab2,20世纪50年代桃花坞年画（候选，待确认）,桃花坞年画（候选）,1082,1608,345,512,JPEG,False,0,12,512,320,1.0,1.0,40,40,1.0,480,0.12641325094634948,22.375730989003127,0.6302602150172272,0.40884566484890345
IMG-0471,8ed0e49da7273f816ed5ca104f971e4329b3b171862bc47f3865bcbb8831e5ec,20世纪50年代桃花坞年画（候选，待确认）,桃花坞年画（候选）,1076,1546,356,512,JPEG,False,0,18,512,320,0.9999890273876404,1.0,40,40,1.0,480,0.16667481757397784,21.716145009308548,0.6649186353343834,0.4727741148009778
IMG-0475,a0ddd895dde1468ab728ce969030aca60e0c3b101ec5438686db453ac2bbea0a,20世纪50年代桃花坞年画（候选，待确认）,桃花坞年画（候选）,1080,1200,461,512,JPEG,False,0,6,512,448,1.0,1.0,56,56,1.0,672,0.23189387063806843,20.612146577380955,0.6391095529836325,0.5905740795855187
IMG-0477,a236c02a38ad13be811b57174e809296437ccdf9191f0a10c0cf83d8a07a3184,20世纪50年代桃花坞年画（候选，待确认）,桃花坞年画（候选）,1082,1464,378,512,JPEG,False,0,29,512,320,1.0,1.0,40,40,1.0,480,0.06330412891841006,47.94003527336861,0.5422509998468238,0.265140165274303
IMG-0473,af3b3d844d7ef215b1635508c470ab951802adbc310fbc31c4b68f677a3dc890,20世纪50年代桃花坞年画（候选，待确认）,桃花坞年画（候选）,1080,1440,384,512,JPEG,False,0,0,512,384,1.0,1.0,48,48,1.0,576,0.3205382854764892,15.871126228269086,0.6661487836159065,0.6655134952052596
IMG-0472,c925e5d733c106b18845b11bc9745177ab59ad269895f8b9c161997c5e43b54c,20世纪50年代桃花坞年画（候选，待确认）,桃花坞年画（候选）,1080,1440,384,512,JPEG,False,0,0,512,384,1.0,1.0,48,48,1.0,576,0.1694375012867962,26.225371630133534,0.6250484570754062,0.509808195285975
IMG-0474,ea119fa80283ccbb8bbeab8670fdf1926bc4c3f92981aea990f748a9eb47c732,20世纪50年代桃花坞年画（候选，待确认）,桃花坞年画（候选）,1080,1440,384,512,JPEG,False,0,0,512,384,1.0,1.0,48,48,1.0,576,0.16395117935178827,27.45494886275896,0.6244463045960096,0.4587589413060883
