sample_id,group_id,group_label,mean_distance_to_gusu_qing_candidate,mean_distance_to_taohuawu_1950s_candidate,mean_distance_to_yangliuqing_late_qing_candidate,nearest_same_group_sample_id,nearest_same_group_distance,nearest_overall_sample_id,nearest_overall_group_id,nearest_overall_distance
IMG-0145,gusu_qing_candidate,姑苏版画（候选）,0.1847045123577118,0.2603229284286499,0.1879773586988449,IMG-0226,0.016945481300354004,IMG-0226,gusu_qing_candidate,0.016945481300354004
IMG-0103,gusu_qing_candidate,姑苏版画（候选）,0.11835584789514542,0.1384061723947525,0.13482780754566193,IMG-0029,0.011692911386489868,IMG-0029,gusu_qing_candidate,0.011692911386489868
IMG-0102,gusu_qing_candidate,姑苏版画（候选）,0.1456020027399063,0.23706048727035522,0.1672188639640808,IMG-0098,0.013368219137191772,IMG-0098,gusu_qing_candidate,0.013368219137191772
IMG-0106,gusu_qing_candidate,姑苏版画（候选）,0.14178283512592316,0.11776086688041687,0.11221802979707718,IMG-0161,0.011330068111419678,IMG-0161,gusu_qing_candidate,0.011330068111419678
IMG-0095,gusu_qing_candidate,姑苏版画（候选）,0.11800464242696762,0.1895783692598343,0.14175420999526978,IMG-0401,0.01168718934059143,IMG-0401,gusu_qing_candidate,0.01168718934059143
IMG-0323,gusu_qing_candidate,姑苏版画（候选）,0.19391459226608276,0.12451171875,0.13689813017845154,IMG-0322,0.015192508697509766,IMG-0322,gusu_qing_candidate,0.015192508697509766
IMG-0111,gusu_qing_candidate,姑苏版画（候选）,0.15757781267166138,0.09271995723247528,0.13055472075939178,IMG-0348,0.024865537881851196,IMG-0647,yangliuqing_late_qing_candidate,0.02429896593093872
IMG-0202,gusu_qing_candidate,姑苏版画（候选）,0.09402739256620407,0.07355817407369614,0.07991816848516464,IMG-0164,0.017999619245529175,IMG-0621,yangliuqing_late_qing_candidate,0.016653239727020264
IMG-0219,gusu_qing_candidate,姑苏版画（候选）,0.23988820612430573,0.25328412652015686,0.2810547351837158,IMG-0213,0.025376945734024048,IMG-0213,gusu_qing_candidate,0.025376945734024048
IMG-0378,gusu_qing_candidate,姑苏版画（候选）,0.10407701879739761,0.078218474984169,0.10303082317113876,IMG-0374,0.0038123130798339844,IMG-0374,gusu_qing_candidate,0.0038123130798339844
IMG-0008,gusu_qing_candidate,姑苏版画（候选）,0.11959515511989594,0.12277957051992416,0.12838910520076752,IMG-0004,0.0074114203453063965,IMG-0004,gusu_qing_candidate,0.0074114203453063965
IMG-0428,gusu_qing_candidate,姑苏版画（候选）,0.21020542085170746,0.3148309886455536,0.23167984187602997,IMG-0429,0.006495416164398193,IMG-0429,gusu_qing_candidate,0.006495416164398193
IMG-0339,gusu_qing_candidate,姑苏版画（候选）,0.09932766854763031,0.11151483654975891,0.0979233905673027,IMG-0331,0.0242631733417511,IMG-0655,yangliuqing_late_qing_candidate,0.02228894829750061
IMG-0369,gusu_qing_candidate,姑苏版画（候选）,0.1613755077123642,0.1887652575969696,0.19321300089359283,IMG-0211,0.012824773788452148,IMG-0211,gusu_qing_candidate,0.012824773788452148
IMG-0040,gusu_qing_candidate,姑苏版画（候选）,0.11208230257034302,0.10393968224525452,0.11150257289409637,IMG-0039,0.014119654893875122,IMG-0039,gusu_qing_candidate,0.014119654893875122
IMG-0290,gusu_qing_candidate,姑苏版画（候选）,0.15547096729278564,0.12363460659980774,0.16656091809272766,IMG-0291,0.0019661784172058105,IMG-0291,gusu_qing_candidate,0.0019661784172058105
IMG-0059,gusu_qing_candidate,姑苏版画（候选）,0.12924687564373016,0.10535254329442978,0.1340738832950592,IMG-0063,0.011572420597076416,IMG-0063,gusu_qing_candidate,0.011572420597076416
IMG-0005,gusu_qing_candidate,姑苏版画（候选）,0.14089488983154297,0.14165475964546204,0.15295472741127014,IMG-0006,0.010601907968521118,IMG-0006,gusu_qing_candidate,0.010601907968521118
IMG-0212,gusu_qing_candidate,姑苏版画（候选）,0.1837588995695114,0.24851059913635254,0.2326800376176834,IMG-0218,0.006872087717056274,IMG-0218,gusu_qing_candidate,0.006872087717056274
IMG-0416,gusu_qing_candidate,姑苏版画（候选）,0.1230761930346489,0.08170536905527115,0.11903395503759384,IMG-0075,0.018337249755859375,IMG-0075,gusu_qing_candidate,0.018337249755859375
IMG-0152,gusu_qing_candidate,姑苏版画（候选）,0.13490037620067596,0.20008449256420135,0.15343333780765533,IMG-0358,0.01862257719039917,IMG-0358,gusu_qing_candidate,0.01862257719039917
IMG-0387,gusu_qing_candidate,姑苏版画（候选）,0.10783044993877411,0.10386976599693298,0.11977386474609375,IMG-0073,0.016437262296676636,IMG-0073,gusu_qing_candidate,0.016437262296676636
IMG-0374,gusu_qing_candidate,姑苏版画（候选）,0.10051129013299942,0.0815349891781807,0.10165049880743027,IMG-0379,0.0031754374504089355,IMG-0379,gusu_qing_candidate,0.0031754374504089355
IMG-0393,gusu_qing_candidate,姑苏版画（候选）,0.1343524008989334,0.0597362257540226,0.09579750895500183,IMG-0365,0.017146944999694824,IMG-0365,gusu_qing_candidate,0.017146944999694824
IMG-0282,gusu_qing_candidate,姑苏版画（候选）,0.12828455865383148,0.2089100480079651,0.1622050255537033,IMG-0032,0.016512006521224976,IMG-0032,gusu_qing_candidate,0.016512006521224976
IMG-0366,gusu_qing_candidate,姑苏版画（候选）,0.13343852758407593,0.18706971406936646,0.13922685384750366,IMG-0367,0.009550422430038452,IMG-0367,gusu_qing_candidate,0.009550422430038452
IMG-0381,gusu_qing_candidate,姑苏版画（候选）,0.11570381373167038,0.09189748018980026,0.12011578679084778,IMG-0382,0.004631519317626953,IMG-0382,gusu_qing_candidate,0.004631519317626953
IMG-0405,gusu_qing_candidate,姑苏版画（候选）,0.14796288311481476,0.08498387783765793,0.11979265511035919,IMG-0446,0.026336669921875,IMG-0611,yangliuqing_late_qing_candidate,0.02360779047012329
IMG-0262,gusu_qing_candidate,姑苏版画（候选）,0.1602911502122879,0.0851512998342514,0.12490201741456985,IMG-0256,0.006840348243713379,IMG-0256,gusu_qing_candidate,0.006840348243713379
IMG-0015,gusu_qing_candidate,姑苏版画（候选）,0.1450207233428955,0.22169743478298187,0.18228286504745483,IMG-0020,0.011194705963134766,IMG-0020,gusu_qing_candidate,0.011194705963134766
IMG-0382,gusu_qing_candidate,姑苏版画（候选）,0.11249884217977524,0.09796261787414551,0.11940108984708786,IMG-0383,0.003185838460922241,IMG-0383,gusu_qing_candidate,0.003185838460922241
IMG-0289,gusu_qing_candidate,姑苏版画（候选）,0.15168052911758423,0.12884490191936493,0.16467797756195068,IMG-0291,0.005639016628265381,IMG-0291,gusu_qing_candidate,0.005639016628265381
IMG-0049,gusu_qing_candidate,姑苏版画（候选）,0.12131255120038986,0.07367277145385742,0.10975918173789978,IMG-0047,0.0065631866455078125,IMG-0047,gusu_qing_candidate,0.0065631866455078125
IMG-0153,gusu_qing_candidate,姑苏版画（候选）,0.11838345229625702,0.06933113187551498,0.10414770245552063,IMG-0080,0.013903826475143433,IMG-0080,gusu_qing_candidate,0.013903826475143433
IMG-0347,gusu_qing_candidate,姑苏版画（候选）,0.10701929777860641,0.14783957600593567,0.1232561394572258,IMG-0013,0.014141708612442017,IMG-0013,gusu_qing_candidate,0.014141708612442017
IMG-0045,gusu_qing_candidate,姑苏版画（候选）,0.10463164746761322,0.14729343354701996,0.11995543539524078,IMG-0046,0.011052876710891724,IMG-0046,gusu_qing_candidate,0.011052876710891724
IMG-0035,gusu_qing_candidate,姑苏版画（候选）,0.1595301330089569,0.08197156339883804,0.11965931951999664,IMG-0028,0.01288345456123352,IMG-0028,gusu_qing_candidate,0.01288345456123352
IMG-0278,gusu_qing_candidate,姑苏版画（候选）,0.1368851214647293,0.13135406374931335,0.11629211157560349,IMG-0277,0.009288102388381958,IMG-0277,gusu_qing_candidate,0.009288102388381958
IMG-0275,gusu_qing_candidate,姑苏版画（候选）,0.1300627887248993,0.12645800411701202,0.11203043907880783,IMG-0276,0.0023922324180603027,IMG-0276,gusu_qing_candidate,0.0023922324180603027
IMG-0180,gusu_qing_candidate,姑苏版画（候选）,0.13347715139389038,0.13905122876167297,0.12148983776569366,IMG-0197,0.017044365406036377,IMG-0197,gusu_qing_candidate,0.017044365406036377
IMG-0346,gusu_qing_candidate,姑苏版画（候选）,0.13574561476707458,0.189100980758667,0.13322751224040985,IMG-0358,0.013078957796096802,IMG-0358,gusu_qing_candidate,0.013078957796096802
IMG-0159,gusu_qing_candidate,姑苏版画（候选）,0.1282992959022522,0.11006566882133484,0.1057668998837471,IMG-0160,0.003744840621948242,IMG-0160,gusu_qing_candidate,0.003744840621948242
IMG-0009,gusu_qing_candidate,姑苏版画（候选）,0.11238686740398407,0.1592758446931839,0.13401536643505096,IMG-0013,0.007970839738845825,IMG-0013,gusu_qing_candidate,0.007970839738845825
IMG-0210,gusu_qing_candidate,姑苏版画（候选）,0.17937396466732025,0.23335129022598267,0.22238579392433167,IMG-0089,0.0069783031940460205,IMG-0089,gusu_qing_candidate,0.0069783031940460205
IMG-0129,gusu_qing_candidate,姑苏版画（候选）,0.10166504234075546,0.09098368883132935,0.09549126774072647,IMG-0241,0.02901872992515564,IMG-0241,gusu_qing_candidate,0.02901872992515564
IMG-0258,gusu_qing_candidate,姑苏版画（候选）,0.24805957078933716,0.13059641420841217,0.19218215346336365,IMG-0255,0.018765628337860107,IMG-0255,gusu_qing_candidate,0.018765628337860107
IMG-0247,gusu_qing_candidate,姑苏版画（候选）,0.1650768369436264,0.08698952198028564,0.13952378928661346,IMG-0371,0.02630901336669922,IMG-0371,gusu_qing_candidate,0.02630901336669922
IMG-0116,gusu_qing_candidate,姑苏版画（候选）,0.12392327934503555,0.06577084958553314,0.11288519203662872,IMG-0117,0.015575051307678223,IMG-0117,gusu_qing_candidate,0.015575051307678223
IMG-0140,gusu_qing_candidate,姑苏版画（候选）,0.11549530178308487,0.09746527671813965,0.11316874623298645,IMG-0134,0.024151593446731567,IMG-0134,gusu_qing_candidate,0.024151593446731567
IMG-0317,gusu_qing_candidate,姑苏版画（候选）,0.1652987003326416,0.09723290801048279,0.12304255366325378,IMG-0391,0.020294159650802612,IMG-0635,yangliuqing_late_qing_candidate,0.01947474479675293
IMG-0354,gusu_qing_candidate,姑苏版画（候选）,0.1128176748752594,0.11828669160604477,0.09613483399152756,IMG-0373,0.021745026111602783,IMG-0373,gusu_qing_candidate,0.021745026111602783
IMG-0191,gusu_qing_candidate,姑苏版画（候选）,0.17403578758239746,0.24896806478500366,0.2034544050693512,IMG-0141,0.03576737642288208,IMG-0141,gusu_qing_candidate,0.03576737642288208
IMG-0448,gusu_qing_candidate,姑苏版画（候选）,0.13533209264278412,0.1864657998085022,0.13850878179073334,IMG-0426,0.01710742712020874,IMG-0426,gusu_qing_candidate,0.01710742712020874
IMG-0013,gusu_qing_candidate,姑苏版画（候选）,0.10920039564371109,0.14102889597415924,0.12579511106014252,IMG-0010,0.006663918495178223,IMG-0010,gusu_qing_candidate,0.006663918495178223
IMG-0222,gusu_qing_candidate,姑苏版画（候选）,0.17869779467582703,0.21878671646118164,0.2253051996231079,IMG-0415,0.013144254684448242,IMG-0415,gusu_qing_candidate,0.013144254684448242
IMG-0309,gusu_qing_candidate,姑苏版画（候选）,0.1578446328639984,0.17693990468978882,0.13283759355545044,IMG-0310,0.013536542654037476,IMG-0310,gusu_qing_candidate,0.013536542654037476
IMG-0003,gusu_qing_candidate,姑苏版画（候选）,0.12169897556304932,0.10996166616678238,0.12523607909679413,IMG-0004,0.006219208240509033,IMG-0004,gusu_qing_candidate,0.006219208240509033
IMG-0370,gusu_qing_candidate,姑苏版画（候选）,0.23862256109714508,0.1584778130054474,0.2364022582769394,IMG-0119,0.06453609466552734,IMG-0119,gusu_qing_candidate,0.06453609466552734
IMG-0292,gusu_qing_candidate,姑苏版画（候选）,0.10458553582429886,0.11487597972154617,0.12069597095251083,IMG-0293,0.0037501156330108643,IMG-0293,gusu_qing_candidate,0.0037501156330108643
IMG-0010,gusu_qing_candidate,姑苏版画（候选）,0.10397273302078247,0.13001127541065216,0.12029623240232468,IMG-0013,0.006663918495178223,IMG-0013,gusu_qing_candidate,0.006663918495178223
IMG-0042,gusu_qing_candidate,姑苏版画（候选）,0.10816580057144165,0.12705568969249725,0.11290764063596725,IMG-0041,0.009085148572921753,IMG-0041,gusu_qing_candidate,0.009085148572921753
IMG-0330,gusu_qing_candidate,姑苏版画（候选）,0.1384667605161667,0.1985093206167221,0.1345319151878357,IMG-0093,0.024085134267807007,IMG-0631,yangliuqing_late_qing_candidate,0.02108854055404663
IMG-0001,gusu_qing_candidate,姑苏版画（候选）,0.08388011157512665,0.09267915785312653,0.08771956712007523,IMG-0335,0.02179279923439026,IMG-0335,gusu_qing_candidate,0.02179279923439026
IMG-0373,gusu_qing_candidate,姑苏版画（候选）,0.10212907195091248,0.12174688279628754,0.09846298396587372,IMG-0400,0.012256979942321777,IMG-0400,gusu_qing_candidate,0.012256979942321777
IMG-0206,gusu_qing_candidate,姑苏版画（候选）,0.10975624620914459,0.16525350511074066,0.13173474371433258,IMG-0195,0.01832488179206848,IMG-0195,gusu_qing_candidate,0.01832488179206848
IMG-0306,gusu_qing_candidate,姑苏版画（候选）,0.10006024688482285,0.057492367923259735,0.08674376457929611,IMG-0307,0.012732833623886108,IMG-0307,gusu_qing_candidate,0.012732833623886108
IMG-0415,gusu_qing_candidate,姑苏版画（候选）,0.20169693231582642,0.24376951158046722,0.2480994462966919,IMG-0413,0.008269935846328735,IMG-0413,gusu_qing_candidate,0.008269935846328735
IMG-0175,gusu_qing_candidate,姑苏版画（候选）,0.11345847696065903,0.10461076349020004,0.09501297026872635,IMG-0329,0.019577115774154663,IMG-0329,gusu_qing_candidate,0.019577115774154663
IMG-0108,gusu_qing_candidate,姑苏版画（候选）,0.22526459395885468,0.15209728479385376,0.1993771195411682,IMG-0111,0.02968418598175049,IMG-0111,gusu_qing_candidate,0.02968418598175049
IMG-0319,gusu_qing_candidate,姑苏版画（候选）,0.12732064723968506,0.06448826193809509,0.11022287607192993,IMG-0076,0.0276317298412323,IMG-0076,gusu_qing_candidate,0.0276317298412323
IMG-0383,gusu_qing_candidate,姑苏版画（候选）,0.1107349544763565,0.0979517474770546,0.11864404380321503,IMG-0382,0.003185838460922241,IMG-0382,gusu_qing_candidate,0.003185838460922241
IMG-0128,gusu_qing_candidate,姑苏版画（候选）,0.12353691458702087,0.17367322742938995,0.1336447298526764,IMG-0442,0.02395796775817871,IMG-0442,gusu_qing_candidate,0.02395796775817871
IMG-0419,gusu_qing_candidate,姑苏版画（候选）,0.16698023676872253,0.22657757997512817,0.21292084455490112,IMG-0297,0.0059926509857177734,IMG-0297,gusu_qing_candidate,0.0059926509857177734
IMG-0020,gusu_qing_candidate,姑苏版画（候选）,0.11544255167245865,0.165934219956398,0.13724571466445923,IMG-0019,0.007970422506332397,IMG-0019,gusu_qing_candidate,0.007970422506332397
IMG-0056,gusu_qing_candidate,姑苏版画（候选）,0.14795897901058197,0.08374449610710144,0.11399739980697632,IMG-0262,0.014134705066680908,IMG-0262,gusu_qing_candidate,0.014134705066680908
IMG-0058,gusu_qing_candidate,姑苏版画（候选）,0.11515455693006516,0.0911756381392479,0.11799631267786026,IMG-0063,0.008600860834121704,IMG-0063,gusu_qing_candidate,0.008600860834121704
IMG-0070,gusu_qing_candidate,姑苏版画（候选）,0.1675206422805786,0.06489855796098709,0.1380085051059723,IMG-0048,0.021280437707901,IMG-0048,gusu_qing_candidate,0.021280437707901
IMG-0299,gusu_qing_candidate,姑苏版画（候选）,0.19953446090221405,0.20305833220481873,0.19943006336688995,IMG-0266,0.08783641457557678,IMG-0266,gusu_qing_candidate,0.08783641457557678
IMG-0041,gusu_qing_candidate,姑苏版画（候选）,0.10524994879961014,0.11509736627340317,0.11327318847179413,IMG-0039,0.004976093769073486,IMG-0039,gusu_qing_candidate,0.004976093769073486
IMG-0455,gusu_qing_candidate,姑苏版画（候选）,0.21525083482265472,0.30812567472457886,0.26299557089805603,IMG-0453,0.019978880882263184,IMG-0453,gusu_qing_candidate,0.019978880882263184
IMG-0312,gusu_qing_candidate,姑苏版画（候选）,0.11074674129486084,0.1632813811302185,0.1375030279159546,IMG-0073,0.025621145963668823,IMG-0073,gusu_qing_candidate,0.025621145963668823
IMG-0407,gusu_qing_candidate,姑苏版画（候选）,0.17829257249832153,0.22631751000881195,0.22376716136932373,IMG-0418,0.005976259708404541,IMG-0418,gusu_qing_candidate,0.005976259708404541
IMG-0273,gusu_qing_candidate,姑苏版画（候选）,0.19772635400295258,0.12915924191474915,0.160813108086586,IMG-0272,0.007876813411712646,IMG-0272,gusu_qing_candidate,0.007876813411712646
IMG-0327,gusu_qing_candidate,姑苏版画（候选）,0.1204397976398468,0.05004321038722992,0.09023837745189667,IMG-0325,0.014417171478271484,IMG-0325,gusu_qing_candidate,0.014417171478271484
IMG-0384,gusu_qing_candidate,姑苏版画（候选）,0.11028064787387848,0.11185363680124283,0.12452289462089539,IMG-0375,0.0027432143688201904,IMG-0375,gusu_qing_candidate,0.0027432143688201904
IMG-0060,gusu_qing_candidate,姑苏版画（候选）,0.1060391217470169,0.05110274255275726,0.08851639926433563,IMG-0306,0.01632624864578247,IMG-0306,gusu_qing_candidate,0.01632624864578247
IMG-0007,gusu_qing_candidate,姑苏版画（候选）,0.1473204642534256,0.15686656534671783,0.16799305379390717,IMG-0006,0.010370999574661255,IMG-0006,gusu_qing_candidate,0.010370999574661255
IMG-0154,gusu_qing_candidate,姑苏版画（候选）,0.13990643620491028,0.08704143017530441,0.1259489506483078,IMG-0150,0.036508411169052124,IMG-0150,gusu_qing_candidate,0.036508411169052124
IMG-0073,gusu_qing_candidate,姑苏版画（候选）,0.11505892872810364,0.13910788297653198,0.13971324265003204,IMG-0223,0.013001710176467896,IMG-0223,gusu_qing_candidate,0.013001710176467896
IMG-0139,gusu_qing_candidate,姑苏版画（候选）,0.15377064049243927,0.18472698330879211,0.15413068234920502,IMG-0135,0.01841592788696289,IMG-0135,gusu_qing_candidate,0.01841592788696289
IMG-0081,gusu_qing_candidate,姑苏版画（候选）,0.11861085146665573,0.11599913984537125,0.1322561800479889,IMG-0091,0.013273060321807861,IMG-0091,gusu_qing_candidate,0.013273060321807861
IMG-0011,gusu_qing_candidate,姑苏版画（候选）,0.10012306272983551,0.12869587540626526,0.11116282641887665,IMG-0014,0.006091117858886719,IMG-0014,gusu_qing_candidate,0.006091117858886719
IMG-0361,gusu_qing_candidate,姑苏版画（候选）,0.18628835678100586,0.19911524653434753,0.17150098085403442,IMG-0425,0.07326635718345642,IMG-0683,yangliuqing_late_qing_candidate,0.054633259773254395
IMG-0244,gusu_qing_candidate,姑苏版画（候选）,0.13306689262390137,0.0968366488814354,0.13540315628051758,IMG-0245,0.013899564743041992,IMG-0245,gusu_qing_candidate,0.013899564743041992
IMG-0349,gusu_qing_candidate,姑苏版画（候选）,0.12247003614902496,0.07380025833845139,0.10123346000909805,IMG-0411,0.020329654216766357,IMG-0411,gusu_qing_candidate,0.020329654216766357
IMG-0345,gusu_qing_candidate,姑苏版画（候选）,0.09832602739334106,0.11944957822561264,0.10702484846115112,IMG-0029,0.013643980026245117,IMG-0029,gusu_qing_candidate,0.013643980026245117
IMG-0450,gusu_qing_candidate,姑苏版画（候选）,0.2698315680027008,0.29034507274627686,0.2799477279186249,IMG-0280,0.04160141944885254,IMG-0280,gusu_qing_candidate,0.04160141944885254
IMG-0438,gusu_qing_candidate,姑苏版画（候选）,0.12607574462890625,0.05377983674407005,0.09845354408025742,IMG-0047,0.02392899990081787,IMG-0472,taohuawu_1950s_candidate,0.01809912919998169
IMG-0380,gusu_qing_candidate,姑苏版画（候选）,0.10450032353401184,0.09571071714162827,0.11210846900939941,IMG-0385,0.006649702787399292,IMG-0385,gusu_qing_candidate,0.006649702787399292
IMG-0400,gusu_qing_candidate,姑苏版画（候选）,0.09630138427019119,0.13007943332195282,0.1070379987359047,IMG-0402,0.008474081754684448,IMG-0402,gusu_qing_candidate,0.008474081754684448
IMG-0137,gusu_qing_candidate,姑苏版画（候选）,0.09831032902002335,0.1324581503868103,0.10146801918745041,IMG-0331,0.022205471992492676,IMG-0331,gusu_qing_candidate,0.022205471992492676
IMG-0211,gusu_qing_candidate,姑苏版画（候选）,0.16654954850673676,0.20261789858341217,0.20269173383712769,IMG-0369,0.012824773788452148,IMG-0369,gusu_qing_candidate,0.012824773788452148
IMG-0158,gusu_qing_candidate,姑苏版画（候选）,0.11645694077014923,0.06642738729715347,0.0889427587389946,IMG-0164,0.02682432532310486,IMG-0164,gusu_qing_candidate,0.02682432532310486
IMG-0357,gusu_qing_candidate,姑苏版画（候选）,0.13170364499092102,0.09218905866146088,0.12678426504135132,IMG-0359,0.01374092698097229,IMG-0359,gusu_qing_candidate,0.01374092698097229
IMG-0316,gusu_qing_candidate,姑苏版画（候选）,0.13179853558540344,0.15263909101486206,0.12026466429233551,IMG-0170,0.03277105093002319,IMG-0170,gusu_qing_candidate,0.03277105093002319
IMG-0454,gusu_qing_candidate,姑苏版画（候选）,0.18942856788635254,0.27599334716796875,0.20752300322055817,IMG-0451,0.01502007246017456,IMG-0451,gusu_qing_candidate,0.01502007246017456
IMG-0119,gusu_qing_candidate,姑苏版画（候选）,0.13671986758708954,0.09096581488847733,0.14013786613941193,IMG-0117,0.021471142768859863,IMG-0117,gusu_qing_candidate,0.021471142768859863
IMG-0444,gusu_qing_candidate,姑苏版画（候选）,0.20288072526454926,0.28918877243995667,0.2123357355594635,IMG-0145,0.018216699361801147,IMG-0145,gusu_qing_candidate,0.018216699361801147
IMG-0063,gusu_qing_candidate,姑苏版画（候选）,0.11544255167245865,0.0830220878124237,0.11452553421258926,IMG-0058,0.008600860834121704,IMG-0058,gusu_qing_candidate,0.008600860834121704
IMG-0288,gusu_qing_candidate,姑苏版画（候选）,0.1322634220123291,0.10073813796043396,0.1367732584476471,IMG-0289,0.01445072889328003,IMG-0289,gusu_qing_candidate,0.01445072889328003
IMG-0037,gusu_qing_candidate,姑苏版画（候选）,0.11927713453769684,0.09312997758388519,0.10746438056230545,IMG-0038,0.012552738189697266,IMG-0038,gusu_qing_candidate,0.012552738189697266
IMG-0190,gusu_qing_candidate,姑苏版画（候选）,0.16062864661216736,0.1608365774154663,0.18097183108329773,IMG-0291,0.019649535417556763,IMG-0291,gusu_qing_candidate,0.019649535417556763
IMG-0198,gusu_qing_candidate,姑苏版画（候选）,0.2629125118255615,0.31159529089927673,0.2812897562980652,IMG-0132,0.035060346126556396,IMG-0132,gusu_qing_candidate,0.035060346126556396
IMG-0344,gusu_qing_candidate,姑苏版画（候选）,0.1668800264596939,0.2900027930736542,0.2041250616312027,IMG-0102,0.019155502319335938,IMG-0102,gusu_qing_candidate,0.019155502319335938
IMG-0133,gusu_qing_candidate,姑苏版画（候选）,0.13891595602035522,0.16477027535438538,0.1416042596101761,IMG-0188,0.019861459732055664,IMG-0188,gusu_qing_candidate,0.019861459732055664
IMG-0017,gusu_qing_candidate,姑苏版画（候选）,0.13698525726795197,0.18877564370632172,0.16744151711463928,IMG-0015,0.011874884366989136,IMG-0015,gusu_qing_candidate,0.011874884366989136
IMG-0303,gusu_qing_candidate,姑苏版画（候选）,0.12402909994125366,0.16531096398830414,0.1544424295425415,IMG-0302,0.009489387273788452,IMG-0302,gusu_qing_candidate,0.009489387273788452
IMG-0177,gusu_qing_candidate,姑苏版画（候选）,0.18000784516334534,0.1853654831647873,0.16535663604736328,IMG-0147,0.012149453163146973,IMG-0147,gusu_qing_candidate,0.012149453163146973
IMG-0067,gusu_qing_candidate,姑苏版画（候选）,0.15155825018882751,0.1651323437690735,0.17986316978931427,IMG-0211,0.018731683492660522,IMG-0211,gusu_qing_candidate,0.018731683492660522
IMG-0246,gusu_qing_candidate,姑苏版画（候选）,0.14092491567134857,0.08747084438800812,0.13596223294734955,IMG-0244,0.022922515869140625,IMG-0244,gusu_qing_candidate,0.022922515869140625
IMG-0138,gusu_qing_candidate,姑苏版画（候选）,0.1290310025215149,0.12880586087703705,0.11112048476934433,IMG-0136,0.024693340063095093,IMG-0136,gusu_qing_candidate,0.024693340063095093
IMG-0256,gusu_qing_candidate,姑苏版画（候选）,0.1636498123407364,0.07893148809671402,0.12186262756586075,IMG-0261,0.006059616804122925,IMG-0261,gusu_qing_candidate,0.006059616804122925
IMG-0199,gusu_qing_candidate,姑苏版画（候选）,0.1592140644788742,0.18814855813980103,0.15225179493427277,IMG-0452,0.02079913020133972,IMG-0452,gusu_qing_candidate,0.02079913020133972
IMG-0225,gusu_qing_candidate,姑苏版画（候选）,0.1987254023551941,0.28801169991493225,0.24579928815364838,IMG-0209,0.01556318998336792,IMG-0209,gusu_qing_candidate,0.01556318998336792
IMG-0251,gusu_qing_candidate,姑苏版画（候选）,0.17609325051307678,0.13347157835960388,0.13658426702022552,IMG-0253,0.018770724534988403,IMG-0253,gusu_qing_candidate,0.018770724534988403
IMG-0342,gusu_qing_candidate,姑苏版画（候选）,0.14526081085205078,0.23154497146606445,0.17168110609054565,IMG-0102,0.015312284231185913,IMG-0102,gusu_qing_candidate,0.015312284231185913
IMG-0429,gusu_qing_candidate,姑苏版画（候选）,0.19857417047023773,0.3003348112106323,0.2156292200088501,IMG-0428,0.006495416164398193,IMG-0428,gusu_qing_candidate,0.006495416164398193
IMG-0085,gusu_qing_candidate,姑苏版画（候选）,0.1652468889951706,0.24145491421222687,0.19483689963817596,IMG-0156,0.04253926873207092,IMG-0702,yangliuqing_late_qing_candidate,0.03639867901802063
IMG-0332,gusu_qing_candidate,姑苏版画（候选）,0.09740904718637466,0.07487156987190247,0.08989128470420837,IMG-0335,0.012325525283813477,IMG-0335,gusu_qing_candidate,0.012325525283813477
IMG-0443,gusu_qing_candidate,姑苏版画（候选）,0.1011865958571434,0.09286019206047058,0.0941280722618103,IMG-0051,0.017585933208465576,IMG-0051,gusu_qing_candidate,0.017585933208465576
IMG-0245,gusu_qing_candidate,姑苏版画（候选）,0.12468484044075012,0.11394630372524261,0.1340615153312683,IMG-0244,0.013899564743041992,IMG-0244,gusu_qing_candidate,0.013899564743041992
IMG-0220,gusu_qing_candidate,姑苏版画（候选）,0.18016551434993744,0.22881920635700226,0.22518552839756012,IMG-0218,0.005958616733551025,IMG-0218,gusu_qing_candidate,0.005958616733551025
IMG-0427,gusu_qing_candidate,姑苏版画（候选）,0.22669893503189087,0.3133591115474701,0.2383698970079422,IMG-0429,0.020471155643463135,IMG-0429,gusu_qing_candidate,0.020471155643463135
IMG-0298,gusu_qing_candidate,姑苏版画（候选）,0.11687589436769485,0.1274074912071228,0.13635939359664917,IMG-0301,0.00923222303390503,IMG-0301,gusu_qing_candidate,0.00923222303390503
IMG-0188,gusu_qing_candidate,姑苏版画（候选）,0.14650383591651917,0.1777755618095398,0.1414598822593689,IMG-0136,0.016027063131332397,IMG-0136,gusu_qing_candidate,0.016027063131332397
IMG-0155,gusu_qing_candidate,姑苏版画（候选）,0.12285895645618439,0.09474501013755798,0.10717478394508362,IMG-0078,0.01956278085708618,IMG-0078,gusu_qing_candidate,0.01956278085708618
IMG-0239,gusu_qing_candidate,姑苏版画（候选）,0.1263444423675537,0.10858854651451111,0.13942565023899078,IMG-0240,0.014474689960479736,IMG-0240,gusu_qing_candidate,0.014474689960479736
IMG-0297,gusu_qing_candidate,姑苏版画（候选）,0.1589142382144928,0.21883238852024078,0.20296278595924377,IMG-0419,0.0059926509857177734,IMG-0419,gusu_qing_candidate,0.0059926509857177734
IMG-0131,gusu_qing_candidate,姑苏版画（候选）,0.14088380336761475,0.1297607421875,0.14269237220287323,IMG-0134,0.03084370493888855,IMG-0134,gusu_qing_candidate,0.03084370493888855
IMG-0253,gusu_qing_candidate,姑苏版画（候选）,0.1999400407075882,0.13995152711868286,0.1610027700662613,IMG-0251,0.018770724534988403,IMG-0251,gusu_qing_candidate,0.018770724534988403
IMG-0260,gusu_qing_candidate,姑苏版画（候选）,0.12201467156410217,0.05770736187696457,0.0931120365858078,IMG-0257,0.010052204132080078,IMG-0257,gusu_qing_candidate,0.010052204132080078
IMG-0117,gusu_qing_candidate,姑苏版画（候选）,0.12137900292873383,0.07107962667942047,0.11727911233901978,IMG-0116,0.015575051307678223,IMG-0116,gusu_qing_candidate,0.015575051307678223
IMG-0189,gusu_qing_candidate,姑苏版画（候选）,0.16412462294101715,0.2674507796764374,0.20200639963150024,IMG-0032,0.02878144383430481,IMG-0032,gusu_qing_candidate,0.02878144383430481
IMG-0270,gusu_qing_candidate,姑苏版画（候选）,0.24730007350444794,0.13374212384223938,0.2102772295475006,IMG-0340,0.029721945524215698,IMG-0340,gusu_qing_candidate,0.029721945524215698
IMG-0097,gusu_qing_candidate,姑苏版画（候选）,0.09674480557441711,0.12345477938652039,0.10669005662202835,IMG-0096,0.008901149034500122,IMG-0096,gusu_qing_candidate,0.008901149034500122
IMG-0176,gusu_qing_candidate,姑苏版画（候选）,0.12135070562362671,0.11522110551595688,0.10350190848112106,IMG-0425,0.01662355661392212,IMG-0425,gusu_qing_candidate,0.01662355661392212
IMG-0182,gusu_qing_candidate,姑苏版画（候选）,0.16026176512241364,0.16428698599338531,0.15497948229312897,IMG-0183,0.01881498098373413,IMG-0183,gusu_qing_candidate,0.01881498098373413
IMG-0146,gusu_qing_candidate,姑苏版画（候选）,0.20132184028625488,0.2900141179561615,0.22072619199752808,IMG-0145,0.02899026870727539,IMG-0654,yangliuqing_late_qing_candidate,0.021775931119918823
IMG-0420,gusu_qing_candidate,姑苏版画（候选）,0.18408015370368958,0.24722106754779816,0.18853437900543213,IMG-0426,0.020283788442611694,IMG-0426,gusu_qing_candidate,0.020283788442611694
IMG-0433,gusu_qing_candidate,姑苏版画（候选）,0.18013125658035278,0.06802579760551453,0.11912883818149567,IMG-0391,0.025903701782226562,IMG-0659,yangliuqing_late_qing_candidate,0.013214588165283203
IMG-0334,gusu_qing_candidate,姑苏版画（候选）,0.11543533951044083,0.11774521321058273,0.1124899759888649,IMG-0333,0.019805967807769775,IMG-0333,gusu_qing_candidate,0.019805967807769775
IMG-0394,gusu_qing_candidate,姑苏版画（候选）,0.13659252226352692,0.19857175648212433,0.15957011282444,IMG-0401,0.017650604248046875,IMG-0401,gusu_qing_candidate,0.017650604248046875
IMG-0386,gusu_qing_candidate,姑苏版画（候选）,0.15132008492946625,0.1917545199394226,0.15664255619049072,IMG-0408,0.012312531471252441,IMG-0408,gusu_qing_candidate,0.012312531471252441
IMG-0027,gusu_qing_candidate,姑苏版画（候选）,0.13292928040027618,0.09163253754377365,0.10700787603855133,IMG-0028,0.00852435827255249,IMG-0028,gusu_qing_candidate,0.00852435827255249
IMG-0143,gusu_qing_candidate,姑苏版画（候选）,0.16182202100753784,0.21952326595783234,0.1730111837387085,IMG-0204,0.015378177165985107,IMG-0204,gusu_qing_candidate,0.015378177165985107
IMG-0295,gusu_qing_candidate,姑苏版画（候选）,0.11259213835000992,0.11244800686836243,0.12807276844978333,IMG-0293,0.0045355260372161865,IMG-0293,gusu_qing_candidate,0.0045355260372161865
IMG-0012,gusu_qing_candidate,姑苏版画（候选）,0.13750316202640533,0.18748275935649872,0.16805335879325867,IMG-0009,0.01274120807647705,IMG-0009,gusu_qing_candidate,0.01274120807647705
IMG-0457,gusu_qing_candidate,姑苏版画（候选）,0.17530228197574615,0.17280824482440948,0.16023090481758118,IMG-0458,0.005231946706771851,IMG-0458,gusu_qing_candidate,0.005231946706771851
IMG-0150,gusu_qing_candidate,姑苏版画（候选）,0.1290002316236496,0.07803552597761154,0.11545407027006149,IMG-0149,0.011924445629119873,IMG-0149,gusu_qing_candidate,0.011924445629119873
IMG-0031,gusu_qing_candidate,姑苏版画（候选）,0.11549252271652222,0.14944076538085938,0.12944059073925018,IMG-0029,0.008335500955581665,IMG-0029,gusu_qing_candidate,0.008335500955581665
IMG-0242,gusu_qing_candidate,姑苏版画（候选）,0.25161054730415344,0.24428251385688782,0.26511019468307495,IMG-0362,0.08172377943992615,IMG-0362,gusu_qing_candidate,0.08172377943992615
IMG-0368,gusu_qing_candidate,姑苏版画（候选）,0.14388838410377502,0.1805170178413391,0.13971847295761108,IMG-0408,0.026689976453781128,IMG-0408,gusu_qing_candidate,0.026689976453781128
IMG-0399,gusu_qing_candidate,姑苏版画（候选）,0.15804344415664673,0.07515735179185867,0.11719032377004623,IMG-0391,0.01199960708618164,IMG-0391,gusu_qing_candidate,0.01199960708618164
IMG-0302,gusu_qing_candidate,姑苏版画（候选）,0.14992403984069824,0.21139772236347198,0.18992899358272552,IMG-0414,0.00855100154876709,IMG-0414,gusu_qing_candidate,0.00855100154876709
IMG-0254,gusu_qing_candidate,姑苏版画（候选）,0.1605599969625473,0.08937527239322662,0.11678607761859894,IMG-0253,0.021348685026168823,IMG-0253,gusu_qing_candidate,0.021348685026168823
IMG-0062,gusu_qing_candidate,姑苏版画（候选）,0.12655866146087646,0.08182905614376068,0.10935289412736893,IMG-0047,0.020124047994613647,IMG-0047,gusu_qing_candidate,0.020124047994613647
IMG-0170,gusu_qing_candidate,姑苏版画（候选）,0.13456261157989502,0.1899004578590393,0.13176432251930237,IMG-0101,0.02982228994369507,IMG-0609,yangliuqing_late_qing_candidate,0.027959316968917847
IMG-0066,gusu_qing_candidate,姑苏版画（候选）,0.17883779108524323,0.09771013259887695,0.1622772067785263,IMG-0232,0.054630428552627563,IMG-0232,gusu_qing_candidate,0.054630428552627563
IMG-0269,gusu_qing_candidate,姑苏版画（候选）,0.1184505745768547,0.07149162888526917,0.09323439747095108,IMG-0257,0.00899285078048706,IMG-0257,gusu_qing_candidate,0.00899285078048706
IMG-0453,gusu_qing_candidate,姑苏版画（候选）,0.19356775283813477,0.2763805389404297,0.23235128819942474,IMG-0455,0.019978880882263184,IMG-0455,gusu_qing_candidate,0.019978880882263184
IMG-0194,gusu_qing_candidate,姑苏版画（候选）,0.1275898963212967,0.08731603622436523,0.11090993136167526,IMG-0078,0.01569908857345581,IMG-0078,gusu_qing_candidate,0.01569908857345581
IMG-0090,gusu_qing_candidate,姑苏版画（候选）,0.10781846195459366,0.10815787315368652,0.0976230725646019,IMG-0167,0.010503560304641724,IMG-0167,gusu_qing_candidate,0.010503560304641724
IMG-0087,gusu_qing_candidate,姑苏版画（候选）,0.13385678827762604,0.1915784478187561,0.1685875505208969,IMG-0304,0.018448621034622192,IMG-0304,gusu_qing_candidate,0.018448621034622192
IMG-0178,gusu_qing_candidate,姑苏版画（候选）,0.12417950481176376,0.133198544383049,0.12192971259355545,IMG-0186,0.01873430609703064,IMG-0186,gusu_qing_candidate,0.01873430609703064
IMG-0183,gusu_qing_candidate,姑苏版画（候选）,0.13291463255882263,0.12408706545829773,0.12038251757621765,IMG-0184,0.010878443717956543,IMG-0184,gusu_qing_candidate,0.010878443717956543
IMG-0141,gusu_qing_candidate,姑苏版画（候选）,0.13125869631767273,0.1908351629972458,0.14547209441661835,IMG-0174,0.015348672866821289,IMG-0174,gusu_qing_candidate,0.015348672866821289
IMG-0080,gusu_qing_candidate,姑苏版画（候选）,0.13452917337417603,0.07511503249406815,0.11828187108039856,IMG-0055,0.012544751167297363,IMG-0055,gusu_qing_candidate,0.012544751167297363
IMG-0123,gusu_qing_candidate,姑苏版画（候选）,0.15746507048606873,0.06955167651176453,0.13721083104610443,IMG-0070,0.030552595853805542,IMG-0643,yangliuqing_late_qing_candidate,0.02705097198486328
IMG-0028,gusu_qing_candidate,姑苏版画（候选）,0.14150495827198029,0.09166013449430466,0.11259818077087402,IMG-0027,0.00852435827255249,IMG-0027,gusu_qing_candidate,0.00852435827255249
IMG-0359,gusu_qing_candidate,姑苏版画（候选）,0.11422272771596909,0.0773797333240509,0.10490819066762924,IMG-0357,0.01374092698097229,IMG-0357,gusu_qing_candidate,0.01374092698097229
IMG-0074,gusu_qing_candidate,姑苏版画（候选）,0.3445829749107361,0.35863178968429565,0.378473162651062,IMG-0455,0.16950422525405884,IMG-0455,gusu_qing_candidate,0.16950422525405884
IMG-0417,gusu_qing_candidate,姑苏版画（候选）,0.24639277160167694,0.3240150511264801,0.2712281346321106,IMG-0396,0.023601055145263672,IMG-0396,gusu_qing_candidate,0.023601055145263672
IMG-0360,gusu_qing_candidate,姑苏版画（候选）,0.1769525110721588,0.21986553072929382,0.2227024883031845,IMG-0222,0.01743626594543457,IMG-0222,gusu_qing_candidate,0.01743626594543457
IMG-0307,gusu_qing_candidate,姑苏版画（候选）,0.11040645837783813,0.0680682361125946,0.10354623198509216,IMG-0306,0.012732833623886108,IMG-0306,gusu_qing_candidate,0.012732833623886108
IMG-0434,gusu_qing_candidate,姑苏版画（候选）,0.20787768065929413,0.21328480541706085,0.19088047742843628,IMG-0177,0.021448343992233276,IMG-0177,gusu_qing_candidate,0.021448343992233276
IMG-0363,gusu_qing_candidate,姑苏版画（候选）,0.10007168352603912,0.08576413989067078,0.07825278490781784,IMG-0324,0.01455920934677124,IMG-0662,yangliuqing_late_qing_candidate,0.013930946588516235
IMG-0435,gusu_qing_candidate,姑苏版画（候选）,0.14968664944171906,0.15926311910152435,0.12516118586063385,IMG-0309,0.01837533712387085,IMG-0309,gusu_qing_candidate,0.01837533712387085
IMG-0187,gusu_qing_candidate,姑苏版画（候选）,0.1085544154047966,0.13100165128707886,0.1143793836236,IMG-0137,0.03682839870452881,IMG-0137,gusu_qing_candidate,0.03682839870452881
IMG-0281,gusu_qing_candidate,姑苏版画（候选）,0.2895062565803528,0.2528740167617798,0.27117350697517395,IMG-0171,0.03154408931732178,IMG-0171,gusu_qing_candidate,0.03154408931732178
IMG-0077,gusu_qing_candidate,姑苏版画（候选）,0.12141289561986923,0.1275990605354309,0.1360621303319931,IMG-0286,0.015696704387664795,IMG-0286,gusu_qing_candidate,0.015696704387664795
IMG-0228,gusu_qing_candidate,姑苏版画（候选）,0.12961865961551666,0.1560925841331482,0.14681020379066467,IMG-0200,0.028550684452056885,IMG-0200,gusu_qing_candidate,0.028550684452056885
IMG-0075,gusu_qing_candidate,姑苏版画（候选）,0.10733731836080551,0.06572780013084412,0.10207393020391464,IMG-0076,0.0035518407821655273,IMG-0076,gusu_qing_candidate,0.0035518407821655273
IMG-0078,gusu_qing_candidate,姑苏版画（候选）,0.11531390994787216,0.08725491911172867,0.09814923256635666,IMG-0167,0.01184794306755066,IMG-0683,yangliuqing_late_qing_candidate,0.009460926055908203
IMG-0121,gusu_qing_candidate,姑苏版画（候选）,0.12224990129470825,0.050725724548101425,0.09405121952295303,IMG-0122,0.007572829723358154,IMG-0122,gusu_qing_candidate,0.007572829723358154
IMG-0409,gusu_qing_candidate,姑苏版画（候选）,0.14268234372138977,0.1538998931646347,0.12593819200992584,IMG-0445,0.021303623914718628,IMG-0608,yangliuqing_late_qing_candidate,0.018751412630081177
IMG-0052,gusu_qing_candidate,姑苏版画（候选）,0.1057681292295456,0.06732841581106186,0.0849592462182045,IMG-0060,0.018101543188095093,IMG-0060,gusu_qing_candidate,0.018101543188095093
IMG-0115,gusu_qing_candidate,姑苏版画（候选）,0.14601005613803864,0.2001207023859024,0.13918490707874298,IMG-0308,0.017292022705078125,IMG-0609,yangliuqing_late_qing_candidate,0.016468822956085205
IMG-0184,gusu_qing_candidate,姑苏版画（候选）,0.13303039968013763,0.10521358251571655,0.11654966324567795,IMG-0183,0.010878443717956543,IMG-0183,gusu_qing_candidate,0.010878443717956543
IMG-0120,gusu_qing_candidate,姑苏版画（候选）,0.10182332992553711,0.09491924196481705,0.09975327551364899,IMG-0001,0.028142958879470825,IMG-0001,gusu_qing_candidate,0.028142958879470825
IMG-0367,gusu_qing_candidate,姑苏版画（候选）,0.15448284149169922,0.22689907252788544,0.16049636900424957,IMG-0366,0.009550422430038452,IMG-0366,gusu_qing_candidate,0.009550422430038452
IMG-0167,gusu_qing_candidate,姑苏版画（候选）,0.10412515699863434,0.10018502175807953,0.09242160618305206,IMG-0090,0.010503560304641724,IMG-0090,gusu_qing_candidate,0.010503560304641724
IMG-0326,gusu_qing_candidate,姑苏版画（候选）,0.10351712256669998,0.08819929510354996,0.0877147689461708,IMG-0351,0.016102850437164307,IMG-0662,yangliuqing_late_qing_candidate,0.01254492998123169
IMG-0091,gusu_qing_candidate,姑苏版画（候选）,0.13592350482940674,0.14285555481910706,0.15689751505851746,IMG-0081,0.013273060321807861,IMG-0081,gusu_qing_candidate,0.013273060321807861
IMG-0000,gusu_qing_candidate,姑苏版画（候选）,0.10783932358026505,0.14861908555030823,0.11645835638046265,IMG-0011,0.018813610076904297,IMG-0011,gusu_qing_candidate,0.018813610076904297
IMG-0195,gusu_qing_candidate,姑苏版画（候选）,0.1144046038389206,0.15327493846416473,0.13407889008522034,IMG-0206,0.01832488179206848,IMG-0206,gusu_qing_candidate,0.01832488179206848
IMG-0328,gusu_qing_candidate,姑苏版画（候选）,0.1047629714012146,0.0946173369884491,0.08561533689498901,IMG-0112,0.02072817087173462,IMG-0608,yangliuqing_late_qing_candidate,0.020007818937301636
IMG-0418,gusu_qing_candidate,姑苏版画（候选）,0.17749179899692535,0.205381840467453,0.21461038291454315,IMG-0407,0.005976259708404541,IMG-0407,gusu_qing_candidate,0.005976259708404541
IMG-0304,gusu_qing_candidate,姑苏版画（候选）,0.14566029608249664,0.23203134536743164,0.19170576333999634,IMG-0087,0.018448621034622192,IMG-0087,gusu_qing_candidate,0.018448621034622192
IMG-0218,gusu_qing_candidate,姑苏版画（候选）,0.1960342973470688,0.25203558802604675,0.24589881300926208,IMG-0220,0.005958616733551025,IMG-0220,gusu_qing_candidate,0.005958616733551025
IMG-0283,gusu_qing_candidate,姑苏版画（候选）,0.16971105337142944,0.22641941905021667,0.21797549724578857,IMG-0214,0.010953247547149658,IMG-0214,gusu_qing_candidate,0.010953247547149658
IMG-0452,gusu_qing_candidate,姑苏版画（候选）,0.1747041791677475,0.2355080246925354,0.17872196435928345,IMG-0422,0.02039104700088501,IMG-0422,gusu_qing_candidate,0.02039104700088501
IMG-0423,gusu_qing_candidate,姑苏版画（候选）,0.3048461377620697,0.40288013219833374,0.32028457522392273,IMG-0424,0.0027164220809936523,IMG-0424,gusu_qing_candidate,0.0027164220809936523
IMG-0122,gusu_qing_candidate,姑苏版画（候选）,0.12082543224096298,0.05910319834947586,0.10019638389348984,IMG-0121,0.007572829723358154,IMG-0121,gusu_qing_candidate,0.007572829723358154
IMG-0320,gusu_qing_candidate,姑苏版画（候选）,0.13446703553199768,0.06545156240463257,0.1157049834728241,IMG-0116,0.03745827078819275,IMG-0116,gusu_qing_candidate,0.03745827078819275
IMG-0362,gusu_qing_candidate,姑苏版画（候选）,0.19627130031585693,0.2048105150461197,0.1983186900615692,IMG-0147,0.04426237940788269,IMG-0147,gusu_qing_candidate,0.04426237940788269
IMG-0083,gusu_qing_candidate,姑苏版画（候选）,0.11166387051343918,0.13256266713142395,0.13615794479846954,IMG-0088,0.033424824476242065,IMG-0088,gusu_qing_candidate,0.033424824476242065
IMG-0203,gusu_qing_candidate,姑苏版画（候选）,0.13582508265972137,0.19556887447834015,0.16377443075180054,IMG-0103,0.015883654356002808,IMG-0103,gusu_qing_candidate,0.015883654356002808
IMG-0088,gusu_qing_candidate,姑苏版画（候选）,0.12220843136310577,0.16057007014751434,0.1500014364719391,IMG-0087,0.019525080919265747,IMG-0087,gusu_qing_candidate,0.019525080919265747
IMG-0437,gusu_qing_candidate,姑苏版画（候选）,0.11897887289524078,0.16930437088012695,0.12280294299125671,IMG-0358,0.014773666858673096,IMG-0358,gusu_qing_candidate,0.014773666858673096
IMG-0160,gusu_qing_candidate,姑苏版画（候选）,0.12946036458015442,0.12393621355295181,0.1129896268248558,IMG-0159,0.003744840621948242,IMG-0159,gusu_qing_candidate,0.003744840621948242
IMG-0390,gusu_qing_candidate,姑苏版画（候选）,0.1590755581855774,0.21665892004966736,0.1711307168006897,IMG-0398,0.017646700143814087,IMG-0398,gusu_qing_candidate,0.017646700143814087
IMG-0084,gusu_qing_candidate,姑苏版画（候选）,0.213629812002182,0.29078418016433716,0.24309401214122772,IMG-0227,0.038250625133514404,IMG-0227,gusu_qing_candidate,0.038250625133514404
IMG-0014,gusu_qing_candidate,姑苏版画（候选）,0.10425254702568054,0.1407749354839325,0.11828713119029999,IMG-0016,0.004438936710357666,IMG-0016,gusu_qing_candidate,0.004438936710357666
IMG-0379,gusu_qing_candidate,姑苏版画（候选）,0.1059764102101326,0.0762006938457489,0.1032450869679451,IMG-0374,0.0031754374504089355,IMG-0374,gusu_qing_candidate,0.0031754374504089355
IMG-0215,gusu_qing_candidate,姑苏版画（候选）,0.15646009147167206,0.20788292586803436,0.19526278972625732,IMG-0221,0.005841970443725586,IMG-0221,gusu_qing_candidate,0.005841970443725586
IMG-0388,gusu_qing_candidate,姑苏版画（候选）,0.22032149136066437,0.31174975633621216,0.24508224427700043,IMG-0398,0.019098520278930664,IMG-0398,gusu_qing_candidate,0.019098520278930664
IMG-0002,gusu_qing_candidate,姑苏版画（候选）,0.21522945165634155,0.20027829706668854,0.23495414853096008,IMG-0065,0.029867172241210938,IMG-0065,gusu_qing_candidate,0.029867172241210938
IMG-0236,gusu_qing_candidate,姑苏版画（候选）,0.10060606151819229,0.11194128543138504,0.09622450172901154,IMG-0235,0.010779350996017456,IMG-0235,gusu_qing_candidate,0.010779350996017456
IMG-0171,gusu_qing_candidate,姑苏版画（候选）,0.2592560350894928,0.21576349437236786,0.2462484985589981,IMG-0281,0.03154408931732178,IMG-0281,gusu_qing_candidate,0.03154408931732178
IMG-0412,gusu_qing_candidate,姑苏版画（候选）,0.17374204099178314,0.22331587970256805,0.21723207831382751,IMG-0407,0.007788926362991333,IMG-0407,gusu_qing_candidate,0.007788926362991333
IMG-0233,gusu_qing_candidate,姑苏版画（候选）,0.11198758333921432,0.12740638852119446,0.11970864981412888,IMG-0029,0.014207959175109863,IMG-0029,gusu_qing_candidate,0.014207959175109863
IMG-0185,gusu_qing_candidate,姑苏版画（候选）,0.1224302127957344,0.14925287663936615,0.11640970408916473,IMG-0172,0.0172884464263916,IMG-0172,gusu_qing_candidate,0.0172884464263916
IMG-0296,gusu_qing_candidate,姑苏版画（候选）,0.11771363019943237,0.180177241563797,0.14999526739120483,IMG-0024,0.03313186764717102,IMG-0024,gusu_qing_candidate,0.03313186764717102
IMG-0425,gusu_qing_candidate,姑苏版画（候选）,0.1267336755990982,0.08771717548370361,0.09575770050287247,IMG-0176,0.01662355661392212,IMG-0176,gusu_qing_candidate,0.01662355661392212
IMG-0217,gusu_qing_candidate,姑苏版画（候选）,0.17999619245529175,0.2546766400337219,0.23201704025268555,IMG-0212,0.007787197828292847,IMG-0212,gusu_qing_candidate,0.007787197828292847
IMG-0402,gusu_qing_candidate,姑苏版画（候选）,0.10253472626209259,0.15472541749477386,0.11900277435779572,IMG-0401,0.007731229066848755,IMG-0401,gusu_qing_candidate,0.007731229066848755
IMG-0126,gusu_qing_candidate,姑苏版画（候选）,0.11625713109970093,0.1359110325574875,0.11395556479692459,IMG-0127,0.01821419596672058,IMG-0127,gusu_qing_candidate,0.01821419596672058
IMG-0144,gusu_qing_candidate,姑苏版画（候选）,0.16486412286758423,0.1475219875574112,0.14532308280467987,IMG-0135,0.027850627899169922,IMG-0135,gusu_qing_candidate,0.027850627899169922
IMG-0186,gusu_qing_candidate,姑苏版画（候选）,0.1275027096271515,0.11344950646162033,0.11515572667121887,IMG-0183,0.012502819299697876,IMG-0183,gusu_qing_candidate,0.012502819299697876
IMG-0024,gusu_qing_candidate,姑苏版画（候选）,0.117524154484272,0.16747988760471344,0.14543962478637695,IMG-0022,0.010612308979034424,IMG-0022,gusu_qing_candidate,0.010612308979034424
IMG-0050,gusu_qing_candidate,姑苏版画（候选）,0.14446458220481873,0.19790881872177124,0.17395107448101044,IMG-0053,0.016066133975982666,IMG-0053,gusu_qing_candidate,0.016066133975982666
IMG-0196,gusu_qing_candidate,姑苏版画（候选）,0.09985308349132538,0.07921072840690613,0.08949258178472519,IMG-0164,0.015996217727661133,IMG-0164,gusu_qing_candidate,0.015996217727661133
IMG-0293,gusu_qing_candidate,姑苏版画（候选）,0.11192411184310913,0.1211690753698349,0.12940019369125366,IMG-0292,0.0037501156330108643,IMG-0292,gusu_qing_candidate,0.0037501156330108643
IMG-0335,gusu_qing_candidate,姑苏版画（候选）,0.09353682398796082,0.10554376244544983,0.09755407273769379,IMG-0332,0.012325525283813477,IMG-0332,gusu_qing_candidate,0.012325525283813477
IMG-0263,gusu_qing_candidate,姑苏版画（候选）,0.1460263431072235,0.06331278383731842,0.11403873562812805,IMG-0264,0.0026445388793945312,IMG-0264,gusu_qing_candidate,0.0026445388793945312
IMG-0456,gusu_qing_candidate,姑苏版画（候选）,0.2463173121213913,0.2618224322795868,0.24006453156471252,IMG-0404,0.039920538663864136,IMG-0404,gusu_qing_candidate,0.039920538663864136
IMG-0134,gusu_qing_candidate,姑苏版画（候选）,0.1078038290143013,0.0884678065776825,0.10402753204107285,IMG-0140,0.024151593446731567,IMG-0140,gusu_qing_candidate,0.024151593446731567
IMG-0021,gusu_qing_candidate,姑苏版画（候选）,0.10944289714097977,0.12755002081394196,0.12305918335914612,IMG-0019,0.010248392820358276,IMG-0019,gusu_qing_candidate,0.010248392820358276
IMG-0291,gusu_qing_candidate,姑苏版画（候选）,0.14849387109279633,0.11632201075553894,0.15767204761505127,IMG-0290,0.0019661784172058105,IMG-0290,gusu_qing_candidate,0.0019661784172058105
IMG-0173,gusu_qing_candidate,姑苏版画（候选）,0.12247626483440399,0.1882704496383667,0.14781968295574188,IMG-0206,0.024401962757110596,IMG-0206,gusu_qing_candidate,0.024401962757110596
IMG-0227,gusu_qing_candidate,姑苏版画（候选）,0.189711332321167,0.25232645869255066,0.20495688915252686,IMG-0452,0.03468570113182068,IMG-0452,gusu_qing_candidate,0.03468570113182068
IMG-0093,gusu_qing_candidate,姑苏版画（候选）,0.14703619480133057,0.22582922875881195,0.15810741484165192,IMG-0358,0.014870107173919678,IMG-0358,gusu_qing_candidate,0.014870107173919678
IMG-0033,gusu_qing_candidate,姑苏版画（候选）,0.13948512077331543,0.22661063075065613,0.17078949511051178,IMG-0032,0.006299525499343872,IMG-0032,gusu_qing_candidate,0.006299525499343872
IMG-0068,gusu_qing_candidate,姑苏版画（候选）,0.1723770946264267,0.08990267664194107,0.15498590469360352,IMG-0070,0.023323237895965576,IMG-0070,gusu_qing_candidate,0.023323237895965576
IMG-0125,gusu_qing_candidate,姑苏版画（候选）,0.12178415805101395,0.13815194368362427,0.11209126561880112,IMG-0136,0.02590152621269226,IMG-0136,gusu_qing_candidate,0.02590152621269226
IMG-0396,gusu_qing_candidate,姑苏版画（候选）,0.18867406249046326,0.22954896092414856,0.19521020352840424,IMG-0397,0.009011805057525635,IMG-0397,gusu_qing_candidate,0.009011805057525635
IMG-0172,gusu_qing_candidate,姑苏版画（候选）,0.10583009570837021,0.12932422757148743,0.10032827407121658,IMG-0185,0.0172884464263916,IMG-0185,gusu_qing_candidate,0.0172884464263916
IMG-0441,gusu_qing_candidate,姑苏版画（候选）,0.14858685433864594,0.23395909368991852,0.1675863415002823,IMG-0141,0.02301838994026184,IMG-0653,yangliuqing_late_qing_candidate,0.021489977836608887
IMG-0030,gusu_qing_candidate,姑苏版画（候选）,0.11482083797454834,0.16440017521381378,0.1353745311498642,IMG-0018,0.0176546573638916,IMG-0018,gusu_qing_candidate,0.0176546573638916
IMG-0265,gusu_qing_candidate,姑苏版画（候选）,0.14083535969257355,0.050478819757699966,0.10159435123205185,IMG-0263,0.011639505624771118,IMG-0263,gusu_qing_candidate,0.011639505624771118
IMG-0411,gusu_qing_candidate,姑苏版画（候选）,0.10578736662864685,0.0669894888997078,0.08041393011808395,IMG-0351,0.0033095479011535645,IMG-0351,gusu_qing_candidate,0.0033095479011535645
IMG-0148,gusu_qing_candidate,姑苏版画（候选）,0.13186630606651306,0.0840512216091156,0.09351411461830139,IMG-0431,0.023873984813690186,IMG-0639,yangliuqing_late_qing_candidate,0.02316415309906006
IMG-0079,gusu_qing_candidate,姑苏版画（候选）,0.18236598372459412,0.19517409801483154,0.21553443372249603,IMG-0086,0.021757841110229492,IMG-0086,gusu_qing_candidate,0.021757841110229492
IMG-0337,gusu_qing_candidate,姑苏版画（候选）,0.16041985154151917,0.11322177946567535,0.11492861062288284,IMG-0322,0.013705939054489136,IMG-0322,gusu_qing_candidate,0.013705939054489136
IMG-0044,gusu_qing_candidate,姑苏版画（候选）,0.10401666164398193,0.09573626518249512,0.09471365064382553,IMG-0043,0.009827017784118652,IMG-0043,gusu_qing_candidate,0.009827017784118652
IMG-0250,gusu_qing_candidate,姑苏版画（候选）,0.2250484675168991,0.20231971144676208,0.2522042691707611,IMG-0290,0.03982400894165039,IMG-0290,gusu_qing_candidate,0.03982400894165039
IMG-0284,gusu_qing_candidate,姑苏版画（候选）,0.18090783059597015,0.24858082830905914,0.228436678647995,IMG-0283,0.016024738550186157,IMG-0283,gusu_qing_candidate,0.016024738550186157
IMG-0019,gusu_qing_candidate,姑苏版画（候选）,0.10189107805490494,0.13418954610824585,0.11476786434650421,IMG-0014,0.005511730909347534,IMG-0014,gusu_qing_candidate,0.005511730909347534
IMG-0422,gusu_qing_candidate,姑苏版画（候选）,0.19511310756206512,0.23998737335205078,0.18464776873588562,IMG-0311,0.018487632274627686,IMG-0311,gusu_qing_candidate,0.018487632274627686
IMG-0449,gusu_qing_candidate,姑苏版画（候选）,0.17337243258953094,0.22106045484542847,0.18495988845825195,IMG-0452,0.02244696021080017,IMG-0452,gusu_qing_candidate,0.02244696021080017
IMG-0348,gusu_qing_candidate,姑苏版画（候选）,0.132044717669487,0.10796766728162766,0.12615986168384552,IMG-0350,0.013512521982192993,IMG-0350,gusu_qing_candidate,0.013512521982192993
IMG-0092,gusu_qing_candidate,姑苏版画（候选）,0.10963748395442963,0.1581428349018097,0.11473707854747772,IMG-0402,0.01675856113433838,IMG-0655,yangliuqing_late_qing_candidate,0.013460934162139893
IMG-0053,gusu_qing_candidate,姑苏版画（候选）,0.15648667514324188,0.19432523846626282,0.1893608123064041,IMG-0054,0.012611061334609985,IMG-0054,gusu_qing_candidate,0.012611061334609985
IMG-0162,gusu_qing_candidate,姑苏版画（候选）,0.11995416134595871,0.09619792550802231,0.09662511199712753,IMG-0105,0.009742259979248047,IMG-0105,gusu_qing_candidate,0.009742259979248047
IMG-0174,gusu_qing_candidate,姑苏版画（候选）,0.15435974299907684,0.22217030823230743,0.16873615980148315,IMG-0141,0.015348672866821289,IMG-0141,gusu_qing_candidate,0.015348672866821289
IMG-0268,gusu_qing_candidate,姑苏版画（候选）,0.10665040463209152,0.1289055049419403,0.12095150351524353,IMG-0266,0.018817931413650513,IMG-0632,yangliuqing_late_qing_candidate,0.013542771339416504
IMG-0403,gusu_qing_candidate,姑苏版画（候选）,0.12743327021598816,0.21079009771347046,0.15605637431144714,IMG-0401,0.0042826831340789795,IMG-0401,gusu_qing_candidate,0.0042826831340789795
IMG-0029,gusu_qing_candidate,姑苏版画（候选）,0.10986659675836563,0.12335745245218277,0.11843878775835037,IMG-0031,0.008335500955581665,IMG-0031,gusu_qing_candidate,0.008335500955581665
IMG-0105,gusu_qing_candidate,姑苏版画（候选）,0.1261502355337143,0.08115401118993759,0.09843470901250839,IMG-0162,0.009742259979248047,IMG-0162,gusu_qing_candidate,0.009742259979248047
IMG-0034,gusu_qing_candidate,姑苏版画（候选）,0.19773148000240326,0.1294446587562561,0.1582554280757904,IMG-0026,0.012388288974761963,IMG-0026,gusu_qing_candidate,0.012388288974761963
IMG-0025,gusu_qing_candidate,姑苏版画（候选）,0.16641151905059814,0.08284863084554672,0.12484116852283478,IMG-0026,0.0064604878425598145,IMG-0026,gusu_qing_candidate,0.0064604878425598145
IMG-0353,gusu_qing_candidate,姑苏版画（候选）,0.16906988620758057,0.2739754319190979,0.18856577575206757,IMG-0102,0.014658123254776001,IMG-0102,gusu_qing_candidate,0.014658123254776001
IMG-0329,gusu_qing_candidate,姑苏版画（候选）,0.10939081758260727,0.10838119685649872,0.09360286593437195,IMG-0175,0.019577115774154663,IMG-0175,gusu_qing_candidate,0.019577115774154663
IMG-0413,gusu_qing_candidate,姑苏版画（候选）,0.210036501288414,0.2437414824962616,0.25567948818206787,IMG-0418,0.007707089185714722,IMG-0418,gusu_qing_candidate,0.007707089185714722
IMG-0168,gusu_qing_candidate,姑苏版画（候选）,0.11995172500610352,0.1262044608592987,0.1317170113325119,IMG-0165,0.028054773807525635,IMG-0165,gusu_qing_candidate,0.028054773807525635
IMG-0336,gusu_qing_candidate,姑苏版画（候选）,0.23531173169612885,0.1016714945435524,0.18575464189052582,IMG-0048,0.04404240846633911,IMG-0048,gusu_qing_candidate,0.04404240846633911
IMG-0201,gusu_qing_candidate,姑苏版画（候选）,0.2524280548095703,0.2193143367767334,0.2422463595867157,IMG-0154,0.1281844675540924,IMG-0154,gusu_qing_candidate,0.1281844675540924
IMG-0064,gusu_qing_candidate,姑苏版画（候选）,0.10199287533760071,0.09063414484262466,0.10340823233127594,IMG-0376,0.012898176908493042,IMG-0376,gusu_qing_candidate,0.012898176908493042
IMG-0023,gusu_qing_candidate,姑苏版画（候选）,0.12382449209690094,0.15419499576091766,0.1466255635023117,IMG-0005,0.02135482430458069,IMG-0005,gusu_qing_candidate,0.02135482430458069
IMG-0458,gusu_qing_candidate,姑苏版画（候选）,0.17727048695087433,0.19203467667102814,0.16447673738002777,IMG-0457,0.005231946706771851,IMG-0457,gusu_qing_candidate,0.005231946706771851
IMG-0249,gusu_qing_candidate,姑苏版画（候选）,0.15575039386749268,0.13097888231277466,0.16722293198108673,IMG-0290,0.023272663354873657,IMG-0290,gusu_qing_candidate,0.023272663354873657
IMG-0421,gusu_qing_candidate,姑苏版画（候选）,0.15013578534126282,0.21842022240161896,0.16417184472084045,IMG-0102,0.01823517680168152,IMG-0102,gusu_qing_candidate,0.01823517680168152
IMG-0364,gusu_qing_candidate,姑苏版画（候选）,0.13290636241436005,0.1484590768814087,0.11074832826852798,IMG-0435,0.018619686365127563,IMG-0435,gusu_qing_candidate,0.018619686365127563
IMG-0055,gusu_qing_candidate,姑苏版画（候选）,0.13138999044895172,0.07187315821647644,0.11783479899168015,IMG-0049,0.011567085981369019,IMG-0049,gusu_qing_candidate,0.011567085981369019
IMG-0277,gusu_qing_candidate,姑苏版画（候选）,0.13573719561100006,0.11666923016309738,0.10901591926813126,IMG-0276,0.008954077959060669,IMG-0276,gusu_qing_candidate,0.008954077959060669
IMG-0113,gusu_qing_candidate,姑苏版画（候选）,0.10200227051973343,0.08523017913103104,0.084957055747509,IMG-0167,0.013044565916061401,IMG-0167,gusu_qing_candidate,0.013044565916061401
IMG-0271,gusu_qing_candidate,姑苏版画（候选）,0.19607751071453094,0.11633028090000153,0.1530321091413498,IMG-0272,0.008167743682861328,IMG-0272,gusu_qing_candidate,0.008167743682861328
IMG-0181,gusu_qing_candidate,姑苏版画（候选）,0.16493144631385803,0.20515801012516022,0.19490289688110352,IMG-0091,0.04192933440208435,IMG-0091,gusu_qing_candidate,0.04192933440208435
IMG-0043,gusu_qing_candidate,姑苏版画（候选）,0.09522440284490585,0.0981968492269516,0.09149226546287537,IMG-0044,0.009827017784118652,IMG-0044,gusu_qing_candidate,0.009827017784118652
IMG-0430,gusu_qing_candidate,姑苏版画（候选）,0.11590761691331863,0.1258884221315384,0.0979788601398468,IMG-0432,0.009345293045043945,IMG-0432,gusu_qing_candidate,0.009345293045043945
IMG-0076,gusu_qing_candidate,姑苏版画（候选）,0.10082077980041504,0.06922434270381927,0.09853877872228622,IMG-0075,0.0035518407821655273,IMG-0075,gusu_qing_candidate,0.0035518407821655273
IMG-0397,gusu_qing_candidate,姑苏版画（候选）,0.191427543759346,0.23404592275619507,0.1950957179069519,IMG-0396,0.009011805057525635,IMG-0396,gusu_qing_candidate,0.009011805057525635
IMG-0375,gusu_qing_candidate,姑苏版画（候选）,0.1085103303194046,0.10850564390420914,0.1210845410823822,IMG-0384,0.0027432143688201904,IMG-0384,gusu_qing_candidate,0.0027432143688201904
IMG-0205,gusu_qing_candidate,姑苏版画（候选）,0.18057703971862793,0.28900063037872314,0.22653184831142426,IMG-0231,0.02290654182434082,IMG-0231,gusu_qing_candidate,0.02290654182434082
IMG-0204,gusu_qing_candidate,姑苏版画（候选）,0.14776045083999634,0.20201712846755981,0.15778511762619019,IMG-0143,0.015378177165985107,IMG-0143,gusu_qing_candidate,0.015378177165985107
IMG-0156,gusu_qing_candidate,姑苏版画（候选）,0.12739144265651703,0.19020748138427734,0.15086133778095245,IMG-0000,0.023414403200149536,IMG-0000,gusu_qing_candidate,0.023414403200149536
IMG-0313,gusu_qing_candidate,姑苏版画（候选）,0.1321464329957962,0.11792908608913422,0.13949543237686157,IMG-0071,0.05086979269981384,IMG-0607,yangliuqing_late_qing_candidate,0.04717046022415161
IMG-0114,gusu_qing_candidate,姑苏版画（候选）,0.10767816752195358,0.06545194983482361,0.0791260376572609,IMG-0113,0.013079792261123657,IMG-0113,gusu_qing_candidate,0.013079792261123657
IMG-0057,gusu_qing_candidate,姑苏版画（候选）,0.10099528729915619,0.1033012792468071,0.10768532752990723,IMG-0058,0.01132938265800476,IMG-0058,gusu_qing_candidate,0.01132938265800476
IMG-0161,gusu_qing_candidate,姑苏版画（候选）,0.13040278851985931,0.11685559153556824,0.10526823997497559,IMG-0159,0.004095256328582764,IMG-0159,gusu_qing_candidate,0.004095256328582764
IMG-0036,gusu_qing_candidate,姑苏版画（候选）,0.11857461929321289,0.14773893356323242,0.11991178244352341,IMG-0042,0.014555633068084717,IMG-0042,gusu_qing_candidate,0.014555633068084717
IMG-0385,gusu_qing_candidate,姑苏版画（候选）,0.10827650874853134,0.09454703330993652,0.1165054515004158,IMG-0374,0.00464099645614624,IMG-0374,gusu_qing_candidate,0.00464099645614624
IMG-0112,gusu_qing_candidate,姑苏版画（候选）,0.1005888506770134,0.10991209000349045,0.09310280531644821,IMG-0355,0.014669686555862427,IMG-0355,gusu_qing_candidate,0.014669686555862427
IMG-0355,gusu_qing_candidate,姑苏版画（候选）,0.10563486069440842,0.12525638937950134,0.10824853926897049,IMG-0112,0.014669686555862427,IMG-0112,gusu_qing_candidate,0.014669686555862427
IMG-0094,gusu_qing_candidate,姑苏版画（候选）,0.14038579165935516,0.22100475430488586,0.15757746994495392,IMG-0102,0.01853698492050171,IMG-0102,gusu_qing_candidate,0.01853698492050171
IMG-0331,gusu_qing_candidate,姑苏版画（候选）,0.09173056483268738,0.10992603749036789,0.0957586020231247,IMG-0097,0.01970788836479187,IMG-0657,yangliuqing_late_qing_candidate,0.01946943998336792
IMG-0130,gusu_qing_candidate,姑苏版画（候选）,0.15328267216682434,0.07951626181602478,0.13347335159778595,IMG-0285,0.03310391306877136,IMG-0285,gusu_qing_candidate,0.03310391306877136
IMG-0127,gusu_qing_candidate,姑苏版画（候选）,0.10433493554592133,0.14708702266216278,0.10812876373529434,IMG-0442,0.017977029085159302,IMG-0442,gusu_qing_candidate,0.017977029085159302
IMG-0266,gusu_qing_candidate,姑苏版画（候选）,0.09774492681026459,0.08861659467220306,0.09774118661880493,IMG-0267,0.016352534294128418,IMG-0267,gusu_qing_candidate,0.016352534294128418
IMG-0136,gusu_qing_candidate,姑苏版画（候选）,0.13648846745491028,0.18102878332138062,0.13482068479061127,IMG-0188,0.016027063131332397,IMG-0188,gusu_qing_candidate,0.016027063131332397
IMG-0276,gusu_qing_candidate,姑苏版画（候选）,0.13094353675842285,0.11761094629764557,0.1086147278547287,IMG-0275,0.0023922324180603027,IMG-0275,gusu_qing_candidate,0.0023922324180603027
IMG-0237,gusu_qing_candidate,姑苏版画（候选）,0.12722307443618774,0.08211167901754379,0.13269107043743134,IMG-0238,0.013711720705032349,IMG-0238,gusu_qing_candidate,0.013711720705032349
IMG-0235,gusu_qing_candidate,姑苏版画（候选）,0.09507294744253159,0.09537323564291,0.09156230837106705,IMG-0236,0.010779350996017456,IMG-0236,gusu_qing_candidate,0.010779350996017456
IMG-0267,gusu_qing_candidate,姑苏版画（候选）,0.09887948632240295,0.11725558340549469,0.10804185271263123,IMG-0266,0.016352534294128418,IMG-0266,gusu_qing_candidate,0.016352534294128418
IMG-0243,gusu_qing_candidate,姑苏版画（候选）,0.1237676665186882,0.1704947054386139,0.15252168476581573,IMG-0296,0.0347750186920166,IMG-0296,gusu_qing_candidate,0.0347750186920166
IMG-0054,gusu_qing_candidate,姑苏版画（候选）,0.15633749961853027,0.17618046700954437,0.181608185172081,IMG-0053,0.012611061334609985,IMG-0053,gusu_qing_candidate,0.012611061334609985
IMG-0439,gusu_qing_candidate,姑苏版画（候选）,0.13037118315696716,0.06696703284978867,0.09730164706707001,IMG-0391,0.02318751811981201,IMG-0634,yangliuqing_late_qing_candidate,0.01658979058265686
IMG-0213,gusu_qing_candidate,姑苏版画（候选）,0.23544758558273315,0.2948949337005615,0.28999119997024536,IMG-0218,0.010837316513061523,IMG-0218,gusu_qing_candidate,0.010837316513061523
IMG-0147,gusu_qing_candidate,姑苏版画（候选）,0.18277770280838013,0.18895386159420013,0.1719408631324768,IMG-0177,0.012149453163146973,IMG-0177,gusu_qing_candidate,0.012149453163146973
IMG-0232,gusu_qing_candidate,姑苏版画（候选）,0.14177019894123077,0.08623310923576355,0.1396932452917099,IMG-0378,0.031987130641937256,IMG-0378,gusu_qing_candidate,0.031987130641937256
IMG-0109,gusu_qing_candidate,姑苏版画（候选）,0.13506925106048584,0.06903599202632904,0.09974929690361023,IMG-0110,0.004140794277191162,IMG-0110,gusu_qing_candidate,0.004140794277191162
IMG-0318,gusu_qing_candidate,姑苏版画（候选）,0.21053367853164673,0.22599346935749054,0.18410955369472504,IMG-0311,0.016550540924072266,IMG-0311,gusu_qing_candidate,0.016550540924072266
IMG-0338,gusu_qing_candidate,姑苏版画（候选）,0.19026480615139008,0.25842389464378357,0.19802741706371307,IMG-0398,0.03427049517631531,IMG-0398,gusu_qing_candidate,0.03427049517631531
IMG-0445,gusu_qing_candidate,姑苏版画（候选）,0.1622324436903,0.17860975861549377,0.14196304976940155,IMG-0435,0.01980644464492798,IMG-0435,gusu_qing_candidate,0.01980644464492798
IMG-0179,gusu_qing_candidate,姑苏版画（候选）,0.12573538720607758,0.16146019101142883,0.14246822893619537,IMG-0156,0.0244046151638031,IMG-0156,gusu_qing_candidate,0.0244046151638031
IMG-0165,gusu_qing_candidate,姑苏版画（候选）,0.11995695531368256,0.09748052060604095,0.11333367973566055,IMG-0064,0.023717552423477173,IMG-0064,gusu_qing_candidate,0.023717552423477173
IMG-0440,gusu_qing_candidate,姑苏版画（候选）,0.12802773714065552,0.06581910699605942,0.08854396641254425,IMG-0148,0.03159800171852112,IMG-0642,yangliuqing_late_qing_candidate,0.020925313234329224
IMG-0216,gusu_qing_candidate,姑苏版画（候选）,0.16632786393165588,0.1920713186264038,0.20309525728225708,IMG-0223,0.015251725912094116,IMG-0223,gusu_qing_candidate,0.015251725912094116
IMG-0305,gusu_qing_candidate,姑苏版画（候选）,0.10054207593202591,0.10801470279693604,0.10139846801757812,IMG-0043,0.016852498054504395,IMG-0043,gusu_qing_candidate,0.016852498054504395
IMG-0311,gusu_qing_candidate,姑苏版画（候选）,0.18702800571918488,0.2134583592414856,0.17107540369033813,IMG-0318,0.016550540924072266,IMG-0318,gusu_qing_candidate,0.016550540924072266
IMG-0082,gusu_qing_candidate,姑苏版画（候选）,0.11103542894124985,0.06975822895765305,0.09892019629478455,IMG-0075,0.018231093883514404,IMG-0075,gusu_qing_candidate,0.018231093883514404
IMG-0100,gusu_qing_candidate,姑苏版画（候选）,0.10711946338415146,0.07996319234371185,0.09182926267385483,IMG-0099,0.011786729097366333,IMG-0099,gusu_qing_candidate,0.011786729097366333
IMG-0255,gusu_qing_candidate,姑苏版画（候选）,0.18335697054862976,0.07844844460487366,0.13415998220443726,IMG-0261,0.009205758571624756,IMG-0261,gusu_qing_candidate,0.009205758571624756
IMG-0200,gusu_qing_candidate,姑苏版画（候选）,0.12793861329555511,0.1841011643409729,0.15077592432498932,IMG-0231,0.024755239486694336,IMG-0231,gusu_qing_candidate,0.024755239486694336
IMG-0208,gusu_qing_candidate,姑苏版画（候选）,0.10980740189552307,0.16385912895202637,0.12118557840585709,IMG-0442,0.021672755479812622,IMG-0442,gusu_qing_candidate,0.021672755479812622
IMG-0169,gusu_qing_candidate,姑苏版画（候选）,0.23700816929340363,0.15120194852352142,0.20985998213291168,IMG-0248,0.06286600232124329,IMG-0671,yangliuqing_late_qing_candidate,0.06114658713340759
IMG-0446,gusu_qing_candidate,姑苏版画（候选）,0.16476453840732574,0.11499650031328201,0.13718026876449585,IMG-0447,0.009293317794799805,IMG-0447,gusu_qing_candidate,0.009293317794799805
IMG-0252,gusu_qing_candidate,姑苏版画（候选）,0.17046907544136047,0.1572500765323639,0.13826259970664978,IMG-0251,0.025030553340911865,IMG-0696,yangliuqing_late_qing_candidate,0.02463430166244507
IMG-0301,gusu_qing_candidate,姑苏版画（候选）,0.11614026874303818,0.12956921756267548,0.1384255290031433,IMG-0295,0.005331367254257202,IMG-0295,gusu_qing_candidate,0.005331367254257202
IMG-0192,gusu_qing_candidate,姑苏版画（候选）,0.1173405572772026,0.08403149247169495,0.09593801200389862,IMG-0114,0.024182766675949097,IMG-0114,gusu_qing_candidate,0.024182766675949097
IMG-0340,gusu_qing_candidate,姑苏版画（候选）,0.24136002361774445,0.1322372704744339,0.21196646988391876,IMG-0270,0.029721945524215698,IMG-0270,gusu_qing_candidate,0.029721945524215698
IMG-0157,gusu_qing_candidate,姑苏版画（候选）,0.09395794570446014,0.09775276482105255,0.08660159260034561,IMG-0363,0.021033525466918945,IMG-0363,gusu_qing_candidate,0.021033525466918945
IMG-0264,gusu_qing_candidate,姑苏版画（候选）,0.14797347784042358,0.06611013412475586,0.11454547941684723,IMG-0263,0.0026445388793945312,IMG-0263,gusu_qing_candidate,0.0026445388793945312
IMG-0410,gusu_qing_candidate,姑苏版画（候选）,0.308962345123291,0.29091131687164307,0.314555287361145,IMG-0171,0.06876501441001892,IMG-0171,gusu_qing_candidate,0.06876501441001892
IMG-0065,gusu_qing_candidate,姑苏版画（候选）,0.16844379901885986,0.13147738575935364,0.17872700095176697,IMG-0072,0.022432774305343628,IMG-0072,gusu_qing_candidate,0.022432774305343628
IMG-0166,gusu_qing_candidate,姑苏版画（候选）,0.1407971829175949,0.18988852202892303,0.1699874997138977,IMG-0231,0.022060781717300415,IMG-0231,gusu_qing_candidate,0.022060781717300415
IMG-0358,gusu_qing_candidate,姑苏版画（候选）,0.12677739560604095,0.18851065635681152,0.133217453956604,IMG-0346,0.013078957796096802,IMG-0346,gusu_qing_candidate,0.013078957796096802
IMG-0391,gusu_qing_candidate,姑苏版画（候选）,0.1517287939786911,0.0728907585144043,0.10807932168245316,IMG-0399,0.01199960708618164,IMG-0399,gusu_qing_candidate,0.01199960708618164
IMG-0287,gusu_qing_candidate,姑苏版画（候选）,0.150955930352211,0.16222384572029114,0.17123036086559296,IMG-0286,0.007148087024688721,IMG-0286,gusu_qing_candidate,0.007148087024688721
IMG-0377,gusu_qing_candidate,姑苏版画（候选）,0.1431882381439209,0.18363043665885925,0.17272204160690308,IMG-0302,0.021579712629318237,IMG-0302,gusu_qing_candidate,0.021579712629318237
IMG-0240,gusu_qing_candidate,姑苏版画（候选）,0.1278865784406662,0.11274715512990952,0.14560994505882263,IMG-0238,0.012755483388900757,IMG-0238,gusu_qing_candidate,0.012755483388900757
IMG-0118,gusu_qing_candidate,姑苏版画（候选）,0.14316704869270325,0.12166547775268555,0.15823224186897278,IMG-0290,0.015766948461532593,IMG-0290,gusu_qing_candidate,0.015766948461532593
IMG-0372,gusu_qing_candidate,姑苏版画（候选）,0.16927531361579895,0.07744097709655762,0.1267424374818802,IMG-0274,0.013953924179077148,IMG-0691,yangliuqing_late_qing_candidate,0.012154549360275269
IMG-0343,gusu_qing_candidate,姑苏版画（候选）,0.16105271875858307,0.25641167163848877,0.21289695799350739,IMG-0032,0.024983465671539307,IMG-0032,gusu_qing_candidate,0.024983465671539307
IMG-0404,gusu_qing_candidate,姑苏版画（候选）,0.2511858642101288,0.29602572321891785,0.25695353746414185,IMG-0397,0.024504393339157104,IMG-0397,gusu_qing_candidate,0.024504393339157104
IMG-0259,gusu_qing_candidate,姑苏版画（候选）,0.11790639907121658,0.08755113929510117,0.09795743227005005,IMG-0269,0.019328057765960693,IMG-0269,gusu_qing_candidate,0.019328057765960693
IMG-0110,gusu_qing_candidate,姑苏版画（候选）,0.12919330596923828,0.06630489230155945,0.09703252464532852,IMG-0109,0.004140794277191162,IMG-0109,gusu_qing_candidate,0.004140794277191162
IMG-0248,gusu_qing_candidate,姑苏版画（候选）,0.18427899479866028,0.16645391285419464,0.19452522695064545,IMG-0300,0.025681108236312866,IMG-0300,gusu_qing_candidate,0.025681108236312866
IMG-0389,gusu_qing_candidate,姑苏版画（候选）,0.13054697215557098,0.06873580068349838,0.10922054201364517,IMG-0075,0.021244406700134277,IMG-0075,gusu_qing_candidate,0.021244406700134277
IMG-0406,gusu_qing_candidate,姑苏版画（候选）,0.33780965209007263,0.42250415682792664,0.36655154824256897,IMG-0417,0.03979390859603882,IMG-0417,gusu_qing_candidate,0.03979390859603882
IMG-0261,gusu_qing_candidate,姑苏版画（候选）,0.1554517149925232,0.07728306204080582,0.11568482220172882,IMG-0256,0.006059616804122925,IMG-0256,gusu_qing_candidate,0.006059616804122925
IMG-0226,gusu_qing_candidate,姑苏版画（候选）,0.18587955832481384,0.25420081615448,0.19048522412776947,IMG-0145,0.016945481300354004,IMG-0145,gusu_qing_candidate,0.016945481300354004
IMG-0234,gusu_qing_candidate,姑苏版画（候选）,0.12102297693490982,0.18272465467453003,0.1570134311914444,IMG-0296,0.03591755032539368,IMG-0296,gusu_qing_candidate,0.03591755032539368
IMG-0325,gusu_qing_candidate,姑苏版画（候选）,0.14009374380111694,0.04732516407966614,0.09991762787103653,IMG-0327,0.014417171478271484,IMG-0327,gusu_qing_candidate,0.014417171478271484
IMG-0209,gusu_qing_candidate,姑苏版画（候选）,0.19155411422252655,0.2707046568393707,0.2422056794166565,IMG-0217,0.012147456407546997,IMG-0217,gusu_qing_candidate,0.012147456407546997
IMG-0371,gusu_qing_candidate,姑苏版画（候选）,0.15672896802425385,0.08256740123033524,0.12008664757013321,IMG-0247,0.02630901336669922,IMG-0649,yangliuqing_late_qing_candidate,0.017282098531723022
IMG-0398,gusu_qing_candidate,姑苏版画（候选）,0.17765629291534424,0.24329058825969696,0.18879538774490356,IMG-0408,0.016309291124343872,IMG-0408,gusu_qing_candidate,0.016309291124343872
IMG-0426,gusu_qing_candidate,姑苏版画（候选）,0.14469783008098602,0.21098385751247406,0.14948049187660217,IMG-0366,0.013360261917114258,IMG-0366,gusu_qing_candidate,0.013360261917114258
IMG-0436,gusu_qing_candidate,姑苏版画（候选）,0.12716829776763916,0.18282431364059448,0.13843850791454315,IMG-0358,0.022646427154541016,IMG-0358,gusu_qing_candidate,0.022646427154541016
IMG-0408,gusu_qing_candidate,姑苏版画（候选）,0.17255257070064545,0.22361834347248077,0.1759544014930725,IMG-0386,0.012312531471252441,IMG-0386,gusu_qing_candidate,0.012312531471252441
IMG-0016,gusu_qing_candidate,姑苏版画（候选）,0.10801348090171814,0.13982951641082764,0.12238278239965439,IMG-0014,0.004438936710357666,IMG-0014,gusu_qing_candidate,0.004438936710357666
IMG-0350,gusu_qing_candidate,姑苏版画（候选）,0.16412033140659332,0.14070823788642883,0.15892958641052246,IMG-0348,0.013512521982192993,IMG-0348,gusu_qing_candidate,0.013512521982192993
IMG-0038,gusu_qing_candidate,姑苏版画（候选）,0.12234687060117722,0.08559779077768326,0.11014100909233093,IMG-0037,0.012552738189697266,IMG-0037,gusu_qing_candidate,0.012552738189697266
IMG-0395,gusu_qing_candidate,姑苏版画（候选）,0.14396539330482483,0.10441771149635315,0.1109795868396759,IMG-0365,0.027415335178375244,IMG-0365,gusu_qing_candidate,0.027415335178375244
IMG-0151,gusu_qing_candidate,姑苏版画（候选）,0.12381104379892349,0.07518736273050308,0.11681263893842697,IMG-0149,0.013115078210830688,IMG-0149,gusu_qing_candidate,0.013115078210830688
IMG-0229,gusu_qing_candidate,姑苏版画（候选）,0.15870803594589233,0.13925525546073914,0.134349063038826,IMG-0144,0.02804809808731079,IMG-0144,gusu_qing_candidate,0.02804809808731079
IMG-0238,gusu_qing_candidate,姑苏版画（候选）,0.1266036033630371,0.10174484550952911,0.13867758214473724,IMG-0240,0.012755483388900757,IMG-0240,gusu_qing_candidate,0.012755483388900757
IMG-0356,gusu_qing_candidate,姑苏版画（候选）,0.17376062273979187,0.27221325039863586,0.18158701062202454,IMG-0115,0.02757960557937622,IMG-0115,gusu_qing_candidate,0.02757960557937622
IMG-0047,gusu_qing_candidate,姑苏版画（候选）,0.12037225067615509,0.06406119465827942,0.1012989804148674,IMG-0049,0.0065631866455078125,IMG-0049,gusu_qing_candidate,0.0065631866455078125
IMG-0310,gusu_qing_candidate,姑苏版画（候选）,0.14564697444438934,0.15612001717090607,0.1158875823020935,IMG-0309,0.013536542654037476,IMG-0309,gusu_qing_candidate,0.013536542654037476
IMG-0314,gusu_qing_candidate,姑苏版画（候选）,0.12944558262825012,0.1198609247803688,0.1129227727651596,IMG-0100,0.02951371669769287,IMG-0100,gusu_qing_candidate,0.02951371669769287
IMG-0286,gusu_qing_candidate,姑苏版画（候选）,0.13992464542388916,0.15272848308086395,0.1616113781929016,IMG-0287,0.007148087024688721,IMG-0287,gusu_qing_candidate,0.007148087024688721
IMG-0197,gusu_qing_candidate,姑苏版画（候选）,0.1431591957807541,0.1753184199333191,0.14212274551391602,IMG-0180,0.017044365406036377,IMG-0180,gusu_qing_candidate,0.017044365406036377
IMG-0089,gusu_qing_candidate,姑苏版画（候选）,0.1675862818956375,0.21282008290290833,0.20849506556987762,IMG-0220,0.00621381402015686,IMG-0220,gusu_qing_candidate,0.00621381402015686
IMG-0285,gusu_qing_candidate,姑苏版画（候选）,0.12335164099931717,0.07137932628393173,0.11407426744699478,IMG-0378,0.021425098180770874,IMG-0378,gusu_qing_candidate,0.021425098180770874
IMG-0414,gusu_qing_candidate,姑苏版画（候选）,0.1734304428100586,0.2472573071718216,0.2235921025276184,IMG-0302,0.00855100154876709,IMG-0302,gusu_qing_candidate,0.00855100154876709
IMG-0107,gusu_qing_candidate,姑苏版画（候选）,0.10409800708293915,0.07723483443260193,0.08498593419790268,IMG-0425,0.020455658435821533,IMG-0425,gusu_qing_candidate,0.020455658435821533
IMG-0026,gusu_qing_candidate,姑苏版画（候选）,0.17232033610343933,0.09667853266000748,0.13535399734973907,IMG-0025,0.0064604878425598145,IMG-0025,gusu_qing_candidate,0.0064604878425598145
IMG-0230,gusu_qing_candidate,姑苏版画（候选）,0.17309065163135529,0.2051323652267456,0.18211588263511658,IMG-0133,0.04498791694641113,IMG-0133,gusu_qing_candidate,0.04498791694641113
IMG-0274,gusu_qing_candidate,姑苏版画（候选）,0.18438602983951569,0.10232122242450714,0.14759886264801025,IMG-0026,0.01218995451927185,IMG-0026,gusu_qing_candidate,0.01218995451927185
IMG-0321,gusu_qing_candidate,姑苏版画（候选）,0.16546957194805145,0.15665417909622192,0.12806592881679535,IMG-0322,0.007995694875717163,IMG-0322,gusu_qing_candidate,0.007995694875717163
IMG-0451,gusu_qing_candidate,姑苏版画（候选）,0.18745408952236176,0.26204854249954224,0.20192155241966248,IMG-0454,0.01502007246017456,IMG-0454,gusu_qing_candidate,0.01502007246017456
IMG-0315,gusu_qing_candidate,姑苏版画（候选）,0.21390026807785034,0.0919690653681755,0.14505721628665924,IMG-0433,0.03290921449661255,IMG-0699,yangliuqing_late_qing_candidate,0.017231732606887817
IMG-0051,gusu_qing_candidate,姑苏版画（候选）,0.10526896268129349,0.11918524652719498,0.10477858781814575,IMG-0031,0.016499221324920654,IMG-0031,gusu_qing_candidate,0.016499221324920654
IMG-0221,gusu_qing_candidate,姑苏版画（候选）,0.14565619826316833,0.20885080099105835,0.18535581231117249,IMG-0224,0.005209118127822876,IMG-0224,gusu_qing_candidate,0.005209118127822876
IMG-0231,gusu_qing_candidate,姑苏版画（候选）,0.13667887449264526,0.20552462339401245,0.16961652040481567,IMG-0206,0.01905497908592224,IMG-0206,gusu_qing_candidate,0.01905497908592224
IMG-0365,gusu_qing_candidate,姑苏版画（候选）,0.13429786264896393,0.07924428582191467,0.0960025042295456,IMG-0393,0.017146944999694824,IMG-0393,gusu_qing_candidate,0.017146944999694824
IMG-0351,gusu_qing_candidate,姑苏版画（候选）,0.09953217208385468,0.0742085874080658,0.07726669311523438,IMG-0411,0.0033095479011535645,IMG-0411,gusu_qing_candidate,0.0033095479011535645
IMG-0193,gusu_qing_candidate,姑苏版画（候选）,0.13386374711990356,0.10412807762622833,0.12577544152736664,IMG-0348,0.021153002977371216,IMG-0348,gusu_qing_candidate,0.021153002977371216
IMG-0352,gusu_qing_candidate,姑苏版画（候选）,0.10329403728246689,0.15770700573921204,0.12396292388439178,IMG-0345,0.017942816019058228,IMG-0345,gusu_qing_candidate,0.017942816019058228
IMG-0401,gusu_qing_candidate,姑苏版画（候选）,0.11854758113622665,0.18983453512191772,0.14345073699951172,IMG-0403,0.0042826831340789795,IMG-0403,gusu_qing_candidate,0.0042826831340789795
IMG-0124,gusu_qing_candidate,姑苏版画（候选）,0.18064893782138824,0.23602615296840668,0.17832829058170319,IMG-0143,0.03718346357345581,IMG-0143,gusu_qing_candidate,0.03718346357345581
IMG-0086,gusu_qing_candidate,姑苏版画（候选）,0.18108832836151123,0.22300760447978973,0.2255013883113861,IMG-0210,0.009164482355117798,IMG-0210,gusu_qing_candidate,0.009164482355117798
IMG-0392,gusu_qing_candidate,姑苏版画（候选）,0.10805277526378632,0.12558121979236603,0.10966029018163681,IMG-0373,0.02695852518081665,IMG-0608,yangliuqing_late_qing_candidate,0.025675415992736816
IMG-0004,gusu_qing_candidate,姑苏版画（候选）,0.12002105265855789,0.11887983232736588,0.12418681383132935,IMG-0003,0.006219208240509033,IMG-0003,gusu_qing_candidate,0.006219208240509033
IMG-0207,gusu_qing_candidate,姑苏版画（候选）,0.16176798939704895,0.2674657106399536,0.1935039907693863,IMG-0033,0.01975807547569275,IMG-0033,gusu_qing_candidate,0.01975807547569275
IMG-0069,gusu_qing_candidate,姑苏版画（候选）,0.1861041933298111,0.10780468583106995,0.1822400838136673,IMG-0068,0.02849850058555603,IMG-0068,gusu_qing_candidate,0.02849850058555603
IMG-0294,gusu_qing_candidate,姑苏版画（候选）,0.13726350665092468,0.17272043228149414,0.17196431756019592,IMG-0303,0.014105767011642456,IMG-0303,gusu_qing_candidate,0.014105767011642456
IMG-0341,gusu_qing_candidate,姑苏版画（候选）,0.15179304778575897,0.19139572978019714,0.1552574187517166,IMG-0179,0.05623611807823181,IMG-0179,gusu_qing_candidate,0.05623611807823181
IMG-0022,gusu_qing_candidate,姑苏版画（候选）,0.11879628896713257,0.1654999852180481,0.15032491087913513,IMG-0024,0.010612308979034424,IMG-0024,gusu_qing_candidate,0.010612308979034424
IMG-0442,gusu_qing_candidate,姑苏版画（候选）,0.10477995872497559,0.1430000215768814,0.10786700993776321,IMG-0098,0.017477720975875854,IMG-0098,gusu_qing_candidate,0.017477720975875854
IMG-0333,gusu_qing_candidate,姑苏版画（候选）,0.10178260505199432,0.13342803716659546,0.10370022058486938,IMG-0442,0.01951509714126587,IMG-0442,gusu_qing_candidate,0.01951509714126587
IMG-0424,gusu_qing_candidate,姑苏版画（候选）,0.3036668300628662,0.4057956337928772,0.320247620344162,IMG-0423,0.0027164220809936523,IMG-0423,gusu_qing_candidate,0.0027164220809936523
IMG-0300,gusu_qing_candidate,姑苏版画（候选）,0.16712698340415955,0.18812596797943115,0.19362571835517883,IMG-0089,0.024582743644714355,IMG-0089,gusu_qing_candidate,0.024582743644714355
IMG-0032,gusu_qing_candidate,姑苏版画（候选）,0.15528078377246857,0.25079450011253357,0.19529300928115845,IMG-0033,0.006299525499343872,IMG-0033,gusu_qing_candidate,0.006299525499343872
IMG-0006,gusu_qing_candidate,姑苏版画（候选）,0.12834079563617706,0.11309009045362473,0.1355154663324356,IMG-0007,0.010370999574661255,IMG-0007,gusu_qing_candidate,0.010370999574661255
IMG-0164,gusu_qing_candidate,姑苏版画（候选）,0.10053212940692902,0.07623878121376038,0.08850240707397461,IMG-0196,0.015996217727661133,IMG-0196,gusu_qing_candidate,0.015996217727661133
IMG-0241,gusu_qing_candidate,姑苏版画（候选）,0.0906524807214737,0.09254825115203857,0.08740727603435516,IMG-0235,0.015981197357177734,IMG-0235,gusu_qing_candidate,0.015981197357177734
IMG-0279,gusu_qing_candidate,姑苏版画（候选）,0.17421281337738037,0.27653592824935913,0.20517262816429138,IMG-0421,0.01877012848854065,IMG-0421,gusu_qing_candidate,0.01877012848854065
IMG-0132,gusu_qing_candidate,姑苏版画（候选）,0.2181076854467392,0.2210628241300583,0.21548576653003693,IMG-0198,0.035060346126556396,IMG-0198,gusu_qing_candidate,0.035060346126556396
IMG-0135,gusu_qing_candidate,姑苏版画（候选）,0.15739934146404266,0.17623081803321838,0.15107150375843048,IMG-0139,0.01841592788696289,IMG-0139,gusu_qing_candidate,0.01841592788696289
IMG-0104,gusu_qing_candidate,姑苏版画（候选）,0.17448705434799194,0.23835818469524384,0.1776529848575592,IMG-0346,0.022142618894577026,IMG-0346,gusu_qing_candidate,0.022142618894577026
IMG-0308,gusu_qing_candidate,姑苏版画（候选）,0.159552201628685,0.20205305516719818,0.14126548171043396,IMG-0115,0.017292022705078125,IMG-0609,yangliuqing_late_qing_candidate,0.009809911251068115
IMG-0322,gusu_qing_candidate,姑苏版画（候选）,0.16908767819404602,0.13271699845790863,0.122822105884552,IMG-0321,0.007995694875717163,IMG-0321,gusu_qing_candidate,0.007995694875717163
IMG-0324,gusu_qing_candidate,姑苏版画（候选）,0.12613384425640106,0.10521011799573898,0.09403333067893982,IMG-0363,0.01455920934677124,IMG-0363,gusu_qing_candidate,0.01455920934677124
IMG-0280,gusu_qing_candidate,姑苏版画（候选）,0.2832244336605072,0.3233635127544403,0.3035370707511902,IMG-0450,0.04160141944885254,IMG-0450,gusu_qing_candidate,0.04160141944885254
IMG-0099,gusu_qing_candidate,姑苏版画（候选）,0.11950012296438217,0.09369101375341415,0.10432662069797516,IMG-0100,0.011786729097366333,IMG-0100,gusu_qing_candidate,0.011786729097366333
IMG-0061,gusu_qing_candidate,姑苏版画（候选）,0.10834699869155884,0.11414243280887604,0.10915936529636383,IMG-0036,0.01652228832244873,IMG-0036,gusu_qing_candidate,0.01652228832244873
IMG-0072,gusu_qing_candidate,姑苏版画（候选）,0.14816300570964813,0.11831288784742355,0.1568741351366043,IMG-0065,0.022432774305343628,IMG-0065,gusu_qing_candidate,0.022432774305343628
IMG-0163,gusu_qing_candidate,姑苏版画（候选）,0.11265357583761215,0.11030900478363037,0.10107970237731934,IMG-0160,0.012634754180908203,IMG-0160,gusu_qing_candidate,0.012634754180908203
IMG-0101,gusu_qing_candidate,姑苏版画（候选）,0.14230765402317047,0.18338973820209503,0.13192059099674225,IMG-0435,0.019897878170013428,IMG-0435,gusu_qing_candidate,0.019897878170013428
IMG-0039,gusu_qing_candidate,姑苏版画（候选）,0.11283288896083832,0.10952719300985336,0.11577547341585159,IMG-0041,0.004976093769073486,IMG-0041,gusu_qing_candidate,0.004976093769073486
IMG-0046,gusu_qing_candidate,姑苏版画（候选）,0.10769229382276535,0.1449623852968216,0.12035227566957474,IMG-0045,0.011052876710891724,IMG-0045,gusu_qing_candidate,0.011052876710891724
IMG-0432,gusu_qing_candidate,姑苏版画（候选）,0.11321870237588882,0.1294490247964859,0.10241324454545975,IMG-0430,0.009345293045043945,IMG-0430,gusu_qing_candidate,0.009345293045043945
IMG-0224,gusu_qing_candidate,姑苏版画（候选）,0.15985257923603058,0.22500035166740417,0.20372676849365234,IMG-0221,0.005209118127822876,IMG-0221,gusu_qing_candidate,0.005209118127822876
IMG-0018,gusu_qing_candidate,姑苏版画（候选）,0.09537618607282639,0.11776913702487946,0.10716311633586884,IMG-0010,0.01207628846168518,IMG-0010,gusu_qing_candidate,0.01207628846168518
IMG-0048,gusu_qing_candidate,姑苏版画（候选）,0.1664121001958847,0.08192849159240723,0.1364654302597046,IMG-0372,0.015230894088745117,IMG-0372,gusu_qing_candidate,0.015230894088745117
IMG-0223,gusu_qing_candidate,姑苏版画（候选）,0.14491021633148193,0.1931517869234085,0.1834130436182022,IMG-0215,0.009479522705078125,IMG-0215,gusu_qing_candidate,0.009479522705078125
IMG-0142,gusu_qing_candidate,姑苏版画（候选）,0.11421343684196472,0.17366178333759308,0.13818997144699097,IMG-0347,0.014562278985977173,IMG-0347,gusu_qing_candidate,0.014562278985977173
IMG-0096,gusu_qing_candidate,姑苏版画（候选）,0.09837733954191208,0.13129889965057373,0.11188653856515884,IMG-0097,0.008901149034500122,IMG-0097,gusu_qing_candidate,0.008901149034500122
IMG-0214,gusu_qing_candidate,姑苏版画（候选）,0.16757839918136597,0.23144152760505676,0.21609151363372803,IMG-0217,0.008286654949188232,IMG-0217,gusu_qing_candidate,0.008286654949188232
IMG-0149,gusu_qing_candidate,姑苏版画（候选）,0.1362745761871338,0.08045125007629395,0.12375075370073318,IMG-0150,0.011924445629119873,IMG-0150,gusu_qing_candidate,0.011924445629119873
IMG-0431,gusu_qing_candidate,姑苏版画（候选）,0.1751597672700882,0.1223599910736084,0.1291179656982422,IMG-0251,0.01977992057800293,IMG-0251,gusu_qing_candidate,0.01977992057800293
IMG-0257,gusu_qing_candidate,姑苏版画（候选）,0.12988129258155823,0.06479080021381378,0.09839067608118057,IMG-0269,0.00899285078048706,IMG-0269,gusu_qing_candidate,0.00899285078048706
IMG-0098,gusu_qing_candidate,姑苏版画（候选）,0.11692558228969574,0.18509629368782043,0.12810970842838287,IMG-0102,0.013368219137191772,IMG-0102,gusu_qing_candidate,0.013368219137191772
IMG-0272,gusu_qing_candidate,姑苏版画（候选）,0.17000482976436615,0.1058400571346283,0.1355379819869995,IMG-0273,0.007876813411712646,IMG-0273,gusu_qing_candidate,0.007876813411712646
IMG-0071,gusu_qing_candidate,姑苏版画（候选）,0.13279542326927185,0.09800302982330322,0.1264982372522354,IMG-0447,0.03821122646331787,IMG-0607,yangliuqing_late_qing_candidate,0.031631916761398315
IMG-0447,gusu_qing_candidate,姑苏版画（候选）,0.16513395309448242,0.10412563383579254,0.13772757351398468,IMG-0446,0.009293317794799805,IMG-0446,gusu_qing_candidate,0.009293317794799805
IMG-0376,gusu_qing_candidate,姑苏版画（候选）,0.09452173858880997,0.09263869374990463,0.09842948615550995,IMG-0380,0.008507400751113892,IMG-0380,gusu_qing_candidate,0.008507400751113892
IMG-0470,taohuawu_1950s_candidate,桃花坞年画（候选）,0.18409666419029236,0.0842558965086937,0.14981220662593842,IMG-0472,0.04934421181678772,IMG-0070,gusu_qing_candidate,0.030697554349899292
IMG-0478,taohuawu_1950s_candidate,桃花坞年画（候选）,0.14408041536808014,0.04518517851829529,0.10216165333986282,IMG-0471,0.017391830682754517,IMG-0471,taohuawu_1950s_candidate,0.017391830682754517
IMG-0476,taohuawu_1950s_candidate,桃花坞年画（候选）,0.15787865221500397,0.0476984828710556,0.12002651393413544,IMG-0472,0.029025912284851074,IMG-0678,yangliuqing_late_qing_candidate,0.01552310585975647
IMG-0471,taohuawu_1950s_candidate,桃花坞年画（候选）,0.13269324600696564,0.03738602250814438,0.1010424867272377,IMG-0475,0.015457868576049805,IMG-0475,taohuawu_1950s_candidate,0.015457868576049805
IMG-0475,taohuawu_1950s_candidate,桃花坞年画（候选）,0.12314386665821075,0.04209471866488457,0.09799010306596756,IMG-0471,0.015457868576049805,IMG-0471,taohuawu_1950s_candidate,0.015457868576049805
IMG-0477,taohuawu_1950s_candidate,桃花坞年画（候选）,0.20169159770011902,0.05783470347523689,0.13672946393489838,IMG-0478,0.034925997257232666,IMG-0646,yangliuqing_late_qing_candidate,0.010216742753982544
IMG-0473,taohuawu_1950s_candidate,桃花坞年画（候选）,0.15193189680576324,0.09005270153284073,0.13932447135448456,IMG-0475,0.03782695531845093,IMG-0622,yangliuqing_late_qing_candidate,0.031405895948410034
IMG-0472,taohuawu_1950s_candidate,桃花坞年画（候选）,0.1371457427740097,0.050377458333969116,0.10361946374177933,IMG-0474,0.016727864742279053,IMG-0474,taohuawu_1950s_candidate,0.016727864742279053
IMG-0474,taohuawu_1950s_candidate,桃花坞年画（候选）,0.12973855435848236,0.04208827763795853,0.09178280085325241,IMG-0472,0.016727864742279053,IMG-0472,taohuawu_1950s_candidate,0.016727864742279053
IMG-0647,yangliuqing_late_qing_candidate,杨柳青年画（候选）,0.15789631009101868,0.06945010274648666,0.11909153312444687,IMG-0649,0.014586836099624634,IMG-0649,yangliuqing_late_qing_candidate,0.014586836099624634
IMG-0694,yangliuqing_late_qing_candidate,杨柳青年画（候选）,0.13423147797584534,0.07121464610099792,0.09701907634735107,IMG-0649,0.010522067546844482,IMG-0649,yangliuqing_late_qing_candidate,0.010522067546844482
IMG-0618,yangliuqing_late_qing_candidate,杨柳青年画（候选）,0.11397799104452133,0.09495213627815247,0.11486497521400452,IMG-0619,0.01958891749382019,IMG-0619,yangliuqing_late_qing_candidate,0.01958891749382019
IMG-0606,yangliuqing_late_qing_candidate,杨柳青年画（候选）,0.11881104856729507,0.04141467064619064,0.09601134806871414,IMG-0605,0.004926562309265137,IMG-0605,yangliuqing_late_qing_candidate,0.004926562309265137
IMG-0701,yangliuqing_late_qing_candidate,杨柳青年画（候选）,0.11865493655204773,0.13983723521232605,0.11874382942914963,IMG-0702,0.02272394299507141,IMG-0702,yangliuqing_late_qing_candidate,0.02272394299507141
IMG-0639,yangliuqing_late_qing_candidate,杨柳青年画（候选）,0.1191883459687233,0.04572172835469246,0.0805995911359787,IMG-0677,0.013680696487426758,IMG-0677,yangliuqing_late_qing_candidate,0.013680696487426758
IMG-0643,yangliuqing_late_qing_candidate,杨柳青年画（候选）,0.15107202529907227,0.06960148364305496,0.12473040819168091,IMG-0670,0.014077514410018921,IMG-0670,yangliuqing_late_qing_candidate,0.014077514410018921
IMG-0667,yangliuqing_late_qing_candidate,杨柳青年画（候选）,0.13353759050369263,0.05058494210243225,0.09161272644996643,IMG-0692,0.012659668922424316,IMG-0692,yangliuqing_late_qing_candidate,0.012659668922424316
IMG-0698,yangliuqing_late_qing_candidate,杨柳青年画（候选）,0.17735904455184937,0.104026660323143,0.12707719206809998,IMG-0697,0.009111016988754272,IMG-0697,yangliuqing_late_qing_candidate,0.009111016988754272
IMG-0642,yangliuqing_late_qing_candidate,杨柳青年画（候选）,0.11113467812538147,0.05377993732690811,0.08024720102548599,IMG-0639,0.016492903232574463,IMG-0639,yangliuqing_late_qing_candidate,0.016492903232574463
IMG-0687,yangliuqing_late_qing_candidate,杨柳青年画（候选）,0.15325182676315308,0.15421909093856812,0.15277114510536194,IMG-0685,0.006136715412139893,IMG-0685,yangliuqing_late_qing_candidate,0.006136715412139893
IMG-0605,yangliuqing_late_qing_candidate,杨柳青年画（候选）,0.11214751750230789,0.041741978377103806,0.09116057306528091,IMG-0606,0.004926562309265137,IMG-0606,yangliuqing_late_qing_candidate,0.004926562309265137
IMG-0633,yangliuqing_late_qing_candidate,杨柳青年画（候选）,0.1403874009847641,0.05594007298350334,0.10054809600114822,IMG-0635,0.013070881366729736,IMG-0635,yangliuqing_late_qing_candidate,0.013070881366729736
IMG-0631,yangliuqing_late_qing_candidate,杨柳青年画（候选）,0.15971195697784424,0.2007632553577423,0.14331340789794922,IMG-0658,0.032027989625930786,IMG-0330,gusu_qing_candidate,0.02108854055404663
IMG-0662,yangliuqing_late_qing_candidate,杨柳青年画（候选）,0.10339862108230591,0.06703925132751465,0.0783076286315918,IMG-0664,0.006680577993392944,IMG-0664,yangliuqing_late_qing_candidate,0.006680577993392944
IMG-0627,yangliuqing_late_qing_candidate,杨柳青年画（候选）,0.21651403605937958,0.3231147527694702,0.22806032001972198,IMG-0629,0.0036223232746124268,IMG-0629,yangliuqing_late_qing_candidate,0.0036223232746124268
IMG-0680,yangliuqing_late_qing_candidate,杨柳青年画（候选）,0.1265026181936264,0.04199673980474472,0.1040247455239296,IMG-0605,0.01556047797203064,IMG-0605,yangliuqing_late_qing_candidate,0.01556047797203064
IMG-0685,yangliuqing_late_qing_candidate,杨柳青年画（候选）,0.1722041666507721,0.1808750033378601,0.17691880464553833,IMG-0687,0.006136715412139893,IMG-0687,yangliuqing_late_qing_candidate,0.006136715412139893
IMG-0688,yangliuqing_late_qing_candidate,杨柳青年画（候选）,0.14329227805137634,0.21569204330444336,0.14729878306388855,IMG-0656,0.031924545764923096,IMG-0656,yangliuqing_late_qing_candidate,0.031924545764923096
IMG-0626,yangliuqing_late_qing_candidate,杨柳青年画（候选）,0.20221805572509766,0.2982458770275116,0.21044158935546875,IMG-0629,0.0034720003604888916,IMG-0629,yangliuqing_late_qing_candidate,0.0034720003604888916
IMG-0614,yangliuqing_late_qing_candidate,杨柳青年画（候选）,0.13870331645011902,0.1564297378063202,0.12899944186210632,IMG-0610,0.028227150440216064,IMG-0136,gusu_qing_candidate,0.02780437469482422
IMG-0673,yangliuqing_late_qing_candidate,杨柳青年画（候选）,0.1806764155626297,0.06117353215813637,0.13349972665309906,IMG-0679,0.0353035032749176,IMG-0478,taohuawu_1950s_candidate,0.03479987382888794
IMG-0625,yangliuqing_late_qing_candidate,杨柳青年画（候选）,0.2202553004026413,0.3309309184551239,0.23281577229499817,IMG-0626,0.004387766122817993,IMG-0626,yangliuqing_late_qing_candidate,0.004387766122817993
IMG-0682,yangliuqing_late_qing_candidate,杨柳青年画（候选）,0.11796965450048447,0.10316721349954605,0.09331591427326202,IMG-0690,0.02246224880218506,IMG-0690,yangliuqing_late_qing_candidate,0.02246224880218506
IMG-0629,yangliuqing_late_qing_candidate,杨柳青年画（候选）,0.21319223940372467,0.31256672739982605,0.22323383390903473,IMG-0626,0.0034720003604888916,IMG-0626,yangliuqing_late_qing_candidate,0.0034720003604888916
IMG-0650,yangliuqing_late_qing_candidate,杨柳青年画（候选）,0.12042678147554398,0.1286381632089615,0.10049271583557129,IMG-0655,0.021703630685806274,IMG-0432,gusu_qing_candidate,0.02117091417312622
IMG-0692,yangliuqing_late_qing_candidate,杨柳青年画（候选）,0.14797960221767426,0.07314154505729675,0.11004766076803207,IMG-0667,0.012659668922424316,IMG-0667,yangliuqing_late_qing_candidate,0.012659668922424316
IMG-0610,yangliuqing_late_qing_candidate,杨柳青年画（候选）,0.10868149250745773,0.11612171679735184,0.10730039328336716,IMG-0614,0.028227150440216064,IMG-0241,gusu_qing_candidate,0.025843292474746704
IMG-0663,yangliuqing_late_qing_candidate,杨柳青年画（候选）,0.0900137722492218,0.11036807298660278,0.09452760219573975,IMG-0661,0.02080574631690979,IMG-0018,gusu_qing_candidate,0.013608992099761963
IMG-0678,yangliuqing_late_qing_candidate,杨柳青年画（候选）,0.13025756180286407,0.04492322728037834,0.0960867702960968,IMG-0649,0.013570964336395264,IMG-0649,yangliuqing_late_qing_candidate,0.013570964336395264
IMG-0658,yangliuqing_late_qing_candidate,杨柳青年画（候选）,0.10820275545120239,0.12311126291751862,0.09706034511327744,IMG-0655,0.01363036036491394,IMG-0655,yangliuqing_late_qing_candidate,0.01363036036491394
IMG-0645,yangliuqing_late_qing_candidate,杨柳青年画（候选）,0.12208811193704605,0.08077560365200043,0.10542906075716019,IMG-0684,0.016590982675552368,IMG-0684,yangliuqing_late_qing_candidate,0.016590982675552368
IMG-0646,yangliuqing_late_qing_candidate,杨柳青年画（候选）,0.1919006109237671,0.05400386080145836,0.128180593252182,IMG-0674,0.01918169856071472,IMG-0477,taohuawu_1950s_candidate,0.010216742753982544
IMG-0651,yangliuqing_late_qing_candidate,杨柳青年画（候选）,0.293497234582901,0.19253021478652954,0.2567407786846161,IMG-0613,0.04625466465950012,IMG-0613,yangliuqing_late_qing_candidate,0.04625466465950012
IMG-0636,yangliuqing_late_qing_candidate,杨柳青年画（候选）,0.11834343522787094,0.10426925122737885,0.10183919966220856,IMG-0662,0.03564825654029846,IMG-0363,gusu_qing_candidate,0.034907907247543335
IMG-0696,yangliuqing_late_qing_candidate,杨柳青年画（候选）,0.15097777545452118,0.12684190273284912,0.1202525869011879,IMG-0698,0.03295716643333435,IMG-0252,gusu_qing_candidate,0.02463430166244507
IMG-0619,yangliuqing_late_qing_candidate,杨柳青年画（候选）,0.12275920063257217,0.06539534777402878,0.10318039357662201,IMG-0618,0.01958891749382019,IMG-0618,yangliuqing_late_qing_candidate,0.01958891749382019
IMG-0649,yangliuqing_late_qing_candidate,杨柳青年画（候选）,0.14976611733436584,0.063116155564785,0.11037833243608475,IMG-0694,0.010522067546844482,IMG-0694,yangliuqing_late_qing_candidate,0.010522067546844482
IMG-0695,yangliuqing_late_qing_candidate,杨柳青年画（候选）,0.1740562915802002,0.12889617681503296,0.1616097241640091,IMG-0678,0.05741935968399048,IMG-0350,gusu_qing_candidate,0.02899870276451111
IMG-0620,yangliuqing_late_qing_candidate,杨柳青年画（候选）,0.1355808675289154,0.061967477202415466,0.11081884056329727,IMG-0622,0.022790968418121338,IMG-0622,yangliuqing_late_qing_candidate,0.022790968418121338
IMG-0622,yangliuqing_late_qing_candidate,杨柳青年画（候选）,0.12127438932657242,0.0623009018599987,0.09774989634752274,IMG-0620,0.022790968418121338,IMG-0620,yangliuqing_late_qing_candidate,0.022790968418121338
IMG-0699,yangliuqing_late_qing_candidate,杨柳青年画（候选）,0.17121338844299316,0.06749843060970306,0.11632367223501205,IMG-0700,0.0044106245040893555,IMG-0700,yangliuqing_late_qing_candidate,0.0044106245040893555
IMG-0672,yangliuqing_late_qing_candidate,杨柳青年画（候选）,0.13763394951820374,0.049086857587099075,0.10963381826877594,IMG-0643,0.018541783094406128,IMG-0643,yangliuqing_late_qing_candidate,0.018541783094406128
IMG-0644,yangliuqing_late_qing_candidate,杨柳青年画（候选）,0.14411985874176025,0.0632881298661232,0.1116817444562912,IMG-0670,0.013843744993209839,IMG-0670,yangliuqing_late_qing_candidate,0.013843744993209839
IMG-0637,yangliuqing_late_qing_candidate,杨柳青年画（候选）,0.12883490324020386,0.05023122951388359,0.09130744636058807,IMG-0677,0.016001343727111816,IMG-0109,gusu_qing_candidate,0.01522684097290039
IMG-0628,yangliuqing_late_qing_candidate,杨柳青年画（候选）,0.19233742356300354,0.2905702590942383,0.20234057307243347,IMG-0630,0.003146618604660034,IMG-0630,yangliuqing_late_qing_candidate,0.003146618604660034
IMG-0664,yangliuqing_late_qing_candidate,杨柳青年画（候选）,0.10697658360004425,0.0728248581290245,0.0848141610622406,IMG-0662,0.006680577993392944,IMG-0662,yangliuqing_late_qing_candidate,0.006680577993392944
IMG-0681,yangliuqing_late_qing_candidate,杨柳青年画（候选）,0.16306187212467194,0.03985850140452385,0.11746527999639511,IMG-0679,0.020272761583328247,IMG-0478,taohuawu_1950s_candidate,0.01957947015762329
IMG-0632,yangliuqing_late_qing_candidate,杨柳青年画（候选）,0.11362463980913162,0.123287133872509,0.12274616956710815,IMG-0607,0.055235594511032104,IMG-0268,gusu_qing_candidate,0.013542771339416504
IMG-0665,yangliuqing_late_qing_candidate,杨柳青年画（候选）,0.14935040473937988,0.19181285798549652,0.18670234084129333,IMG-0689,0.04212373495101929,IMG-0360,gusu_qing_candidate,0.026752948760986328
IMG-0624,yangliuqing_late_qing_candidate,杨柳青年画（候选）,0.22193782031536102,0.3222469091415405,0.23116451501846313,IMG-0625,0.004533886909484863,IMG-0625,yangliuqing_late_qing_candidate,0.004533886909484863
IMG-0702,yangliuqing_late_qing_candidate,杨柳青年画（候选）,0.11944565176963806,0.1653943657875061,0.13769662380218506,IMG-0701,0.02272394299507141,IMG-0701,yangliuqing_late_qing_candidate,0.02272394299507141
IMG-0690,yangliuqing_late_qing_candidate,杨柳青年画（候选）,0.10336334258317947,0.10498582571744919,0.08997298777103424,IMG-0682,0.02246224880218506,IMG-0363,gusu_qing_candidate,0.018860310316085815
IMG-0661,yangliuqing_late_qing_candidate,杨柳青年画（候选）,0.09215748310089111,0.0848914310336113,0.07946139574050903,IMG-0662,0.014512747526168823,IMG-0351,gusu_qing_candidate,0.0109386146068573
IMG-0611,yangliuqing_late_qing_candidate,杨柳青年画（候选）,0.13776469230651855,0.09182263910770416,0.10920014977455139,IMG-0622,0.0398726761341095,IMG-0405,gusu_qing_candidate,0.02360779047012329
IMG-0675,yangliuqing_late_qing_candidate,杨柳青年画（候选）,0.16309784352779388,0.05012859031558037,0.11353249847888947,IMG-0676,0.01616320013999939,IMG-0676,yangliuqing_late_qing_candidate,0.01616320013999939
IMG-0623,yangliuqing_late_qing_candidate,杨柳青年画（候选）,0.23710329830646515,0.34594056010246277,0.2510349452495575,IMG-0624,0.00593915581703186,IMG-0624,yangliuqing_late_qing_candidate,0.00593915581703186
IMG-0616,yangliuqing_late_qing_candidate,杨柳青年画（候选）,0.11597715318202972,0.11950233578681946,0.10799579322338104,IMG-0615,0.00648576021194458,IMG-0615,yangliuqing_late_qing_candidate,0.00648576021194458
IMG-0630,yangliuqing_late_qing_candidate,杨柳青年画（候选）,0.1807294487953186,0.27057015895843506,0.18818902969360352,IMG-0628,0.003146618604660034,IMG-0628,yangliuqing_late_qing_candidate,0.003146618604660034
IMG-0689,yangliuqing_late_qing_candidate,杨柳青年画（候选）,0.13752473890781403,0.20230445265769958,0.1667543649673462,IMG-0665,0.04212373495101929,IMG-0012,gusu_qing_candidate,0.02261313796043396
IMG-0635,yangliuqing_late_qing_candidate,杨柳青年画（候选）,0.14020855724811554,0.06203689053654671,0.09912277013063431,IMG-0634,0.012551069259643555,IMG-0634,yangliuqing_late_qing_candidate,0.012551069259643555
IMG-0674,yangliuqing_late_qing_candidate,杨柳青年画（候选）,0.1657279133796692,0.052356619387865067,0.11203095316886902,IMG-0676,0.011509031057357788,IMG-0676,yangliuqing_late_qing_candidate,0.011509031057357788
IMG-0677,yangliuqing_late_qing_candidate,杨柳青年画（候选）,0.11519186198711395,0.038905154913663864,0.08463267236948013,IMG-0606,0.013057500123977661,IMG-0606,yangliuqing_late_qing_candidate,0.013057500123977661
IMG-0679,yangliuqing_late_qing_candidate,杨柳青年画（候选）,0.1562398225069046,0.0462995320558548,0.11183206737041473,IMG-0675,0.017970234155654907,IMG-0675,yangliuqing_late_qing_candidate,0.017970234155654907
IMG-0659,yangliuqing_late_qing_candidate,杨柳青年画（候选）,0.16335642337799072,0.06186196580529213,0.10893496870994568,IMG-0635,0.021601080894470215,IMG-0433,gusu_qing_candidate,0.013214588165283203
IMG-0693,yangliuqing_late_qing_candidate,杨柳青年画（候选）,0.12664185464382172,0.12249721586704254,0.0987546294927597,IMG-0609,0.020611166954040527,IMG-0310,gusu_qing_candidate,0.018695473670959473
IMG-0660,yangliuqing_late_qing_candidate,杨柳青年画（候选）,0.18599985539913177,0.07776698470115662,0.15446214377880096,IMG-0644,0.035899996757507324,IMG-0644,yangliuqing_late_qing_candidate,0.035899996757507324
IMG-0617,yangliuqing_late_qing_candidate,杨柳青年画（候选）,0.13609632849693298,0.07110163569450378,0.1210445985198021,IMG-0619,0.032284677028656006,IMG-0122,gusu_qing_candidate,0.031500786542892456
IMG-0704,yangliuqing_late_qing_candidate,杨柳青年画（候选）,0.17686519026756287,0.18492621183395386,0.18226709961891174,IMG-0655,0.09384274482727051,IMG-0071,gusu_qing_candidate,0.08183729648590088
IMG-0669,yangliuqing_late_qing_candidate,杨柳青年画（候选）,0.13895191252231598,0.06287525594234467,0.09155627340078354,IMG-0667,0.01587444543838501,IMG-0667,yangliuqing_late_qing_candidate,0.01587444543838501
IMG-0609,yangliuqing_late_qing_candidate,杨柳青年画（候选）,0.14274613559246063,0.1822284311056137,0.12735667824745178,IMG-0693,0.020611166954040527,IMG-0308,gusu_qing_candidate,0.009809911251068115
IMG-0612,yangliuqing_late_qing_candidate,杨柳青年画（候选）,0.10988535732030869,0.1163630336523056,0.12368323653936386,IMG-0663,0.03393369913101196,IMG-0383,gusu_qing_candidate,0.015988469123840332
IMG-0641,yangliuqing_late_qing_candidate,杨柳青年画（候选）,0.18579190969467163,0.06928923726081848,0.14812174439430237,IMG-0640,0.024611294269561768,IMG-0640,yangliuqing_late_qing_candidate,0.024611294269561768
IMG-0607,yangliuqing_late_qing_candidate,杨柳青年画（候选）,0.10814962536096573,0.07389892637729645,0.09777219593524933,IMG-0642,0.02693486213684082,IMG-0306,gusu_qing_candidate,0.026350945234298706
IMG-0655,yangliuqing_late_qing_candidate,杨柳青年画（候选）,0.10206973552703857,0.1272265613079071,0.09974061697721481,IMG-0658,0.01363036036491394,IMG-0092,gusu_qing_candidate,0.013460934162139893
IMG-0638,yangliuqing_late_qing_candidate,杨柳青年画（候选）,0.12530304491519928,0.05891062319278717,0.08656009286642075,IMG-0639,0.015542596578598022,IMG-0639,yangliuqing_late_qing_candidate,0.015542596578598022
IMG-0668,yangliuqing_late_qing_candidate,杨柳青年画（候选）,0.13831326365470886,0.06531015038490295,0.093541219830513,IMG-0669,0.018311530351638794,IMG-0669,yangliuqing_late_qing_candidate,0.018311530351638794
IMG-0621,yangliuqing_late_qing_candidate,杨柳青年画（候选）,0.112584687769413,0.05952388793230057,0.08857772499322891,IMG-0645,0.016632288694381714,IMG-0645,yangliuqing_late_qing_candidate,0.016632288694381714
IMG-0684,yangliuqing_late_qing_candidate,杨柳青年画（候选）,0.12229003012180328,0.07759255915880203,0.09637559950351715,IMG-0683,0.00439789891242981,IMG-0683,yangliuqing_late_qing_candidate,0.00439789891242981
IMG-0676,yangliuqing_late_qing_candidate,杨柳青年画（候选）,0.17572510242462158,0.0652373731136322,0.12216343730688095,IMG-0674,0.011509031057357788,IMG-0674,yangliuqing_late_qing_candidate,0.011509031057357788
IMG-0697,yangliuqing_late_qing_candidate,杨柳青年画（候选）,0.1679450422525406,0.0778006762266159,0.11499105393886566,IMG-0700,0.00872957706451416,IMG-0700,yangliuqing_late_qing_candidate,0.00872957706451416
IMG-0613,yangliuqing_late_qing_candidate,杨柳青年画（候选）,0.3289499580860138,0.19039839506149292,0.2888113856315613,IMG-0651,0.04625466465950012,IMG-0651,yangliuqing_late_qing_candidate,0.04625466465950012
IMG-0683,yangliuqing_late_qing_candidate,杨柳青年画（候选）,0.11671436578035355,0.08923253417015076,0.09612365067005157,IMG-0684,0.00439789891242981,IMG-0684,yangliuqing_late_qing_candidate,0.00439789891242981
IMG-0615,yangliuqing_late_qing_candidate,杨柳青年画（候选）,0.11427546292543411,0.12579642236232758,0.11041568964719772,IMG-0616,0.00648576021194458,IMG-0616,yangliuqing_late_qing_candidate,0.00648576021194458
IMG-0657,yangliuqing_late_qing_candidate,杨柳青年画（候选）,0.09274447709321976,0.10794888436794281,0.08873537182807922,IMG-0658,0.015893250703811646,IMG-0658,yangliuqing_late_qing_candidate,0.015893250703811646
IMG-0648,yangliuqing_late_qing_candidate,杨柳青年画（候选）,0.11117391288280487,0.06568332761526108,0.0828726515173912,IMG-0678,0.02325478196144104,IMG-0411,gusu_qing_candidate,0.01815691590309143
IMG-0640,yangliuqing_late_qing_candidate,杨柳青年画（候选）,0.1757781058549881,0.061144642531871796,0.13774266839027405,IMG-0641,0.024611294269561768,IMG-0476,taohuawu_1950s_candidate,0.022593557834625244
IMG-0653,yangliuqing_late_qing_candidate,杨柳青年画（候选）,0.14883625507354736,0.23321431875228882,0.16365112364292145,IMG-0654,0.008931487798690796,IMG-0654,yangliuqing_late_qing_candidate,0.008931487798690796
IMG-0666,yangliuqing_late_qing_candidate,杨柳青年画（候选）,0.1305132806301117,0.06332375854253769,0.09585141390562057,IMG-0662,0.015418142080307007,IMG-0662,yangliuqing_late_qing_candidate,0.015418142080307007
IMG-0700,yangliuqing_late_qing_candidate,杨柳青年画（候选）,0.16111743450164795,0.06422323733568192,0.10768882930278778,IMG-0699,0.0044106245040893555,IMG-0699,yangliuqing_late_qing_candidate,0.0044106245040893555
IMG-0703,yangliuqing_late_qing_candidate,杨柳青年画（候选）,0.11997660249471664,0.07518627494573593,0.09792906045913696,IMG-0635,0.02834177017211914,IMG-0635,yangliuqing_late_qing_candidate,0.02834177017211914
IMG-0691,yangliuqing_late_qing_candidate,杨柳青年画（候选）,0.17282484471797943,0.08155027776956558,0.1285795122385025,IMG-0692,0.014322996139526367,IMG-0372,gusu_qing_candidate,0.012154549360275269
IMG-0670,yangliuqing_late_qing_candidate,杨柳青年画（候选）,0.1634865254163742,0.06472805142402649,0.12226512283086777,IMG-0644,0.013843744993209839,IMG-0644,yangliuqing_late_qing_candidate,0.013843744993209839
IMG-0634,yangliuqing_late_qing_candidate,杨柳青年画（候选）,0.14158844947814941,0.0741058886051178,0.10225072503089905,IMG-0635,0.012551069259643555,IMG-0635,yangliuqing_late_qing_candidate,0.012551069259643555
IMG-0654,yangliuqing_late_qing_candidate,杨柳青年画（候选）,0.16662637889385223,0.24245405197143555,0.1761351078748703,IMG-0653,0.008931487798690796,IMG-0653,yangliuqing_late_qing_candidate,0.008931487798690796
IMG-0608,yangliuqing_late_qing_candidate,杨柳青年画（候选）,0.1096603125333786,0.11090562492609024,0.09434276074171066,IMG-0693,0.023927688598632812,IMG-0409,gusu_qing_candidate,0.018751412630081177
IMG-0671,yangliuqing_late_qing_candidate,杨柳青年画（候选）,0.17330989241600037,0.0662660226225853,0.1251862794160843,IMG-0667,0.014205366373062134,IMG-0667,yangliuqing_late_qing_candidate,0.014205366373062134
IMG-0686,yangliuqing_late_qing_candidate,杨柳青年画（候选）,0.1276157945394516,0.13228265941143036,0.11733812093734741,IMG-0687,0.024165868759155273,IMG-0036,gusu_qing_candidate,0.020764440298080444
IMG-0656,yangliuqing_late_qing_candidate,杨柳青年画（候选）,0.19406937062740326,0.2826347351074219,0.19383090734481812,IMG-0688,0.031924545764923096,IMG-0688,yangliuqing_late_qing_candidate,0.031924545764923096
IMG-0652,yangliuqing_late_qing_candidate,杨柳青年画（候选）,0.12922388315200806,0.17099906504154205,0.13111111521720886,IMG-0658,0.026265770196914673,IMG-0437,gusu_qing_candidate,0.025210261344909668
