sample_id,sha256,proposed_group,group_id,group_label,group_order,analysis_width,analysis_height,valid_pixel_count,selected_gradient_pixel_count,selected_gradient_weight_sum,sobel_axial_gradient_direction_concentration,analysis_scope
IMG-0145,003dfdbe3ab762f0f256c3958dbd4ca73fe8997eb915f5fa92f702fcc9df32ea,清代姑苏版画（候选，待确认）,gusu_qing_candidate,清代姑苏版画（候选）,1,314,512,159120,12971,2873833.888153076,0.22173580921895178,candidate_exploratory_not_formal_manifest
IMG-0103,00878b718c8f9a6bb07e1b972a4536cf1502b13ba5f12eaf69e80c46a69b6a27,清代姑苏版画（候选，待确认）,gusu_qing_candidate,清代姑苏版画（候选）,1,315,512,159630,27330,7229071.3722229,0.018489031808429573,candidate_exploratory_not_formal_manifest
IMG-0102,00a6bc04f7cc55bc2e7e5b4e0b3b050fb72b4c09546fd2de0697ae516ed199e4,清代姑苏版画（候选，待确认）,gusu_qing_candidate,清代姑苏版画（候选）,1,281,512,142290,12287,2729297.149581909,0.12255106981613194,candidate_exploratory_not_formal_manifest
IMG-0106,0133e106380fcd4dafd1763bd3273312b8667082c1fe5c029aaaf5b056d2d200,清代姑苏版画（候选，待确认）,gusu_qing_candidate,清代姑苏版画（候选）,1,512,369,187170,61934,15144850.459121704,0.04000588126874319,candidate_exploratory_not_formal_manifest
IMG-0095,0240cf3c69b5cf6cc3237352284cb4a3555c076d13d865743583f437175cf7a4,清代姑苏版画（候选，待确认）,gusu_qing_candidate,清代姑苏版画（候选）,1,290,512,146880,16519,3939832.9336853027,0.05387132259414265,candidate_exploratory_not_formal_manifest
IMG-0323,030377a155d19c68d70b46acb726fdf813b7e07e1cecf6a012a3b8d5b899581e,清代姑苏版画（候选，待确认）,gusu_qing_candidate,清代姑苏版画（候选）,1,460,512,233580,119021,32220125.751037598,0.04636623383361188,candidate_exploratory_not_formal_manifest
IMG-0111,031ba8810d4e7e66cf9304c83e7c28c921163f2429aed1353776287225f9082b,清代姑苏版画（候选，待确认）,gusu_qing_candidate,清代姑苏版画（候选）,1,293,512,148410,42325,10203329.859970093,0.1618293171661319,candidate_exploratory_not_formal_manifest
IMG-0202,0360d8871387ba330490e82105456f4d602a4fdcc923cac793aaff0703555b73,清代姑苏版画（候选，待确认）,gusu_qing_candidate,清代姑苏版画（候选）,1,512,509,258570,65197,17469972.94569397,0.06961085807014004,candidate_exploratory_not_formal_manifest
IMG-0219,036e0ee78242384bae46433d8df0fc24bc8f85968068b31e350ba13d974ef263,清代姑苏版画（候选，待确认）,gusu_qing_candidate,清代姑苏版画（候选）,1,512,409,207570,19079,4220805.382263184,0.1234282252161342,candidate_exploratory_not_formal_manifest
IMG-0378,03c578e9239cb75b6f95e1dd922474168d6fa81868890e4c1bd228a7642be391,清代姑苏版画（候选，待确认）,gusu_qing_candidate,清代姑苏版画（候选）,1,512,471,239190,49482,14237490.36984253,0.06576115260944984,candidate_exploratory_not_formal_manifest
IMG-0008,03fafb01f7df498d4679adcaf0736920f25eb18b632d6a7dfdf2bcf0dbbe822a,清代姑苏版画（候选，待确认）,gusu_qing_candidate,清代姑苏版画（候选）,1,512,414,210120,34983,11191839.22706604,0.09623082175388112,candidate_exploratory_not_formal_manifest
IMG-0428,049b5ade562a45d2f6b52c3965dec4e8e93def839e80abf2c2789d6c0c3534f9,清代姑苏版画（候选，待确认）,gusu_qing_candidate,清代姑苏版画（候选）,1,255,512,129030,9198,2248393.887451172,0.23660042016122684,candidate_exploratory_not_formal_manifest
IMG-0339,04d998d6c0f025f8e02a8c73caea201b1110f1f58ce259ce10e3140e91859a20,清代姑苏版画（候选，待确认）,gusu_qing_candidate,清代姑苏版画（候选）,1,303,512,153510,24950,7611522.764251709,0.16549471581825412,candidate_exploratory_not_formal_manifest
IMG-0369,05495455e874ea183fcbc2ff9138744ae2a90905242be11bd3db19ab8c01d3ff,清代姑苏版画（候选，待确认）,gusu_qing_candidate,清代姑苏版画（候选）,1,392,512,198900,24507,7118798.15461731,0.09222223516668317,candidate_exploratory_not_formal_manifest
IMG-0040,060c937bc028a282b69ea3f6ced837498acc67a1d9475a72df532a878c4e0da6,清代姑苏版画（候选，待确认）,gusu_qing_candidate,清代姑苏版画（候选）,1,501,512,254490,54915,17263198.617370605,0.21333404962856614,candidate_exploratory_not_formal_manifest
IMG-0290,0628f0b9a2bbeb717aa799aeb375897443a4dec323c753748ba9a4058843f667,清代姑苏版画（候选，待确认）,gusu_qing_candidate,清代姑苏版画（候选）,1,512,403,204510,41458,11453539.767623901,0.007979662395078201,candidate_exploratory_not_formal_manifest
IMG-0059,079a41128ffc90bf069f686c58f086bf03035daac1c9ec4f3ca08ae75f822b96,清代姑苏版画（候选，待确认）,gusu_qing_candidate,清代姑苏版画（候选）,1,512,465,236130,41084,13971463.94128418,0.0767877032021237,candidate_exploratory_not_formal_manifest
IMG-0005,07a7349044de755cbd3bb1ce0d49083d521bd3055143c7c21f271ff968b8171f,清代姑苏版画（候选，待确认）,gusu_qing_candidate,清代姑苏版画（候选）,1,512,400,202980,35562,11301599.008972168,0.030961638873500466,candidate_exploratory_not_formal_manifest
IMG-0212,0849f861546a105a31a74a16a4a6cec106a3faeb5c9bf0d1021749e93cdd4162,清代姑苏版画（候选，待确认）,gusu_qing_candidate,清代姑苏版画（候选）,1,512,411,208590,15497,3503210.4058532715,0.12877073147021578,candidate_exploratory_not_formal_manifest
IMG-0416,08d485b8b4495aef4cd0c74ab398a2988000223551ccd5d6a3c3e209b3313151,清代姑苏版画（候选，待确认）,gusu_qing_candidate,清代姑苏版画（候选）,1,407,512,206550,49458,11751019.265014648,0.10131390373663172,candidate_exploratory_not_formal_manifest
IMG-0152,09064ca1efb88cc4d4b08a7ee705c233df9d541bee7f3df7cea4d936cd530c9c,清代姑苏版画（候选，待确认）,gusu_qing_candidate,清代姑苏版画（候选）,1,302,512,153000,15497,3331790.604019165,0.15810616949755799,candidate_exploratory_not_formal_manifest
IMG-0387,0a0812b08a289a966b2485f1fa20c0d1758acb0bc696fddf1692dcab3c980cb3,清代姑苏版画（候选，待确认）,gusu_qing_candidate,清代姑苏版画（候选）,1,278,512,140760,24748,6751428.086715698,0.09656300348100061,candidate_exploratory_not_formal_manifest
IMG-0374,0a253d1598ff260549caef0afc9581619f0350d8ac1bed0e6adf2d156231c541,清代姑苏版画（候选，待确认）,gusu_qing_candidate,清代姑苏版画（候选）,1,512,477,242250,51820,13866646.139633179,0.05822781428756022,candidate_exploratory_not_formal_manifest
IMG-0393,0b45ff734034df3e1639dc35c3d59dd0273c26ef50c63f608496ebcb9d0173f7,清代姑苏版画（候选，待确认）,gusu_qing_candidate,清代姑苏版画（候选）,1,512,285,144330,41455,9783375.018035889,0.10404788107465317,candidate_exploratory_not_formal_manifest
IMG-0282,0c07c48f1503d18d1a2ed56cef8b12302d915e4b8d4a079048acf3f950ab66d7,清代姑苏版画（候选，待确认）,gusu_qing_candidate,清代姑苏版画（候选）,1,512,401,203490,18128,3767677.7709503174,0.05353630406332232,candidate_exploratory_not_formal_manifest
IMG-0366,0ca295811239d9d18951f8ae25edbe1e85d07afad93d3016c9d5948abd875e91,清代姑苏版画（候选，待确认）,gusu_qing_candidate,清代姑苏版画（候选）,1,348,512,176460,25560,6416282.223709106,0.03184373360364213,candidate_exploratory_not_formal_manifest
IMG-0381,0d5e978c2967fb96fb824ebefb49f5415fd3e10a0eb1455abaa523a8acbcf1bd,清代姑苏版画（候选，待确认）,gusu_qing_candidate,清代姑苏版画（候选）,1,512,473,240210,47507,11889115.080215454,0.036341861464924574,candidate_exploratory_not_formal_manifest
IMG-0405,0d756469edf6b465919bdd6723c219f7748a461c0d12a69d0e7a419652cb9707,清代姑苏版画（候选，待确认）,gusu_qing_candidate,清代姑苏版画（候选）,1,274,512,138720,29557,6482200.1787109375,0.02842716155364456,candidate_exploratory_not_formal_manifest
IMG-0262,0d8c9d7e8279320e3c1b001be2d618d8e0dbd037b39eba67886f0a3e8f594427,清代姑苏版画（候选，待确认）,gusu_qing_candidate,清代姑苏版画（候选）,1,512,504,256020,75710,24061356.45526123,0.29889727491626544,candidate_exploratory_not_formal_manifest
IMG-0015,0e0d88fdadac8417f6c4f446b53d935da658a5207de37918dd98fcc65629c861,清代姑苏版画（候选，待确认）,gusu_qing_candidate,清代姑苏版画（候选）,1,512,408,207060,18893,5040734.299713135,0.13910824730201843,candidate_exploratory_not_formal_manifest
IMG-0382,0e4286ddc9525719e361eb1ebcf1c1806f27e0a984b076838e02270e4d8bf71f,清代姑苏版画（候选，待确认）,gusu_qing_candidate,清代姑苏版画（候选）,1,512,474,240720,45731,11401263.590698242,0.03851966224335192,candidate_exploratory_not_formal_manifest
IMG-0289,0e99d46cfcd5777feab6409ee42ed788b7526349ca478eecd88ac3ac5b3727a7,清代姑苏版画（候选，待确认）,gusu_qing_candidate,清代姑苏版画（候选）,1,512,383,194310,36478,9460762.40119934,0.06517492263612665,candidate_exploratory_not_formal_manifest
IMG-0049,0ed4199dd4f0c878bb7e8bd2f2ff4d22f4aa66316ff7bb96b44eff5b935a89d0,清代姑苏版画（候选，待确认）,gusu_qing_candidate,清代姑苏版画（候选）,1,512,446,226440,51894,16881402.33616638,0.10405294004629793,candidate_exploratory_not_formal_manifest
IMG-0153,0ef5ac619f794477b19301949d7ee62f9c9820974e4ac94c16236f8e93d11916,清代姑苏版画（候选，待确认）,gusu_qing_candidate,清代姑苏版画（候选）,1,512,488,247860,67208,17221627.010269165,0.08879401085751608,candidate_exploratory_not_formal_manifest
IMG-0347,100c9bbb1213e6bd0367575dda5f7690a41ca88d505db5146a371717bf637867,清代姑苏版画（候选，待确认）,gusu_qing_candidate,清代姑苏版画（候选）,1,512,379,192270,33041,8007124.861755371,0.07298886967723728,candidate_exploratory_not_formal_manifest
IMG-0045,10c54f6f8eb38b93382bf04cd51f1737bfd80f231b34a7025845db8962ff9808,清代姑苏版画（候选，待确认）,gusu_qing_candidate,清代姑苏版画（候选）,1,512,402,204000,26983,8264647.64251709,0.11206116187725902,candidate_exploratory_not_formal_manifest
IMG-0035,11a6a20086a14a5a6ac73651b7167eb3adfa8cf99e1270b5593070baea236482,清代姑苏版画（候选，待确认）,gusu_qing_candidate,清代姑苏版画（候选）,1,512,478,242760,87990,27998516.209075928,0.03310020166952051,candidate_exploratory_not_formal_manifest
IMG-0278,11d83f3441b156050d49dc54acef6dbabfbfa20455e6956ebb529b8fd5a0c15c,清代姑苏版画（候选，待确认）,gusu_qing_candidate,清代姑苏版画（候选）,1,512,424,215220,51629,11306400.378372192,0.13473863029602867,candidate_exploratory_not_formal_manifest
IMG-0275,11f00cbe597edb51a92496a4bedb43f1aa2713e20e9ab821c1f2d2d2e74768f2,清代姑苏版画（候选，待确认）,gusu_qing_candidate,清代姑苏版画（候选）,1,376,512,190740,38981,8086334.229370117,0.12298226821064313,candidate_exploratory_not_formal_manifest
IMG-0180,12086cbd11aaa66b5bebcf800877e4cd73a503e26370cce9c9b1c09b1ba72f2e,清代姑苏版画（候选，待确认）,gusu_qing_candidate,清代姑苏版画（候选）,1,301,512,152490,22139,4745259.752761841,0.021950825800693706,candidate_exploratory_not_formal_manifest
IMG-0346,1383515160327beb08b2f56082cb0827921661d7cfee3481b4bd23087b5f8701,清代姑苏版画（候选，待确认）,gusu_qing_candidate,清代姑苏版画（候选）,1,375,512,190230,29089,5906164.463500977,0.0572762741342146,candidate_exploratory_not_formal_manifest
IMG-0159,1389d8b138952cb3b3a62cbcb63e785795c7f63d6330b4dacdb15575980502e0,清代姑苏版画（候选，待确认）,gusu_qing_candidate,清代姑苏版画（候选）,1,512,367,186150,62365,14637197.393997192,0.04757525292818539,candidate_exploratory_not_formal_manifest
IMG-0009,13b4b8e234347cc05358b6f27bfd48b4d930705313fa79282905c0a5e917508e,清代姑苏版画（候选，待确认）,gusu_qing_candidate,清代姑苏版画（候选）,1,512,407,206550,26140,7241352.2339782715,0.08757352586354458,candidate_exploratory_not_formal_manifest
IMG-0210,1406fb9d6ed3b4c16626e2477b7ee0388506fa53f3df251fafb68920b925138e,清代姑苏版画（候选，待确认）,gusu_qing_candidate,清代姑苏版画（候选）,1,512,411,208590,15883,3390023.4096679688,0.061107832357945854,candidate_exploratory_not_formal_manifest
IMG-0129,14be47305a1cea2d242987ebae97eb2f0d83d2560d5efe7b1abf8f4b0b12df33,清代姑苏版画（候选，待确认）,gusu_qing_candidate,清代姑苏版画（候选）,1,270,512,136680,24581,6589197.40524292,0.1517982078004101,candidate_exploratory_not_formal_manifest
IMG-0258,155c77c206cb7e2e2d1b32d2a329424ddea0aa9f560302c71cf9ff7f6f565ed2,清代姑苏版画（候选，待确认）,gusu_qing_candidate,清代姑苏版画（候选）,1,501,512,254490,106285,32510586.53477478,0.37076520838950255,candidate_exploratory_not_formal_manifest
IMG-0247,156fabb73a144c78b1daed6fcf0e66cd468a7929504e9d675265b66686b6817b,清代姑苏版画（候选，待确认）,gusu_qing_candidate,清代姑苏版画（候选）,1,276,512,139740,36220,8004194.759765625,0.07996853242982727,candidate_exploratory_not_formal_manifest
IMG-0116,1579951a99796aacf16afe744b9792430a1ed1d7d3ad4f0bcd7859a9a50efad7,清代姑苏版画（候选，待确认）,gusu_qing_candidate,清代姑苏版画（候选）,1,512,384,194820,44217,12625823.52407837,0.040211426206430416,candidate_exploratory_not_formal_manifest
IMG-0140,15fb21ebb8e58d760df7d6f5f11fd6947d9241905b697e5f74f8376dc2893029,清代姑苏版画（候选，待确认）,gusu_qing_candidate,清代姑苏版画（候选）,1,308,512,156060,24572,7070381.626724243,0.12827889019936303,candidate_exploratory_not_formal_manifest
IMG-0317,1728a2b412b8f7250b531a8412951217fb74cddce43c41c845cd12434c992e53,清代姑苏版画（候选，待确认）,gusu_qing_candidate,清代姑苏版画（候选）,1,512,393,199410,73006,18440960.618606567,0.06599662691230364,candidate_exploratory_not_formal_manifest
IMG-0354,17e021d4cb00439f7ec48bd02b7423cc07fe198694918e8e068acf5008de09a7,清代姑苏版画（候选，待确认）,gusu_qing_candidate,清代姑苏版画（候选）,1,285,512,144330,33489,7555858.106491089,0.08212889844272986,candidate_exploratory_not_formal_manifest
IMG-0191,18712d9b9baf2a250c4994f1c852c7f5a0a9c2d0f6282a5f6304cd0bd58a5730,清代姑苏版画（候选，待确认）,gusu_qing_candidate,清代姑苏版画（候选）,1,246,512,124440,6665,2172582.6541900635,0.3067609795086376,candidate_exploratory_not_formal_manifest
IMG-0448,18d4cc24b98f3a397b28dc7270ab81a36c3922b7c1d80bfb77202b21593226c6,清代姑苏版画（候选，待确认）,gusu_qing_candidate,清代姑苏版画（候选）,1,383,512,194310,29083,6312427.096984863,0.02561234160017404,candidate_exploratory_not_formal_manifest
IMG-0013,190d558c0bb4f65bcdfbb51024684dc60a8889b4ab77a4e3120c7a989eae23ee,清代姑苏版画（候选，待确认）,gusu_qing_candidate,清代姑苏版画（候选）,1,512,404,205020,31318,9424960.957992554,0.06208015501984511,candidate_exploratory_not_formal_manifest
IMG-0222,191d291f195141cc9b8b602a7c80671eef0adc8f8bd1aae8104c463632f3765e,清代姑苏版画（候选，待确认）,gusu_qing_candidate,清代姑苏版画（候选）,1,387,512,196350,16332,4325873.109405518,0.11344804674319343,candidate_exploratory_not_formal_manifest
IMG-0309,19255c53cf86d2b18565ebc8ac8d2354322c574598afcb58ab2fa5d70e592768,清代姑苏版画（候选，待确认）,gusu_qing_candidate,清代姑苏版画（候选）,1,306,512,155040,46382,11321367.059997559,0.11768887256451116,candidate_exploratory_not_formal_manifest
IMG-0003,196352214a5d4a574412f9d53aa5720907449bf490732213487bc14df5ef2fc1,清代姑苏版画（候选，待确认）,gusu_qing_candidate,清代姑苏版画（候选）,1,388,512,196860,37609,11511572.495544434,0.09842306591588806,candidate_exploratory_not_formal_manifest
IMG-0370,199f895f09fc7d8d68b40f5c25f3734afc139ec187dada785ec9a21fa21c2897,清代姑苏版画（候选，待确认）,gusu_qing_candidate,清代姑苏版画（候选）,1,351,512,177990,34672,9296398.882324219,0.23340925429263346,candidate_exploratory_not_formal_manifest
IMG-0292,1a488605dac22d61b9c550a2069ea820464ad3887d2e3a5c73127cb4fb082ed6,清代姑苏版画（候选，待确认）,gusu_qing_candidate,清代姑苏版画（候选）,1,512,272,137700,17112,3595820.917892456,0.18969733691934282,candidate_exploratory_not_formal_manifest
IMG-0010,1ae152d8deae47f3e98ffdba991135a74e60a8dc11deda2b9a2d5119d7d66f83,清代姑苏版画（候选，待确认）,gusu_qing_candidate,清代姑苏版画（候选）,1,512,408,207060,30203,9237020.13293457,0.0347618366701734,candidate_exploratory_not_formal_manifest
IMG-0042,1cefcdf264a3f7a925557502ca0070ed41900716222d89b256db5c88e1ec9ff0,清代姑苏版画（候选，待确认）,gusu_qing_candidate,清代姑苏版画（候选）,1,503,512,255510,43371,14588559.343826294,0.008216723233438946,candidate_exploratory_not_formal_manifest
IMG-0330,1d13c60bd7f8e059855a4986e5816b97ddc5fa88829ab19c80c2e44665bc45cf,清代姑苏版画（候选，待确认）,gusu_qing_candidate,清代姑苏版画（候选）,1,512,484,245820,46399,10979792.894973755,0.15518611916732117,candidate_exploratory_not_formal_manifest
IMG-0001,1d149231e57eae7758126e3a0adc40326548c46787ce9eb067fcf0217774ac78,清代姑苏版画（候选，待确认）,gusu_qing_candidate,清代姑苏版画（候选）,1,408,512,207060,36748,9611525.605682373,0.0662599636146995,candidate_exploratory_not_formal_manifest
IMG-0373,1eba206819dee4cc788537034ec9386940793e5d2732c1f0ae519c0d4e0d7b1a,清代姑苏版画（候选，待确认）,gusu_qing_candidate,清代姑苏版画（候选）,1,512,384,194820,28483,5736255.521026611,0.04264909722383457,candidate_exploratory_not_formal_manifest
IMG-0206,1f3ac7866d6dda358672ce986dabf650ab66eb4666e726d483c8b98ca4094afa,清代姑苏版画（候选，待确认）,gusu_qing_candidate,清代姑苏版画（候选）,1,442,512,224400,35102,9344667.878814697,0.12424746911236202,candidate_exploratory_not_formal_manifest
IMG-0306,1f67809dc6b63a51f8be7df599c33442a48362d06e9514f61791578829561be5,清代姑苏版画（候选，待确认）,gusu_qing_candidate,清代姑苏版画（候选）,1,361,512,183090,37505,10775456.251983643,0.1009393644878523,candidate_exploratory_not_formal_manifest
IMG-0415,20f5dfcfc0971157ddcf20ec28d6e8ce7d555f9e406f1a87f15f7f1efacc1ea3,清代姑苏版画（候选，待确认）,gusu_qing_candidate,清代姑苏版画（候选）,1,512,401,203490,15344,3395466.2593841553,0.06006661156313752,candidate_exploratory_not_formal_manifest
IMG-0175,21ed6ed3a19e6f545c59cf1b74181d45d589926cc3eb73b35cf256aabebae943,清代姑苏版画（候选，待确认）,gusu_qing_candidate,清代姑苏版画（候选）,1,277,512,140250,30197,7958010.831512451,0.15585050716094723,candidate_exploratory_not_formal_manifest
IMG-0108,2226d967dd810c245df55b7eff33d06aae0c7da05fe5dbab2a895a84c54144ba,清代姑苏版画（候选，待确认）,gusu_qing_candidate,清代姑苏版画（候选）,1,512,82,40800,13577,3005842.4644622803,0.3230635415651608,candidate_exploratory_not_formal_manifest
IMG-0319,2363a9f4ce4ff21b9cf793dfcdaaa535517a6d5c7ebfcc0a3cadbee2ee252e65,清代姑苏版画（候选，待确认）,gusu_qing_candidate,清代姑苏版画（候选）,1,300,512,151980,32562,7918245.63053894,0.2998213134411091,candidate_exploratory_not_formal_manifest
IMG-0383,23afa02aefd3140a347f662d2f41f093174f00940a297ff100ad0c8f82fc1b00,清代姑苏版画（候选，待确认）,gusu_qing_candidate,清代姑苏版画（候选）,1,512,472,239700,43802,10675003.159637451,0.059973190360185585,candidate_exploratory_not_formal_manifest
IMG-0128,2491990a1362b097fdd2f1a784f2034146f8e728bef3c2b27c5dd044ff82dd68,清代姑苏版画（候选，待确认）,gusu_qing_candidate,清代姑苏版画（候选）,1,512,414,210120,25540,6863893.454452515,0.13329886149153874,candidate_exploratory_not_formal_manifest
IMG-0419,2529b7f42d1fb8814b3c5a722f00a9fdfbbcf1b2f7be7f80266b80c478e2c16c,清代姑苏版画（候选，待确认）,gusu_qing_candidate,清代姑苏版画（候选）,1,512,422,214200,17629,3871870.218170166,0.06859942988526459,candidate_exploratory_not_formal_manifest
IMG-0020,2559c604f0c890e42f80832688db4073e55180d093d360fb5b2d3b4efc96a4ce,清代姑苏版画（候选，待确认）,gusu_qing_candidate,清代姑苏版画（候选）,1,512,411,208590,29697,7732341.984786987,0.07692751215067077,candidate_exploratory_not_formal_manifest
IMG-0056,260503708f0c8440ef36354cf7ddce013e6542f5665b46c9b01badc9d26bce1f,清代姑苏版画（候选，待确认）,gusu_qing_candidate,清代姑苏版画（候选）,1,512,504,256020,85164,26694433.822036743,0.26843390307414455,candidate_exploratory_not_formal_manifest
IMG-0058,26a6596b2e9d23c72e513f7050f5f586d0c08e87587bfb9ae1faa36904fb2a88,清代姑苏版画（候选，待确认）,gusu_qing_candidate,清代姑苏版画（候选）,1,362,512,183600,33887,10346463.34739685,0.08624723787743133,candidate_exploratory_not_formal_manifest
IMG-0070,26bfb9bb5c60afb604cdc05299fb7d824304854f3bfb7be3a91ad6c412add305,清代姑苏版画（候选，待确认）,gusu_qing_candidate,清代姑苏版画（候选）,1,512,492,249900,72167,22097903.83731079,0.12174497309554407,candidate_exploratory_not_formal_manifest
IMG-0299,27061167a4821b171a9f321dbc3150083c57601a0a10d460afcea8d3dd60462d,清代姑苏版画（候选，待确认）,gusu_qing_candidate,清代姑苏版画（候选）,1,512,153,77010,5296,1837469.6081237793,0.8489370121843521,candidate_exploratory_not_formal_manifest
IMG-0041,2712975b12729e877cbeef0d7b28b38ea41b00929abd145ef3ec451ee8e2ce38,清代姑苏版画（候选，待确认）,gusu_qing_candidate,清代姑苏版画（候选）,1,489,512,248370,43229,13531670.493103027,0.05133783600499594,candidate_exploratory_not_formal_manifest
IMG-0455,27b66761f77d21e2caa73837e84f9d8d32e922c30243acd72ccc06b3086460c5,清代姑苏版画（候选，待确认）,gusu_qing_candidate,清代姑苏版画（候选）,1,419,512,212670,4147,726628.6430664062,0.27143893364598437,candidate_exploratory_not_formal_manifest
IMG-0312,27eab1f5a2b9d48eeac6ab433c4dde3e5cf56b5b9367b7e518ae6e15de044952,清代姑苏版画（候选，待确认）,gusu_qing_candidate,清代姑苏版画（候选）,1,415,512,210630,27297,6522140.844665527,0.05683361825492189,candidate_exploratory_not_formal_manifest
IMG-0407,28a9d064e83dd73c949167993a9ae470645fa0adcc2e5fbd23582fbc56c5fff3,清代姑苏版画（候选，待确认）,gusu_qing_candidate,清代姑苏版画（候选）,1,417,512,211650,16413,3358153.7634277344,0.06653716397483025,candidate_exploratory_not_formal_manifest
IMG-0273,299edf692d32adfe4291f827ae8ea81412a766f6133b303adfd3ead1ef9a0513,清代姑苏版画（候选，待确认）,gusu_qing_candidate,清代姑苏版画（候选）,1,512,341,172890,65097,18212455.25871277,0.2881385692706327,candidate_exploratory_not_formal_manifest
IMG-0327,29a74dacf370fd4cade0eeee96ea8bd1d0d87023b7df298ea751bafb6f70c183,清代姑苏版画（候选，待确认）,gusu_qing_candidate,清代姑苏版画（候选）,1,284,512,143820,34291,8743441.18965149,0.05187070297116168,candidate_exploratory_not_formal_manifest
IMG-0384,2ad05719072d73e9db3db372a157a3f583476b980921e93fa23391cd2a2ae3ad,清代姑苏版画（候选，待确认）,gusu_qing_candidate,清代姑苏版画（候选）,1,512,474,240720,42737,11099613.664367676,0.04639246397683753,candidate_exploratory_not_formal_manifest
IMG-0060,2b4eccb412a5cc5fcfef601bae199572a56fd5f430a07399f3f9867e14a7d0e1,清代姑苏版画（候选，待确认）,gusu_qing_candidate,清代姑苏版画（候选）,1,512,438,222360,52652,16305947.58454895,0.056827199775257124,candidate_exploratory_not_formal_manifest
IMG-0007,2b7f80008573437a37e8bbd2e3f93c38965f5cb9532da6cbf2dcb7acad3d30f1,清代姑苏版画（候选，待确认）,gusu_qing_candidate,清代姑苏版画（候选）,1,432,512,219300,31865,10162742.129928589,0.11565449047256571,candidate_exploratory_not_formal_manifest
IMG-0154,2c308b24eec6e4b263932ce1138a14a09e58384f0274978b5e09f6259c61b2ab,清代姑苏版画（候选，待确认）,gusu_qing_candidate,清代姑苏版画（候选）,1,512,451,228990,42672,10494864.344039917,0.22268238053939313,candidate_exploratory_not_formal_manifest
IMG-0073,2c457ab4a529696b303b572db8ed58a69169145b1ce82f25b59e7e65b241eddb,清代姑苏版画（候选，待确认）,gusu_qing_candidate,清代姑苏版画（候选）,1,512,409,207570,27784,7265557.06628418,0.044781436645371896,candidate_exploratory_not_formal_manifest
IMG-0139,2ccd1ce621179ec9a2372bfea6b3739075cafeb37c07e859598dc4801b93fbae,清代姑苏版画（候选，待确认）,gusu_qing_candidate,清代姑苏版画（候选）,1,324,512,164220,18472,4348152.143661499,0.1667656666075469,candidate_exploratory_not_formal_manifest
IMG-0081,2e8f646af5b33f5ed3939f2530e5aa65ffebc489cbe64718b49f91fa779c40e4,清代姑苏版画（候选，待确认）,gusu_qing_candidate,清代姑苏版画（候选）,1,512,464,235620,38449,10943460.338516235,0.11146016750162585,candidate_exploratory_not_formal_manifest
IMG-0011,2ee9f6768461c73c495e2a80eebb29c13264e423b0df05bc3a8060e6b4b331d3,清代姑苏版画（候选，待确认）,gusu_qing_candidate,清代姑苏版画（候选）,1,512,398,201960,31148,9288165.318695068,0.06222909051747361,candidate_exploratory_not_formal_manifest
IMG-0361,2f21991a839b9426df79c2ca97098f794ef2539c2b90ac38a8c0bdeacb422146,清代姑苏版画（候选，待确认）,gusu_qing_candidate,清代姑苏版画（候选）,1,326,512,165240,50549,12550330.669647217,0.19675204838394783,candidate_exploratory_not_formal_manifest
IMG-0244,301c8ffbae14325bbff70a3665abab603532eb72ac3c663f9da4ea4f295497f0,清代姑苏版画（候选，待确认）,gusu_qing_candidate,清代姑苏版画（候选）,1,512,384,194820,20678,5095149.719207764,0.16170747936417887,candidate_exploratory_not_formal_manifest
IMG-0349,302e048b3c83df2cc10a7a8c07b029effdc230a93220ec51e39a0697ae05497f,清代姑苏版画（候选，待确认）,gusu_qing_candidate,清代姑苏版画（候选）,1,512,334,169320,46317,11834560.177139282,0.1526039960325821,candidate_exploratory_not_formal_manifest
IMG-0345,315f639eee863b3731d99524d3355ee25ade2a0b0f174afac77bb7551d222a5b,清代姑苏版画（候选，待确认）,gusu_qing_candidate,清代姑苏版画（候选）,1,312,512,158100,32672,7764607.698410034,0.05627119620189688,candidate_exploratory_not_formal_manifest
IMG-0450,318e56cef2c1f63be37161083c11b651aa2268ef2713ea259a9cea80eab68915,清代姑苏版画（候选，待确认）,gusu_qing_candidate,清代姑苏版画（候选）,1,435,512,220830,3375,567540.499923706,0.304811361093752,candidate_exploratory_not_formal_manifest
IMG-0438,31ef988ff77dc19a077b1e4937ec6732479a6a162162dd3fc401627ab8d7fcbc,清代姑苏版画（候选，待确认）,gusu_qing_candidate,清代姑苏版画（候选）,1,263,512,133110,35573,10419772.987945557,0.04036860049462866,candidate_exploratory_not_formal_manifest
IMG-0380,327b73cf1afd94bc10ee45c43f87df04d45079748c4b7cd8f476636dc0c1e0d4,清代姑苏版画（候选，待确认）,gusu_qing_candidate,清代姑苏版画（候选）,1,512,476,241740,47592,13046204.67062378,0.12474134492529261,candidate_exploratory_not_formal_manifest
IMG-0400,3303dbeda94e8ffb62a6edd8864d24ddbd42fcedbae1060aa564d7c567e04b8b,清代姑苏版画（候选，待确认）,gusu_qing_candidate,清代姑苏版画（候选）,1,287,512,145350,17274,3714660.054916382,0.03533776688275575,candidate_exploratory_not_formal_manifest
IMG-0137,33a531e8586fe6ed5aad4dce7fdf8b0c6ffb4a56bd306cefc821df4858cfa098,清代姑苏版画（候选，待确认）,gusu_qing_candidate,清代姑苏版画（候选）,1,512,394,199920,40213,9828737.506225586,0.06714225464127895,candidate_exploratory_not_formal_manifest
IMG-0211,33ec28e68850b45ec9c4448c1f7f511f70250b9981e59653ee16e46c5094698a,清代姑苏版画（候选，待确认）,gusu_qing_candidate,清代姑苏版画（候选）,1,398,512,201960,22775,6104199.843338013,0.1908371323718255,candidate_exploratory_not_formal_manifest
IMG-0158,3449eddf87f885b8015330f6dc568cd8231b7b880c91c50727a79866534f7775,清代姑苏版画（候选，待确认）,gusu_qing_candidate,清代姑苏版画（候选）,1,512,347,175950,56553,16184968.328933716,0.028193771199436557,candidate_exploratory_not_formal_manifest
IMG-0357,3454659dc96f92cafbe034807a7faf70031655c4c4551cd86fa4192d38f4b6f7,清代姑苏版画（候选，待确认）,gusu_qing_candidate,清代姑苏版画（候选）,1,407,512,206550,50145,16908261.404418945,0.19485154409757582,candidate_exploratory_not_formal_manifest
IMG-0316,3467e3d15a7cb14586891a2330c293c7860fca1d6beb911d1152e366c3e4d866,清代姑苏版画（候选，待确认）,gusu_qing_candidate,清代姑苏版画（候选）,1,335,512,169830,35173,8936541.227249146,0.15454134479714274,candidate_exploratory_not_formal_manifest
IMG-0454,3502e3f90d07fac53b406cd75eb31f3ea9a1b5b8ae1c9f77132e799ac11e3a1a,清代姑苏版画（候选，待确认）,gusu_qing_candidate,清代姑苏版画（候选）,1,280,512,141780,6628,1191239.1038513184,0.3175896589021874,candidate_exploratory_not_formal_manifest
IMG-0119,375081d83ca138406c9db47266b62ad1feff0ac952254f5816f3bf86c52d3097,清代姑苏版画（候选，待确认）,gusu_qing_candidate,清代姑苏版画（候选）,1,384,512,194820,30474,7803105.105987549,0.11425269903710689,candidate_exploratory_not_formal_manifest
IMG-0444,3795bfa7f5133cb71baf720c73df92c7e9335f2ad2abea0d094492a94978e2b9,清代姑苏版画（候选，待确认）,gusu_qing_candidate,清代姑苏版画（候选）,1,279,512,141270,11557,2735048.1581573486,0.20307057064199666,candidate_exploratory_not_formal_manifest
IMG-0063,379a950abb3dc6f5c1221bbed8502b66174c60a72b4bd63ccea6c3df3307d104,清代姑苏版画（候选，待确认）,gusu_qing_candidate,清代姑苏版画（候选）,1,365,512,185130,37083,11084308.419754028,0.021615055089200426,candidate_exploratory_not_formal_manifest
IMG-0288,37df4b9173e1560202492b66c16706764c84fd630dc8b6abf335d2eca64d34c1,清代姑苏版画（候选，待确认）,gusu_qing_candidate,清代姑苏版画（候选）,1,512,396,200940,42069,11103531.785598755,0.13451215466200603,candidate_exploratory_not_formal_manifest
IMG-0037,37f501bef86aac5b453a1e6ff1f407bc8c962aac9a2bbdd979c901d2e83e9e77,清代姑苏版画（候选，待确认）,gusu_qing_candidate,清代姑苏版画（候选）,1,512,469,238170,58799,18258145.31550598,0.04128597216322984,candidate_exploratory_not_formal_manifest
IMG-0190,3a9d3f7f293c6a14e8ec31fb44d942087c365a974ffe4d9c0419a4d573041307,清代姑苏版画（候选，待确认）,gusu_qing_candidate,清代姑苏版画（候选）,1,225,512,113730,20308,5047816.266662598,0.08034308410967968,candidate_exploratory_not_formal_manifest
IMG-0198,3b27246dc3d62863752ba77199da2527cc041d874c71559473cec150a6c71fe1,清代姑苏版画（候选，待确认）,gusu_qing_candidate,清代姑苏版画（候选）,1,331,512,167790,5880,1827130.8056640625,0.5690119642818264,candidate_exploratory_not_formal_manifest
IMG-0344,3b4a926713a876b50721af8be1634808ed32fc814f3f80d895a7b5f657cca0d6,清代姑苏版画（候选，待确认）,gusu_qing_candidate,清代姑苏版画（候选）,1,288,512,145860,9946,2214945.5908355713,0.07781822577273546,candidate_exploratory_not_formal_manifest
IMG-0133,3b6a492b071b1addcb17c9102649453708cab9ee3273c00bc04321a2eb077ffc,清代姑苏版画（候选，待确认）,gusu_qing_candidate,清代姑苏版画（候选）,1,298,512,150960,19864,4695052.68006897,0.19024937885651486,candidate_exploratory_not_formal_manifest
IMG-0017,3b7d3264fa0ca3805328b6b4f7c6909ba58a276863a64321844f863836d9f9f2,清代姑苏版画（候选，待确认）,gusu_qing_candidate,清代姑苏版画（候选）,1,512,396,200940,20210,5929944.578140259,0.12174222552406577,candidate_exploratory_not_formal_manifest
IMG-0303,3c1b8525e790fc4fd8722058e6a9d1dd0edc6511db0fac6d1b912c161d858300,清代姑苏版画（候选，待确认）,gusu_qing_candidate,清代姑苏版画（候选）,1,403,512,204510,20637,4759326.325332642,0.10750654452940282,candidate_exploratory_not_formal_manifest
IMG-0177,3c74b494be0ecd10d31e6158fa6bfff0ba6747f808bae5b2107c22ab5d54fdb5,清代姑苏版画（候选，待确认）,gusu_qing_candidate,清代姑苏版画（候选）,1,291,512,147390,25263,5295334.199142456,0.015590232678867897,candidate_exploratory_not_formal_manifest
IMG-0067,3cbb288798d4dec6b8d8c5413241419892ab6db2c928151e7959ec22d4862059,清代姑苏版画（候选，待确认）,gusu_qing_candidate,清代姑苏版画（候选）,1,416,512,211140,29636,8876348.145553589,0.12583847955516875,candidate_exploratory_not_formal_manifest
IMG-0246,3cc0f7e4b12eb61fe328390827df3a3d6ab67d6ccd1438283c58d98a89b0479a,清代姑苏版画（候选，待确认）,gusu_qing_candidate,清代姑苏版画（候选）,1,512,384,194820,26730,5721289.296661377,0.06180939556196721,candidate_exploratory_not_formal_manifest
IMG-0138,3cd97f041d90ac01c4cc6e4bf33f197aded08f90cc4b2bdc0885573cd5a797ef,清代姑苏版画（候选，待确认）,gusu_qing_candidate,清代姑苏版画（候选）,1,306,512,155040,31515,7266765.1413116455,0.16077284708099257,candidate_exploratory_not_formal_manifest
IMG-0256,3cf8b05c24aef2d3819f76131607d3e5a547a4b37a1984d01e992fcc4e285574,清代姑苏版画（候选，待确认）,gusu_qing_candidate,清代姑苏版画（候选）,1,512,492,249900,88725,26843068.633346558,0.25734944385249825,candidate_exploratory_not_formal_manifest
IMG-0199,3dbd0da73200f2968af96c225812cd83b3f8b43e7b57cdb9bdaea39ad80cb933,清代姑苏版画（候选，待确认）,gusu_qing_candidate,清代姑苏版画（候选）,1,495,512,251430,28637,5877115.561660767,0.010799704200129741,candidate_exploratory_not_formal_manifest
IMG-0225,3ea0719022cb06e5ce06998626e52844d8bc9f3f4b1665caa48c449791757053,清代姑苏版画（候选，待确认）,gusu_qing_candidate,清代姑苏版画（候选）,1,415,512,210630,18642,4110423.770477295,0.0629565233803144,candidate_exploratory_not_formal_manifest
IMG-0251,3fb700e3ae68c9b2abe4ad921eca471487cee1b0297a5a6525167b1caab74e17,清代姑苏版画（候选，待确认）,gusu_qing_candidate,清代姑苏版画（候选）,1,512,321,162690,54151,12681063.964050293,0.09686321620216576,candidate_exploratory_not_formal_manifest
IMG-0342,4129652a9e792f0a7299b678446eaad4002a0734f7d24c4b6501971c7f1d4ca0,清代姑苏版画（候选，待确认）,gusu_qing_candidate,清代姑苏版画（候选）,1,276,512,139740,13463,3339842.5816345215,0.035420724576165116,candidate_exploratory_not_formal_manifest
IMG-0429,428ff4066dd64fccbd5fa0673df6b51bb8ef10e0dd030b8af56c47fe0f79e41e,清代姑苏版画（候选，待确认）,gusu_qing_candidate,清代姑苏版画（候选）,1,255,512,129030,10041,2394542.0116729736,0.11477645636830948,candidate_exploratory_not_formal_manifest
IMG-0085,42a643251f01fa2b192bb5b33aeebdd1f84e45dadb4a92c785638467e599ee47,清代姑苏版画（候选，待确认）,gusu_qing_candidate,清代姑苏版画（候选）,1,177,512,89250,8550,2187093.8456115723,0.27192892094515736,candidate_exploratory_not_formal_manifest
IMG-0332,43ff9661221e4ce53eb46e95ef47f27af9773d89600247f531780f27470bc082,清代姑苏版画（候选，待确认）,gusu_qing_candidate,清代姑苏版画（候选）,1,341,512,172890,33486,8489741.270492554,0.018223486742220164,candidate_exploratory_not_formal_manifest
IMG-0443,4499cb10c0d0a0eca3a01b991b90185ac5b3c37b7101c6f2670d7b477a268a94,清代姑苏版画（候选，待确认）,gusu_qing_candidate,清代姑苏版画（候选）,1,328,512,166260,40099,11087579.382827759,0.09335720349467516,candidate_exploratory_not_formal_manifest
IMG-0245,45039520424d591ec31d7585ce93de107ceda7b90510a242da741f900c681a3b,清代姑苏版画（候选，待确认）,gusu_qing_candidate,清代姑苏版画（候选）,1,512,384,194820,17862,4573752.993789673,0.26063214528544143,candidate_exploratory_not_formal_manifest
IMG-0220,45644fa7137ec7004a5fa8b9befd4871a8d54dc0dc9da2dcd7e4b7980b55c48a,清代姑苏版画（候选，待确认）,gusu_qing_candidate,清代姑苏版画（候选）,1,512,423,214710,15298,3170747.8648529053,0.15378504687259,candidate_exploratory_not_formal_manifest
IMG-0427,456a80c2ad5085d90fb7ae7763c6b7b2c31c25616ec9171185ea41c7b78e1b81,清代姑苏版画（候选，待确认）,gusu_qing_candidate,清代姑苏版画（候选）,1,313,512,158610,16452,4174482.0694122314,0.24807124093478547,candidate_exploratory_not_formal_manifest
IMG-0298,45dd2beb79d8f102b08537ae275d718523abc6f8aa2ba71e9b9ff7eb6940ae13,清代姑苏版画（候选，待确认）,gusu_qing_candidate,清代姑苏版画（候选）,1,512,272,137700,14843,3103592.974105835,0.10976627240256914,candidate_exploratory_not_formal_manifest
IMG-0188,4632483c9d25a3aef26d3563c0972ef97b066506cebd2a6d2d55f4643f2e2bdb,清代姑苏版画（候选，待确认）,gusu_qing_candidate,清代姑苏版画（候选）,1,321,512,162690,24295,6045930.333892822,0.21769736824704256,candidate_exploratory_not_formal_manifest
IMG-0155,46d3312be6940296fc4a03a6f67f63073a1392f31a7c992e6d09cf1a95213e21,清代姑苏版画（候选，待确认）,gusu_qing_candidate,清代姑苏版画（候选）,1,512,340,172380,38620,8694801.254638672,0.0894473196325678,candidate_exploratory_not_formal_manifest
IMG-0239,474f610ff6db792f76f2a7637dd573ff1093b33852effe57add91dddbcf3141a,清代姑苏版画（候选，待确认）,gusu_qing_candidate,清代姑苏版画（候选）,1,512,384,194820,25603,7068547.934356689,0.3070697951133917,candidate_exploratory_not_formal_manifest
IMG-0297,47577c34624d937361c1ab312ce3f5a6bb172880be01e58642b37f7f283881b2,清代姑苏版画（候选，待确认）,gusu_qing_candidate,清代姑苏版画（候选）,1,399,512,202470,15873,3747899.5131835938,0.10320887536077515,candidate_exploratory_not_formal_manifest
IMG-0131,47ceb36067224e48004cefa27741e96bd6f4f38bc6070b7f5e58c3475078ed0a,清代姑苏版画（候选，待确认）,gusu_qing_candidate,清代姑苏版画（候选）,1,320,512,162180,25238,6114978.598571777,0.485099700211759,candidate_exploratory_not_formal_manifest
IMG-0253,489ee65e1000573217e3a9f83ab52f9f729c1237bf25da7be61b49ec801554b7,清代姑苏版画（候选，待确认）,gusu_qing_candidate,清代姑苏版画（候选）,1,512,330,167280,52066,11590857.922485352,0.10900106472606255,candidate_exploratory_not_formal_manifest
IMG-0260,48d028cd606de4f517895a3836699cecea084bf8c8125c05c588c8a01df8366e,清代姑苏版画（候选，待确认）,gusu_qing_candidate,清代姑苏版画（候选）,1,512,459,233070,59403,16573843.180007935,0.09071951789178774,candidate_exploratory_not_formal_manifest
IMG-0117,48db2021dc63c84f6fdd2038220fa82adb1f703a61aee900a2d397647097cf78,清代姑苏版画（候选，待确认）,gusu_qing_candidate,清代姑苏版画（候选）,1,384,512,194820,40696,11617663.62109375,0.08042808647118375,candidate_exploratory_not_formal_manifest
IMG-0189,48de989ffda553de1c0f92737b3210f18114bc293ce1cf050bf0130f3fb0c04c,清代姑苏版画（候选，待确认）,gusu_qing_candidate,清代姑苏版画（候选）,1,233,512,117810,13202,3121921.5290374756,0.18674988948106408,candidate_exploratory_not_formal_manifest
IMG-0270,4991d4b46297ce4a3972a652ae4adb9fe402f6d44cf307bb0b97d5b34ea29ab8,清代姑苏版画（候选，待确认）,gusu_qing_candidate,清代姑苏版画（候选）,1,512,327,165750,53103,13506585.407653809,0.2050408886378131,candidate_exploratory_not_formal_manifest
IMG-0097,4a4c81ef17d4ef8f6665bab13df6bf09cfbfdaa2a2a0461596be4b8b3b941ed7,清代姑苏版画（候选，待确认）,gusu_qing_candidate,清代姑苏版画（候选）,1,318,512,161160,20306,4847462.240951538,0.07410448465040892,candidate_exploratory_not_formal_manifest
IMG-0176,4af2b7b3c0e9b14a0fe18cfab288e7fdf9c905b3a3753547e0b3223189be4ec8,清代姑苏版画（候选，待确认）,gusu_qing_candidate,清代姑苏版画（候选）,1,512,293,148410,35923,8662883.28956604,0.2763099573903535,candidate_exploratory_not_formal_manifest
IMG-0182,4b86a2d6310d63ef1695135725a48449caaa3331df0b23f5bd6109dc80c7f90f,清代姑苏版画（候选，待确认）,gusu_qing_candidate,清代姑苏版画（候选）,1,283,512,143310,18471,4669788.975326538,0.255641480953931,candidate_exploratory_not_formal_manifest
IMG-0146,4b8cedcf18b8750ca0380fcb2223d64f273e19df2bfd8e9fd9ee22a3c8f7b6a5,清代姑苏版画（候选，待确认）,gusu_qing_candidate,清代姑苏版画（候选）,1,330,512,167280,4221,1529684.612411499,0.8681317225185721,candidate_exploratory_not_formal_manifest
IMG-0420,4b97c5973305499a9a27db3da98fa465a1b027a5dc8e928efd480788d06bac23,清代姑苏版画（候选，待确认）,gusu_qing_candidate,清代姑苏版画（候选）,1,339,512,171870,22523,5134415.51020813,0.023859628444619686,candidate_exploratory_not_formal_manifest
IMG-0433,4bb698a73d15dc392612581c4324b4cca0c2094ce7f509991736a85aa4341cd6,清代姑苏版画（候选，待确认）,gusu_qing_candidate,清代姑苏版画（候选）,1,280,512,141780,68294,19974449.77394104,0.047381783694195365,candidate_exploratory_not_formal_manifest
IMG-0334,4d044e3e68d48601caf3ffd1be45fb43fbfcf34db0217f8b195db3d5c91a13fe,清代姑苏版画（候选，待确认）,gusu_qing_candidate,清代姑苏版画（候选）,1,357,512,181050,22464,4901071.701095581,0.12183689538280368,candidate_exploratory_not_formal_manifest
IMG-0394,4d65861aeacd03ecc19366b73ab9c34cc46fcc815c5e8e09c734e9c2ccfdac3c,清代姑苏版画（候选，待确认）,gusu_qing_candidate,清代姑苏版画（候选）,1,340,512,172380,13501,2733678.9073638916,0.12371617699764428,candidate_exploratory_not_formal_manifest
IMG-0386,4dbb590edaf5a8023ff2070ec15a0413a65696a95582b16f27aae0ed4b931a25,清代姑苏版画（候选，待确认）,gusu_qing_candidate,清代姑苏版画（候选）,1,252,512,127500,11471,2182691.544845581,0.15878491590676222,candidate_exploratory_not_formal_manifest
IMG-0027,4e7a27ba38da0a33eaf6387ba4d7aaceeb87bfcf96f8fc99fa2ffb09f23f7deb,清代姑苏版画（候选，待确认）,gusu_qing_candidate,清代姑苏版画（候选）,1,512,510,259080,73905,21682401.860931396,0.10525131869808373,candidate_exploratory_not_formal_manifest
IMG-0143,4ee666c715a7a5b72d54afc07919ac0b94e485714c4866d458a18e7a361ad95b,清代姑苏版画（候选，待确认）,gusu_qing_candidate,清代姑苏版画（候选）,1,333,512,168810,13883,3377468.1688079834,0.33368735154075135,candidate_exploratory_not_formal_manifest
IMG-0295,4ff4bc142e032ed0396c48a1c9ad841a4bc22709b3e91556b6d6b15841d81ae3,清代姑苏版画（候选，待确认）,gusu_qing_candidate,清代姑苏版画（候选）,1,512,272,137700,18424,3954905.6580047607,0.1225746800418793,candidate_exploratory_not_formal_manifest
IMG-0012,4ffa56d08bb9c5d5ae11f25269fa07bb7f49d7d155d0f66ba27012953aae4ce8,清代姑苏版画（候选，待确认）,gusu_qing_candidate,清代姑苏版画（候选）,1,512,378,191760,19726,6162402.66078186,0.09910857965002869,candidate_exploratory_not_formal_manifest
IMG-0457,501c5a03847a14318cc545a7bee713d72326859a0b507596f39d94d03480f45d,清代姑苏版画（候选，待确认）,gusu_qing_candidate,清代姑苏版画（候选）,1,305,512,154530,28953,6790348.599227905,0.19620186765974063,candidate_exploratory_not_formal_manifest
IMG-0150,507d1c56c552d1a5350426325f29c8fdfec3fb18223a7d6de374a7818b8a3b0a,清代姑苏版画（候选，待确认）,gusu_qing_candidate,清代姑苏版画（候选）,1,512,352,178500,32698,8893231.34727478,0.06797948380005313,candidate_exploratory_not_formal_manifest
IMG-0031,52b399a2d6ea675549bc7ab0ce27a760f4b638a5b30ff12d5413783899cbdb48,清代姑苏版画（候选，待确认）,gusu_qing_candidate,清代姑苏版画（候选）,1,512,366,185640,32204,8948953.749603271,0.04843548420797672,candidate_exploratory_not_formal_manifest
IMG-0242,53169a27132099d9ed3741ba5636a73bc8da770921ecede11944aab14ab795d2,清代姑苏版画（候选，待确认）,gusu_qing_candidate,清代姑苏版画（候选）,1,512,384,194820,16081,4579378.923919678,0.07360360943784525,candidate_exploratory_not_formal_manifest
IMG-0368,537c908c7387680773c0d98f4cbb07b6863e2c2dfac95e205d297c0d43ddb9b8,清代姑苏版画（候选，待确认）,gusu_qing_candidate,清代姑苏版画（候选）,1,306,512,155040,24717,6334537.047866821,0.09187571858375908,candidate_exploratory_not_formal_manifest
IMG-0399,53cdb2c1910b44698ac8459deb1ac41e7787047a519bcb5ad93f375c8f0067e4,清代姑苏版画（候选，待确认）,gusu_qing_candidate,清代姑苏版画（候选）,1,512,377,191250,52481,11893180.928359985,0.04033688896732349,candidate_exploratory_not_formal_manifest
IMG-0302,541cf3aa90576ed4eecb56d13b2e734a2112a633b47dbb081beac888031323aa,清代姑苏版画（候选，待确认）,gusu_qing_candidate,清代姑苏版画（候选）,1,499,512,253470,19486,4087430.8888549805,0.09464177123065609,candidate_exploratory_not_formal_manifest
IMG-0254,5448e0bbcc4f7a54c018d6511fa2020973d15634741b2263a531d2f93360cf71,清代姑苏版画（候选，待确认）,gusu_qing_candidate,清代姑苏版画（候选）,1,512,327,165750,51865,11965126.323226929,0.08014414965264673,candidate_exploratory_not_formal_manifest
IMG-0062,5493710e166ca0ac78bcb602a08dfdc22f02dd38e9c70db7392e872884ac7688,清代姑苏版画（候选，待确认）,gusu_qing_candidate,清代姑苏版画（候选）,1,512,488,247860,60511,20839257.991897583,0.052922908760504636,candidate_exploratory_not_formal_manifest
IMG-0170,54c785b14d14c0c78af81f506a2478d51be787679ff5562274c0c0abd467a3d3,清代姑苏版画（候选，待确认）,gusu_qing_candidate,清代姑苏版画（候选）,1,512,373,189210,28322,6481914.391525269,0.25366232021207175,candidate_exploratory_not_formal_manifest
IMG-0066,54cddfef601e1c4de09619bda05ddecc13cc75b4c138d19b04b6b2800b8894bc,清代姑苏版画（候选，待确认）,gusu_qing_candidate,清代姑苏版画（候选）,1,313,512,158610,41607,11945350.309127808,0.10765271230823792,candidate_exploratory_not_formal_manifest
IMG-0269,550d5e0226b227f221a9e328ba951211c7b2dc3fc1800ccb56a88ffa3f0c317c,清代姑苏版画（候选，待确认）,gusu_qing_candidate,清代姑苏版画（候选）,1,512,493,250410,54773,16909482.831359863,0.0922976392625319,candidate_exploratory_not_formal_manifest
IMG-0453,559973c09aa44999019a5928516b6bf8f71d692539e83b3d3a5027f1e8ede06b,清代姑苏版画（候选，待确认）,gusu_qing_candidate,清代姑苏版画（候选）,1,422,512,214200,6619,1195189.9599761963,0.2600120730350617,candidate_exploratory_not_formal_manifest
IMG-0194,562a70f473cc4d95cc00dba44995d1d2b5293f3b38c567bb51035bd06b0992fe,清代姑苏版画（候选，待确认）,gusu_qing_candidate,清代姑苏版画（候选）,1,512,325,164730,43711,9514008.534805298,0.14381206610187583,candidate_exploratory_not_formal_manifest
IMG-0090,5632e52bf62473f3f110942966419d2db1e5bcbd3fe8ae54763f93a1264c81e0,清代姑苏版画（候选，待确认）,gusu_qing_candidate,清代姑苏版画（候选）,1,308,512,156060,39494,9024080.031280518,0.15108546485163576,candidate_exploratory_not_formal_manifest
IMG-0087,57a1ea2eb7f6068540e761ea186c0b5fed00b246085bf37e3c16832d46cbd902,清代姑苏版画（候选，待确认）,gusu_qing_candidate,清代姑苏版画（候选）,1,512,439,222870,17756,4369430.956390381,0.42583469693155923,candidate_exploratory_not_formal_manifest
IMG-0178,582ac1e876d959a0671c1d9269e4931c7065094f4ee55128cba5020b509727d7,清代姑苏版画（候选，待确认）,gusu_qing_candidate,清代姑苏版画（候选）,1,285,512,144330,20270,5533378.699981689,0.08276001640455653,candidate_exploratory_not_formal_manifest
IMG-0183,58abd9299e052baf05dd873b7e6afaa3b32a7d4ffa145ae2151114c967b391d4,清代姑苏版画（候选，待确认）,gusu_qing_candidate,清代姑苏版画（候选）,1,288,512,145860,25668,6790872.460662842,0.19394137587822968,candidate_exploratory_not_formal_manifest
IMG-0141,58afc683ecf95aef591055e6797579f117ad28254d849b7f072e7d4e6010c71e,清代姑苏版画（候选，待确认）,gusu_qing_candidate,清代姑苏版画（候选）,1,295,512,149430,17523,4093280.584411621,0.2070647259665459,candidate_exploratory_not_formal_manifest
IMG-0080,59211be5360ee5e37ba7f60f67f18596142189eabde14aa22e10eba0ea1f66e3,清代姑苏版画（候选，待确认）,gusu_qing_candidate,清代姑苏版画（候选）,1,512,510,259080,74285,21140091.27484131,0.12588426748718493,candidate_exploratory_not_formal_manifest
IMG-0123,592ca77fba6df1df61380a834afb958479f1dac3714a62e9c738bf84e24e8670,清代姑苏版画（候选，待确认）,gusu_qing_candidate,清代姑苏版画（候选）,1,384,512,194820,53429,15428141.424987793,0.1263468273539005,candidate_exploratory_not_formal_manifest
IMG-0028,593516cd909539c1e1e02ca0089b5fe207bdd7532bfbe874ca1949ec574c583c,清代姑苏版画（候选，待确认）,gusu_qing_candidate,清代姑苏版画（候选）,1,501,512,254490,77785,23118070.976608276,0.11875909660310137,candidate_exploratory_not_formal_manifest
IMG-0359,599de3e0be9a9a92772d1a42b1d21b1ec2de29ad853b81799a1b77144a572717,清代姑苏版画（候选，待确认）,gusu_qing_candidate,清代姑苏版画（候选）,1,415,512,210630,55763,17898780.892578125,0.1688686502327392,candidate_exploratory_not_formal_manifest
IMG-0074,5bbf6f407ee0a494bcfe6bad98e7b797477384229fdce6deaabcc94f4a20de0b,清代姑苏版画（候选，待确认）,gusu_qing_candidate,清代姑苏版画（候选）,1,389,512,197370,3957,770152.3121795654,0.007141807383037165,candidate_exploratory_not_formal_manifest
IMG-0417,5bec59946a6a8f529ed2e436736f3d92b3d98b1cadb59ce9f3709d217ad34144,清代姑苏版画（候选，待确认）,gusu_qing_candidate,清代姑苏版画（候选）,1,342,512,173400,2271,374318.9540863037,0.08862144460787615,candidate_exploratory_not_formal_manifest
IMG-0360,5c0ae807df0341eb5cb0ea6aec7200dac1c436371c55e41637a406991311f5c1,清代姑苏版画（候选，待确认）,gusu_qing_candidate,清代姑苏版画（候选）,1,361,512,183090,16619,4554820.660507202,0.11992255318648153,candidate_exploratory_not_formal_manifest
IMG-0307,5c28dff7c27b9fd667d51efb15e18450a46fda9f7ad236d690bd2f2a1d357f67,清代姑苏版画（候选，待确认）,gusu_qing_candidate,清代姑苏版画（候选）,1,343,512,173910,28655,8357410.417449951,0.1712950926164634,candidate_exploratory_not_formal_manifest
IMG-0434,5c6d699f9973627d098b5b23b4400fa475adb8da25c64d20345a94c283703b31,清代姑苏版画（候选，待确认）,gusu_qing_candidate,清代姑苏版画（候选）,1,246,512,124440,24787,5304859.879653931,0.026000842566892703,candidate_exploratory_not_formal_manifest
IMG-0363,5d15f3baf0e591530b9fad8b1c6fb69ac3a13cdca57e404fc385d446ce7680de,清代姑苏版画（候选，待确认）,gusu_qing_candidate,清代姑苏版画（候选）,1,512,306,155040,49306,12791929.74043274,0.038741185035218645,candidate_exploratory_not_formal_manifest
IMG-0435,5d2573b934eacb2e683f3e6c58d3b55826130f7f7030d824d205e9066c43388b,清代姑苏版画（候选，待确认）,gusu_qing_candidate,清代姑苏版画（候选）,1,286,512,144840,31800,6696000.2663116455,0.06938723160770842,candidate_exploratory_not_formal_manifest
IMG-0187,5eb198cb1d1bc40f30b51d5dc41e6a3e19fff7959aa0cb474cb797494beb213b,清代姑苏版画（候选，待确认）,gusu_qing_candidate,清代姑苏版画（候选）,1,346,512,175440,31111,7851450.207687378,0.2404680831249188,candidate_exploratory_not_formal_manifest
IMG-0281,5ed0bbbb2ea075960e31d87c2c23ea0056d92079ca22930cb033b9b800ae0db0,清代姑苏版画（候选，待确认）,gusu_qing_candidate,清代姑苏版画（候选）,1,205,512,103530,10091,1985664.8199768066,0.19655612676754522,candidate_exploratory_not_formal_manifest
IMG-0077,5edda4770a52dd8b105da532e7659f62fb2f0bd5ea77544467a6d1cefbf76a7e,清代姑苏版画（候选，待确认）,gusu_qing_candidate,清代姑苏版画（候选）,1,270,512,136680,24709,5656794.875869751,0.10159607869632341,candidate_exploratory_not_formal_manifest
IMG-0228,5f0255ee641afa9adc2cd74ae7b1198fc9778e620ca5c88b9f75fbed071a79fe,清代姑苏版画（候选，待确认）,gusu_qing_candidate,清代姑苏版画（候选）,1,250,512,126480,22185,6568442.95262146,0.3603259984573235,candidate_exploratory_not_formal_manifest
IMG-0075,60b7fb1781563d49e76b846ad3cfbc604812d7a3dd063af749d615bb0dbe3aae,清代姑苏版画（候选，待确认）,gusu_qing_candidate,清代姑苏版画（候选）,1,335,512,169830,36241,9040471.930389404,0.03796998591190074,candidate_exploratory_not_formal_manifest
IMG-0078,61c118e6383fdc4e4e315086ffa9f9c56e697a9c56273720417a8b8ac90c114d,清代姑苏版画（候选，待确认）,gusu_qing_candidate,清代姑苏版画（候选）,1,512,352,178500,53944,12586369.967636108,0.055293965591982165,candidate_exploratory_not_formal_manifest
IMG-0121,620c177fd54b1e459c59c606587234f874300e7d4259f9c0390fead1f6623d96,清代姑苏版画（候选，待确认）,gusu_qing_candidate,清代姑苏版画（候选）,1,384,512,194820,60216,16593884.885314941,0.0747227346722939,candidate_exploratory_not_formal_manifest
IMG-0409,625d44cbce8d093190ef6e3e7138f265a94575e6fe1f40de2c21aba6e7e55d02,清代姑苏版画（候选，待确认）,gusu_qing_candidate,清代姑苏版画（候选）,1,278,512,140760,18302,3438585.5711364746,0.10280474223964672,candidate_exploratory_not_formal_manifest
IMG-0052,6333dfe5e62dcccac57f89df574f2f0e57b1e2e17de3dfde0107489f7b42f283,清代姑苏版画（候选，待确认）,gusu_qing_candidate,清代姑苏版画（候选）,1,512,456,231540,69283,21973814.610214233,0.042720980408477834,candidate_exploratory_not_formal_manifest
IMG-0115,63a27a6f7f5383687bd3529899d6d2a1f37a3f4358ef528ae1a8070a6cba14de,清代姑苏版画（候选，待确认）,gusu_qing_candidate,清代姑苏版画（候选）,1,264,512,133620,27704,5829728.123764038,0.2680965036984111,candidate_exploratory_not_formal_manifest
IMG-0184,63debe805dca727edf59ee59113f692dedd07bb99aabc654f27cb967a4eb7bcb,清代姑苏版画（候选，待确认）,gusu_qing_candidate,清代姑苏版画（候选）,1,288,512,145860,30507,8166063.230010986,0.13173299443843273,candidate_exploratory_not_formal_manifest
IMG-0120,6528f66151e8a326376c01b85081cf95b508e3ae576d429a57df7f17c69bdb80,清代姑苏版画（候选，待确认）,gusu_qing_candidate,清代姑苏版画（候选）,1,512,384,194820,42285,11039260.367233276,0.16203101316604174,candidate_exploratory_not_formal_manifest
IMG-0367,667f1af7e2da0b2e6246af57b923013882bb9622cbf28649d7b458456399ac8b,清代姑苏版画（候选，待确认）,gusu_qing_candidate,清代姑苏版画（候选）,1,325,512,164730,26467,7146206.496444702,0.025149038728048006,candidate_exploratory_not_formal_manifest
IMG-0167,6690635a5d1bb15c5fb071d7c0844d330ed69dae07e1a433cf076069f7443ee8,清代姑苏版画（候选，待确认）,gusu_qing_candidate,清代姑苏版画（候选）,1,512,358,181560,45261,9852294.165435791,0.07604605230576152,candidate_exploratory_not_formal_manifest
IMG-0326,66a0cf1387d39ac31143fa2f4069a6f7363b655f40477250218417b48111f962,清代姑苏版画（候选，待确认）,gusu_qing_candidate,清代姑苏版画（候选）,1,284,512,143820,38798,9492072.185516357,0.12874575422509074,candidate_exploratory_not_formal_manifest
IMG-0091,67141518413484e8d67b10cab808dd0bc9aeaa44aab5bcab861ec43b3b358f60,清代姑苏版画（候选，待确认）,gusu_qing_candidate,清代姑苏版画（候选）,1,303,512,153510,21574,6354291.75541687,0.17888487283647114,candidate_exploratory_not_formal_manifest
IMG-0000,67612b935a3296511a285a638769219733ad3906426a0a66145a050b851b73c6,清代姑苏版画（候选，待确认）,gusu_qing_candidate,清代姑苏版画（候选）,1,298,512,150960,22451,6516159.036376953,0.09148459615506317,candidate_exploratory_not_formal_manifest
IMG-0195,6795cb4cae7225bec01c3f5f7a1bd0365214f285a2c2993c8dbacaba7ede647d,清代姑苏版画（候选，待确认）,gusu_qing_candidate,清代姑苏版画（候选）,1,289,512,146370,27840,7100926.8257751465,0.20940469976389892,candidate_exploratory_not_formal_manifest
IMG-0328,684bce4922f05641caaded383f468e73090647cf48a5f1baace06c2843652022,清代姑苏版画（候选，待确认）,gusu_qing_candidate,清代姑苏版画（候选）,1,291,512,147390,33148,8057296.138793945,0.07212341761259898,candidate_exploratory_not_formal_manifest
IMG-0418,698679fbf48efec851abc3cff7db058086235f68da31f18e7a9e7feaf5d06923,清代姑苏版画（候选，待确认）,gusu_qing_candidate,清代姑苏版画（候选）,1,512,372,188700,17849,4163003.621017456,0.09475055525786835,candidate_exploratory_not_formal_manifest
IMG-0304,6a51b667e799cd1d9f17e7ead62a951e34b001c8d3e7b0ead0f5e50403bbfa73,清代姑苏版画（候选，待确认）,gusu_qing_candidate,清代姑苏版画（候选）,1,512,470,238680,17424,3981234.8052368164,0.4112247177372437,candidate_exploratory_not_formal_manifest
IMG-0218,6b8de04e61edc298a778dfe36b4c6cdefd11efea4c036a57d71240bfda83734b,清代姑苏版画（候选，待确认）,gusu_qing_candidate,清代姑苏版画（候选）,1,512,406,206040,12843,2765588.2352905273,0.04510059834670929,candidate_exploratory_not_formal_manifest
IMG-0283,6d110fbcabdbe9c0db08f51eec40939c38c5afe4b34e77b0620e9a97994207ba,清代姑苏版画（候选，待确认）,gusu_qing_candidate,清代姑苏版画（候选）,1,509,512,258570,19848,4925671.7655181885,0.12015648648410504,candidate_exploratory_not_formal_manifest
IMG-0452,6d5c71f3523e654a681f841b4142076d4a487f166a0d27f91ae99de162d376f3,清代姑苏版画（候选，待确认）,gusu_qing_candidate,清代姑苏版画（候选）,1,512,270,136680,7774,1409188.55418396,0.1452938310906018,candidate_exploratory_not_formal_manifest
IMG-0423,6fcd29ec66ae734ff31dc8da6a632e6b0f37383390298fd6d0ca35ad7dcd90a9,清代姑苏版画（候选，待确认）,gusu_qing_candidate,清代姑苏版画（候选）,1,314,512,159120,8825,1692935.3661651611,0.03721405762448982,candidate_exploratory_not_formal_manifest
IMG-0122,708b991eca93d73dfda540ede950d2578642c3b3b2562b06d945299e625d86cd,清代姑苏版画（候选，待确认）,gusu_qing_candidate,清代姑苏版画（候选）,1,384,512,194820,54594,14376585.751403809,0.10298965578059353,candidate_exploratory_not_formal_manifest
IMG-0320,710f16a7b937e8b45c1eb3691aad55ee5894ecf157e3033dd122bbd04156b4ee,清代姑苏版画（候选，待确认）,gusu_qing_candidate,清代姑苏版画（候选）,1,384,512,194820,37846,9641042.534820557,0.11589267819644675,candidate_exploratory_not_formal_manifest
IMG-0362,719c3d4571e0ebc656fbc13245ecf3ac2d68a72306a2522ede9ccea648e850ac,清代姑苏版画（候选，待确认）,gusu_qing_candidate,清代姑苏版画（候选）,1,384,512,194820,10757,2615936.0545654297,0.03569593818083714,candidate_exploratory_not_formal_manifest
IMG-0083,72a7eb4e53071dbfba789ba985bbde3ac327f29b1094b7133938c575421fd2c1,清代姑苏版画（候选，待确认）,gusu_qing_candidate,清代姑苏版画（候选）,1,512,384,194820,18882,4982321.4624938965,0.030733048515096187,candidate_exploratory_not_formal_manifest
IMG-0203,72e06be8037894ab7bb1872160b978054f8340e1cfec747c7db65bceb8ebb361,清代姑苏版画（候选，待确认）,gusu_qing_candidate,清代姑苏版画（候选）,1,384,512,194820,22339,6049808.299118042,0.042434564040945214,candidate_exploratory_not_formal_manifest
IMG-0088,72f9cc348361c7845e66fc9f2b84defc8253204ffa3958545c86f53db34998bc,清代姑苏版画（候选，待确认）,gusu_qing_candidate,清代姑苏版画（候选）,1,512,410,208080,20674,5249695.633834839,0.14099046238715562,candidate_exploratory_not_formal_manifest
IMG-0437,735d367d4f4e14f0bdcbc3c3bd7943d14b09bc0ed9e5877294ca8d8604fc37be,清代姑苏版画（候选，待确认）,gusu_qing_candidate,清代姑苏版画（候选）,1,330,512,167280,18931,4877579.3291015625,0.18317899805800694,candidate_exploratory_not_formal_manifest
IMG-0160,74f8e399c4a7af4cffb0e57b8778f0e75d6761ad48c969227de6baa85f8d81a6,清代姑苏版画（候选，待确认）,gusu_qing_candidate,清代姑苏版画（候选）,1,512,350,177480,50534,11143139.301071167,0.017633082943501275,candidate_exploratory_not_formal_manifest
IMG-0390,75125641e2aab246727a23273b10c597eafe952e761ba486371960dbe1d37b72,清代姑苏版画（候选，待确认）,gusu_qing_candidate,清代姑苏版画（候选）,1,278,512,140760,15379,3448039.066467285,0.03029128779542668,candidate_exploratory_not_formal_manifest
IMG-0084,758192fb9308529281f9668866359a9204dce06a8ff18d9fdf6a997b05d9646c,清代姑苏版画（候选，待确认）,gusu_qing_candidate,清代姑苏版画（候选）,1,230,512,116280,8280,2017059.5197906494,0.02804918952722425,candidate_exploratory_not_formal_manifest
IMG-0014,758489cefa7507b545b40065382cc0f9547a2f801e7c18c2a9b1197d39b7cf66,清代姑苏版画（候选，待确认）,gusu_qing_candidate,清代姑苏版画（候选）,1,512,399,202470,30797,8780080.989730835,0.062268941215923974,candidate_exploratory_not_formal_manifest
IMG-0379,75861c4062e1ad9bba1d2716effa5930c5a8d3ed64ef52b26206d8b1451ee4a4,清代姑苏版画（候选，待确认）,gusu_qing_candidate,清代姑苏版画（候选）,1,512,474,240720,53787,14765551.611663818,0.03890096073675072,candidate_exploratory_not_formal_manifest
IMG-0215,7650e9efda7e2c3be030591fffc0c675314de6c868599daa919e38e47f25232a,清代姑苏版画（候选，待确认）,gusu_qing_candidate,清代姑苏版画（候选）,1,512,391,198390,18541,4287806.363922119,0.04532226824327533,candidate_exploratory_not_formal_manifest
IMG-0388,7674cb0b18ffeb412a12d95d6df9792f8893e36fa015fa44308b0be0fb926c89,清代姑苏版画（候选，待确认）,gusu_qing_candidate,清代姑苏版画（候选）,1,328,512,166260,7362,1344658.636856079,0.11844369443490663,candidate_exploratory_not_formal_manifest
IMG-0002,76e46c95b82f6ccd1faaf618d3cd839021ba38878ed672757f38d72da334b3e0,清代姑苏版画（候选，待确认）,gusu_qing_candidate,清代姑苏版画（候选）,1,512,417,211650,34005,9999969.970306396,0.03174500755349076,candidate_exploratory_not_formal_manifest
IMG-0236,77b1d29efc2108eb22ca0a696ea9ae7fd6d98126af989df52f4fc493eb639282,清代姑苏版画（候选，待确认）,gusu_qing_candidate,清代姑苏版画（候选）,1,512,384,194820,31619,7712846.164901733,0.3049130657057005,candidate_exploratory_not_formal_manifest
IMG-0171,78168237855848292f36ed3aebb6b603ea7b5924b229573a34fb187260439854,清代姑苏版画（候选，待确认）,gusu_qing_candidate,清代姑苏版画（候选）,1,234,512,118320,14781,3279648.6392822266,0.05919362241960288,candidate_exploratory_not_formal_manifest
IMG-0412,78bef02f36a4fcffebdefb54a57d02be71678b6186609e324970b59604b0cc9f,清代姑苏版画（候选，待确认）,gusu_qing_candidate,清代姑苏版画（候选）,1,512,411,208590,15857,3475910.3981933594,0.05763307704913607,candidate_exploratory_not_formal_manifest
IMG-0233,7a9ba1baf16e75f6027683bff9ed7b6e587ac34d01c2187f24940b523796a049,清代姑苏版画（候选，待确认）,gusu_qing_candidate,清代姑苏版画（候选）,1,445,512,225930,44892,13332374.405822754,0.0676113400303935,candidate_exploratory_not_formal_manifest
IMG-0185,7b2ad3d75f6df86340cf23619c43ce2f0a1ded9d00629ab497f0490f1cfcad26,清代姑苏版画（候选，待确认）,gusu_qing_candidate,清代姑苏版画（候选）,1,288,512,145860,23122,5902267.982620239,0.14855135426391347,candidate_exploratory_not_formal_manifest
IMG-0296,7b31d0546f6d3a2dfb92b48275ffae004e39cd689acc80178bcccd06944f80b3,清代姑苏版画（候选，待确认）,gusu_qing_candidate,清代姑苏版画（候选）,1,512,289,146370,11166,2603436.048522949,0.12712582814418733,candidate_exploratory_not_formal_manifest
IMG-0425,7c224349ccd605806390df297de464e28d7da797de8072ef4138526bd06adb4c,清代姑苏版画（候选，待确认）,gusu_qing_candidate,清代姑苏版画（候选）,1,289,512,146370,50183,12368168.245819092,0.18643738200211096,candidate_exploratory_not_formal_manifest
IMG-0217,7c49c94615c67651633b5c52774f4bba1397aaccdeb8fd6ce2f000d1a582ac05,清代姑苏版画（候选，待确认）,gusu_qing_candidate,清代姑苏版画（候选）,1,512,384,194820,13144,3012282.775680542,0.05393588415033885,candidate_exploratory_not_formal_manifest
IMG-0402,7cb65e96ee3518e793032ee9db263ec3bb7b096f2169cf9d029dca9425ff77ba,清代姑苏版画（候选，待确认）,gusu_qing_candidate,清代姑苏版画（候选）,1,287,512,145350,18335,3977238.1385803223,0.061654385154966275,candidate_exploratory_not_formal_manifest
IMG-0126,7cf1fbdaf015fc885f7385be5b6cb6adc142f1e8fc7c0f3d7f619753ae578524,清代姑苏版画（候选，待确认）,gusu_qing_candidate,清代姑苏版画（候选）,1,353,512,179010,19655,4792227.8556518555,0.09184609098911241,candidate_exploratory_not_formal_manifest
IMG-0144,7f18d8220429f9c8bce91c4eb00f40f0fcdc2fd7cbba1bdb738e26293b98b768,清代姑苏版画（候选，待确认）,gusu_qing_candidate,清代姑苏版画（候选）,1,325,512,164730,21625,5027903.088928223,0.3164926564144536,candidate_exploratory_not_formal_manifest
IMG-0186,7f8f9c436a1d782259e161db4868f94fd3a78cd639516bff3cbddda1021fce57,清代姑苏版画（候选，待确认）,gusu_qing_candidate,清代姑苏版画（候选）,1,298,512,150960,31105,7838352.182556152,0.1356814544349551,candidate_exploratory_not_formal_manifest
IMG-0024,7f93e20c0854a2fb3fdabc512f6ea6745c0fe83be15e67f8b9559572593268b6,清代姑苏版画（候选，待确认）,gusu_qing_candidate,清代姑苏版画（候选）,1,512,407,206550,22423,6431447.356552124,0.1732521880430651,candidate_exploratory_not_formal_manifest
IMG-0050,7fba1bdcd18a4d2ebe2b06dd0562be304b52c7f2164853b925d2754cd5443bb4,清代姑苏版画（候选，待确认）,gusu_qing_candidate,清代姑苏版画（候选）,1,497,512,252450,26490,8908571.167892456,0.21706497750988793,candidate_exploratory_not_formal_manifest
IMG-0196,7fd00f10bedc1f63921afed129594dd98591764e71354bf300697cd0316fc143,清代姑苏版画（候选，待确认）,gusu_qing_candidate,清代姑苏版画（候选）,1,287,512,145350,34885,8375186.053955078,0.03101112992838564,candidate_exploratory_not_formal_manifest
IMG-0293,7fd9f4c933e5ae63380e37850bb44f7dba1deec25fcb61adbbc2e61aaf55e345,清代姑苏版画（候选，待确认）,gusu_qing_candidate,清代姑苏版画（候选）,1,512,272,137700,14198,3052470.9740753174,0.16076668904500652,candidate_exploratory_not_formal_manifest
IMG-0335,802894065c07dc295e1bf54471f66a84a8330386aa2bc3b4dc9be621199846e5,清代姑苏版画（候选，待确认）,gusu_qing_candidate,清代姑苏版画（候选）,1,291,512,147390,20932,5242303.969299316,0.07435983258431886,candidate_exploratory_not_formal_manifest
IMG-0263,81032da06751552b3ed29f686b8e0670c6949afea10853279907e99302f5e6ff,清代姑苏版画（候选，待确认）,gusu_qing_candidate,清代姑苏版画（候选）,1,512,506,257040,74492,21778947.87010193,0.138048603221728,candidate_exploratory_not_formal_manifest
IMG-0456,811dc20830809970582075ee4424abaae7d6c24227def31027809d72ddb2d932,清代姑苏版画（候选，待确认）,gusu_qing_candidate,清代姑苏版画（候选）,1,512,281,142290,9185,1706013.5805664062,0.21488033046354224,candidate_exploratory_not_formal_manifest
IMG-0134,81e65cc4a930808b292839d1a93f92d72718b7ad656f1af327fe3e1f7384e2fd,清代姑苏版画（候选，待确认）,gusu_qing_candidate,清代姑苏版画（候选）,1,353,512,179010,26325,6736041.231796265,0.3209710612781391,candidate_exploratory_not_formal_manifest
IMG-0021,828b1b8ae2e066d86ea40388262a1049c97cc0ade80ff45484ce09661cc1862c,清代姑苏版画（候选，待确认）,gusu_qing_candidate,清代姑苏版画（候选）,1,512,404,205020,32624,9530282.192138672,0.07711034067304917,candidate_exploratory_not_formal_manifest
IMG-0291,836bc30773f5753afcb4cf55eea567fc89caccf50e88d694105b295d4d174cb4,清代姑苏版画（候选，待确认）,gusu_qing_candidate,清代姑苏版画（候选）,1,512,386,195840,40661,11101771.7809906,0.05404172979650001,candidate_exploratory_not_formal_manifest
IMG-0173,83acf21302b00fca106e7399b9fab86aff0c9fb31c773e05ccb95f622135247d,清代姑苏版画（候选，待确认）,gusu_qing_candidate,清代姑苏版画（候选）,1,314,512,159120,20268,5610131.652984619,0.049249383435067885,candidate_exploratory_not_formal_manifest
IMG-0227,84f380ed12a8f194c26e9da6da580d52355e8f25936258201b2c5592a19bfd41,清代姑苏版画（候选，待确认）,gusu_qing_candidate,清代姑苏版画（候选）,1,255,512,129030,6833,1290013.8634643555,0.34082368760706117,candidate_exploratory_not_formal_manifest
IMG-0093,851136c1d37609280528903c7c2a9eefea2946624a21339c314bb0c1f54c269b,清代姑苏版画（候选，待确认）,gusu_qing_candidate,清代姑苏版画（候选）,1,271,512,137190,12320,2428180.6963653564,0.02681360639376993,candidate_exploratory_not_formal_manifest
IMG-0033,8533ab10d9aaf505c3acbbccba55537a93464ba33802fe4c98f32dc10e9fc182,清代姑苏版画（候选，待确认）,gusu_qing_candidate,清代姑苏版画（候选）,1,512,396,200940,22800,5941545.817596436,0.12465784598983706,candidate_exploratory_not_formal_manifest
IMG-0068,8661546dbd09704ec9699d1852d85dd92d2058003e2bc8bbc3c4d6ffdfa942aa,清代姑苏版画（候选，待确认）,gusu_qing_candidate,清代姑苏版画（候选）,1,512,485,246330,66484,20008327.21772766,0.1611427875422999,candidate_exploratory_not_formal_manifest
IMG-0125,86f0a37fb981ee60a6bbabc9afab776c7cddb4b067483d69246091abc86b495b,清代姑苏版画（候选，待确认）,gusu_qing_candidate,清代姑苏版画（候选）,1,311,512,157590,28772,6515032.266647339,0.17330089421981734,candidate_exploratory_not_formal_manifest
IMG-0396,87a09fbc101be24292eb5d91fe774415bfc82b9674a884d3ff56745c42e7e79b,清代姑苏版画（候选，待确认）,gusu_qing_candidate,清代姑苏版画（候选）,1,365,512,185130,12269,2211644.916610718,0.027784815198229135,candidate_exploratory_not_formal_manifest
IMG-0172,87b64ee5e47862570b50960519c3e93a3405d6ca7201ca1bcf033bf352c40bbb,清代姑苏版画（候选，待确认）,gusu_qing_candidate,清代姑苏版画（候选）,1,308,512,156060,32421,8274923.840057373,0.051746025747240916,candidate_exploratory_not_formal_manifest
IMG-0441,896c8dbba822f3fdf488203e12c582336b0782625acfabd28608c8ffc66d2d27,清代姑苏版画（候选，待确认）,gusu_qing_candidate,清代姑苏版画（候选）,1,291,512,147390,18821,4343152.682113647,0.10353442458741188,candidate_exploratory_not_formal_manifest
IMG-0030,897ac8883ba2511bc9df641da21df8778d2158d37744c2b9cdc998fbafce9099,清代姑苏版画（候选，待确认）,gusu_qing_candidate,清代姑苏版画（候选）,1,512,447,226950,28684,9555862.579116821,0.27144104761378324,candidate_exploratory_not_formal_manifest
IMG-0265,89d5d6d4285644ec3e69fdede904b5943516852588b1116385e46e23422b6ff2,清代姑苏版画（候选，待确认）,gusu_qing_candidate,清代姑苏版画（候选）,1,512,496,251940,67719,20765707.75578308,0.07417990142335976,candidate_exploratory_not_formal_manifest
IMG-0411,8a43b4c17b2b6cc6835a68dd41369eb7c4a4584f709a66a61ce314c98ee44cc7,清代姑苏版画（候选，待确认）,gusu_qing_candidate,清代姑苏版画（候选）,1,510,512,259080,70115,19706473.62371826,0.06214965710060374,candidate_exploratory_not_formal_manifest
IMG-0148,8a70d4773fc30f9cd92fa919863d4f9f580c47f348a2b9fd0378940446b9ecbf,清代姑苏版画（候选，待确认）,gusu_qing_candidate,清代姑苏版画（候选）,1,512,374,189720,70513,18473342.399780273,0.07756074600370384,candidate_exploratory_not_formal_manifest
IMG-0079,8a910d03e3dc007f76b5d5e39d694c90155631ae9a2be424c3f55b7928b251bf,清代姑苏版画（候选，待确认）,gusu_qing_candidate,清代姑苏版画（候选）,1,470,512,238680,28571,9357168.911315918,0.024607708518913887,candidate_exploratory_not_formal_manifest
IMG-0337,8ae7ffaabb1e822d81e588b9c3b57f0171df036171280a9ceb823983600636d5,清代姑苏版画（候选，待确认）,gusu_qing_candidate,清代姑苏版画（候选）,1,304,512,154020,60897,15786647.291030884,0.061866018411905005,candidate_exploratory_not_formal_manifest
IMG-0044,8b89018de0cb38daab0ffa3339515c1ec0bb9eff0b50971c605383c9654be4d6,清代姑苏版画（候选，待确认）,gusu_qing_candidate,清代姑苏版画（候选）,1,501,512,254490,50919,16215407.058563232,0.05974162846668374,candidate_exploratory_not_formal_manifest
IMG-0250,8bc8de633c483e804ba5a17574bd7911c64a3927b2b36586a5648c2feaadb0b6,清代姑苏版画（候选，待确认）,gusu_qing_candidate,清代姑苏版画（候选）,1,362,512,183600,24063,6382055.192352295,0.18412056869722196,candidate_exploratory_not_formal_manifest
IMG-0284,8ce7e7a854d03ab619f5fb7593beb6f3d767a671bc4884a5aeccf9cebae2c528,清代姑苏版画（候选，待确认）,gusu_qing_candidate,清代姑苏版画（候选）,1,394,512,199920,19825,4836338.057815552,0.049582763522138064,candidate_exploratory_not_formal_manifest
IMG-0019,8e18dbfaea4654e188dfe1d0c76032b06b925e145d5f10f0f64242eda76e0334,清代姑苏版画（候选，待确认）,gusu_qing_candidate,清代姑苏版画（候选）,1,512,386,195840,31849,8903957.067977905,0.018966299523926457,candidate_exploratory_not_formal_manifest
IMG-0422,8e7e4645c199b4a3f24233713f61f2e9197a395c66c1d5d225869b9348cdee33,清代姑苏版画（候选，待确认）,gusu_qing_candidate,清代姑苏版画（候选）,1,265,512,134130,17471,3427095.927215576,0.09618395732087787,candidate_exploratory_not_formal_manifest
IMG-0449,8f6205393e85578180baa6b9e53d00e65a933231b4015e26016aa2aad76e8ae8,清代姑苏版画（候选，待确认）,gusu_qing_candidate,清代姑苏版画（候选）,1,366,512,185640,6407,1092127.5090179443,0.05255963380724004,candidate_exploratory_not_formal_manifest
IMG-0348,8fb8595b171829a5edf9003edb5542a2ea3d2cf1a9ba0db0fd2a0449adb6de33,清代姑苏版画（候选，待确认）,gusu_qing_candidate,清代姑苏版画（候选）,1,512,332,168300,44272,10557002.919326782,0.1682570258633372,candidate_exploratory_not_formal_manifest
IMG-0092,90d57f37847ebd251dd175e03631c2b6ff62ab417ab2b6c090e3c4c9431a6d21,清代姑苏版画（候选，待确认）,gusu_qing_candidate,清代姑苏版画（候选）,1,226,512,114240,17421,4465514.923706055,0.1918856744120512,candidate_exploratory_not_formal_manifest
IMG-0053,910364504cb3d11d1c221ce3f654b655302b33d7ae7bf7c422bd5ce4713f337e,清代姑苏版画（候选，待确认）,gusu_qing_candidate,清代姑苏版画（候选）,1,488,512,247860,24464,7820939.218887329,0.03201788218544104,candidate_exploratory_not_formal_manifest
IMG-0162,9120d08ffc126cc5be902ede4edc63d2220b66715d33ae0471a6850388725fca,清代姑苏版画（候选，待确认）,gusu_qing_candidate,清代姑苏版画（候选）,1,512,360,182580,57743,13291489.607177734,0.14105921589939222,candidate_exploratory_not_formal_manifest
IMG-0174,9170c8c9e46c6ffbd66539521afc359e894268be5cf6c5ceb3d8cbfffc863d5c,清代姑苏版画（候选，待确认）,gusu_qing_candidate,清代姑苏版画（候选）,1,279,512,141270,13303,3554262.1544952393,0.09509143629055498,candidate_exploratory_not_formal_manifest
IMG-0268,92cbf16b3bc947eb4380310aff578241e8d4b3f544a78c991364ca611c46de2b,清代姑苏版画（候选，待确认）,gusu_qing_candidate,清代姑苏版画（候选）,1,494,512,250920,22783,6867334.282455444,0.3215518752113568,candidate_exploratory_not_formal_manifest
IMG-0403,9397b05a6033717d575f3a71e101e80ceedd39d311f3f9055189a9b3066f5af9,清代姑苏版画（候选，待确认）,gusu_qing_candidate,清代姑苏版画（候选）,1,287,512,145350,10918,2488661.443008423,0.08141982703150435,candidate_exploratory_not_formal_manifest
IMG-0029,9466c150cc6a92aecb0ab1b48a6e3eb7d868d419b3f45a53ac5b260d03278407,清代姑苏版画（候选，待确认）,gusu_qing_candidate,清代姑苏版画（候选）,1,512,435,220830,40444,11902691.281814575,0.05007702558002958,candidate_exploratory_not_formal_manifest
IMG-0105,94d53841315850a42f0ede4b2f5b06ba329f0b3b71537a01970af3f2fa69df05,清代姑苏版画（候选，待确认）,gusu_qing_candidate,清代姑苏版画（候选）,1,512,372,188700,61844,14393940.127502441,0.12918064722756203,candidate_exploratory_not_formal_manifest
IMG-0034,952a2c682f0548d68bb3e59e4fb4fc2670998355351a6b14f3edda959cf61af2,清代姑苏版画（候选，待确认）,gusu_qing_candidate,清代姑苏版画（候选）,1,481,512,244290,94169,29120198.22151184,0.3404642916854494,candidate_exploratory_not_formal_manifest
IMG-0025,95688611c09dbfb115ede8bd872aa3533e2db0d3984d4a55ad35f9044fa49fe9,清代姑苏版画（候选，待确认）,gusu_qing_candidate,清代姑苏版画（候选）,1,512,510,259080,102778,30977218.66256714,0.12901750760556102,candidate_exploratory_not_formal_manifest
IMG-0353,96aaa267ae3886f84bb1c84ce1b38f0f145f4fdde2ba42cae6c70e5d6e9e44b8,清代姑苏版画（候选，待确认）,gusu_qing_candidate,清代姑苏版画（候选）,1,293,512,148410,14950,3386146.1492004395,0.1603578387411549,candidate_exploratory_not_formal_manifest
IMG-0329,976aa3b2dd4bbca1eba2c483a27e053ae02e94dc9b77b900de0ad4c75ccf0eea,清代姑苏版画（候选，待确认）,gusu_qing_candidate,清代姑苏版画（候选）,1,281,512,142290,26748,6952334.299362183,0.21523285926229474,candidate_exploratory_not_formal_manifest
IMG-0413,97cd21d783953673699cb2b945d8039fe349a53bb8807a7ebc65ca8f755d49af,清代姑苏版画（候选，待确认）,gusu_qing_candidate,清代姑苏版画（候选）,1,512,407,206550,16656,4126798.3811798096,0.09331259646318012,candidate_exploratory_not_formal_manifest
IMG-0168,98641ecec94a38bc4279af8f363a952d7c6cf04bd67cbff37279f213a1725415,清代姑苏版画（候选，待确认）,gusu_qing_candidate,清代姑苏版画（候选）,1,512,292,147900,15824,4497141.258117676,0.21940033838938558,candidate_exploratory_not_formal_manifest
IMG-0336,98765fe88870f27885e8041aa06c7d91106512dc134241b1d6100ffe4c379032,清代姑苏版画（候选，待确认）,gusu_qing_candidate,清代姑苏版画（候选）,1,275,512,139230,44407,20556963.385498047,0.14095958115202664,candidate_exploratory_not_formal_manifest
IMG-0201,98e3e9a442823f1b7ab494f4c96c3bdca7b65d63ad1944a02d5e3301541fbd87,清代姑苏版画（候选，待确认）,gusu_qing_candidate,清代姑苏版画（候选）,1,512,271,137190,13298,3733119.6751556396,0.03406575630331958,candidate_exploratory_not_formal_manifest
IMG-0064,997bcd20ce946829aafb3392e265414716d2499bb79d661e9b50698cc3d4234a,清代姑苏版画（候选，待确认）,gusu_qing_candidate,清代姑苏版画（候选）,1,512,498,252960,54761,15720757.488189697,0.12334668454952885,candidate_exploratory_not_formal_manifest
IMG-0023,99fed0b3bf4b0f8a052355dfcdc9cd30d066dd46634c521e980835469abc2e3e,清代姑苏版画（候选，待确认）,gusu_qing_candidate,清代姑苏版画（候选）,1,512,417,211650,26781,7700062.650238037,0.1650741235374112,candidate_exploratory_not_formal_manifest
IMG-0458,9a994d0537b8df9a2204c278a2c98825f82d50d1adf2b2662f1931c69110caf0,清代姑苏版画（候选，待确认）,gusu_qing_candidate,清代姑苏版画（候选）,1,316,512,160140,28534,6805715.918228149,0.22263624978928487,candidate_exploratory_not_formal_manifest
IMG-0249,9b6c35f7c6743acdd671104be7dba00fc5435ed63c2a8aabbd7fe5f101b9e2ab,清代姑苏版画（候选，待确认）,gusu_qing_candidate,清代姑苏版画（候选）,1,362,512,183600,33442,8732513.201171875,0.09544262186702844,candidate_exploratory_not_formal_manifest
IMG-0421,9b7502e5416ab56a0ead3501ad559f8272af60958d296507f6dc793075b6e2e9,清代姑苏版画（候选，待确认）,gusu_qing_candidate,清代姑苏版画（候选）,1,339,512,171870,21086,5332238.582351685,0.14038270723300195,candidate_exploratory_not_formal_manifest
IMG-0364,9bde9492bad2fb3d9cc2e38b4df23d1217ef990bc628f94314eb430531cdbc05,清代姑苏版画（候选，待确认）,gusu_qing_candidate,清代姑苏版画（候选）,1,339,512,171870,47574,10666427.480041504,0.08033891545112018,candidate_exploratory_not_formal_manifest
IMG-0055,9c03188b236bb48a2a11e40a5c46c49d23c2a283168bb8d2b0865250d33c6039,清代姑苏版画（候选，待确认）,gusu_qing_candidate,清代姑苏版画（候选）,1,512,450,228480,57799,17643743.289398193,0.1408211131028968,candidate_exploratory_not_formal_manifest
IMG-0277,9ccded69487eaa18b1a9771db712ae968558468bfaf09f1a3ff522fd30e1d59d,清代姑苏版画（候选，待确认）,gusu_qing_candidate,清代姑苏版画（候选）,1,512,293,148410,38159,8255120.480667114,0.0996119932581089,candidate_exploratory_not_formal_manifest
IMG-0113,9d4911a4fbc30c9c5adad43f912703d676de1d428422750616e53ff2c0852331,清代姑苏版画（候选，待确认）,gusu_qing_candidate,清代姑苏版画（候选）,1,512,359,182070,39692,8947525.356704712,0.06047939121847769,candidate_exploratory_not_formal_manifest
IMG-0271,9d4c57268468459939eb76998267284c4a623f3bd339194d15d3b68ff522a963,清代姑苏版画（候选，待确认）,gusu_qing_candidate,清代姑苏版画（候选）,1,512,341,172890,80461,24822974.442459106,0.2747253953986714,candidate_exploratory_not_formal_manifest
IMG-0181,9eb0a0802ad759ea4a5fe2a8a60caf1b5139dfec4c1f4a9d2d91a869b069bb17,清代姑苏版画（候选，待确认）,gusu_qing_candidate,清代姑苏版画（候选）,1,308,512,156060,14188,4020675.4843292236,0.45430546005896266,candidate_exploratory_not_formal_manifest
IMG-0043,9ed15a25fa9701e4b352926f6fd82824b39795fe922dc9216518e08ad8295fdc,清代姑苏版画（候选，待确认）,gusu_qing_candidate,清代姑苏版画（候选）,1,512,482,244800,47878,14901759.083572388,0.057005624125230484,candidate_exploratory_not_formal_manifest
IMG-0430,9fa15d7b6f31dce355605a1151ea2b14b929a48aec73bb7f26110aa74ffbad46,清代姑苏版画（候选，待确认）,gusu_qing_candidate,清代姑苏版画（候选）,1,346,512,175440,41943,11041276.278381348,0.015780477619224218,candidate_exploratory_not_formal_manifest
IMG-0076,9fc320e627eba81c44b3445beb4e045b5881e2f611bb239d89f004ef3ba65234,清代姑苏版画（候选，待确认）,gusu_qing_candidate,清代姑苏版画（候选）,1,343,512,173910,36343,9244184.611938477,0.07951660115490142,candidate_exploratory_not_formal_manifest
IMG-0397,a130a35344e907b58732f0ad29c0a8d651f7aa6b16b1660a3afeab0e5815b91b,清代姑苏版画（候选，待确认）,gusu_qing_candidate,清代姑苏版画（候选）,1,235,512,118830,10029,1865774.0198822021,0.06099422447311574,candidate_exploratory_not_formal_manifest
IMG-0375,a1595dd438a3e0a2c6556ee51e577a4f3a1791122808d9ef5523574f407d8a18,清代姑苏版画（候选，待确认）,gusu_qing_candidate,清代姑苏版画（候选）,1,512,474,240720,45031,11925418.349197388,0.07229541373227279,candidate_exploratory_not_formal_manifest
IMG-0205,a1de357a3f2904ab2e75ef17a41e5450039de0bca2ecb698f9308d78cdf7e969,清代姑苏版画（候选，待确认）,gusu_qing_candidate,清代姑苏版画（候选）,1,445,512,225930,17607,5343669.231246948,0.06704440432790292,candidate_exploratory_not_formal_manifest
IMG-0204,a2208d0e168ff5c511afd809439ba61c62c561caecefcf0e3b19c4e554991240,清代姑苏版画（候选，待确认）,gusu_qing_candidate,清代姑苏版画（候选）,1,344,512,174420,16106,3373152.6203460693,0.09101562109357447,candidate_exploratory_not_formal_manifest
IMG-0156,a2ff1009bf46a8f612cf61330a6ddc1b960f204fd3b562e843f3aba56a955e39,清代姑苏版画（候选，待确认）,gusu_qing_candidate,清代姑苏版画（候选）,1,421,512,213690,28521,6944813.084075928,0.22658408238649663,candidate_exploratory_not_formal_manifest
IMG-0313,a35a905bfeede5702d30eabcde2190eadcd11388c841339a085d15d24ab18e0e,清代姑苏版画（候选，待确认）,gusu_qing_candidate,清代姑苏版画（候选）,1,512,385,195330,24333,6581316.2247924805,0.06828752520913545,candidate_exploratory_not_formal_manifest
IMG-0114,a5a6e3f5174e248f1afcdb43f52fb619da874be25dae9d0fb7674d471a17c5d3,清代姑苏版画（候选，待确认）,gusu_qing_candidate,清代姑苏版画（候选）,1,512,359,182070,55663,12880986.003128052,0.054168413700605544,candidate_exploratory_not_formal_manifest
IMG-0057,a66849e69cdbd4aaecb0fe0edc89d6457ffeae9c107848d6842ea43b16dd9544,清代姑苏版画（候选，待确认）,gusu_qing_candidate,清代姑苏版画（候选）,1,399,512,202470,36757,11146238.86592102,0.07150650332013017,candidate_exploratory_not_formal_manifest
IMG-0161,a81c9679e1cad0984325ddbafeffab1a6a5cec430c9bc86c17cf5546a069ebf0,清代姑苏版画（候选，待确认）,gusu_qing_candidate,清代姑苏版画（候选）,1,512,343,173910,61580,14196516.347473145,0.06910016986060415,candidate_exploratory_not_formal_manifest
IMG-0036,a9000aaafb7f90abc0c84c917e19258df6dbd254fff3bec2c6f05437f7e04df6,清代姑苏版画（候选，待确认）,gusu_qing_candidate,清代姑苏版画（候选）,1,512,442,224400,41701,14188158.752456665,0.050612990972721206,candidate_exploratory_not_formal_manifest
IMG-0385,abc3193e08dc0a6bdfcb3ba2001276e3d6365e6913c27ba481ff3485ddbed0e8,清代姑苏版画（候选，待确认）,gusu_qing_candidate,清代姑苏版画（候选）,1,512,473,240210,45344,12344806.146896362,0.04292986512531866,candidate_exploratory_not_formal_manifest
IMG-0112,abf0cd8922d1fc1580b4f4b8e37371e1495a95366840a4b32e149a5208385c4f,清代姑苏版画（候选，待确认）,gusu_qing_candidate,清代姑苏版画（候选）,1,232,512,117300,21970,4707976.598205566,0.0902584117150775,candidate_exploratory_not_formal_manifest
IMG-0355,ac239fb4d0b658282fae3cc914f92ad050104bac0dc668cbe609009ca8f03f37,清代姑苏版画（候选，待确认）,gusu_qing_candidate,清代姑苏版画（候选）,1,320,512,162180,23718,4940019.7284088135,0.11371548964365313,candidate_exploratory_not_formal_manifest
IMG-0094,ac44abab0947340caa39542bacddb01fefd066f2dc2e81336cc6237290310e8b,清代姑苏版画（候选，待确认）,gusu_qing_candidate,清代姑苏版画（候选）,1,228,512,115260,14335,3502664.6818847656,0.13209365053247477,candidate_exploratory_not_formal_manifest
IMG-0331,acea00bba99722b2c947e838d55aa3e0ea49e4e0761a371d4501a3c828e87359,清代姑苏版画（候选，待确认）,gusu_qing_candidate,清代姑苏版画（候选）,1,347,512,175950,30627,7647385.394775391,0.15084840642411393,candidate_exploratory_not_formal_manifest
IMG-0130,ae3608133f4d6338ae1ef598f151eafe8dcfd908cdd8d9be08001d182bad5324,清代姑苏版画（候选，待确认）,gusu_qing_candidate,清代姑苏版画（候选）,1,289,512,146370,35240,10568469.699188232,0.22899941864347145,candidate_exploratory_not_formal_manifest
IMG-0127,ae96c23ca3843d5b5e1ea00dfad1e4953423c69da6ceac0fac53e99510e363ca,清代姑苏版画（候选，待确认）,gusu_qing_candidate,清代姑苏版画（候选）,1,512,403,204510,25155,6336863.714797974,0.06533406309783343,candidate_exploratory_not_formal_manifest
IMG-0266,af26b77e593d94b9d8da12d3ad3bd027a64de94759778393aa2809ed749f7f57,清代姑苏版画（候选，待确认）,gusu_qing_candidate,清代姑苏版画（候选）,1,512,488,247860,38322,10545178.050888062,0.1935686379533537,candidate_exploratory_not_formal_manifest
IMG-0136,afd8fb147fe6a0c1b7dd71eb1adc01327a6a9f346f87c79ca88c2a82c262985f,清代姑苏版画（候选，待确认）,gusu_qing_candidate,清代姑苏版画（候选）,1,311,512,157590,23174,5269636.854141235,0.1861184013693051,candidate_exploratory_not_formal_manifest
IMG-0276,afe37b7e0496eb1fd64f4632e4d21db3f48eddf9bbf3a6b24cdc7bbc2a65fde8,清代姑苏版画（候选，待确认）,gusu_qing_candidate,清代姑苏版画（候选）,1,355,512,180030,41405,8891812.26626587,0.0975954531915553,candidate_exploratory_not_formal_manifest
IMG-0237,b0134dc849e560a2e9fd662aeb100e1d463d78a1e10ff91de097e11745551b67,清代姑苏版画（候选，待确认）,gusu_qing_candidate,清代姑苏版画（候选）,1,512,384,194820,29268,7872555.258178711,0.07566724848127758,candidate_exploratory_not_formal_manifest
IMG-0235,b0ab6eb28e88422b116827a61768b21aca156b3af4028d02e703547fa64ed2f2,清代姑苏版画（候选，待确认）,gusu_qing_candidate,清代姑苏版画（候选）,1,512,384,194820,26623,6741937.590255737,0.11362635070828872,candidate_exploratory_not_formal_manifest
IMG-0267,b0b70c42e8e1098f82107f7d7e6c903ec65200fe1179df04c25b5f027a9ca6e6,清代姑苏版画（候选，待确认）,gusu_qing_candidate,清代姑苏版画（候选）,1,489,512,248370,25465,7673332.793640137,0.024192238292638956,candidate_exploratory_not_formal_manifest
IMG-0243,b1a1fdad1bba32c4a0274dcd3b3f85856623ddd8dd1a844096db19bc36f5ac0c,清代姑苏版画（候选，待确认）,gusu_qing_candidate,清代姑苏版画（候选）,1,512,384,194820,10621,2655878.866836548,0.26310223437595076,candidate_exploratory_not_formal_manifest
IMG-0054,b1e81034b740364f44f2747033b5fc85438dbe179ed3727d31c19a80917722d5,清代姑苏版画（候选，待确认）,gusu_qing_candidate,清代姑苏版画（候选）,1,512,452,229500,29731,9363853.103652954,0.10177189639160927,candidate_exploratory_not_formal_manifest
IMG-0439,b2723a3e44f6b5a79d5f70703089fcd1fb1fca89fd525dc6afebb467f87c0b61,清代姑苏版画（候选，待确认）,gusu_qing_candidate,清代姑苏版画（候选）,1,305,512,154530,40696,11638314.549072266,0.1512441806647493,candidate_exploratory_not_formal_manifest
IMG-0213,b3cd33da926ca73751733bcddd59d7b76b908ea32a5189208bde3433fc17195b,清代姑苏版画（候选，待确认）,gusu_qing_candidate,清代姑苏版画（候选）,1,512,425,215730,9841,2050170.6560211182,0.19016282484674357,candidate_exploratory_not_formal_manifest
IMG-0147,b46a4d5940850a60d22d9810cc7b6aef2f24335d1f095bedf632ca306b6b9881,清代姑苏版画（候选，待确认）,gusu_qing_candidate,清代姑苏版画（候选）,1,512,451,228990,23610,5035566.741134644,0.055116533981383116,candidate_exploratory_not_formal_manifest
IMG-0232,b46ae53eec282ec8f1ae9e324a02c6a9050465cb834c4350f95aa462e6801b95,清代姑苏版画（候选，待确认）,gusu_qing_candidate,清代姑苏版画（候选）,1,353,512,179010,29720,9143215.06362915,0.23192132057858264,candidate_exploratory_not_formal_manifest
IMG-0109,b5baa958fe3f48ac1276f96b8d7623b8af9555f0552dd2ec0c5c756beef00c25,清代姑苏版画（候选，待确认）,gusu_qing_candidate,清代姑苏版画（候选）,1,267,512,135150,39351,9632636.058822632,0.16244003767566412,candidate_exploratory_not_formal_manifest
IMG-0318,b6bb4ae47d5a340e2fb68106c4efbea65b673fa11e0059336bffb6139d61e656,清代姑苏版画（候选，待确认）,gusu_qing_candidate,清代姑苏版画（候选）,1,277,512,140250,36533,8316923.071792603,0.07330481537333415,candidate_exploratory_not_formal_manifest
IMG-0338,b6fcc57251e2729bf7013dff6f17cc6125f16a16026719c153b2a7a596bb8281,清代姑苏版画（候选，待确认）,gusu_qing_candidate,清代姑苏版画（候选）,1,322,512,163200,23384,5801676.865188599,0.02532827377136092,candidate_exploratory_not_formal_manifest
IMG-0445,b7603d3d9d56036200b99d396c9e33da896dc8b0b6cb6fb0e6d605dd6add275d,清代姑苏版画（候选，待确认）,gusu_qing_candidate,清代姑苏版画（候选）,1,512,421,213690,35626,7828812.096237183,0.08100770101433552,candidate_exploratory_not_formal_manifest
IMG-0179,b7ac7523bb8cd5de28717a1189ac264116b5a599490c856e67cf093488e06bce,清代姑苏版画（候选，待确认）,gusu_qing_candidate,清代姑苏版画（候选）,1,324,512,164220,18954,5269671.17124939,0.2920711849685218,candidate_exploratory_not_formal_manifest
IMG-0165,b7edda828317680998232986be9543c0f061d8282d4be6da628d2ef31133fe24,清代姑苏版画（候选，待确认）,gusu_qing_candidate,清代姑苏版画（候选）,1,512,497,252450,62762,17627217.93736267,0.13159246256261395,candidate_exploratory_not_formal_manifest
IMG-0440,b88eed33eddc84b277533977a1bb29e9c44f8e33126dd077c779cc3bc251dbb2,清代姑苏版画（候选，待确认）,gusu_qing_candidate,清代姑苏版画（候选）,1,284,512,143820,50988,14113444.856460571,0.07699611189380035,candidate_exploratory_not_formal_manifest
IMG-0216,b95e56c7b74a5686d3f698a6fc60730ec4cdc56b0a053951355a01b89aa51641,清代姑苏版画（候选，待确认）,gusu_qing_candidate,清代姑苏版画（候选）,1,512,405,205530,23624,5557191.564147949,0.05744168442385208,candidate_exploratory_not_formal_manifest
IMG-0305,babfa56fc02427e7be3c46cdd905cacc1fb51677cc4c2d400c5841d424d4a992,清代姑苏版画（候选，待确认）,gusu_qing_candidate,清代姑苏版画（候选）,1,281,512,142290,28345,8639430.095535278,0.032776321758712645,candidate_exploratory_not_formal_manifest
IMG-0311,bb6a7347c586225760dd3daee07573d1981be07c48669c8044dc1b030851d322,清代姑苏版画（候选，待确认）,gusu_qing_candidate,清代姑苏版画（候选）,1,261,512,132090,28529,6328383.2162323,0.15253465980951697,candidate_exploratory_not_formal_manifest
IMG-0082,bbe2e3aad2af69896ef8b44584c1efbc33fb6c09744c234ed8b9e16c271152a0,清代姑苏版画（候选，待确认）,gusu_qing_candidate,清代姑苏版画（候选）,1,512,478,242760,63905,18412518.25315857,0.17801558691944536,candidate_exploratory_not_formal_manifest
IMG-0100,bc1662499d29cdde0bd7954437f7a9e315de884ccd89dab086b5bf81afcc44ad,清代姑苏版画（候选，待确认）,gusu_qing_candidate,清代姑苏版画（候选）,1,288,512,145860,29361,6885945.717605591,0.14154953414935537,candidate_exploratory_not_formal_manifest
IMG-0255,bc2a393f66506fb24da57b67c837dcd7c609c01a6dea0d4150608df9f338a8a3,清代姑苏版画（候选，待确认）,gusu_qing_candidate,清代姑苏版画（候选）,1,512,506,257040,100048,31260091.67463684,0.19863492023995052,candidate_exploratory_not_formal_manifest
IMG-0200,bd6757a3c2ac6ede5abb7d22116dc7cf06c60f12abef06b6427c87d505fed3f0,清代姑苏版画（候选，待确认）,gusu_qing_candidate,清代姑苏版画（候选）,1,290,512,146880,15185,4861492.048614502,0.2704600848235738,candidate_exploratory_not_formal_manifest
IMG-0208,be5d3e3366a76bdbdce8379e6c5e526318af87ad302797ec6c80777bb6423e9e,清代姑苏版画（候选，待确认）,gusu_qing_candidate,清代姑苏版画（候选）,1,512,488,247860,41191,10328094.451965332,0.00957105533451157,candidate_exploratory_not_formal_manifest
IMG-0169,be8c5826147db48c05231d58ecf2f7ca7c4db97db4d68e058fad0eb6a05f0429,清代姑苏版画（候选，待确认）,gusu_qing_candidate,清代姑苏版画（候选）,1,485,512,246330,95908,26307078.217407227,0.06077810263813185,candidate_exploratory_not_formal_manifest
IMG-0446,bea1f73dc1d441b1cffec14b188867a109e34caf084af76611d598f0ff445a70,清代姑苏版画（候选，待确认）,gusu_qing_candidate,清代姑苏版画（候选）,1,277,512,140250,28387,7095424.1234436035,0.17563132703844617,candidate_exploratory_not_formal_manifest
IMG-0252,bfebfaa78d5d176bf7d7635600bc33422e783e8735360a9bf054ee39a71b381e,清代姑苏版画（候选，待确认）,gusu_qing_candidate,清代姑苏版画（候选）,1,512,306,155040,50293,11394404.932678223,0.271667230118161,candidate_exploratory_not_formal_manifest
IMG-0301,c00807567c898b4903cfe931a41675ac33b621b35b258b279a6ec961a4ad1bf9,清代姑苏版画（候选，待确认）,gusu_qing_candidate,清代姑苏版画（候选）,1,512,272,137700,13607,2838910.5319213867,0.09194107227054023,candidate_exploratory_not_formal_manifest
IMG-0192,c128c4e6c80e1c9ad75f4b801ecb8bff662ea64c33543817bd3e1384ee37c8f8,清代姑苏版画（候选，待确认）,gusu_qing_candidate,清代姑苏版画（候选）,1,307,512,155550,33652,7605813.038467407,0.011255229557375597,candidate_exploratory_not_formal_manifest
IMG-0340,c13e06ee61c6c9a940f93efadf114f984a067cb27d0cdec418dee6756f5c57e2,清代姑苏版画（候选，待确认）,gusu_qing_candidate,清代姑苏版画（候选）,1,335,512,169830,35803,8567056.846099854,0.2215272178521813,candidate_exploratory_not_formal_manifest
IMG-0157,c1680816675e039fb3fb4cb83d3cd8b49f6abdccac4f1f6ccff30dde36b40c40,清代姑苏版画（候选，待确认）,gusu_qing_candidate,清代姑苏版画（候选）,1,512,345,174930,33412,8355157.854415894,0.04374824354970287,candidate_exploratory_not_formal_manifest
IMG-0264,c1a0da50f842bb5ec735fc01486569876368927b3d93786f7c668bdc952ce428,清代姑苏版画（候选，待确认）,gusu_qing_candidate,清代姑苏版画（候选）,1,512,498,252960,75433,21833057.512054443,0.16931174284932213,candidate_exploratory_not_formal_manifest
IMG-0410,c1f2a8034804406d5f1468e02126f9915a89ac504ac4cac738ba9635f477560f,清代姑苏版画（候选，待确认）,gusu_qing_candidate,清代姑苏版画（候选）,1,262,512,132600,2899,543617.9132995605,0.1668349594497183,candidate_exploratory_not_formal_manifest
IMG-0065,c2478c397bc085fe6017e4ad35ad780a3fa0580150f3d47974936793e4abad4e,清代姑苏版画（候选，待确认）,gusu_qing_candidate,清代姑苏版画（候选）,1,408,512,207060,29802,9690218.753738403,0.07860561548182265,candidate_exploratory_not_formal_manifest
IMG-0166,c2c0caa52a18407f74b6179ef47ca0dc872af4d25f95f39bbdc344c70e8fdbe0,清代姑苏版画（候选，待确认）,gusu_qing_candidate,清代姑苏版画（候选）,1,512,453,230010,28809,8641550.97454834,0.06109591095087223,candidate_exploratory_not_formal_manifest
IMG-0358,c2c4594237efa38a609562cf94850b6a4b1eb63a896f4d24863335c4ca2ce519,清代姑苏版画（候选，待确认）,gusu_qing_candidate,清代姑苏版画（候选）,1,252,512,127500,19673,4216222.429534912,0.060002779586389485,candidate_exploratory_not_formal_manifest
IMG-0391,c2fdd4957e039235ca18a1d62800bd617fdc01804cea3d32127c37d9622001a0,清代姑苏版画（候选，待确认）,gusu_qing_candidate,清代姑苏版画（候选）,1,512,336,170340,56746,13578680.030395508,0.013682871003485128,candidate_exploratory_not_formal_manifest
IMG-0287,c32bc9705c828440ffadec50cf0ae1eca9f69b76a058b2257833fd3ced7ca2fc,清代姑苏版画（候选，待确认）,gusu_qing_candidate,清代姑苏版画（候选）,1,512,367,186150,37015,9018406.412445068,0.23197514913399575,candidate_exploratory_not_formal_manifest
IMG-0377,c3fe6083be46e9ba8361e0b137827abbac2961361aa37c1824d14e882155d5e5,清代姑苏版画（候选，待确认）,gusu_qing_candidate,清代姑苏版画（候选）,1,512,472,239700,31661,7038711.222076416,0.05802750032984264,candidate_exploratory_not_formal_manifest
IMG-0240,c505b3b174bfaa25538ba7e7d2cc1bda718a68f7064e77a594c32c66e4c5d4c1,清代姑苏版画（候选，待确认）,gusu_qing_candidate,清代姑苏版画（候选）,1,512,384,194820,23235,6083141.957504272,0.14663717525795458,candidate_exploratory_not_formal_manifest
IMG-0118,c58c7fca24d0e5f2f0b0577535112ec26510a871063d450a752d44de167f0a94,清代姑苏版画（候选，待确认）,gusu_qing_candidate,清代姑苏版画（候选）,1,384,512,194820,37677,10123266.642669678,0.0598972706232429,candidate_exploratory_not_formal_manifest
IMG-0372,c5eaa91d4c2eca8f0231369513b28454c0f3ff2e32badf2c561d18a27f711292,清代姑苏版画（候选，待确认）,gusu_qing_candidate,清代姑苏版画（候选）,1,275,512,139230,45786,14759263.510284424,0.14914740152203398,candidate_exploratory_not_formal_manifest
IMG-0343,c6a62613d89231b096d30959d51878cfe2eb70662494070d799023aeed41246f,清代姑苏版画（候选，待确认）,gusu_qing_candidate,清代姑苏版画（候选）,1,264,512,133620,7081,1947345.567199707,0.2995015110187167,candidate_exploratory_not_formal_manifest
IMG-0404,c81f4dc2d85b81de17c825ed794271be127de1f86bbc7d6e1706bf1400f9f75c,清代姑苏版画（候选，待确认）,gusu_qing_candidate,清代姑苏版画（候选）,1,512,355,180030,3797,631032.3935852051,0.2193883165556959,candidate_exploratory_not_formal_manifest
IMG-0259,c8ac606bfb0188a1738083d8dbd6ebbea8f92b5ebd304b75617780534cc491d4,清代姑苏版画（候选，待确认）,gusu_qing_candidate,清代姑苏版画（候选）,1,512,494,250920,55710,14993427.556900024,0.1060237483472336,candidate_exploratory_not_formal_manifest
IMG-0110,c92b61635f7abf8077f95fa312009cacd2e46dc05de3cf2ef85d304dd93116f9,清代姑苏版画（候选，待确认）,gusu_qing_candidate,清代姑苏版画（候选）,1,272,512,137700,34807,8831431.66682434,0.11926403288533668,candidate_exploratory_not_formal_manifest
IMG-0248,c947f9bf18b77499bce8f4d9433c7e08ef5bf186c6f76345f9b4564e1493f8bf,清代姑苏版画（候选，待确认）,gusu_qing_candidate,清代姑苏版画（候选）,1,512,362,183600,40579,10072674.900543213,0.004422203463064496,candidate_exploratory_not_formal_manifest
IMG-0389,c94cfdfc1228f6d27d4197698d1276dbea7ca6745ae93d0b6db47584c60347c3,清代姑苏版画（候选，待确认）,gusu_qing_candidate,清代姑苏版画（候选）,1,512,328,166260,44830,10324373.746948242,0.07046943748889896,candidate_exploratory_not_formal_manifest
IMG-0406,c9d8013919d82ecb0c219f8303c00f47f380cbd4ebd06df177ac547a1634d410,清代姑苏版画（候选，待确认）,gusu_qing_candidate,清代姑苏版画（候选）,1,512,319,161670,418,77863.26664733887,0.36611974431646666,candidate_exploratory_not_formal_manifest
IMG-0261,ca93b7372376ae11aaad65e20c526159b3daabfd64574e7a55f97dd2feb639b8,清代姑苏版画（候选，待确认）,gusu_qing_candidate,清代姑苏版画（候选）,1,499,512,253470,79828,23867890.922439575,0.2103335052089303,candidate_exploratory_not_formal_manifest
IMG-0226,caecfafd7cd99c0ad58aeb6b3654590e3bf2097e6bbe949df0204bd3b32b9fc5,清代姑苏版画（候选，待确认）,gusu_qing_candidate,清代姑苏版画（候选）,1,296,512,149940,15288,3700897.6130828857,0.11618016765664474,candidate_exploratory_not_formal_manifest
IMG-0234,cb6689893349b60ef7f76efec6d8d8e431e29629042876c2f4cab48d6112b135,清代姑苏版画（候选，待确认）,gusu_qing_candidate,清代姑苏版画（候选）,1,384,512,194820,15004,3429396.0878448486,0.2102154885056053,candidate_exploratory_not_formal_manifest
IMG-0325,cb7a8f03518463c3c75a0ffcb9e1237a9b4435afa3b6a63e76e4d484e4536462,清代姑苏版画（候选，待确认）,gusu_qing_candidate,清代姑苏版画（候选）,1,289,512,146370,46552,12836915.186203003,0.1497732842533616,candidate_exploratory_not_formal_manifest
IMG-0209,cc6b8661ec588cee9b11d5ce072bfd6783eaaf74048179c0513335b3ed9abaf6,清代姑苏版画（候选，待确认）,gusu_qing_candidate,清代姑苏版画（候选）,1,512,420,213180,16475,3597771.3371429443,0.04583851040827974,candidate_exploratory_not_formal_manifest
IMG-0371,cd654e1b3ff946a84c31776e41f91777d4f8a5c8be0450ce0b7af1037d5d2c29,清代姑苏版画（候选，待确认）,gusu_qing_candidate,清代姑苏版画（候选）,1,512,379,192270,68799,17059216.083129883,0.02136616020343047,candidate_exploratory_not_formal_manifest
IMG-0398,ce45e0a0423fec7b2dc3777c58702ee35b6704e337c2082a2bdcc87351ce48b2,清代姑苏版画（候选，待确认）,gusu_qing_candidate,清代姑苏版画（候选）,1,281,512,142290,10736,2212954.9170074463,0.14735336760872048,candidate_exploratory_not_formal_manifest
IMG-0426,ce69c0054ccc69c52473cd053bfbf8d661d18a244659b8f3cbd8b998614ba79a,清代姑苏版画（候选，待确认）,gusu_qing_candidate,清代姑苏版画（候选）,1,257,512,130050,16949,3885200.3827667236,0.08272636510128553,candidate_exploratory_not_formal_manifest
IMG-0436,d03c7c6baf0456ec54c0e9540220ad30ab60ae03fac687de7d62f602551ff9f3,清代姑苏版画（候选，待确认）,gusu_qing_candidate,清代姑苏版画（候选）,1,385,512,195330,24697,5743249.68737793,0.07899425924112359,candidate_exploratory_not_formal_manifest
IMG-0408,d08a5276f95b629a7b872f4c610c56f8b385881c5c0625701317253e70c322a3,清代姑苏版画（候选，待确认）,gusu_qing_candidate,清代姑苏版画（候选）,1,512,283,143310,13614,2583579.5212249756,0.1581772855339335,candidate_exploratory_not_formal_manifest
IMG-0016,d1104a165366337df7d216ef185200353a4a736e54512b7d39ba0d1fb6a714db,清代姑苏版画（候选，待确认）,gusu_qing_candidate,清代姑苏版画（候选）,1,512,401,203490,31402,9457582.792068481,0.11530380474299934,candidate_exploratory_not_formal_manifest
IMG-0350,d113f7f8a9efea05638abdc8f64ed20f1ff4f86cbe31ad6729f7981846a4b95f,清代姑苏版画（候选，待确认）,gusu_qing_candidate,清代姑苏版画（候选）,1,512,327,165750,45484,10800656.981994629,0.22908661777975783,candidate_exploratory_not_formal_manifest
IMG-0038,d166c6c1bf26e8eb729287a707879e4690486bd138114cb1b0c35626cdf51462,清代姑苏版画（候选，待确认）,gusu_qing_candidate,清代姑苏版画（候选）,1,512,510,259080,60938,20970199.115264893,0.13567198476749376,candidate_exploratory_not_formal_manifest
IMG-0395,d1701dfba9a1e792fde51932aec6d2860e6a18c5393642811797f47792db10ed,清代姑苏版画（候选，待确认）,gusu_qing_candidate,清代姑苏版画（候选）,1,270,512,136680,34253,7210085.124237061,0.07756896502342431,candidate_exploratory_not_formal_manifest
IMG-0151,d19c1dc7cc486df53758187cc20b28215d96c837f68d6eab5178c3642f0ccc2c,清代姑苏版画（候选，待确认）,gusu_qing_candidate,清代姑苏版画（候选）,1,512,367,186150,34562,9292007.237411499,0.08074999237960884,candidate_exploratory_not_formal_manifest
IMG-0229,d1d9a17adce0df009d510b19d6fdc8084a990576f6ec466475f7e27ffb9c70f9,清代姑苏版画（候选，待确认）,gusu_qing_candidate,清代姑苏版画（候选）,1,384,512,194820,42837,10551431.742599487,0.13430372091140888,candidate_exploratory_not_formal_manifest
IMG-0238,d1ff2b9eae4a2dce4e5b175cf297cdbeecabad32373f62de4061a7522714b149,清代姑苏版画（候选，待确认）,gusu_qing_candidate,清代姑苏版画（候选）,1,512,384,194820,25529,6860329.312194824,0.1772083714441898,candidate_exploratory_not_formal_manifest
IMG-0356,d246405ad4ffb1c269dcc86f206ef994d2aea3cadda1056bb6cb3bddfb5a0999,清代姑苏版画（候选，待确认）,gusu_qing_candidate,清代姑苏版画（候选）,1,287,512,145350,19101,3843567.598175049,0.15983999670826649,candidate_exploratory_not_formal_manifest
IMG-0047,d2527cf71e87fdd7b12cdce027b04ea076ec3895ad7e640f4af7edcb8685e05c,清代姑苏版画（候选，待确认）,gusu_qing_candidate,清代姑苏版画（候选）,1,512,457,232050,64990,20061379.749176025,0.04843253732933563,candidate_exploratory_not_formal_manifest
IMG-0310,d305287d0a70d347702338eebe5e65ad1c3299432b924d039d6d4a463f1b6c2c,清代姑苏版画（候选，待确认）,gusu_qing_candidate,清代姑苏版画（候选）,1,290,512,146880,57654,14768423.166564941,0.0895764419978329,candidate_exploratory_not_formal_manifest
IMG-0314,d47a2881e6b44a6cce807b2c8f4ac533a02826f671e20f6902ba23bd33e665f5,清代姑苏版画（候选，待确认）,gusu_qing_candidate,清代姑苏版画（候选）,1,512,236,119340,26587,6261362.481307983,0.06148621340365347,candidate_exploratory_not_formal_manifest
IMG-0286,d4f1e161facebe89b1b14a9fe324590982e046728a19718dc829adf3e0b68fe1,清代姑苏版画（候选，待确认）,gusu_qing_candidate,清代姑苏版画（候选）,1,512,360,182580,33462,8155169.302825928,0.17547263333131963,candidate_exploratory_not_formal_manifest
IMG-0197,d5986649b05ad82d6e299b9bcd28cf9d7f6436834a666aabb5a1d98d173f3ae2,清代姑苏版画（候选，待确认）,gusu_qing_candidate,清代姑苏版画（候选）,1,326,512,165240,16430,4034244.6542663574,0.12053459232284697,candidate_exploratory_not_formal_manifest
IMG-0089,d5dbf8810d23dcf2b85249dca96c41628213f82a276e448a017b756b723fccea,清代姑苏版画（候选，待确认）,gusu_qing_candidate,清代姑苏版画（候选）,1,416,512,211140,16518,3491148.284637451,0.08782680260055688,candidate_exploratory_not_formal_manifest
IMG-0285,d61d39937d47ad908d62a14fd2369053703afe766ed6a1bbeba65b88ccad71f5,清代姑苏版画（候选，待确认）,gusu_qing_candidate,清代姑苏版画（候选）,1,512,270,136680,28796,8625325.427368164,0.043372099319298536,candidate_exploratory_not_formal_manifest
IMG-0414,d66d0218e585b05d1b8394f3ccb15291994141eda29bc3b83f0cde4d8785f514,清代姑苏版画（候选，待确认）,gusu_qing_candidate,清代姑苏版画（候选）,1,512,419,212670,11844,2576620.0939331055,0.13594053475440493,candidate_exploratory_not_formal_manifest
IMG-0107,d773adf1895c28e7a7efddf2b47054da3f56ec837de3d694b72ac93ca29fc970,清代姑苏版画（候选，待确认）,gusu_qing_candidate,清代姑苏版画（候选）,1,512,359,182070,48545,11928039.01461792,0.22919384608972485,candidate_exploratory_not_formal_manifest
IMG-0026,d7edcc46120e4efb9fb2d57368729cdcc337df97a127d7479a758f3548e23b04,清代姑苏版画（候选，待确认）,gusu_qing_candidate,清代姑苏版画（候选）,1,495,512,251430,88903,27558409.564483643,0.20702746318293822,candidate_exploratory_not_formal_manifest
IMG-0230,d8509a8d131b315d2893db07e87ec49a841513f3d5a440f8ef8e5f345aa96d42,清代姑苏版画（候选，待确认）,gusu_qing_candidate,清代姑苏版画（候选）,1,384,512,194820,30097,7891755.197311401,0.011412303243068191,candidate_exploratory_not_formal_manifest
IMG-0274,d8797420d05ec88e3943c67842e56f8a973f527587f96a0a79a3881eadcd5984,清代姑苏版画（候选，待确认）,gusu_qing_candidate,清代姑苏版画（候选）,1,512,341,172890,64471,18274262.62651062,0.22167207658579655,candidate_exploratory_not_formal_manifest
IMG-0321,d9190a11a3d526e173792c2d8b0ef14aaa45f54ea072be1969b0eb9e6c082082,清代姑苏版画（候选，待确认）,gusu_qing_candidate,清代姑苏版画（候选）,1,291,512,147390,56115,13561913.303359985,0.08983710085936215,candidate_exploratory_not_formal_manifest
IMG-0451,d9c79e6e38467f6c8de85a6bafb56ec530e4758ecfd2a93876392cb632054497,清代姑苏版画（候选，待确认）,gusu_qing_candidate,清代姑苏版画（候选）,1,256,512,129540,6188,1150486.0610046387,0.11813906166497966,candidate_exploratory_not_formal_manifest
IMG-0315,d9fc95e95e1def436aa4ea2fa2790ffcaf99013b77ba0a3ce0f5a2515adce285,清代姑苏版画（候选，待确认）,gusu_qing_candidate,清代姑苏版画（候选）,1,384,512,194820,119719,37779912.650375366,0.06527708287701482,candidate_exploratory_not_formal_manifest
IMG-0051,da21deccc467719e84b452d61e295aad10ac1f4ca0547dd8359baf4546b51d35,清代姑苏版画（候选，待确认）,gusu_qing_candidate,清代姑苏版画（候选）,1,303,512,153510,35804,8820852.745727539,0.09866284979281527,candidate_exploratory_not_formal_manifest
IMG-0221,da27fff3377c8f865c2fceafe94ae7e655bd01c314afa15e3b1b4342f06827bd,清代姑苏版画（候选，待确认）,gusu_qing_candidate,清代姑苏版画（候选）,1,512,391,198390,18301,4273476.957397461,0.041046317880279085,candidate_exploratory_not_formal_manifest
IMG-0231,da64c9cff3c375068d67c5083b8decc20ad8e3dfc422194e7e8c8b95f2fc29a9,清代姑苏版画（候选，待确认）,gusu_qing_candidate,清代姑苏版画（候选）,1,445,512,225930,27268,8314742.836929321,0.10737851585849183,candidate_exploratory_not_formal_manifest
IMG-0365,dbcf7765e3b46cbe0f2cf640b8b5d48ad6a9e3d32ec1c8a576006b5433a64a8a,清代姑苏版画（候选，待确认）,gusu_qing_candidate,清代姑苏版画（候选）,1,512,356,180540,49083,10399282.57798767,0.06423122842384432,candidate_exploratory_not_formal_manifest
IMG-0351,dbe9fa0df73b78182cf3426263457b5d258cb97d2e80c7d47f20daaa8324644e,清代姑苏版画（候选，待确认）,gusu_qing_candidate,清代姑苏版画（候选）,1,510,512,259080,69985,19897167.09172058,0.06279601690608864,candidate_exploratory_not_formal_manifest
IMG-0193,dbf09f5af43cb985ca6a5cd17b2357bcc606971105feeba81d82d9e7b2d2e526,清代姑苏版画（候选，待确认）,gusu_qing_candidate,清代姑苏版画（候选）,1,512,315,159630,34801,8971720.426727295,0.18488197480616134,candidate_exploratory_not_formal_manifest
IMG-0352,dc68789524c33dc21f03ba867d37e1d0c8ff71ba51804eba4f2e93c03b6bb7c6,清代姑苏版画（候选，待确认）,gusu_qing_candidate,清代姑苏版画（候选）,1,284,512,143820,18974,4602237.837005615,0.09799849704627588,candidate_exploratory_not_formal_manifest
IMG-0401,dd38794546463483bbf387462a587d8125970eabb8ce34669d8bdca0751ad766,清代姑苏版画（候选，待确认）,gusu_qing_candidate,清代姑苏版画（候选）,1,327,512,165750,11567,2589965.2094726562,0.07010285663693697,candidate_exploratory_not_formal_manifest
IMG-0124,de08a97122d4515e90c4d2b61d6f97a17c6c69787618008d80ff6901419b01f6,清代姑苏版画（候选，待确认）,gusu_qing_candidate,清代姑苏版画（候选）,1,326,512,165240,23704,5179569.498474121,0.10642944773846012,candidate_exploratory_not_formal_manifest
IMG-0086,de8c3cd5a8f438ba138519786c1ed7141d43c24983979a2ba5ed5c5f16027384,清代姑苏版画（候选，待确认）,gusu_qing_candidate,清代姑苏版画（候选）,1,512,412,209100,18026,4460846.296218872,0.09756993164795312,candidate_exploratory_not_formal_manifest
IMG-0392,dffca64734bbc3c13258913ab3d14eafa7e02afb04b11c744a0efb1de3dbcaae,清代姑苏版画（候选，待确认）,gusu_qing_candidate,清代姑苏版画（候选）,1,275,512,139230,15900,3449239.7545318604,0.12607536390874527,candidate_exploratory_not_formal_manifest
IMG-0004,e0b1e8e52ac0e6659917f611a2f7afdccec851b128a65ea7a9eab63757e354b7,清代姑苏版画（候选，待确认）,gusu_qing_candidate,清代姑苏版画（候选）,1,404,512,205020,45237,13822628.315933228,0.05583077180233275,candidate_exploratory_not_formal_manifest
IMG-0207,e1f07afc3d606c13b8ae59f8ce687eb32c1aec633f7d8b8b03e928e58c2857ea,清代姑苏版画（候选，待确认）,gusu_qing_candidate,清代姑苏版画（候选）,1,512,505,256530,18859,3753112.1209106445,0.04832938523146836,candidate_exploratory_not_formal_manifest
IMG-0069,e2a58383f7d1b72ea6c777c0ca0ddc2ce59fbae4aa3fa27b216849d9d077a56a,清代姑苏版画（候选，待确认）,gusu_qing_candidate,清代姑苏版画（候选）,1,512,478,242760,36487,12690956.357040405,0.1122443727218497,candidate_exploratory_not_formal_manifest
IMG-0294,e2a6359566166b1c5cfa77da569f45890694e80b2d8e901b1be1c43cad188dc2,清代姑苏版画（候选，待确认）,gusu_qing_candidate,清代姑苏版画（候选）,1,402,512,204000,21042,5153384.451446533,0.1982925780816653,candidate_exploratory_not_formal_manifest
IMG-0341,e5469d87f858a19fe16837a827bae1882945b60d6941622f671e8dffb086c5e2,清代姑苏版画（候选，待确认）,gusu_qing_candidate,清代姑苏版画（候选）,1,512,402,204000,39951,9203967.082458496,0.29036057763552253,candidate_exploratory_not_formal_manifest
IMG-0022,e588a82f9379923a3f9fb7c8ac65d383bdabb0f70b4e800f36d94ca61d04656b,清代姑苏版画（候选，待确认）,gusu_qing_candidate,清代姑苏版画（候选）,1,512,398,201960,19562,5556840.5740356445,0.16476443246791506,candidate_exploratory_not_formal_manifest
IMG-0442,e6362a059752761cc257db5a9f4e66dd64b0f6bde2e1db98dc8c5fcf4092a265,清代姑苏版画（候选，待确认）,gusu_qing_candidate,清代姑苏版画（候选）,1,309,512,156570,20769,5357605.161407471,0.11032192171401514,candidate_exploratory_not_formal_manifest
IMG-0333,e71d95daffbb661eddbda87afba094b0d7e5b0a3e4a1efaf0e7af78b980eacd6,清代姑苏版画（候选，待确认）,gusu_qing_candidate,清代姑苏版画（候选）,1,354,512,179520,25441,6003177.201797485,0.13349803860710097,candidate_exploratory_not_formal_manifest
IMG-0424,e750c929f7ec423b0dc50ac324a9960561b02304177dfe245e416cd9f3c91ab1,清代姑苏版画（候选，待确认）,gusu_qing_candidate,清代姑苏版画（候选）,1,315,512,159630,9126,1790971.7695159912,0.1445886998637741,candidate_exploratory_not_formal_manifest
IMG-0300,e78d6b929c39ebb849b83593b2b5fbcde6af74c3c2902371ce818a2aaac04074,清代姑苏版画（候选，待确认）,gusu_qing_candidate,清代姑苏版画（候选）,1,512,341,172890,21811,4791596.0347595215,0.12255169780566871,candidate_exploratory_not_formal_manifest
IMG-0032,e874dc092c3e4d1968234cd81260a69458e864054f44dbeeb7a878a4adb2ef33,清代姑苏版画（候选，待确认）,gusu_qing_candidate,清代姑苏版画（候选）,1,512,401,203490,19455,4926125.638717651,0.14313027285459745,candidate_exploratory_not_formal_manifest
IMG-0006,ea65d4a36e629b539c9484ea224046500213f8d15ea2e1fa740bee3f6ba25ce0,清代姑苏版画（候选，待确认）,gusu_qing_candidate,清代姑苏版画（候选）,1,427,512,216750,40112,12349257.674285889,0.13222424558952742,candidate_exploratory_not_formal_manifest
IMG-0164,eb06a7222be37247d6ad66bdd0409ef4beec4fc12a35a1903f4c5799fb215f46,清代姑苏版画（候选，待确认）,gusu_qing_candidate,清代姑苏版画（候选）,1,512,443,224910,58215,15669868.755187988,0.04682487700500607,candidate_exploratory_not_formal_manifest
IMG-0241,eb08c2083ea57e6b0cfc460ddd5543aa468228908fc9f22d90f2b0df6ce27ffc,清代姑苏版画（候选，待确认）,gusu_qing_candidate,清代姑苏版画（候选）,1,512,384,194820,31406,7509433.733734131,0.026752845335182993,candidate_exploratory_not_formal_manifest
IMG-0279,eb242f723b69be94b5fdb5c20f9465093f65b0abc5b948a8727247a7311747cb,清代姑苏版画（候选，待确认）,gusu_qing_candidate,清代姑苏版画（候选）,1,289,512,146370,12507,2665338.9718322754,0.04743208911582146,candidate_exploratory_not_formal_manifest
IMG-0132,ec0222cba8da53d60e7575e011a8a74aea31dac19136ee8eb131cd5933012e27,清代姑苏版画（候选，待确认）,gusu_qing_candidate,清代姑苏版画（候选）,1,275,512,139230,12626,3256924.754058838,0.3949105497875627,candidate_exploratory_not_formal_manifest
IMG-0135,ed1c14e2370743b12dbbc96a80fda5d62852ecc61d292f15357ec36efa942758,清代姑苏版画（候选，待确认）,gusu_qing_candidate,清代姑苏版画（候选）,1,286,512,144840,18778,3891263.837463379,0.309353742921419,candidate_exploratory_not_formal_manifest
IMG-0104,edb8b8c4fec213a8c7b7cadf1465af944c234262b0ace12cce3f583ef0c3409d,清代姑苏版画（候选，待确认）,gusu_qing_candidate,清代姑苏版画（候选）,1,326,512,165240,10975,2124360.0879974365,0.1388055523056719,candidate_exploratory_not_formal_manifest
IMG-0308,ee04f064a915c7ea0f7bd9a3bc50d22f44976749f5bd5c42884c241811123740,清代姑苏版画（候选，待确认）,gusu_qing_candidate,清代姑苏版画（候选）,1,334,512,169320,48942,10903858.265090942,0.14108024519443446,candidate_exploratory_not_formal_manifest
IMG-0322,ee1ee11d857de1de5168ebf28649663397458abb0b9ef1ff300a4f02f9d5028e,清代姑苏版画（候选，待确认）,gusu_qing_candidate,清代姑苏版画（候选）,1,349,512,176970,82342,21007241.48210144,0.09595618988633038,candidate_exploratory_not_formal_manifest
IMG-0324,ee3883efd687d3055bc6522a800afada86d878519396b3ea7aa24df43ab60347,清代姑苏版画（候选，待确认）,gusu_qing_candidate,清代姑苏版画（候选）,1,512,128,64260,23625,6274042.450180054,0.07237089443364347,candidate_exploratory_not_formal_manifest
IMG-0280,ee786d40a5024f81ea9fcab7e21d99fdf9976498a1a6448d9859325f89493cee,清代姑苏版画（候选，待确认）,gusu_qing_candidate,清代姑苏版画（候选）,1,241,512,121890,166,43182.951583862305,0.12637189064820203,candidate_exploratory_not_formal_manifest
IMG-0099,ee7f54ec3d9353aa16809aa1646a2675d314c513acbfb295cdcc3838f72453e1,清代姑苏版画（候选，待确认）,gusu_qing_candidate,清代姑苏版画（候选）,1,288,512,145860,27884,6123268.9789123535,0.051716358205395344,candidate_exploratory_not_formal_manifest
IMG-0061,ef0bd4fa31cecfd7217f5b706fb21a029b9c38ffb2f943e704b06b2ae7d60a8c,清代姑苏版画（候选，待确认）,gusu_qing_candidate,清代姑苏版画（候选）,1,512,504,256020,50813,16293573.077957153,0.24064954231202657,candidate_exploratory_not_formal_manifest
IMG-0072,ef91a58f0ea4fe48bfecadcb3e669ed146cab628ef543c4b3884a52de2997337,清代姑苏版画（候选，待确认）,gusu_qing_candidate,清代姑苏版画（候选）,1,512,406,206040,32196,10824069.045211792,0.06515505776399437,candidate_exploratory_not_formal_manifest
IMG-0163,f178926db55fd22658c3be3f7ad50a58e9b162320840a967480d22745009c648,清代姑苏版画（候选，待确认）,gusu_qing_candidate,清代姑苏版画（候选）,1,512,363,184110,48714,10878355.442489624,0.03465802397713755,candidate_exploratory_not_formal_manifest
IMG-0101,f1cf6cdd63f4980b70e68829a2d09f42334ace118cdb4f6ab435da253a7d5832,清代姑苏版画（候选，待确认）,gusu_qing_candidate,清代姑苏版画（候选）,1,244,512,123420,20902,4519242.181091309,0.09950992184910848,candidate_exploratory_not_formal_manifest
IMG-0039,f2467a08d62c55f57e8d1c91e3a460a543cc46671189b3920d4d1eeb49ddc086,清代姑苏版画（候选，待确认）,gusu_qing_candidate,清代姑苏版画（候选）,1,503,512,255510,44906,14740573.847320557,0.02309965060120669,candidate_exploratory_not_formal_manifest
IMG-0046,f2ebdaa3182628ab613b45aefa67dd5daba4c4e11d70178eb8d68216c821c990,清代姑苏版画（候选，待确认）,gusu_qing_candidate,清代姑苏版画（候选）,1,512,490,248880,31938,9756541.68774414,0.1496112977377236,candidate_exploratory_not_formal_manifest
IMG-0432,f32016c4c8c419185122cfa2755155e1123a7ba2bd58de11b3afa3bbab554aa9,清代姑苏版画（候选，待确认）,gusu_qing_candidate,清代姑苏版画（候选）,1,333,512,168810,36920,9588812.037094116,0.004721167775190088,candidate_exploratory_not_formal_manifest
IMG-0224,f504a4359ec7c6d047b41b1b2e174c23fa53750877bee8a07ef1fd681478a349,清代姑苏版画（候选，待确认）,gusu_qing_candidate,清代姑苏版画（候选）,1,415,512,210630,16909,3344624.2444763184,0.05248980844168652,candidate_exploratory_not_formal_manifest
IMG-0018,f595667fefe85ffa4716d5e1cd3041088b877e77844bb3848a90697bcac458b9,清代姑苏版画（候选，待确认）,gusu_qing_candidate,清代姑苏版画（候选）,1,402,512,204000,33495,8988881.855316162,0.15704336413058975,candidate_exploratory_not_formal_manifest
IMG-0048,f5f7dd8775422e708a2b9f3c4596fff136cf3ddb57095449f7a959803d8808d0,清代姑苏版画（候选，待确认）,gusu_qing_candidate,清代姑苏版画（候选）,1,512,489,248370,77823,25811404.899017334,0.13119815164372287,candidate_exploratory_not_formal_manifest
IMG-0223,f6ec18e5f9a8bb7708e860fbc435e7489d68ba109bf928203366d4f486e2286c,清代姑苏版画（候选，待确认）,gusu_qing_candidate,清代姑苏版画（候选）,1,512,405,205530,20641,5071146.020492554,0.12216101924359753,candidate_exploratory_not_formal_manifest
IMG-0142,f780e0ba2127b15fff2b7dcc74ee83f0ec34b4600c860c5667101b3ce5709c54,清代姑苏版画（候选，待确认）,gusu_qing_candidate,清代姑苏版画（候选）,1,384,512,194820,28689,6873908.324798584,0.022810169399569712,candidate_exploratory_not_formal_manifest
IMG-0096,f918128c97726e2baf0c938b6656e8af7031f3e9e12e996075f50f08e499b838,清代姑苏版画（候选，待确认）,gusu_qing_candidate,清代姑苏版画（候选）,1,323,512,163710,18698,4662794.161727905,0.1328166472196935,candidate_exploratory_not_formal_manifest
IMG-0214,f990d3cab46daddef114156f4a6ca707933a61bb33c88204fc4d69a24aaa4b10,清代姑苏版画（候选，待确认）,gusu_qing_candidate,清代姑苏版画（候选）,1,512,399,202470,16283,3696030.0608825684,0.33526848943627563,candidate_exploratory_not_formal_manifest
IMG-0149,fb69011945cbb4940cb8c5d75136828e9d3abd506a168ee13270cbc8975ca5f4,清代姑苏版画（候选，待确认）,gusu_qing_candidate,清代姑苏版画（候选）,1,512,353,179010,33581,9087634.793930054,0.051810878152782236,candidate_exploratory_not_formal_manifest
IMG-0431,fb8d9c77f9ce98c57df5089721cd1897be68f4604fdce77be60fbad72d687d82,清代姑苏版画（候选，待确认）,gusu_qing_candidate,清代姑苏版画（候选）,1,512,341,172890,62485,14717903.82434082,0.055447663197608646,candidate_exploratory_not_formal_manifest
IMG-0257,fbabc0ef123e5f3c852171f04b61bf6fa956b20191062577cd6bfdebec04a7f4,清代姑苏版画（候选，待确认）,gusu_qing_candidate,清代姑苏版画（候选）,1,505,512,256530,67061,19490096.21192932,0.14204786637129685,candidate_exploratory_not_formal_manifest
IMG-0098,fbe7499e393407722b55045f707b6f7a5be459889b33c0743f7f6c2a4d74e466,清代姑苏版画（候选，待确认）,gusu_qing_candidate,清代姑苏版画（候选）,1,283,512,143310,18941,4604454.483657837,0.13095271262591288,candidate_exploratory_not_formal_manifest
IMG-0272,fcad17c474d6aa8693d536e5c7ae99256d077015640ec431feabbea3d411aef5,清代姑苏版画（候选，待确认）,gusu_qing_candidate,清代姑苏版画（候选）,1,512,341,172890,65224,18071254.63746643,0.22191955783632875,candidate_exploratory_not_formal_manifest
IMG-0071,fde312d7e5eea004a14f59a9d27cd936a253c26965118bbab4fe2c71f50ea4be,清代姑苏版画（候选，待确认）,gusu_qing_candidate,清代姑苏版画（候选）,1,512,493,250410,45705,12103738.74394226,0.04342286000447111,candidate_exploratory_not_formal_manifest
IMG-0447,fe97e5ba8f78e9b1a4b4f5a654c1413d88e3cf5929bb40efb90ec8a0f9e77f33,清代姑苏版画（候选，待确认）,gusu_qing_candidate,清代姑苏版画（候选）,1,277,512,140250,32245,7963793.990859985,0.12410764603364574,candidate_exploratory_not_formal_manifest
IMG-0376,feade74562183a9550f65489ed9a13bb98d7eab8062c9afab8c83b23d0a1871d,清代姑苏版画（候选，待确认）,gusu_qing_candidate,清代姑苏版画（候选）,1,512,476,241740,53708,14534842.21421814,0.12049243054892228,candidate_exploratory_not_formal_manifest
IMG-0470,48358aa9adc4a036be87bd8e6adad43cdc1625e01376b11e82cea10da5b8cf4a,20世纪50年代桃花坞年画（候选，待确认）,taohuawu_1950s_candidate,20世纪50年代桃花坞年画（候选）,2,384,512,194820,36871,14451550.08569336,0.15174237326476442,candidate_exploratory_not_formal_manifest
IMG-0478,6d9e521d05d1eacd277182f14aaa5c2ffc1b2149aa9f58fddff7e35deae29c35,20世纪50年代桃花坞年画（候选，待确认）,taohuawu_1950s_candidate,20世纪50年代桃花坞年画（候选）,2,360,512,182580,64182,19645073.83605957,0.14727926216953055,candidate_exploratory_not_formal_manifest
IMG-0476,715c5a73f6b6d6b82e0a69cfcc9c48a5c94d98db802bd2e789e26920452ecab2,20世纪50年代桃花坞年画（候选，待确认）,taohuawu_1950s_candidate,20世纪50年代桃花坞年画（候选）,2,345,512,174930,49146,13515440.74041748,0.08727821559548249,candidate_exploratory_not_formal_manifest
IMG-0471,8ed0e49da7273f816ed5ca104f971e4329b3b171862bc47f3865bcbb8831e5ec,20世纪50年代桃花坞年画（候选，待确认）,taohuawu_1950s_candidate,20世纪50年代桃花坞年画（候选）,2,356,512,180540,53315,15093185.46156311,0.1200419009963762,candidate_exploratory_not_formal_manifest
IMG-0475,a0ddd895dde1468ab728ce969030aca60e0c3b101ec5438686db453ac2bbea0a,20世纪50年代桃花坞年画（候选，待确认）,taohuawu_1950s_candidate,20世纪50年代桃花坞年画（候选）,2,461,512,234090,62092,18945557.3833313,0.0639135957326224,candidate_exploratory_not_formal_manifest
IMG-0477,a236c02a38ad13be811b57174e809296437ccdf9191f0a10c0cf83d8a07a3184,20世纪50年代桃花坞年画（候选，待确认）,taohuawu_1950s_candidate,20世纪50年代桃花坞年画（候选）,2,378,512,191760,88388,27762507.368850708,0.04739236204689736,candidate_exploratory_not_formal_manifest
IMG-0473,af3b3d844d7ef215b1635508c470ab951802adbc310fbc31c4b68f677a3dc890,20世纪50年代桃花坞年画（候选，待确认）,taohuawu_1950s_candidate,20世纪50年代桃花坞年画（候选）,2,384,512,194820,38587,11488383.802459717,0.12467420341020677,candidate_exploratory_not_formal_manifest
IMG-0472,c925e5d733c106b18845b11bc9745177ab59ad269895f8b9c161997c5e43b54c,20世纪50年代桃花坞年画（候选，待确认）,taohuawu_1950s_candidate,20世纪50年代桃花坞年画（候选）,2,384,512,194820,60708,18507535.601852417,0.08575974297784762,candidate_exploratory_not_formal_manifest
IMG-0474,ea119fa80283ccbb8bbeab8670fdf1926bc4c3f92981aea990f748a9eb47c732,20世纪50年代桃花坞年画（候选，待确认）,taohuawu_1950s_candidate,20世纪50年代桃花坞年画（候选）,2,384,512,194820,66382,20515521.53578186,0.10376305805519007,candidate_exploratory_not_formal_manifest
IMG-0647,066316bde2ead4321aa349ce7c40cb89ae87b33d02b589cb36fcabfde683a26c,清末杨柳青年画（候选，待确认）,yangliuqing_late_qing_candidate,清末杨柳青年画（候选）,3,512,274,138720,43369,10530387.250854492,0.07078345731956763,candidate_exploratory_not_formal_manifest
IMG-0694,0931c432e43660b8afc1603c7d2b639d90d0881bd5a0911b43d50bb3e8f33653,清末杨柳青年画（候选，待确认）,yangliuqing_late_qing_candidate,清末杨柳青年画（候选）,3,512,297,150450,56166,14993068.009811401,0.16375541804133695,candidate_exploratory_not_formal_manifest
IMG-0618,0a1c2c5308a9061e41bbc930e724e7aa20afe85e682567703ae6f09154afcf0b,清末杨柳青年画（候选，待确认）,yangliuqing_late_qing_candidate,清末杨柳青年画（候选）,3,405,512,205530,44075,12331343.840423584,0.2170816224980147,candidate_exploratory_not_formal_manifest
IMG-0606,0b18d914a3c43c0fcbd3de805dce4f69693b391490d784917f43f2887b134059,清末杨柳青年画（候选，待确认）,yangliuqing_late_qing_candidate,清末杨柳青年画（候选）,3,346,512,175440,39063,10988614.10079956,0.15828041248380184,candidate_exploratory_not_formal_manifest
IMG-0701,19e246ff92a540cce5ba3c1e1dd323a09607ec7dbce0849584484f030300333a,清末杨柳青年画（候选，待确认）,yangliuqing_late_qing_candidate,清末杨柳青年画（候选）,3,353,512,179010,38982,10255000.589675903,0.14868256204420335,candidate_exploratory_not_formal_manifest
IMG-0639,1e4834c2655449ef36a76b95bbb9810adefea86aeaeab24b2584d65b610a4e15,清末杨柳青年画（候选，待确认）,yangliuqing_late_qing_candidate,清末杨柳青年画（候选）,3,512,350,177480,60104,16107858.558181763,0.04587054944166852,candidate_exploratory_not_formal_manifest
IMG-0643,1f3c960fbc120034bdaf86b003b424b24b87dbcc2da213d59f3b54c07a533f32,清末杨柳青年画（候选，待确认）,yangliuqing_late_qing_candidate,清末杨柳青年画（候选）,3,512,301,152490,47937,14619922.923538208,0.07990808931937843,candidate_exploratory_not_formal_manifest
IMG-0667,2664a46a567cba7895136c9948d8157eed4dbc800c8ab41da0dcddb0667d4253,清末杨柳青年画（候选，待确认）,yangliuqing_late_qing_candidate,清末杨柳青年画（候选）,3,512,307,155550,61684,19110283.193984985,0.03182446863437271,candidate_exploratory_not_formal_manifest
IMG-0698,268a32e87e511ee6841d119b75c1e125202465fbba98abd7699eb78820010830,清末杨柳青年画（候选，待确认）,yangliuqing_late_qing_candidate,清末杨柳青年画（候选）,3,512,384,194820,95762,25043314.181152344,0.24438226686036252,candidate_exploratory_not_formal_manifest
IMG-0642,278599d26f1ce4eba5314c9b2f9541dd09a641ebb7405c29361f195dd0757a1e,清末杨柳青年画（候选，待确认）,yangliuqing_late_qing_candidate,清末杨柳青年画（候选）,3,512,324,164220,37733,9980238.532943726,0.1367920820573719,candidate_exploratory_not_formal_manifest
IMG-0687,29a98eb9ae33a7e231111b720c2cfe888385578efe21c8a88b2b1f6f9cce1b40,清末杨柳青年画（候选，待确认）,yangliuqing_late_qing_candidate,清末杨柳青年画（候选）,3,512,340,172380,37451,12944063.143585205,0.044937205792891746,candidate_exploratory_not_formal_manifest
IMG-0605,2bdc3e9bcac87a5ef136e1a6f93c583588c3d47a638677889d8354d32295bdec,清末杨柳青年画（候选，待确认）,yangliuqing_late_qing_candidate,清末杨柳青年画（候选）,3,346,512,175440,40047,11086968.98413086,0.18038289568059845,candidate_exploratory_not_formal_manifest
IMG-0633,2da6210fc1622b24161a507f07c7faf52d9ae2a849e4f752f5a60a68558cd9a0,清末杨柳青年画（候选，待确认）,yangliuqing_late_qing_candidate,清末杨柳青年画（候选）,3,222,512,112200,34686,8733885.57647705,0.0885712031136584,candidate_exploratory_not_formal_manifest
IMG-0631,2e1213b739c02dee51472964badf5f21f23b7ec35a8ec3964973d528aa6e2f37,清末杨柳青年画（候选，待确认）,yangliuqing_late_qing_candidate,清末杨柳青年画（候选）,3,512,229,115770,28621,7007451.017303467,0.3207797872630331,candidate_exploratory_not_formal_manifest
IMG-0662,328d27466e6810583b48fc55b6c218b01b1a39037f721f1355de023cc81cda9f,清末杨柳青年画（候选，待确认）,yangliuqing_late_qing_candidate,清末杨柳青年画（候选）,3,263,512,133110,48021,13284601.398223877,0.041984850378735304,candidate_exploratory_not_formal_manifest
IMG-0627,338a5ceb0ed70ea9709bdaa49421453fae9f33c8da2eb3a603c583c2f7f8bffd,清末杨柳青年画（候选，待确认）,yangliuqing_late_qing_candidate,清末杨柳青年画（候选）,3,445,512,225930,32800,7088591.226242065,0.04903853375602745,candidate_exploratory_not_formal_manifest
IMG-0680,340ac961d052b1043c6e5967634b2f446218f52b0bd20cdca56568c11cf93ab3,清末杨柳青年画（候选，待确认）,yangliuqing_late_qing_candidate,清末杨柳青年画（候选）,3,512,384,194820,45499,11656371.921447754,0.08231712646894478,candidate_exploratory_not_formal_manifest
IMG-0685,3571d927a991099e2579f22aafc703c2bb98eda61b96d54048710ce98d892a96,清末杨柳青年画（候选，待确认）,yangliuqing_late_qing_candidate,清末杨柳青年画（候选）,3,512,323,163710,34037,11246954.417251587,0.10135419931172406,candidate_exploratory_not_formal_manifest
IMG-0688,396ebf51abd5545b5c3a4826e24e2bca22165e7cac5608857f5a3753f82ac1f8,清末杨柳青年画（候选，待确认）,yangliuqing_late_qing_candidate,清末杨柳青年画（候选）,3,318,512,161160,39676,9931398.723571777,0.07704719013757097,candidate_exploratory_not_formal_manifest
IMG-0626,3c73271fae2c4880e34a52369544d07079b8b58e41a6f916eb6726e4b7e3aa83,清末杨柳青年画（候选，待确认）,yangliuqing_late_qing_candidate,清末杨柳青年画（候选）,3,445,512,225930,34683,7809215.68850708,0.04774686808806,candidate_exploratory_not_formal_manifest
IMG-0614,3dd2c4355d63312378e0236f4b830a5e92b3b8d746e1ece035c46011f56a08fe,清末杨柳青年画（候选，待确认）,yangliuqing_late_qing_candidate,清末杨柳青年画（候选）,3,512,455,231030,33289,6954698.33303833,0.3493583002736834,candidate_exploratory_not_formal_manifest
IMG-0673,3e7fea5a8be40bb05a391bd2220151b5dffe8a6673b0cb5e8dd33a695dbe423b,清末杨柳青年画（候选，待确认）,yangliuqing_late_qing_candidate,清末杨柳青年画（候选）,3,512,299,151470,58655,20006718.712905884,0.08501262766108082,candidate_exploratory_not_formal_manifest
IMG-0625,4139adc1f15a75c2ca4e170b9dc841803c3c40c640876943d403d5693a9d1b8f,清末杨柳青年画（候选，待确认）,yangliuqing_late_qing_candidate,清末杨柳青年画（候选）,3,426,512,216240,29694,6432565.2858428955,0.1235601355352365,candidate_exploratory_not_formal_manifest
IMG-0682,42b79883123f77b2064899a771437dbb8068b98c04811179b5e3b9ad06f9f18d,清末杨柳青年画（候选，待确认）,yangliuqing_late_qing_candidate,清末杨柳青年画（候选）,3,512,307,155550,57014,17823468.787887573,0.006463074571484691,candidate_exploratory_not_formal_manifest
IMG-0629,47281bf47f6e5bfb730a6078a7e7f82616b3d63eb0556ad0c62d39636f494702,清末杨柳青年画（候选，待确认）,yangliuqing_late_qing_candidate,清末杨柳青年画（候选）,3,460,512,233580,33147,7146964.88293457,0.014681802181085243,candidate_exploratory_not_formal_manifest
IMG-0650,47858fe5180edcc1bc7aaa182e8654e7bfe4b2b2ea46a53d5cbc50f75d9f7b27,清末杨柳青年画（候选，待确认）,yangliuqing_late_qing_candidate,清末杨柳青年画（候选）,3,512,312,158100,42868,11426414.02923584,0.014403654394375928,candidate_exploratory_not_formal_manifest
IMG-0692,4d7799e5a26950a2f5942e4720aa14ad8966379af4848fc790a1a29af779039e,清末杨柳青年画（候选，待确认）,yangliuqing_late_qing_candidate,清末杨柳青年画（候选）,3,424,512,215220,79838,26670405.74031067,0.020518992015333824,candidate_exploratory_not_formal_manifest
IMG-0610,4fbe15ed3271e80108040edb1bb589f52732c85d8423ba28268ad7c57ca1f760,清末杨柳青年画（候选，待确认）,yangliuqing_late_qing_candidate,清末杨柳青年画（候选）,3,512,300,151980,16558,3955873.0299835205,0.28798503177872004,candidate_exploratory_not_formal_manifest
IMG-0663,51e816f7d7679e6eaa19a5a8f2e4b5520f7aecb869c936fb2d3667ff4377a56e,清末杨柳青年画（候选，待确认）,yangliuqing_late_qing_candidate,清末杨柳青年画（候选）,3,280,512,141780,28201,7409621.604598999,0.021484836461952973,candidate_exploratory_not_formal_manifest
IMG-0678,5334c161acb23780250e62fff241f4a20a92d6e1ab96ad380aecbe33346a5cb1,清末杨柳青年画（候选，待确认）,yangliuqing_late_qing_candidate,清末杨柳青年画（候选）,3,414,512,210120,62108,16898972.087295532,0.13275269944908752,candidate_exploratory_not_formal_manifest
IMG-0658,54448fb1177d91055908d4ff4a482c565e7110a02a62d217194713842d7b43f8,清末杨柳青年画（候选，待确认）,yangliuqing_late_qing_candidate,清末杨柳青年画（候选）,3,512,302,153000,39158,9609512.388641357,0.1755464593547363,candidate_exploratory_not_formal_manifest
IMG-0645,56df23e2d3c109ea61bf29a219c0a10110a3bcb30fec6fb98ff205cb9c0d8848,清末杨柳青年画（候选，待确认）,yangliuqing_late_qing_candidate,清末杨柳青年画（候选）,3,512,322,163200,47746,13915168.658477783,0.06905958858409732,candidate_exploratory_not_formal_manifest
IMG-0646,57007ace5504c04a933520f0b3ba572f3e79d683f06f2ed5e9e7ff977ff18a94,清末杨柳青年画（候选，待确认）,yangliuqing_late_qing_candidate,清末杨柳青年画（候选）,3,512,294,148920,71052,22772734.2497406,0.021025768031744826,candidate_exploratory_not_formal_manifest
IMG-0651,57284e5c39930baba9a42dd7361ee7f5001344bb11026fa34bbf733e2dd8d306,清末杨柳青年画（候选，待确认）,yangliuqing_late_qing_candidate,清末杨柳青年画（候选）,3,512,294,148920,31896,7321156.434356689,0.044409485464673104,candidate_exploratory_not_formal_manifest
IMG-0636,5ac411aecb13b1a798196a83226e17deab4fd0b66dd510868f97f224e2a9f121,清末杨柳青年画（候选，待确认）,yangliuqing_late_qing_candidate,清末杨柳青年画（候选）,3,512,326,165240,47190,12781853.084716797,0.038386073240526064,candidate_exploratory_not_formal_manifest
IMG-0696,5cbc1145d8a9560023d12f223766d7f496b138c83ca3993bcb280b74a30a279c,清末杨柳青年画（候选，待确认）,yangliuqing_late_qing_candidate,清末杨柳青年画（候选）,3,512,326,165240,50394,12313911.556121826,0.2623124649871783,candidate_exploratory_not_formal_manifest
IMG-0619,5ddb79acc5633734b75e02f5c417b91b9a11fbf890e58fb9bfbdbcb38e09c8ec,清末杨柳青年画（候选，待确认）,yangliuqing_late_qing_candidate,清末杨柳青年画（候选）,3,415,512,210630,56970,16655096.249511719,0.10270260398137517,candidate_exploratory_not_formal_manifest
IMG-0649,5e962f61b8855c9a0889bb8eba0a69fd332e00ef16a0e802f6a0a97287adfe3f,清末杨柳青年画（候选，待确认）,yangliuqing_late_qing_candidate,清末杨柳青年画（候选）,3,512,294,148920,55737,15282352.212493896,0.14137758878114498,candidate_exploratory_not_formal_manifest
IMG-0695,60da522a58d70a3ff56e4d2c58336e1c83e69e49e18b6345a7c4c0291fd57931,清末杨柳青年画（候选，待确认）,yangliuqing_late_qing_candidate,清末杨柳青年画（候选）,3,271,512,137190,40608,10782980.82220459,0.4723015124988759,candidate_exploratory_not_formal_manifest
IMG-0620,60effe74674b8810b6ea91b8e90ea08471a5a5f3f0189fb60ca8701d3bb86ba1,清末杨柳青年画（候选，待确认）,yangliuqing_late_qing_candidate,清末杨柳青年画（候选）,3,512,325,164730,37677,10310050.374313354,0.05295545061447823,candidate_exploratory_not_formal_manifest
IMG-0622,61d8bc7cf3e2ffee626f18622d41d08f849679d9a833d69d8f0d354186d6c5b6,清末杨柳青年画（候选，待确认）,yangliuqing_late_qing_candidate,清末杨柳青年画（候选）,3,512,384,194820,45990,11731222.126205444,0.031052443344224998,candidate_exploratory_not_formal_manifest
IMG-0699,6b9a2bacf0227ab6dfbf46b55fd61871e13e1767ded40fb8ae1da0f30817176f,清末杨柳青年画（候选，待确认）,yangliuqing_late_qing_candidate,清末杨柳青年画（候选）,3,512,384,194820,90210,27333705.65675354,0.11333511108938582,candidate_exploratory_not_formal_manifest
IMG-0672,71a3f2acadbcacaf63153c9b10b06e1714a476145d10af3df500b45f3b00c418,清末杨柳青年画（候选，待确认）,yangliuqing_late_qing_candidate,清末杨柳青年画（候选）,3,512,300,151980,39885,11933671.864212036,0.07576343781966355,candidate_exploratory_not_formal_manifest
IMG-0644,73d1c39ff77007b95e7af702d82d543754b78e87fe3983ae100cb82f664c362a,清末杨柳青年画（候选，待确认）,yangliuqing_late_qing_candidate,清末杨柳青年画（候选）,3,512,292,147900,51843,14881325.066360474,0.09007617143691145,candidate_exploratory_not_formal_manifest
IMG-0637,74b42c8a5a15ea66514e77d405e7e0bc8ce424bca92620076968b224a2fc2fd2,清末杨柳青年画（候选，待确认）,yangliuqing_late_qing_candidate,清末杨柳青年画（候选）,3,512,296,149940,50799,13868820.88986206,0.11243562736332403,candidate_exploratory_not_formal_manifest
IMG-0628,7c5f402923eec0b8659870d92233ac08ba75af27d347bb2358356ed5e068191d,清末杨柳青年画（候选，待确认）,yangliuqing_late_qing_candidate,清末杨柳青年画（候选）,3,451,512,228990,33449,7279479.987960815,0.04695031178997944,candidate_exploratory_not_formal_manifest
IMG-0664,7e6288b67c21ba6a2230f30e6ddae2d9aaa2e04576cf56e6dedbaffe4bbb297d,清末杨柳青年画（候选，待确认）,yangliuqing_late_qing_candidate,清末杨柳青年画（候选）,3,277,512,140250,48155,13540357.523330688,0.11324624789536344,candidate_exploratory_not_formal_manifest
IMG-0681,7ecae48cec2fa35f3b1ec1ace5b56bd0e68dd1b43dbe20dc26a82c2a2e938d55,清末杨柳青年画（候选，待确认）,yangliuqing_late_qing_candidate,清末杨柳青年画（候选）,3,512,360,182580,63861,18944284.864990234,0.04443054886169244,candidate_exploratory_not_formal_manifest
IMG-0632,8589e6e601e6373f80a5471842066e47c26a22bacc7303ae91aac47a0aa30331,清末杨柳青年画（候选，待确认）,yangliuqing_late_qing_candidate,清末杨柳青年画（候选）,3,511,512,259590,22544,6309075.414077759,0.16613513426009655,candidate_exploratory_not_formal_manifest
IMG-0665,8a0e98b87cfc93984a59376d8a91ded1049636a17ee0e09a3aa234255da0938d,清末杨柳青年画（候选，待确认）,yangliuqing_late_qing_candidate,清末杨柳青年画（候选）,3,512,392,198900,22514,6156367.524459839,0.30849352676319913,candidate_exploratory_not_formal_manifest
IMG-0624,8ca6f77540411f3f49517a499f8832c9369929c76d08eaf68e96da7d94f2f43a,清末杨柳青年画（候选，待确认）,yangliuqing_late_qing_candidate,清末杨柳青年画（候选）,3,468,512,237660,29496,6308986.72795105,0.14253126152293832,candidate_exploratory_not_formal_manifest
IMG-0702,8dad74ea07e07767e0842b4016805eecff3f30db7d57fa36d1f3c0f7d7ce29fc,清末杨柳青年画（候选，待确认）,yangliuqing_late_qing_candidate,清末杨柳青年画（候选）,3,407,512,206550,30373,8016043.338272095,0.11798535283940102,candidate_exploratory_not_formal_manifest
IMG-0690,8fdcd870b5f716dd10fdf99790ae382d62adb0b52591e4aca6b66eea5e28c04a,清末杨柳青年画（候选，待确认）,yangliuqing_late_qing_candidate,清末杨柳青年画（候选）,3,501,512,254490,72238,18114367.02444458,0.03300062545209485,candidate_exploratory_not_formal_manifest
IMG-0661,94801921f415a3051963f598e74e7692e94fc60fedeaffd893c9aad420fc40da,清末杨柳青年画（候选，待确认）,yangliuqing_late_qing_candidate,清末杨柳青年画（候选）,3,276,512,139740,40449,10507497.162704468,0.0931847049012845,candidate_exploratory_not_formal_manifest
IMG-0611,95e2593cb1c2949e6d1ac42a023e42273deedb349912b7e18b0a40d0ec7b426b,清末杨柳青年画（候选，待确认）,yangliuqing_late_qing_candidate,清末杨柳青年画（候选）,3,512,276,139740,30288,7043432.83164978,0.07845054111071736,candidate_exploratory_not_formal_manifest
IMG-0675,982ab09704a9d269489e697ad3416a4b32ab5b6c500242986617034036e25fcb,清末杨柳青年画（候选，待确认）,yangliuqing_late_qing_candidate,清末杨柳青年画（候选）,3,478,512,242760,92300,26384262.013687134,0.044088368224815155,candidate_exploratory_not_formal_manifest
IMG-0623,9892e7c5d412ce4bf1df061cc54c791d4ce9aa69fc05c41c6c1e60ab6f85f076,清末杨柳青年画（候选，待确认）,yangliuqing_late_qing_candidate,清末杨柳青年画（候选）,3,444,512,225420,29546,6370256.985183716,0.070222244018605,candidate_exploratory_not_formal_manifest
IMG-0616,98d9b2c69ca19fe5d2db96358b81b381e0cbc71cd0b5a20765b3ab60e83116b9,清末杨柳青年画（候选，待确认）,yangliuqing_late_qing_candidate,清末杨柳青年画（候选）,3,304,512,154020,28535,6403331.049530029,0.052279932010958825,candidate_exploratory_not_formal_manifest
IMG-0630,9bbe4604a8b5aca7b06a38b5a8559d0c6f19c86a82192d286039cce008946045,清末杨柳青年画（候选，待确认）,yangliuqing_late_qing_candidate,清末杨柳青年画（候选）,3,490,512,248880,36299,7827202.027252197,0.14212178869611997,candidate_exploratory_not_formal_manifest
IMG-0689,9e5246999b057d90f3912d71c64375ead7dd175c8304df8eb88258a44fae0acb,清末杨柳青年画（候选，待确认）,yangliuqing_late_qing_candidate,清末杨柳青年画（候选）,3,322,512,163200,21242,6022347.14730835,0.2626635600448166,candidate_exploratory_not_formal_manifest
IMG-0635,9f4d0ceac8abefb2d7e7465d8cfe48961275d5a88e0be36f22d3fdf947887d6b,清末杨柳青年画（候选，待确认）,yangliuqing_late_qing_candidate,清末杨柳青年画（候选）,3,222,512,112200,36796,9315736.875686646,0.048595776139288845,candidate_exploratory_not_formal_manifest
IMG-0674,a2c94e2972785a7cf876b3a822042017e53c278e4d7b5fcc8e2e0a9c35df8c14,清末杨柳青年画（候选，待确认）,yangliuqing_late_qing_candidate,清末杨柳青年画（候选）,3,342,512,173400,74022,22972492.953796387,0.022813400431985372,candidate_exploratory_not_formal_manifest
IMG-0677,a55efcdbcb8b3d661ed539df3da21aa9a706d4e1022c72a09ff65d96acd37b8a,清末杨柳青年画（候选，待确认）,yangliuqing_late_qing_candidate,清末杨柳青年画（候选）,3,411,512,208590,59507,15776546.491012573,0.08879671041620776,candidate_exploratory_not_formal_manifest
IMG-0679,a609313ba0d1ae0d6f8d6ddf12328dbcb6ae994bae104e17b1e241250058b01d,清末杨柳青年画（候选，待确认）,yangliuqing_late_qing_candidate,清末杨柳青年画（候选）,3,512,384,194820,72924,18668835.796417236,0.06082237903518901,candidate_exploratory_not_formal_manifest
IMG-0659,a6beabb9642e6190cff0c8a5d4415a59b5ca0f0222ab2bb8c42f03b08ac1a75c,清末杨柳青年画（候选，待确认）,yangliuqing_late_qing_candidate,清末杨柳青年画（候选）,3,512,304,154020,73691,22285285.485549927,0.017437491413385395,candidate_exploratory_not_formal_manifest
IMG-0693,ade0d7b37fcf45bdc037617fe3ea3057d5952a109962732ba07c014025fd5f2a,清末杨柳青年画（候选，待确认）,yangliuqing_late_qing_candidate,清末杨柳青年画（候选）,3,512,344,174420,52867,12730169.072372437,0.022759717699689604,candidate_exploratory_not_formal_manifest
IMG-0660,aea15ad1c175f017f3047216a9a9b786c728a5370d2e410895f5ba7961b63542,清末杨柳青年画（候选，待确认）,yangliuqing_late_qing_candidate,清末杨柳青年画（候选）,3,512,295,149430,41806,12706284.786392212,0.04878610147416499,candidate_exploratory_not_formal_manifest
IMG-0617,b101814964e314d7c8f30cc757330ae218b516dc9fe0778af13d0238fbc348f4,清末杨柳青年画（候选，待确认）,yangliuqing_late_qing_candidate,清末杨柳青年画（候选）,3,512,411,208590,46991,15308089.217880249,0.06275302207584094,candidate_exploratory_not_formal_manifest
IMG-0704,b25da652e21b4b368d8c9f10d9b0d4472a3d9243039b158e16d27306b82975d0,清末杨柳青年画（候选，待确认）,yangliuqing_late_qing_candidate,清末杨柳青年画（候选）,3,302,512,153000,29212,8263996.751876831,0.05854523692180269,candidate_exploratory_not_formal_manifest
IMG-0669,b3838458ed6f5d64a8c5d18d2fd425635f563614b5aa14420904f87064d382a5,清末杨柳青年画（候选，待确认）,yangliuqing_late_qing_candidate,清末杨柳青年画（候选）,3,512,299,151470,68362,20659625.181671143,0.041782475332984986,candidate_exploratory_not_formal_manifest
IMG-0609,b8c6cf94688561eabd42d9f7c59e2e7d9a4860029373a0cb3f36b2ff322994b0,清末杨柳青年画（候选，待确认）,yangliuqing_late_qing_candidate,清末杨柳青年画（候选）,3,512,268,135660,32575,6978376.639160156,0.11837098058083442,candidate_exploratory_not_formal_manifest
IMG-0612,b9c759be72e44d22f0e97c032817b70938bf5d4bfea15215ffffbd6d332d9657,清末杨柳青年画（候选，待确认）,yangliuqing_late_qing_candidate,清末杨柳青年画（候选）,3,512,286,144840,24323,5652750.574081421,0.07588952296408333,candidate_exploratory_not_formal_manifest
IMG-0641,ba2d4f47076f1f75141a254bf956c98faf8c6d814bf3653251b1e297e0a5ad95,清末杨柳青年画（候选，待确认）,yangliuqing_late_qing_candidate,清末杨柳青年画（候选）,3,512,357,181050,37619,9330016.897476196,0.111441635110533,candidate_exploratory_not_formal_manifest
IMG-0607,be3e6e5ae5634c4776d323eb506bbf9ac26b0e304e8f1ff4bb335ee3f5fb9f1b,清末杨柳青年画（候选，待确认）,yangliuqing_late_qing_candidate,清末杨柳青年画（候选）,3,369,512,187170,37415,9178431.117340088,0.08485014793336897,candidate_exploratory_not_formal_manifest
IMG-0655,bea33c65261cc1e39128a269588818d16ea7733c4a2e412249731cc1bd0ba7e8,清末杨柳青年画（候选，待确认）,yangliuqing_late_qing_candidate,清末杨柳青年画（候选）,3,304,512,154020,32721,8258765.777282715,0.05754754675306617,candidate_exploratory_not_formal_manifest
IMG-0638,bed05f492c361332417bcd05f319a076bd92bdba7d3d3992ec78ba4a927a49e5,清末杨柳青年画（候选，待确认）,yangliuqing_late_qing_candidate,清末杨柳青年画（候选）,3,512,318,161160,54232,14732818.18939209,0.10621251278154613,candidate_exploratory_not_formal_manifest
IMG-0668,bf3dd230e40529a8337bd56860ad032e73bab09b600343b01b7788ca8d671498,清末杨柳青年画（候选，待确认）,yangliuqing_late_qing_candidate,清末杨柳青年画（候选）,3,512,287,145350,59115,17535535.0917511,0.18156408769023116,candidate_exploratory_not_formal_manifest
IMG-0621,c21512073fc00c6827a991d848862cc2fae9c7006c3fd1f4593765641037db8f,清末杨柳青年画（候选，待确认）,yangliuqing_late_qing_candidate,清末杨柳青年画（候选）,3,512,384,194820,55390,15431940.977935791,0.12492747810086739,candidate_exploratory_not_formal_manifest
IMG-0684,c5283cb6583c136eed8d5f2a1de70852011bea539cb5956796ed43017982814b,清末杨柳青年画（候选，待确认）,yangliuqing_late_qing_candidate,清末杨柳青年画（候选）,3,512,279,141270,47160,12616178.817886353,0.03328050093272056,candidate_exploratory_not_formal_manifest
IMG-0676,c57ae4b48c3ebeaa40dfb8f42c5e61978dfea46e4c6cd0e40dd2dfe1ab7e121c,清末杨柳青年画（候选，待确认）,yangliuqing_late_qing_candidate,清末杨柳青年画（候选）,3,474,512,240720,108751,32985750.2815094,0.10674456477033238,candidate_exploratory_not_formal_manifest
IMG-0697,c8eb1b1d6285d12b5e8f0f95eb49f3d573bb30eab088e0ddad5f94ce6a1605ef,清末杨柳青年画（候选，待确认）,yangliuqing_late_qing_candidate,清末杨柳青年画（候选）,3,512,384,194820,94048,27186399.12750244,0.13734635156339617,candidate_exploratory_not_formal_manifest
IMG-0613,ca74e4c2bab4837f0654dd3609b5bf0066903ac08cc0927d3cfd7b58d9a551e7,清末杨柳青年画（候选，待确认）,yangliuqing_late_qing_candidate,清末杨柳青年画（候选）,3,512,304,154020,36356,8925898.484832764,0.042346681263503265,candidate_exploratory_not_formal_manifest
IMG-0683,ca96d5389e1792c858545bad253abb1dbffc69c0a4d196e26b5fad802072ab75,清末杨柳青年画（候选，待确认）,yangliuqing_late_qing_candidate,清末杨柳青年画（候选）,3,512,271,137190,39510,10215312.316574097,0.057873287788832925,candidate_exploratory_not_formal_manifest
IMG-0615,d2a80819592e9c7c803e926ce2f0796fe88dd276c3034726993453505175e8e5,清末杨柳青年画（候选，待确认）,yangliuqing_late_qing_candidate,清末杨柳青年画（候选）,3,305,512,154530,27463,6095481.3539123535,0.03548592602654802,candidate_exploratory_not_formal_manifest
IMG-0657,d7a3d51ba22b4264a85c4ed69c55a0de6fa0c33fce21bd005856e9284bc7d5eb,清末杨柳青年画（候选，待确认）,yangliuqing_late_qing_candidate,清末杨柳青年画（候选）,3,300,512,151980,35576,8953245.9684906,0.06423963247014602,candidate_exploratory_not_formal_manifest
IMG-0648,d93bccc4194e26f28c82eeae6122c7f826baf2a08912a70a409f5c4ecffa82ec,清末杨柳青年画（候选，待确认）,yangliuqing_late_qing_candidate,清末杨柳青年画（候选）,3,512,289,146370,40374,9735136.869522095,0.020057379306022423,candidate_exploratory_not_formal_manifest
IMG-0640,d9c8e504be00720ba549e129beabeff32d85e59f6c3adf0ffb2360f5d75cc5dd,清末杨柳青年画（候选，待确认）,yangliuqing_late_qing_candidate,清末杨柳青年画（候选）,3,512,344,174420,46250,10795462.67060852,0.03401034752367004,candidate_exploratory_not_formal_manifest
IMG-0653,da9448ec5727008914ce75a248583dbcc2b1f75eadba0bbf4a5ef728e764859b,清末杨柳青年画（候选，待确认）,yangliuqing_late_qing_candidate,清末杨柳青年画（候选）,3,283,512,143310,18773,4549168.102554321,0.15783960440967454,candidate_exploratory_not_formal_manifest
IMG-0666,ddd13085bb40615649de7815b5065a74e47a98e60cff47bdb1ab215b254e3416,清末杨柳青年画（候选，待确认）,yangliuqing_late_qing_candidate,清末杨柳青年画（候选）,3,512,317,160650,69041,22539200.526000977,0.0978047370690399,candidate_exploratory_not_formal_manifest
IMG-0700,e0d7ebe070bb2887b8b803c1ec86f9e1835e87050fe55e308ae9c0599c3db9a3,清末杨柳青年画（候选，待确认）,yangliuqing_late_qing_candidate,清末杨柳青年画（候选）,3,512,384,194820,84981,25505810.491226196,0.09373349557969739,candidate_exploratory_not_formal_manifest
IMG-0703,e44de1aefa31a2b7bed3806fcc5b991540ea46ab3f9afa17b8667917d529dd34,清末杨柳青年画（候选，待确认）,yangliuqing_late_qing_candidate,清末杨柳青年画（候选）,3,297,512,150450,38188,9914217.547195435,0.17268176148359346,candidate_exploratory_not_formal_manifest
IMG-0691,e71c9ed6d9aa6ad1491aaaf7b150e96caf56f236786d3de9a14e37308422b904,清末杨柳青年画（候选，待确认）,yangliuqing_late_qing_candidate,清末杨柳青年画（候选）,3,433,512,219810,92378,31448112.181900024,0.12978421977660162,candidate_exploratory_not_formal_manifest
IMG-0670,ea4916d3970f8a85946a1b448fbb328e1eb559772cb16482bc564ddb5909ce31,清末杨柳青年画（候选，待确认）,yangliuqing_late_qing_candidate,清末杨柳青年画（候选）,3,512,313,158610,61202,20515186.806137085,0.021567950296626545,candidate_exploratory_not_formal_manifest
IMG-0634,ead3192796f0747047f01018370caf42ff85ae3be4afbb5bcb22eafdbf5aaa15,清末杨柳青年画（候选，待确认）,yangliuqing_late_qing_candidate,清末杨柳青年画（候选）,3,215,512,108630,33367,8414128.36605835,0.11100022093596945,candidate_exploratory_not_formal_manifest
IMG-0654,ebb010dc27dab3af1e30089ec965056a336aa4a39ec3c6eeb83fa7b26d3d8e8f,清末杨柳青年画（候选，待确认）,yangliuqing_late_qing_candidate,清末杨柳青年画（候选）,3,284,512,143820,22325,5510306.808441162,0.1578827745476037,candidate_exploratory_not_formal_manifest
IMG-0608,edbd47da07dfc3ae55cc330a190ee83a208f15a922a1f1588c6f8a9c17c9b342,清末杨柳青年画（候选，待确认）,yangliuqing_late_qing_candidate,清末杨柳青年画（候选）,3,512,296,149940,23558,5110736.393661499,0.027460509166982706,candidate_exploratory_not_formal_manifest
IMG-0671,f4c960f8591f9c511a824e042073d2d3a41b771e6013d65236907cfafdaef31f,清末杨柳青年画（候选，待确认）,yangliuqing_late_qing_candidate,清末杨柳青年画（候选）,3,512,304,154020,63715,21377695.184432983,0.07254714009792532,candidate_exploratory_not_formal_manifest
IMG-0686,f9809452b1bd37e5761264a56001d9625022512efd057204042fd77b81af3647,清末杨柳青年画（候选，待确认）,yangliuqing_late_qing_candidate,清末杨柳青年画（候选）,3,512,312,158100,43484,15149938.513595581,0.05792936355685091,candidate_exploratory_not_formal_manifest
IMG-0656,fc3f5ac62830fb034bf5141cd32ffb19dc781c154966b5a379a29c8f7768c56b,清末杨柳青年画（候选，待确认）,yangliuqing_late_qing_candidate,清末杨柳青年画（候选）,3,512,298,150960,32038,7620177.241165161,0.1751431750531813,candidate_exploratory_not_formal_manifest
IMG-0652,fd6a10ac2097270fe3db31c957db6ff8d137a71c1245d23a1c8066adc5840432,清末杨柳青年画（候选，待确认）,yangliuqing_late_qing_candidate,清末杨柳青年画（候选）,3,285,512,144330,28234,7900727.509735107,0.37601319137155953,candidate_exploratory_not_formal_manifest
