sample_id,sha256,proposed_group,group_id,group_label,group_order,original_width,original_height,analysis_width,analysis_height,valid_pixel_count,strong_gradient_pixel_count,canny_edge_pixel_count,normalized_direction_entropy,sobel_strong_gradient_ratio,canny_edge_density,analysis_scope
IMG-0145,003dfdbe3ab762f0f256c3958dbd4ca73fe8997eb915f5fa92f702fcc9df32ea,清代姑苏版画（候选，待确认）,gusu_qing_candidate,清代姑苏版画（候选）,1,2456,4000,314,512,159120,12971,5207,0.8797317122639551,0.08151709401709402,0.03272373051784817,candidate_exploratory_not_formal_manifest
IMG-0103,00878b718c8f9a6bb07e1b972a4536cf1502b13ba5f12eaf69e80c46a69b6a27,清代姑苏版画（候选，待确认）,gusu_qing_candidate,清代姑苏版画（候选）,1,2090,3400,315,512,159630,27330,13770,0.996170085394732,0.17120841947002444,0.08626198083067092,candidate_exploratory_not_formal_manifest
IMG-0102,00a6bc04f7cc55bc2e7e5b4e0b3b050fb72b4c09546fd2de0697ae516ed199e4,清代姑苏版画（候选，待确认）,gusu_qing_candidate,清代姑苏版画（候选）,1,1867,3400,281,512,142290,12287,7101,0.9627263182623174,0.08635181671234803,0.04990512333965844,candidate_exploratory_not_formal_manifest
IMG-0106,0133e106380fcd4dafd1763bd3273312b8667082c1fe5c029aaaf5b056d2d200,清代姑苏版画（候选，待确认）,gusu_qing_candidate,清代姑苏版画（候选）,1,3400,2450,512,369,187170,61934,32774,0.9849157518858492,0.330897045466688,0.17510284767858098,candidate_exploratory_not_formal_manifest
IMG-0095,0240cf3c69b5cf6cc3237352284cb4a3555c076d13d865743583f437175cf7a4,清代姑苏版画（候选，待确认）,gusu_qing_candidate,清代姑苏版画（候选）,1,1928,3400,290,512,146880,16519,9194,0.9690227683531399,0.11246595860566448,0.06259531590413943,candidate_exploratory_not_formal_manifest
IMG-0323,030377a155d19c68d70b46acb726fdf813b7e07e1cecf6a012a3b8d5b899581e,清代姑苏版画（候选，待确认）,gusu_qing_candidate,清代姑苏版画（候选）,1,748,832,460,512,233580,119021,57422,0.9892673956799856,0.5095513314496104,0.2458344036304478,candidate_exploratory_not_formal_manifest
IMG-0111,031ba8810d4e7e66cf9304c83e7c28c921163f2429aed1353776287225f9082b,清代姑苏版画（候选，待确认）,gusu_qing_candidate,清代姑苏版画（候选）,1,1943,3400,293,512,148410,42325,21661,0.9585808415140831,0.2851896772454686,0.14595377669968332,candidate_exploratory_not_formal_manifest
IMG-0202,0360d8871387ba330490e82105456f4d602a4fdcc923cac793aaff0703555b73,清代姑苏版画（候选，待确认）,gusu_qing_candidate,清代姑苏版画（候选）,1,2400,2388,512,509,258570,65197,33675,0.973387107696945,0.25214448698611597,0.13023552616312797,candidate_exploratory_not_formal_manifest
IMG-0219,036e0ee78242384bae46433d8df0fc24bc8f85968068b31e350ba13d974ef263,清代姑苏版画（候选，待确认）,gusu_qing_candidate,清代姑苏版画（候选）,1,3253,2596,512,409,207570,19079,9270,0.9775235782005425,0.09191598015127427,0.04465963289492701,candidate_exploratory_not_formal_manifest
IMG-0378,03c578e9239cb75b6f95e1dd922474168d6fa81868890e4c1bd228a7642be391,清代姑苏版画（候选，待确认）,gusu_qing_candidate,清代姑苏版画（候选）,1,4000,3682,512,471,239190,49482,22884,0.9394468035108208,0.20687319704001003,0.09567289602408127,candidate_exploratory_not_formal_manifest
IMG-0008,03fafb01f7df498d4679adcaf0736920f25eb18b632d6a7dfdf2bcf0dbbe822a,清代姑苏版画（候选，待确认）,gusu_qing_candidate,清代姑苏版画（候选）,1,1000,809,512,414,210120,34983,17112,0.9820797614060081,0.16649057681324958,0.0814391776127927,candidate_exploratory_not_formal_manifest
IMG-0428,049b5ade562a45d2f6b52c3965dec4e8e93def839e80abf2c2789d6c0c3534f9,清代姑苏版画（候选，待确认）,gusu_qing_candidate,清代姑苏版画（候选）,1,1990,4000,255,512,129030,9198,4940,0.9616232160577693,0.07128574750058125,0.03828566999922499,candidate_exploratory_not_formal_manifest
IMG-0339,04d998d6c0f025f8e02a8c73caea201b1110f1f58ce259ce10e3140e91859a20,清代姑苏版画（候选，待确认）,gusu_qing_candidate,清代姑苏版画（候选）,1,1080,1822,303,512,153510,24950,12039,0.9794131534307213,0.16253012833040192,0.07842485831541919,candidate_exploratory_not_formal_manifest
IMG-0369,05495455e874ea183fcbc2ff9138744ae2a90905242be11bd3db19ab8c01d3ff,清代姑苏版画（候选，待确认）,gusu_qing_candidate,清代姑苏版画（候选）,1,1080,1411,392,512,198900,24507,12269,0.9924586445326076,0.12321266968325792,0.06168426344896933,candidate_exploratory_not_formal_manifest
IMG-0040,060c937bc028a282b69ea3f6ced837498acc67a1d9475a72df532a878c4e0da6,清代姑苏版画（候选，待确认）,gusu_qing_candidate,清代姑苏版画（候选）,1,979,1000,501,512,254490,54915,25002,0.9618849396970935,0.21578451019686432,0.09824354591536014,candidate_exploratory_not_formal_manifest
IMG-0290,0628f0b9a2bbeb717aa799aeb375897443a4dec323c753748ba9a4058843f667,清代姑苏版画（候选，待确认）,gusu_qing_candidate,清代姑苏版画（候选）,1,4000,3147,512,403,204510,41458,19800,0.9674678347911518,0.20271869346242238,0.09681678157547308,candidate_exploratory_not_formal_manifest
IMG-0059,079a41128ffc90bf069f686c58f086bf03035daac1c9ec4f3ca08ae75f822b96,清代姑苏版画（候选，待确认）,gusu_qing_candidate,清代姑苏版画（候选）,1,1000,908,512,465,236130,41084,20353,0.9950826084820841,0.1739889044170584,0.08619404565281837,candidate_exploratory_not_formal_manifest
IMG-0005,07a7349044de755cbd3bb1ce0d49083d521bd3055143c7c21f271ff968b8171f,清代姑苏版画（候选，待确认）,gusu_qing_candidate,清代姑苏版画（候选）,1,1000,782,512,400,202980,35562,17318,0.9942767123505497,0.1751995270469997,0.08531875061582422,candidate_exploratory_not_formal_manifest
IMG-0212,0849f861546a105a31a74a16a4a6cec106a3faeb5c9bf0d1021749e93cdd4162,清代姑苏版画（候选，待确认）,gusu_qing_candidate,清代姑苏版画（候选）,1,3508,2817,512,411,208590,15497,7861,0.9830136981239448,0.07429406970612205,0.03768637039167745,candidate_exploratory_not_formal_manifest
IMG-0416,08d485b8b4495aef4cd0c74ab398a2988000223551ccd5d6a3c3e209b3313151,清代姑苏版画（候选，待确认）,gusu_qing_candidate,清代姑苏版画（候选）,1,3177,4000,407,512,206550,49458,26037,0.9672209768809269,0.2394480755265069,0.1260566448801743,candidate_exploratory_not_formal_manifest
IMG-0152,09064ca1efb88cc4d4b08a7ee705c233df9d541bee7f3df7cea4d936cd530c9c,清代姑苏版画（候选，待确认）,gusu_qing_candidate,清代姑苏版画（候选）,1,2304,3908,302,512,153000,15497,9866,0.9781242838669184,0.1012875816993464,0.06448366013071895,candidate_exploratory_not_formal_manifest
IMG-0387,0a0812b08a289a966b2485f1fa20c0d1758acb0bc696fddf1692dcab3c980cb3,清代姑苏版画（候选，待确认）,gusu_qing_candidate,清代姑苏版画（候选）,1,2168,4000,278,512,140760,24748,11977,0.9454158820345452,0.1758169934640523,0.08508809320829781,candidate_exploratory_not_formal_manifest
IMG-0374,0a253d1598ff260549caef0afc9581619f0350d8ac1bed0e6adf2d156231c541,清代姑苏版画（候选，待确认）,gusu_qing_candidate,清代姑苏版画（候选）,1,4000,3725,512,477,242250,51820,25350,0.9698884529279859,0.21391124871001033,0.10464396284829722,candidate_exploratory_not_formal_manifest
IMG-0393,0b45ff734034df3e1639dc35c3d59dd0273c26ef50c63f608496ebcb9d0173f7,清代姑苏版画（候选，待确认）,gusu_qing_candidate,清代姑苏版画（候选）,1,4000,2227,512,285,144330,41455,24009,0.9841108323350587,0.2872237234116261,0.16634795260860527,candidate_exploratory_not_formal_manifest
IMG-0282,0c07c48f1503d18d1a2ed56cef8b12302d915e4b8d4a079048acf3f950ab66d7,清代姑苏版画（候选，待确认）,gusu_qing_candidate,清代姑苏版画（候选）,1,4000,3133,512,401,203490,18128,10975,0.9939074563204419,0.08908545874490147,0.05393385424345177,candidate_exploratory_not_formal_manifest
IMG-0366,0ca295811239d9d18951f8ae25edbe1e85d07afad93d3016c9d5948abd875e91,清代姑苏版画（候选，待确认）,gusu_qing_candidate,清代姑苏版画（候选）,1,1080,1591,348,512,176460,25560,14484,0.9916093448124622,0.14484869092145528,0.08208092485549133,candidate_exploratory_not_formal_manifest
IMG-0381,0d5e978c2967fb96fb824ebefb49f5415fd3e10a0eb1455abaa523a8acbcf1bd,清代姑苏版画（候选，待确认）,gusu_qing_candidate,清代姑苏版画（候选）,1,4000,3699,512,473,240210,47507,23885,0.9568318939110039,0.197772782148953,0.09943382873319179,candidate_exploratory_not_formal_manifest
IMG-0405,0d756469edf6b465919bdd6723c219f7748a461c0d12a69d0e7a419652cb9707,清代姑苏版画（候选，待确认）,gusu_qing_candidate,清代姑苏版画（候选）,1,2137,4000,274,512,138720,29557,18770,0.9871252115640909,0.2130694925028835,0.1353085351787774,candidate_exploratory_not_formal_manifest
IMG-0262,0d8c9d7e8279320e3c1b001be2d618d8e0dbd037b39eba67886f0a3e8f594427,清代姑苏版画（候选，待确认）,gusu_qing_candidate,清代姑苏版画（候选）,1,1300,1280,512,504,256020,75710,35379,0.9325969576652082,0.2957190844465276,0.13818842277947035,candidate_exploratory_not_formal_manifest
IMG-0015,0e0d88fdadac8417f6c4f446b53d935da658a5207de37918dd98fcc65629c861,清代姑苏版画（候选，待确认）,gusu_qing_candidate,清代姑苏版画（候选）,1,1000,796,512,408,207060,18893,10728,0.9802494320742833,0.09124408384043273,0.05181106925528832,candidate_exploratory_not_formal_manifest
IMG-0382,0e4286ddc9525719e361eb1ebcf1c1806f27e0a984b076838e02270e4d8bf71f,清代姑苏版画（候选，待确认）,gusu_qing_candidate,清代姑苏版画（候选）,1,4000,3704,512,474,240720,45731,23983,0.9664758457734479,0.1899759056164839,0.09963027583914921,candidate_exploratory_not_formal_manifest
IMG-0289,0e99d46cfcd5777feab6409ee42ed788b7526349ca478eecd88ac3ac5b3727a7,清代姑苏版画（候选，待确认）,gusu_qing_candidate,清代姑苏版画（候选）,1,4000,2990,512,383,194310,36478,18213,0.9367520917119084,0.18773094539653132,0.09373166589470434,candidate_exploratory_not_formal_manifest
IMG-0049,0ed4199dd4f0c878bb7e8bd2f2ff4d22f4aa66316ff7bb96b44eff5b935a89d0,清代姑苏版画（候选，待确认）,gusu_qing_candidate,清代姑苏版画（候选）,1,1000,871,512,446,226440,51894,24210,0.9630602003677072,0.22917329093799682,0.10691573926868045,candidate_exploratory_not_formal_manifest
IMG-0153,0ef5ac619f794477b19301949d7ee62f9c9820974e4ac94c16236f8e93d11916,清代姑苏版画（候选，待确认）,gusu_qing_candidate,清代姑苏版画（候选）,1,3038,2896,512,488,247860,67208,34852,0.9732078508759817,0.27115307028161056,0.14061163560074236,candidate_exploratory_not_formal_manifest
IMG-0347,100c9bbb1213e6bd0367575dda5f7690a41ca88d505db5146a371717bf637867,清代姑苏版画（候选，待确认）,gusu_qing_candidate,清代姑苏版画（候选）,1,1458,1080,512,379,192270,33041,18261,0.9901456672955287,0.17184688198886983,0.09497581525979092,candidate_exploratory_not_formal_manifest
IMG-0045,10c54f6f8eb38b93382bf04cd51f1737bfd80f231b34a7025845db8962ff9808,清代姑苏版画（候选，待确认）,gusu_qing_candidate,清代姑苏版画（候选）,1,1000,786,512,402,204000,26983,13861,0.9861649071660731,0.13226960784313727,0.06794607843137256,candidate_exploratory_not_formal_manifest
IMG-0035,11a6a20086a14a5a6ac73651b7167eb3adfa8cf99e1270b5593070baea236482,清代姑苏版画（候选，待确认）,gusu_qing_candidate,清代姑苏版画（候选）,1,1000,933,512,478,242760,87990,41010,0.9913365532580423,0.3624567474048443,0.1689322787938705,candidate_exploratory_not_formal_manifest
IMG-0278,11d83f3441b156050d49dc54acef6dbabfbfa20455e6956ebb529b8fd5a0c15c,清代姑苏版画（候选，待确认）,gusu_qing_candidate,清代姑苏版画（候选）,1,3894,3224,512,424,215220,51629,30778,0.9672545061531288,0.23988941548183254,0.1430071554688226,candidate_exploratory_not_formal_manifest
IMG-0275,11f00cbe597edb51a92496a4bedb43f1aa2713e20e9ab821c1f2d2d2e74768f2,清代姑苏版画（候选，待确认）,gusu_qing_candidate,清代姑苏版画（候选）,1,2375,3232,376,512,190740,38981,23888,0.9738270030675172,0.20436720142602496,0.12523854461570724,candidate_exploratory_not_formal_manifest
IMG-0180,12086cbd11aaa66b5bebcf800877e4cd73a503e26370cce9c9b1c09b1ba72f2e,清代姑苏版画（候选，待确认）,gusu_qing_candidate,清代姑苏版画（候选）,1,2122,3604,301,512,152490,22139,9835,0.9269113045751136,0.14518329070758737,0.06449603252672306,candidate_exploratory_not_formal_manifest
IMG-0346,1383515160327beb08b2f56082cb0827921661d7cfee3481b4bd23087b5f8701,清代姑苏版画（候选，待确认）,gusu_qing_candidate,清代姑苏版画（候选）,1,1080,1474,375,512,190230,29089,15285,0.9940231268840901,0.1529148924985544,0.08035010250749093,candidate_exploratory_not_formal_manifest
IMG-0159,1389d8b138952cb3b3a62cbcb63e785795c7f63d6330b4dacdb15575980502e0,清代姑苏版画（候选，待确认）,gusu_qing_candidate,清代姑苏版画（候选）,1,3514,2520,512,367,186150,62365,34864,0.9746264971697315,0.33502551705613753,0.18728982003760408,candidate_exploratory_not_formal_manifest
IMG-0009,13b4b8e234347cc05358b6f27bfd48b4d930705313fa79282905c0a5e917508e,清代姑苏版画（候选，待确认）,gusu_qing_candidate,清代姑苏版画（候选）,1,1000,794,512,407,206550,26140,13589,0.9863581616443634,0.12655531348341806,0.06579036552892763,candidate_exploratory_not_formal_manifest
IMG-0210,1406fb9d6ed3b4c16626e2477b7ee0388506fa53f3df251fafb68920b925138e,清代姑苏版画（候选，待确认）,gusu_qing_candidate,清代姑苏版画（候选）,1,3347,2685,512,411,208590,15883,8356,0.9897244354680591,0.07614458986528597,0.04005944676158972,candidate_exploratory_not_formal_manifest
IMG-0129,14be47305a1cea2d242987ebae97eb2f0d83d2560d5efe7b1abf8f4b0b12df33,清代姑苏版画（候选，待确认）,gusu_qing_candidate,清代姑苏版画（候选）,1,2106,4000,270,512,136680,24581,11272,0.9274212967412925,0.17984342990927715,0.08247000292654375,candidate_exploratory_not_formal_manifest
IMG-0258,155c77c206cb7e2e2d1b32d2a329424ddea0aa9f560302c71cf9ff7f6f565ed2,清代姑苏版画（候选，待确认）,gusu_qing_candidate,清代姑苏版画（候选）,1,2468,2521,501,512,254490,106285,46079,0.9238627450200502,0.4176391999685646,0.1810640889622382,candidate_exploratory_not_formal_manifest
IMG-0247,156fabb73a144c78b1daed6fcf0e66cd468a7929504e9d675265b66686b6817b,清代姑苏版画（候选，待确认）,gusu_qing_candidate,清代姑苏版画（候选）,1,568,1052,276,512,139740,36220,19874,0.9962256419881541,0.2591956490625447,0.14222126806927152,candidate_exploratory_not_formal_manifest
IMG-0116,1579951a99796aacf16afe744b9792430a1ed1d7d3ad4f0bcd7859a9a50efad7,清代姑苏版画（候选，待确认）,gusu_qing_candidate,清代姑苏版画（候选）,1,3264,2448,512,384,194820,44217,21114,0.8820000380592504,0.2269633507853403,0.10837696335078534,candidate_exploratory_not_formal_manifest
IMG-0140,15fb21ebb8e58d760df7d6f5f11fd6947d9241905b697e5f74f8376dc2893029,清代姑苏版画（候选，待确认）,gusu_qing_candidate,清代姑苏版画（候选）,1,2407,4000,308,512,156060,24572,12516,0.9060225679932811,0.15745226195053186,0.0801999231064975,candidate_exploratory_not_formal_manifest
IMG-0317,1728a2b412b8f7250b531a8412951217fb74cddce43c41c845cd12434c992e53,清代姑苏版画（候选，待确认）,gusu_qing_candidate,清代姑苏版画（候选）,1,566,434,512,393,199410,73006,36112,0.9582751717412903,0.36611002457248887,0.18109422797251892,candidate_exploratory_not_formal_manifest
IMG-0354,17e021d4cb00439f7ec48bd02b7423cc07fe198694918e8e068acf5008de09a7,清代姑苏版画（候选，待确认）,gusu_qing_candidate,清代姑苏版画（候选）,1,1042,1870,285,512,144330,33489,16101,0.9789361479918867,0.2320307628351694,0.11155684888796508,candidate_exploratory_not_formal_manifest
IMG-0191,18712d9b9baf2a250c4994f1c852c7f5a0a9c2d0f6282a5f6304cd0bd58a5730,清代姑苏版画（候选，待确认）,gusu_qing_candidate,清代姑苏版画（候选）,1,1782,3704,246,512,124440,6665,2632,0.7095255161067598,0.05355994856959177,0.02115075538412086,candidate_exploratory_not_formal_manifest
IMG-0448,18d4cc24b98f3a397b28dc7270ab81a36c3922b7c1d80bfb77202b21593226c6,清代姑苏版画（候选，待确认）,gusu_qing_candidate,清代姑苏版画（候选）,1,2990,4000,383,512,194310,29083,17508,0.9960407427006713,0.14967320261437908,0.09010344295198394,candidate_exploratory_not_formal_manifest
IMG-0013,190d558c0bb4f65bcdfbb51024684dc60a8889b4ab77a4e3120c7a989eae23ee,清代姑苏版画（候选，待确认）,gusu_qing_candidate,清代姑苏版画（候选）,1,1000,790,512,404,205020,31318,14795,0.9929010356095249,0.15275582869963905,0.07216369134718564,candidate_exploratory_not_formal_manifest
IMG-0222,191d291f195141cc9b8b602a7c80671eef0adc8f8bd1aae8104c463632f3765e,清代姑苏版画（候选，待确认）,gusu_qing_candidate,清代姑苏版画（候选）,1,2549,3374,387,512,196350,16332,8855,0.9912220762930808,0.08317799847211611,0.045098039215686274,candidate_exploratory_not_formal_manifest
IMG-0309,19255c53cf86d2b18565ebc8ac8d2354322c574598afcb58ab2fa5d70e592768,清代姑苏版画（候选，待确认）,gusu_qing_candidate,清代姑苏版画（候选）,1,930,1554,306,512,155040,46382,24700,0.9808234445336634,0.29916150670794633,0.15931372549019607,candidate_exploratory_not_formal_manifest
IMG-0003,196352214a5d4a574412f9d53aa5720907449bf490732213487bc14df5ef2fc1,清代姑苏版画（候选，待确认）,gusu_qing_candidate,清代姑苏版画（候选）,1,758,1000,388,512,196860,37609,16837,0.9854651328086926,0.19104439703342477,0.08552778624403129,candidate_exploratory_not_formal_manifest
IMG-0370,199f895f09fc7d8d68b40f5c25f3734afc139ec187dada785ec9a21fa21c2897,清代姑苏版画（候选，待确认）,gusu_qing_candidate,清代姑苏版画（候选）,1,1080,1576,351,512,177990,34672,18259,0.9666728980657417,0.19479746053149052,0.10258441485476712,candidate_exploratory_not_formal_manifest
IMG-0292,1a488605dac22d61b9c550a2069ea820464ad3887d2e3a5c73127cb4fb082ed6,清代姑苏版画（候选，待确认）,gusu_qing_candidate,清代姑苏版画（候选）,1,4000,2124,512,272,137700,17112,9862,0.869814046520833,0.12427015250544662,0.07161946259985476,candidate_exploratory_not_formal_manifest
IMG-0010,1ae152d8deae47f3e98ffdba991135a74e60a8dc11deda2b9a2d5119d7d66f83,清代姑苏版画（候选，待确认）,gusu_qing_candidate,清代姑苏版画（候选）,1,1000,797,512,408,207060,30203,15544,0.9934243743792017,0.14586593257992853,0.07507002801120448,candidate_exploratory_not_formal_manifest
IMG-0042,1cefcdf264a3f7a925557502ca0070ed41900716222d89b256db5c88e1ec9ff0,清代姑苏版画（候选，待确认）,gusu_qing_candidate,清代姑苏版画（候选）,1,983,1000,503,512,255510,43371,19603,0.99408421743506,0.16974286720676293,0.0767210676685844,candidate_exploratory_not_formal_manifest
IMG-0330,1d13c60bd7f8e059855a4986e5816b97ddc5fa88829ab19c80c2e44665bc45cf,清代姑苏版画（候选，待确认）,gusu_qing_candidate,清代姑苏版画（候选）,1,1142,1080,512,484,245820,46399,24280,0.9183860802091174,0.18875193230819298,0.09877145879098527,candidate_exploratory_not_formal_manifest
IMG-0001,1d149231e57eae7758126e3a0adc40326548c46787ce9eb067fcf0217774ac78,清代姑苏版画（候选，待确认）,gusu_qing_candidate,清代姑苏版画（候选）,1,797,1000,408,512,207060,36748,18684,0.9568273365341997,0.17747512798222737,0.09023471457548536,candidate_exploratory_not_formal_manifest
IMG-0373,1eba206819dee4cc788537034ec9386940793e5d2732c1f0ae519c0d4e0d7b1a,清代姑苏版画（候选，待确认）,gusu_qing_candidate,清代姑苏版画（候选）,1,4000,3000,512,384,194820,28483,17146,0.9953841549139588,0.14620162201006057,0.08800944461554255,candidate_exploratory_not_formal_manifest
IMG-0206,1f3ac7866d6dda358672ce986dabf650ab66eb4666e726d483c8b98ca4094afa,清代姑苏版画（候选，待确认）,gusu_qing_candidate,清代姑苏版画（候选）,1,2941,3408,442,512,224400,35102,18716,0.8934343336974115,0.15642602495543673,0.08340463458110517,candidate_exploratory_not_formal_manifest
IMG-0306,1f67809dc6b63a51f8be7df599c33442a48362d06e9514f61791578829561be5,清代姑苏版画（候选，待确认）,gusu_qing_candidate,清代姑苏版画（候选）,1,1280,1816,361,512,183090,37505,19129,0.9776554166009483,0.2048446119394833,0.10447867169151784,candidate_exploratory_not_formal_manifest
IMG-0415,20f5dfcfc0971157ddcf20ec28d6e8ce7d555f9e406f1a87f15f7f1efacc1ea3,清代姑苏版画（候选，待确认）,gusu_qing_candidate,清代姑苏版画（候选）,1,4000,3132,512,401,203490,15344,9462,0.9944847240489678,0.07540419676642587,0.04649859943977591,candidate_exploratory_not_formal_manifest
IMG-0175,21ed6ed3a19e6f545c59cf1b74181d45d589926cc3eb73b35cf256aabebae943,清代姑苏版画（候选，待确认）,gusu_qing_candidate,清代姑苏版画（候选）,1,2041,3770,277,512,140250,30197,17629,0.9045498842317107,0.2153083778966132,0.1256969696969697,candidate_exploratory_not_formal_manifest
IMG-0108,2226d967dd810c245df55b7eff33d06aae0c7da05fe5dbab2a895a84c54144ba,清代姑苏版画（候选，待确认）,gusu_qing_candidate,清代姑苏版画（候选）,1,3400,544,512,82,40800,13577,7654,0.9450519429440422,0.33276960784313725,0.18759803921568627,candidate_exploratory_not_formal_manifest
IMG-0319,2363a9f4ce4ff21b9cf793dfcdaaa535517a6d5c7ebfcc0a3cadbee2ee252e65,清代姑苏版画（候选，待确认）,gusu_qing_candidate,清代姑苏版画（候选）,1,1080,1842,300,512,151980,32562,17677,0.8920665781113082,0.214251875246743,0.11631135675746809,candidate_exploratory_not_formal_manifest
IMG-0383,23afa02aefd3140a347f662d2f41f093174f00940a297ff100ad0c8f82fc1b00,清代姑苏版画（候选，待确认）,gusu_qing_candidate,清代姑苏版画（候选）,1,4000,3688,512,472,239700,43802,23631,0.9800217802520187,0.18273675427617855,0.09858573216520651,candidate_exploratory_not_formal_manifest
IMG-0128,2491990a1362b097fdd2f1a784f2034146f8e728bef3c2b27c5dd044ff82dd68,清代姑苏版画（候选，待确认）,gusu_qing_candidate,清代姑苏版画（候选）,1,3711,2998,512,414,210120,25540,13177,0.9409507378561911,0.12154959071007043,0.06271178374262326,candidate_exploratory_not_formal_manifest
IMG-0419,2529b7f42d1fb8814b3c5a722f00a9fdfbbcf1b2f7be7f80266b80c478e2c16c,清代姑苏版画（候选，待确认）,gusu_qing_candidate,清代姑苏版画（候选）,1,4000,3294,512,422,214200,17629,7481,0.9897378905805285,0.0823015873015873,0.03492530345471522,candidate_exploratory_not_formal_manifest
IMG-0020,2559c604f0c890e42f80832688db4073e55180d093d360fb5b2d3b4efc96a4ce,清代姑苏版画（候选，待确认）,gusu_qing_candidate,清代姑苏版画（候选）,1,1000,803,512,411,208590,29697,15147,0.9858555480882484,0.1423701999137063,0.0726161369193154,candidate_exploratory_not_formal_manifest
IMG-0056,260503708f0c8440ef36354cf7ddce013e6542f5665b46c9b01badc9d26bce1f,清代姑苏版画（候选，待确认）,gusu_qing_candidate,清代姑苏版画（候选）,1,1000,984,512,504,256020,85164,39578,0.9523224780722666,0.332645887040075,0.15458948519646903,candidate_exploratory_not_formal_manifest
IMG-0058,26a6596b2e9d23c72e513f7050f5f586d0c08e87587bfb9ae1faa36904fb2a88,清代姑苏版画（候选，待确认）,gusu_qing_candidate,清代姑苏版画（候选）,1,707,1000,362,512,183600,33887,16733,0.9937069317410592,0.18456971677559914,0.09113834422657952,candidate_exploratory_not_formal_manifest
IMG-0070,26bfb9bb5c60afb604cdc05299fb7d824304854f3bfb7be3a91ad6c412add305,清代姑苏版画（候选，待确认）,gusu_qing_candidate,清代姑苏版画（候选）,1,1000,960,512,492,249900,72167,33152,0.9667670838530276,0.2887835134053621,0.1326610644257703,candidate_exploratory_not_formal_manifest
IMG-0299,27061167a4821b171a9f321dbc3150083c57601a0a10d460afcea8d3dd60462d,清代姑苏版画（候选，待确认）,gusu_qing_candidate,清代姑苏版画（候选）,1,4000,1196,512,153,77010,5296,1043,0.24802215723492474,0.06877028957278275,0.013543695623944942,candidate_exploratory_not_formal_manifest
IMG-0041,2712975b12729e877cbeef0d7b28b38ea41b00929abd145ef3ec451ee8e2ce38,清代姑苏版画（候选，待确认）,gusu_qing_candidate,清代姑苏版画（候选）,1,956,1000,489,512,248370,43229,21475,0.9889640045955949,0.17405081128960825,0.08646374360832629,candidate_exploratory_not_formal_manifest
IMG-0455,27b66761f77d21e2caa73837e84f9d8d32e922c30243acd72ccc06b3086460c5,清代姑苏版画（候选，待确认）,gusu_qing_candidate,清代姑苏版画（候选）,1,3277,4000,419,512,212670,4147,1278,0.9364008481710742,0.019499694362157333,0.0060093101988997035,candidate_exploratory_not_formal_manifest
IMG-0312,27eab1f5a2b9d48eeac6ab433c4dde3e5cf56b5b9367b7e518ae6e15de044952,清代姑苏版画（候选，待确认）,gusu_qing_candidate,清代姑苏版画（候选）,1,438,540,415,512,210630,27297,16011,0.979835253329963,0.12959692351516877,0.07601481270474292,candidate_exploratory_not_formal_manifest
IMG-0407,28a9d064e83dd73c949167993a9ae470645fa0adcc2e5fbd23582fbc56c5fff3,清代姑苏版画（候选，待确认）,gusu_qing_candidate,清代姑苏版画（候选）,1,3256,4000,417,512,211650,16413,8944,0.9704856863072728,0.07754783841247342,0.04225844554689345,candidate_exploratory_not_formal_manifest
IMG-0273,299edf692d32adfe4291f827ae8ea81412a766f6133b303adfd3ead1ef9a0513,清代姑苏版画（候选，待确认）,gusu_qing_candidate,清代姑苏版画（候选）,1,1504,1002,512,341,172890,65097,30317,0.8937393524163751,0.37652264445601247,0.17535427150211116,candidate_exploratory_not_formal_manifest
IMG-0327,29a74dacf370fd4cade0eeee96ea8bd1d0d87023b7df298ea751bafb6f70c183,清代姑苏版画（候选，待确认）,gusu_qing_candidate,清代姑苏版画（候选）,1,1080,1945,284,512,143820,34291,17272,0.9689174061417868,0.23842998192184675,0.12009456264775414,candidate_exploratory_not_formal_manifest
IMG-0384,2ad05719072d73e9db3db372a157a3f583476b980921e93fa23391cd2a2ae3ad,清代姑苏版画（候选，待确认）,gusu_qing_candidate,清代姑苏版画（候选）,1,4000,3705,512,474,240720,42737,19467,0.962216868640996,0.17753821867730143,0.08086989032901296,candidate_exploratory_not_formal_manifest
IMG-0060,2b4eccb412a5cc5fcfef601bae199572a56fd5f430a07399f3f9867e14a7d0e1,清代姑苏版画（候选，待确认）,gusu_qing_candidate,清代姑苏版画（候选）,1,1000,855,512,438,222360,52652,24938,0.9702553217607202,0.2367871919409966,0.11215146609102357,candidate_exploratory_not_formal_manifest
IMG-0007,2b7f80008573437a37e8bbd2e3f93c38965f5cb9532da6cbf2dcb7acad3d30f1,清代姑苏版画（候选，待确认）,gusu_qing_candidate,清代姑苏版画（候选）,1,843,1000,432,512,219300,31865,14218,0.989476709486062,0.1453032375740994,0.06483356133150935,candidate_exploratory_not_formal_manifest
IMG-0154,2c308b24eec6e4b263932ce1138a14a09e58384f0274978b5e09f6259c61b2ab,清代姑苏版画（候选，待确认）,gusu_qing_candidate,清代姑苏版画（候选）,1,3232,2847,512,451,228990,42672,21226,0.9113474287530471,0.18634874885366173,0.09269400410498276,candidate_exploratory_not_formal_manifest
IMG-0073,2c457ab4a529696b303b572db8ed58a69169145b1ce82f25b59e7e65b241eddb,清代姑苏版画（候选，待确认）,gusu_qing_candidate,清代姑苏版画（候选）,1,1000,798,512,409,207570,27784,15425,0.9906029241015453,0.13385363973599268,0.07431228019463314,candidate_exploratory_not_formal_manifest
IMG-0139,2ccd1ce621179ec9a2372bfea6b3739075cafeb37c07e859598dc4801b93fbae,清代姑苏版画（候选，待确认）,gusu_qing_candidate,清代姑苏版画（候选）,1,2529,4000,324,512,164220,18472,8713,0.879600850444293,0.11248325417123371,0.0530568749238826,candidate_exploratory_not_formal_manifest
IMG-0081,2e8f646af5b33f5ed3939f2530e5aa65ffebc489cbe64718b49f91fa779c40e4,清代姑苏版画（候选，待确认）,gusu_qing_candidate,清代姑苏版画（候选）,1,1000,906,512,464,235620,38449,19907,0.9652531666822768,0.1631822425940073,0.08448773448773449,candidate_exploratory_not_formal_manifest
IMG-0011,2ee9f6768461c73c495e2a80eebb29c13264e423b0df05bc3a8060e6b4b331d3,清代姑苏版画（候选，待确认）,gusu_qing_candidate,清代姑苏版画（候选）,1,1000,778,512,398,201960,31148,15159,0.9882325456185284,0.15422856011091304,0.07505941770647653,candidate_exploratory_not_formal_manifest
IMG-0361,2f21991a839b9426df79c2ca97098f794ef2539c2b90ac38a8c0bdeacb422146,清代姑苏版画（候选，待确认）,gusu_qing_candidate,清代姑苏版画（候选）,1,753,1183,326,512,165240,50549,26378,0.959675480018852,0.3059126119583636,0.15963447107237957,candidate_exploratory_not_formal_manifest
IMG-0244,301c8ffbae14325bbff70a3665abab603532eb72ac3c663f9da4ea4f295497f0,清代姑苏版画（候选，待确认）,gusu_qing_candidate,清代姑苏版画（候选）,1,4000,3000,512,384,194820,20678,10921,0.9623922191389843,0.10613900010265886,0.0560568730109845,candidate_exploratory_not_formal_manifest
IMG-0349,302e048b3c83df2cc10a7a8c07b029effdc230a93220ec51e39a0697ae05497f,清代姑苏版画（候选，待确认）,gusu_qing_candidate,清代姑苏版画（候选）,1,1657,1080,512,334,169320,46317,25455,0.9808070596789628,0.2735471296952516,0.15033664068036853,candidate_exploratory_not_formal_manifest
IMG-0345,315f639eee863b3731d99524d3355ee25ade2a0b0f174afac77bb7551d222a5b,清代姑苏版画（候选，待确认）,gusu_qing_candidate,清代姑苏版画（候选）,1,1007,1655,312,512,158100,32672,18206,0.9807674539043553,0.2066540164452878,0.11515496521189121,candidate_exploratory_not_formal_manifest
IMG-0450,318e56cef2c1f63be37161083c11b651aa2268ef2713ea259a9cea80eab68915,清代姑苏版画（候选，待确认）,gusu_qing_candidate,清代姑苏版画（候选）,1,3402,4000,435,512,220830,3375,378,0.9023315268178037,0.015283249558483902,0.001711723950550197,candidate_exploratory_not_formal_manifest
IMG-0438,31ef988ff77dc19a077b1e4937ec6732479a6a162162dd3fc401627ab8d7fcbc,清代姑苏版画（候选，待确认）,gusu_qing_candidate,清代姑苏版画（候选）,1,2054,4000,263,512,133110,35573,17098,0.9775580840534882,0.2672451356021336,0.12845015400796334,candidate_exploratory_not_formal_manifest
IMG-0380,327b73cf1afd94bc10ee45c43f87df04d45079748c4b7cd8f476636dc0c1e0d4,清代姑苏版画（候选，待确认）,gusu_qing_candidate,清代姑苏版画（候选）,1,4000,3717,512,476,241740,47592,21304,0.9458531731898008,0.19687267311988085,0.08812774054769587,candidate_exploratory_not_formal_manifest
IMG-0400,3303dbeda94e8ffb62a6edd8864d24ddbd42fcedbae1060aa564d7c567e04b8b,清代姑苏版画（候选，待确认）,gusu_qing_candidate,清代姑苏版画（候选）,1,2240,4000,287,512,145350,17274,10475,0.9809917419485025,0.11884416924664602,0.07206742346061232,candidate_exploratory_not_formal_manifest
IMG-0137,33a531e8586fe6ed5aad4dce7fdf8b0c6ffb4a56bd306cefc821df4858cfa098,清代姑苏版画（候选，待确认）,gusu_qing_candidate,清代姑苏版画（候选）,1,3894,2998,512,394,199920,40213,20448,0.932103784389616,0.2011454581832733,0.10228091236494598,candidate_exploratory_not_formal_manifest
IMG-0211,33ec28e68850b45ec9c4448c1f7f511f70250b9981e59653ee16e46c5094698a,清代姑苏版画（候选，待确认）,gusu_qing_candidate,清代姑苏版画（候选）,1,2655,3414,398,512,201960,22775,12830,0.9780183791107077,0.11276985541691424,0.06352743117449,candidate_exploratory_not_formal_manifest
IMG-0158,3449eddf87f885b8015330f6dc568cd8231b7b880c91c50727a79866534f7775,清代姑苏版画（候选，待确认）,gusu_qing_candidate,清代姑苏版画（候选）,1,3944,2673,512,347,175950,56553,26011,0.9207991027179445,0.3214151747655584,0.14783177038931514,candidate_exploratory_not_formal_manifest
IMG-0357,3454659dc96f92cafbe034807a7faf70031655c4c4551cd86fa4192d38f4b6f7,清代姑苏版画（候选，待确认）,gusu_qing_candidate,清代姑苏版画（候选）,1,953,1200,407,512,206550,50145,23484,0.9365854219316423,0.24277414669571531,0.1136964415395788,candidate_exploratory_not_formal_manifest
IMG-0316,3467e3d15a7cb14586891a2330c293c7860fca1d6beb911d1152e366c3e4d866,清代姑苏版画（候选，待确认）,gusu_qing_candidate,清代姑苏版画（候选）,1,368,562,335,512,169830,35173,17399,0.8636073876039494,0.2071071071071071,0.10244950833186127,candidate_exploratory_not_formal_manifest
IMG-0454,3502e3f90d07fac53b406cd75eb31f3ea9a1b5b8ae1c9f77132e799ac11e3a1a,清代姑苏版画（候选，待确认）,gusu_qing_candidate,清代姑苏版画（候选）,1,2187,4000,280,512,141780,6628,2959,0.9252452578262813,0.04674848356608831,0.02087036253350261,candidate_exploratory_not_formal_manifest
IMG-0119,375081d83ca138406c9db47266b62ad1feff0ac952254f5816f3bf86c52d3097,清代姑苏版画（候选，待确认）,gusu_qing_candidate,清代姑苏版画（候选）,1,2048,2731,384,512,194820,30474,15776,0.9542437379221314,0.1564213119802895,0.08097731239092495,candidate_exploratory_not_formal_manifest
IMG-0444,3795bfa7f5133cb71baf720c73df92c7e9335f2ad2abea0d094492a94978e2b9,清代姑苏版画（候选，待确认）,gusu_qing_candidate,清代姑苏版画（候选）,1,2181,4000,279,512,141270,11557,6566,0.8758932616506577,0.0818078856091173,0.046478374743399165,candidate_exploratory_not_formal_manifest
IMG-0063,379a950abb3dc6f5c1221bbed8502b66174c60a72b4bd63ccea6c3df3307d104,清代姑苏版画（候选，待确认）,gusu_qing_candidate,清代姑苏版画（候选）,1,712,1000,365,512,185130,37083,20318,0.9983114014388544,0.20030789175174202,0.10974990547183061,candidate_exploratory_not_formal_manifest
IMG-0288,37df4b9173e1560202492b66c16706764c84fd630dc8b6abf335d2eca64d34c1,清代姑苏版画（候选，待确认）,gusu_qing_candidate,清代姑苏版画（候选）,1,4000,3097,512,396,200940,42069,21821,0.9712258260020615,0.20936100328456256,0.10859460535483229,candidate_exploratory_not_formal_manifest
IMG-0037,37f501bef86aac5b453a1e6ff1f407bc8c962aac9a2bbdd979c901d2e83e9e77,清代姑苏版画（候选，待确认）,gusu_qing_candidate,清代姑苏版画（候选）,1,1000,916,512,469,238170,58799,28863,0.996171713029305,0.2468782802200109,0.12118654742410882,candidate_exploratory_not_formal_manifest
IMG-0190,3a9d3f7f293c6a14e8ec31fb44d942087c365a974ffe4d9c0419a4d573041307,清代姑苏版画（候选，待确认）,gusu_qing_candidate,清代姑苏版画（候选）,1,1759,4000,225,512,113730,20308,10774,0.9685624732959206,0.17856326387057064,0.09473313989272839,candidate_exploratory_not_formal_manifest
IMG-0198,3b27246dc3d62863752ba77199da2527cc041d874c71559473cec150a6c71fe1,清代姑苏版画（候选，待确认）,gusu_qing_candidate,清代姑苏版画（候选）,1,2585,4000,331,512,167790,5880,2555,0.5638683354134464,0.03504380475594493,0.015227367542761786,candidate_exploratory_not_formal_manifest
IMG-0344,3b4a926713a876b50721af8be1634808ed32fc814f3f80d895a7b5f657cca0d6,清代姑苏版画（候选，待确认）,gusu_qing_candidate,清代姑苏版画（候选）,1,1048,1864,288,512,145860,9946,5966,0.9473593862235731,0.06818867407102701,0.04090223501988208,candidate_exploratory_not_formal_manifest
IMG-0133,3b6a492b071b1addcb17c9102649453708cab9ee3273c00bc04321a2eb077ffc,清代姑苏版画（候选，待确认）,gusu_qing_candidate,清代姑苏版画（候选）,1,2325,4000,298,512,150960,19864,10720,0.895903780871433,0.13158452570217277,0.07101218865924748,candidate_exploratory_not_formal_manifest
IMG-0017,3b7d3264fa0ca3805328b6b4f7c6909ba58a276863a64321844f863836d9f9f2,清代姑苏版画（候选，待确认）,gusu_qing_candidate,清代姑苏版画（候选）,1,1000,774,512,396,200940,20210,11238,0.9845552850824351,0.10057728675226436,0.05592714243057629,candidate_exploratory_not_formal_manifest
IMG-0303,3c1b8525e790fc4fd8722058e6a9d1dd0edc6511db0fac6d1b912c161d858300,清代姑苏版画（候选，待确认）,gusu_qing_candidate,清代姑苏版画（候选）,1,3149,4000,403,512,204510,20637,12179,0.9944447927474458,0.10090949097843627,0.05955210014180236,candidate_exploratory_not_formal_manifest
IMG-0177,3c74b494be0ecd10d31e6158fa6bfff0ba6747f808bae5b2107c22ab5d54fdb5,清代姑苏版画（候选，待确认）,gusu_qing_candidate,清代姑苏版画（候选）,1,2063,3626,291,512,147390,25263,16030,0.9335760341153003,0.17140240179116628,0.10875907456408168,candidate_exploratory_not_formal_manifest
IMG-0067,3cbb288798d4dec6b8d8c5413241419892ab6db2c928151e7959ec22d4862059,清代姑苏版画（候选，待确认）,gusu_qing_candidate,清代姑苏版画（候选）,1,813,1000,416,512,211140,29636,14879,0.9799396389605725,0.14036184522118025,0.07046983044425499,candidate_exploratory_not_formal_manifest
IMG-0246,3cc0f7e4b12eb61fe328390827df3a3d6ab67d6ccd1438283c58d98a89b0479a,清代姑苏版画（候选，待确认）,gusu_qing_candidate,清代姑苏版画（候选）,1,4000,3000,512,384,194820,26730,15271,0.9888654784494479,0.13720357252848783,0.07838517605995278,candidate_exploratory_not_formal_manifest
IMG-0138,3cd97f041d90ac01c4cc6e4bf33f197aded08f90cc4b2bdc0885573cd5a797ef,清代姑苏版画（候选，待确认）,gusu_qing_candidate,清代姑苏版画（候选）,1,2391,4000,306,512,155040,31515,18739,0.948468022385669,0.20327012383900928,0.1208655830753354,candidate_exploratory_not_formal_manifest
IMG-0256,3cf8b05c24aef2d3819f76131607d3e5a547a4b37a1984d01e992fcc4e285574,清代姑苏版画（候选，待确认）,gusu_qing_candidate,清代姑苏版画（候选）,1,1356,1302,512,492,249900,88725,41905,0.9150770991223881,0.3550420168067227,0.16768707482993198,candidate_exploratory_not_formal_manifest
IMG-0199,3dbd0da73200f2968af96c225812cd83b3f8b43e7b57cdb9bdaea39ad80cb933,清代姑苏版画（候选，待确认）,gusu_qing_candidate,清代姑苏版画（候选）,1,2942,3041,495,512,251430,28637,5275,0.9577407650565177,0.11389651195163664,0.020979994431849818,candidate_exploratory_not_formal_manifest
IMG-0225,3ea0719022cb06e5ce06998626e52844d8bc9f3f4b1665caa48c449791757053,清代姑苏版画（候选，待确认）,gusu_qing_candidate,清代姑苏版画（候选）,1,2806,3463,415,512,210630,18642,11147,0.9900960786955406,0.08850591083891184,0.05292218582348193,candidate_exploratory_not_formal_manifest
IMG-0251,3fb700e3ae68c9b2abe4ad921eca471487cee1b0297a5a6525167b1caab74e17,清代姑苏版画（候选，待确认）,gusu_qing_candidate,清代姑苏版画（候选）,1,927,581,512,321,162690,54151,29099,0.9870985183570952,0.33284774724936994,0.1788616386993669,candidate_exploratory_not_formal_manifest
IMG-0342,4129652a9e792f0a7299b678446eaad4002a0734f7d24c4b6501971c7f1d4ca0,清代姑苏版画（候选，待确认）,gusu_qing_candidate,清代姑苏版画（候选）,1,1000,1856,276,512,139740,13463,7624,0.923828347676076,0.09634320881637326,0.05455846572205524,candidate_exploratory_not_formal_manifest
IMG-0429,428ff4066dd64fccbd5fa0673df6b51bb8ef10e0dd030b8af56c47fe0f79e41e,清代姑苏版画（候选，待确认）,gusu_qing_candidate,清代姑苏版画（候选）,1,1993,4000,255,512,129030,10041,5575,0.9714323185748782,0.0778191118344571,0.043207006122607146,candidate_exploratory_not_formal_manifest
IMG-0085,42a643251f01fa2b192bb5b33aeebdd1f84e45dadb4a92c785638467e599ee47,清代姑苏版画（候选，待确认）,gusu_qing_candidate,清代姑苏版画（候选）,1,346,1000,177,512,89250,8550,3779,0.6934197464808853,0.0957983193277311,0.04234173669467787,candidate_exploratory_not_formal_manifest
IMG-0332,43ff9661221e4ce53eb46e95ef47f27af9773d89600247f531780f27470bc082,清代姑苏版画（候选，待确认）,gusu_qing_candidate,清代姑苏版画（候选）,1,1080,1623,341,512,172890,33486,17173,0.9794922564709648,0.19368384521950374,0.09932905315518538,candidate_exploratory_not_formal_manifest
IMG-0443,4499cb10c0d0a0eca3a01b991b90185ac5b3c37b7101c6f2670d7b477a268a94,清代姑苏版画（候选，待确认）,gusu_qing_candidate,清代姑苏版画（候选）,1,2562,4000,328,512,166260,40099,20976,0.985917398202019,0.24118248526404426,0.12616383976903645,candidate_exploratory_not_formal_manifest
IMG-0245,45039520424d591ec31d7585ce93de107ceda7b90510a242da741f900c681a3b,清代姑苏版画（候选，待确认）,gusu_qing_candidate,清代姑苏版画（候选）,1,4000,3000,512,384,194820,17862,9553,0.9516327950492381,0.09168463196797043,0.0490350066728262,candidate_exploratory_not_formal_manifest
IMG-0220,45644fa7137ec7004a5fa8b9befd4871a8d54dc0dc9da2dcd7e4b7980b55c48a,清代姑苏版画（候选，待确认）,gusu_qing_candidate,清代姑苏版画（候选）,1,3150,2602,512,423,214710,15298,6881,0.9816651486258018,0.071249592473569,0.03204787853383634,candidate_exploratory_not_formal_manifest
IMG-0427,456a80c2ad5085d90fb7ae7763c6b7b2c31c25616ec9171185ea41c7b78e1b81,清代姑苏版画（候选，待确认）,gusu_qing_candidate,清代姑苏版画（候选）,1,2447,4000,313,512,158610,16452,8940,0.9562482241531578,0.10372612067334973,0.05636466805371666,candidate_exploratory_not_formal_manifest
IMG-0298,45dd2beb79d8f102b08537ae275d718523abc6f8aa2ba71e9b9ff7eb6940ae13,清代姑苏版画（候选，待确认）,gusu_qing_candidate,清代姑苏版画（候选）,1,4000,2124,512,272,137700,14843,7667,0.8649997747265895,0.1077923021060276,0.05567901234567901,candidate_exploratory_not_formal_manifest
IMG-0188,4632483c9d25a3aef26d3563c0972ef97b066506cebd2a6d2d55f4643f2e2bdb,清代姑苏版画（候选，待确认）,gusu_qing_candidate,清代姑苏版画（候选）,1,2506,3994,321,512,162690,24295,12914,0.8445041661486009,0.1493330874669617,0.07937795807978364,candidate_exploratory_not_formal_manifest
IMG-0155,46d3312be6940296fc4a03a6f67f63073a1392f31a7c992e6d09cf1a95213e21,清代姑苏版画（候选，待确认）,gusu_qing_candidate,清代姑苏版画（候选）,1,3769,2503,512,340,172380,38620,21139,0.955574491948944,0.22403991182271726,0.12263023552616313,candidate_exploratory_not_formal_manifest
IMG-0239,474f610ff6db792f76f2a7637dd573ff1093b33852effe57add91dddbcf3141a,清代姑苏版画（候选，待确认）,gusu_qing_candidate,清代姑苏版画（候选）,1,4000,3000,512,384,194820,25603,13129,0.9408500415306137,0.13141874550867466,0.06739041166204701,candidate_exploratory_not_formal_manifest
IMG-0297,47577c34624d937361c1ab312ce3f5a6bb172880be01e58642b37f7f283881b2,清代姑苏版画（候选，待确认）,gusu_qing_candidate,清代姑苏版画（候选）,1,3121,4000,399,512,202470,15873,9972,0.9921523237059856,0.07839679952585568,0.04925174099866647,candidate_exploratory_not_formal_manifest
IMG-0131,47ceb36067224e48004cefa27741e96bd6f4f38bc6070b7f5e58c3475078ed0a,清代姑苏版画（候选，待确认）,gusu_qing_candidate,清代姑苏版画（候选）,1,2501,4000,320,512,162180,25238,12642,0.8065234761531668,0.15561721543963497,0.07795042545320015,candidate_exploratory_not_formal_manifest
IMG-0253,489ee65e1000573217e3a9f83ab52f9f729c1237bf25da7be61b49ec801554b7,清代姑苏版画（候选，待确认）,gusu_qing_candidate,清代姑苏版画（候选）,1,897,579,512,330,167280,52066,31460,0.9825901876080732,0.3112505978000957,0.18806791009086563,candidate_exploratory_not_formal_manifest
IMG-0260,48d028cd606de4f517895a3836699cecea084bf8c8125c05c588c8a01df8366e,清代姑苏版画（候选，待确认）,gusu_qing_candidate,清代姑苏版画（候选）,1,1429,1280,512,459,233070,59403,28610,0.9698579619069867,0.25487192688891747,0.122752821040889,candidate_exploratory_not_formal_manifest
IMG-0117,48db2021dc63c84f6fdd2038220fa82adb1f703a61aee900a2d397647097cf78,清代姑苏版画（候选，待确认）,gusu_qing_candidate,清代姑苏版画（候选）,1,2448,3264,384,512,194820,40696,19887,0.9436458836909896,0.20889025767375013,0.10207884200800739,candidate_exploratory_not_formal_manifest
IMG-0189,48de989ffda553de1c0f92737b3210f18114bc293ce1cf050bf0130f3fb0c04c,清代姑苏版画（候选，待确认）,gusu_qing_candidate,清代姑苏版画（候选）,1,1765,3886,233,512,117810,13202,8260,0.9787889013175239,0.11206179441473559,0.07011289364230541,candidate_exploratory_not_formal_manifest
IMG-0270,4991d4b46297ce4a3972a652ae4adb9fe402f6d44cf307bb0b97d5b34ea29ab8,清代姑苏版画（候选，待确认）,gusu_qing_candidate,清代姑苏版画（候选）,1,1638,1046,512,327,165750,53103,27047,0.9319345103940332,0.3203800904977376,0.1631794871794872,candidate_exploratory_not_formal_manifest
IMG-0097,4a4c81ef17d4ef8f6665bab13df6bf09cfbfdaa2a2a0461596be4b8b3b941ed7,清代姑苏版画（候选，待确认）,gusu_qing_candidate,清代姑苏版画（候选）,1,2115,3400,318,512,161160,20306,11105,0.9508165905654088,0.12599900719781584,0.0689066765946885,candidate_exploratory_not_formal_manifest
IMG-0176,4af2b7b3c0e9b14a0fe18cfab288e7fdf9c905b3a3753547e0b3223189be4ec8,清代姑苏版画（候选，待确认）,gusu_qing_candidate,清代姑苏版画（候选）,1,3719,2127,512,293,148410,35923,20347,0.9026534186818399,0.24205242234350785,0.13709992588100534,candidate_exploratory_not_formal_manifest
IMG-0182,4b86a2d6310d63ef1695135725a48449caaa3331df0b23f5bd6109dc80c7f90f,清代姑苏版画（候选，待确认）,gusu_qing_candidate,清代姑苏版画（候选）,1,2209,4000,283,512,143310,18471,9449,0.8316060844845347,0.1288884236968809,0.06593398925406461,candidate_exploratory_not_formal_manifest
IMG-0146,4b8cedcf18b8750ca0380fcb2223d64f273e19df2bfd8e9fd9ee22a3c8f7b6a5,清代姑苏版画（候选，待确认）,gusu_qing_candidate,清代姑苏版画（候选）,1,2578,4000,330,512,167280,4221,1574,0.49389518577977704,0.025233142037302727,0.00940937350549976,candidate_exploratory_not_formal_manifest
IMG-0420,4b97c5973305499a9a27db3da98fa465a1b027a5dc8e928efd480788d06bac23,清代姑苏版画（候选，待确认）,gusu_qing_candidate,清代姑苏版画（候选）,1,2652,4000,339,512,171870,22523,11491,0.996950807444872,0.1310467213591668,0.0668586722522837,candidate_exploratory_not_formal_manifest
IMG-0433,4bb698a73d15dc392612581c4324b4cca0c2094ce7f509991736a85aa4341cd6,清代姑苏版画（候选，待确认）,gusu_qing_candidate,清代姑苏版画（候选）,1,2184,4000,280,512,141780,68294,31203,0.9834471914651969,0.4816899421639159,0.22008040626322473,candidate_exploratory_not_formal_manifest
IMG-0334,4d044e3e68d48601caf3ffd1be45fb43fbfcf34db0217f8b195db3d5c91a13fe,清代姑苏版画（候选，待确认）,gusu_qing_candidate,清代姑苏版画（候选）,1,810,1162,357,512,181050,22464,13427,0.9718342358054158,0.12407622203811101,0.07416183374758355,candidate_exploratory_not_formal_manifest
IMG-0394,4d65861aeacd03ecc19366b73ab9c34cc46fcc815c5e8e09c734e9c2ccfdac3c,清代姑苏版画（候选，待确认）,gusu_qing_candidate,清代姑苏版画（候选）,1,2656,4000,340,512,172380,13501,6753,0.9312667461832533,0.07832115094558534,0.03917507831534981,candidate_exploratory_not_formal_manifest
IMG-0386,4dbb590edaf5a8023ff2070ec15a0413a65696a95582b16f27aae0ed4b931a25,清代姑苏版画（候选，待确认）,gusu_qing_candidate,清代姑苏版画（候选）,1,1966,4000,252,512,127500,11471,5184,0.9560504122980632,0.08996862745098039,0.04065882352941177,candidate_exploratory_not_formal_manifest
IMG-0027,4e7a27ba38da0a33eaf6387ba4d7aaceeb87bfcf96f8fc99fa2ffb09f23f7deb,清代姑苏版画（候选，待确认）,gusu_qing_candidate,清代姑苏版画（候选）,1,1000,996,512,510,259080,73905,33334,0.9635806093951529,0.2852593793422881,0.12866296124749113,candidate_exploratory_not_formal_manifest
IMG-0143,4ee666c715a7a5b72d54afc07919ac0b94e485714c4866d458a18e7a361ad95b,清代姑苏版画（候选，待确认）,gusu_qing_candidate,清代姑苏版画（候选）,1,2600,4000,333,512,168810,13883,6346,0.8226575123661242,0.08224038860257094,0.03759255968248326,candidate_exploratory_not_formal_manifest
IMG-0295,4ff4bc142e032ed0396c48a1c9ad841a4bc22709b3e91556b6d6b15841d81ae3,清代姑苏版画（候选，待确认）,gusu_qing_candidate,清代姑苏版画（候选）,1,4000,2124,512,272,137700,18424,9600,0.8896972304635208,0.1337981118373275,0.06971677559912855,candidate_exploratory_not_formal_manifest
IMG-0012,4ffa56d08bb9c5d5ae11f25269fa07bb7f49d7d155d0f66ba27012953aae4ce8,清代姑苏版画（候选，待确认）,gusu_qing_candidate,清代姑苏版画（候选）,1,1000,738,512,378,191760,19726,9252,0.9876919539223787,0.10286816854401334,0.048247809762202755,candidate_exploratory_not_formal_manifest
IMG-0457,501c5a03847a14318cc545a7bee713d72326859a0b507596f39d94d03480f45d,清代姑苏版画（候选，待确认）,gusu_qing_candidate,清代姑苏版画（候选）,1,2384,4000,305,512,154530,28953,15161,0.8999716737050251,0.187361677344205,0.09811039927522164,candidate_exploratory_not_formal_manifest
IMG-0150,507d1c56c552d1a5350426325f29c8fdfec3fb18223a7d6de374a7818b8a3b0a,清代姑苏版画（候选，待确认）,gusu_qing_candidate,清代姑苏版画（候选）,1,3724,2557,512,352,178500,32698,15814,0.8865480830918515,0.18318207282913165,0.088593837535014,candidate_exploratory_not_formal_manifest
IMG-0031,52b399a2d6ea675549bc7ab0ce27a760f4b638a5b30ff12d5413783899cbdb48,清代姑苏版画（候选，待确认）,gusu_qing_candidate,清代姑苏版画（候选）,1,1000,715,512,366,185640,32204,17119,0.996686262572288,0.17347554406377935,0.09221611721611722,candidate_exploratory_not_formal_manifest
IMG-0242,53169a27132099d9ed3741ba5636a73bc8da770921ecede11944aab14ab795d2,清代姑苏版画（候选，待确认）,gusu_qing_candidate,清代姑苏版画（候选）,1,4000,3000,512,384,194820,16081,8367,0.9806393048089813,0.08254286007596756,0.04294733600246381,candidate_exploratory_not_formal_manifest
IMG-0368,537c908c7387680773c0d98f4cbb07b6863e2c2dfac95e205d297c0d43ddb9b8,清代姑苏版画（候选，待确认）,gusu_qing_candidate,清代姑苏版画（候选）,1,880,1474,306,512,155040,24717,13771,0.9870156175028482,0.1594233746130031,0.08882223942208463,candidate_exploratory_not_formal_manifest
IMG-0399,53cdb2c1910b44698ac8459deb1ac41e7787047a519bcb5ad93f375c8f0067e4,清代姑苏版画（候选，待确认）,gusu_qing_candidate,清代姑苏版画（候选）,1,4000,2948,512,377,191250,52481,26805,0.9288754254687317,0.27441045751633986,0.14015686274509803,candidate_exploratory_not_formal_manifest
IMG-0302,541cf3aa90576ed4eecb56d13b2e734a2112a633b47dbb081beac888031323aa,清代姑苏版画（候选，待确认）,gusu_qing_candidate,清代姑苏版画（候选）,1,3898,4000,499,512,253470,19486,9720,0.9845201281756601,0.0768769479622835,0.038347733459581014,candidate_exploratory_not_formal_manifest
IMG-0254,5448e0bbcc4f7a54c018d6511fa2020973d15634741b2263a531d2f93360cf71,清代姑苏版画（候选，待确认）,gusu_qing_candidate,清代姑苏版画（候选）,1,928,593,512,327,165750,51865,31178,0.9937761604648937,0.31291101055806936,0.1881025641025641,candidate_exploratory_not_formal_manifest
IMG-0062,5493710e166ca0ac78bcb602a08dfdc22f02dd38e9c70db7392e872884ac7688,清代姑苏版画（候选，待确认）,gusu_qing_candidate,清代姑苏版画（候选）,1,1000,954,512,488,247860,60511,25504,0.9986721937691831,0.24413378520132334,0.10289679657871378,candidate_exploratory_not_formal_manifest
IMG-0170,54c785b14d14c0c78af81f506a2478d51be787679ff5562274c0c0abd467a3d3,清代姑苏版画（候选，待确认）,gusu_qing_candidate,清代姑苏版画（候选）,1,4000,2912,512,373,189210,28322,14628,0.8804656669473667,0.14968553459119496,0.0773109243697479,candidate_exploratory_not_formal_manifest
IMG-0066,54cddfef601e1c4de09619bda05ddecc13cc75b4c138d19b04b6b2800b8894bc,清代姑苏版画（候选，待确认）,gusu_qing_candidate,清代姑苏版画（候选）,1,612,1000,313,512,158610,41607,20980,0.9102821961795622,0.2623226782674485,0.1322741315175588,candidate_exploratory_not_formal_manifest
IMG-0269,550d5e0226b227f221a9e328ba951211c7b2dc3fc1800ccb56a88ffa3f0c317c,清代姑苏版画（候选，待确认）,gusu_qing_candidate,清代姑苏版画（候选）,1,1359,1308,512,493,250410,54773,24814,0.9764612753692888,0.21873327742502297,0.09909348668184179,candidate_exploratory_not_formal_manifest
IMG-0453,559973c09aa44999019a5928516b6bf8f71d692539e83b3d3a5027f1e8ede06b,清代姑苏版画（候选，待确认）,gusu_qing_candidate,清代姑苏版画（候选）,1,3297,4000,422,512,214200,6619,2833,0.9476025548287661,0.030901027077497666,0.013225957049486462,candidate_exploratory_not_formal_manifest
IMG-0194,562a70f473cc4d95cc00dba44995d1d2b5293f3b38c567bb51035bd06b0992fe,清代姑苏版画（候选，待确认）,gusu_qing_candidate,清代姑苏版画（候选）,1,3778,2396,512,325,164730,43711,24961,0.9699467222456961,0.2653493595580647,0.15152674072725064,candidate_exploratory_not_formal_manifest
IMG-0090,5632e52bf62473f3f110942966419d2db1e5bcbd3fe8ae54763f93a1264c81e0,清代姑苏版画（候选，待确认）,gusu_qing_candidate,清代姑苏版画（候选）,1,2046,3400,308,512,156060,39494,20079,0.9642046444904071,0.25306933230808665,0.12866205305651673,candidate_exploratory_not_formal_manifest
IMG-0087,57a1ea2eb7f6068540e761ea186c0b5fed00b246085bf37e3c16832d46cbd902,清代姑苏版画（候选，待确认）,gusu_qing_candidate,清代姑苏版画（候选）,1,3400,2918,512,439,222870,17756,8841,0.890259306936033,0.07966976264189886,0.03966886525777359,candidate_exploratory_not_formal_manifest
IMG-0178,582ac1e876d959a0671c1d9269e4931c7065094f4ee55128cba5020b509727d7,清代姑苏版画（候选，待确认）,gusu_qing_candidate,清代姑苏版画（候选）,1,2137,3842,285,512,144330,20270,10988,0.8505215854191407,0.1404420425413982,0.07613108847779394,candidate_exploratory_not_formal_manifest
IMG-0183,58abd9299e052baf05dd873b7e6afaa3b32a7d4ffa145ae2151114c967b391d4,清代姑苏版画（候选，待确认）,gusu_qing_candidate,清代姑苏版画（候选）,1,2148,3813,288,512,145860,25668,13851,0.8724171224932905,0.17597696421225834,0.09496092143150967,candidate_exploratory_not_formal_manifest
IMG-0141,58afc683ecf95aef591055e6797579f117ad28254d849b7f072e7d4e6010c71e,清代姑苏版画（候选，待确认）,gusu_qing_candidate,清代姑苏版画（候选）,1,2308,4000,295,512,149430,17523,10268,0.9341234618766563,0.11726560931539852,0.06871444823663253,candidate_exploratory_not_formal_manifest
IMG-0080,59211be5360ee5e37ba7f60f67f18596142189eabde14aa22e10eba0ea1f66e3,清代姑苏版画（候选，待确认）,gusu_qing_candidate,清代姑苏版画（候选）,1,1000,997,512,510,259080,74285,36295,0.9705686956704914,0.28672610776594104,0.14009186351706038,candidate_exploratory_not_formal_manifest
IMG-0123,592ca77fba6df1df61380a834afb958479f1dac3714a62e9c738bf84e24e8670,清代姑苏版画（候选，待确认）,gusu_qing_candidate,清代姑苏版画（候选）,1,2448,3264,384,512,194820,53429,26244,0.976014869460425,0.2742480238168566,0.13470896211887898,candidate_exploratory_not_formal_manifest
IMG-0028,593516cd909539c1e1e02ca0089b5fe207bdd7532bfbe874ca1949ec574c583c,清代姑苏版画（候选，待确认）,gusu_qing_candidate,清代姑苏版画（候选）,1,979,1000,501,512,254490,77785,36319,0.9892642489198112,0.30565051671971394,0.14271287673385988,candidate_exploratory_not_formal_manifest
IMG-0359,599de3e0be9a9a92772d1a42b1d21b1ec2de29ad853b81799a1b77144a572717,清代姑苏版画（候选，待确认）,gusu_qing_candidate,清代姑苏版画（候选）,1,972,1200,415,512,210630,55763,26161,0.9305961607392138,0.2647438636471538,0.12420357973697954,candidate_exploratory_not_formal_manifest
IMG-0074,5bbf6f407ee0a494bcfe6bad98e7b797477384229fdce6deaabcc94f4a20de0b,清代姑苏版画（候选，待确认）,gusu_qing_candidate,清代姑苏版画（候选）,1,759,1000,389,512,197370,3957,1681,0.7895850629342764,0.02004863961088311,0.008516998530678421,candidate_exploratory_not_formal_manifest
IMG-0417,5bec59946a6a8f529ed2e436736f3d92b3d98b1cadb59ce9f3709d217ad34144,清代姑苏版画（候选，待确认）,gusu_qing_candidate,清代姑苏版画（候选）,1,2672,4000,342,512,173400,2271,286,0.9675510611723134,0.013096885813148789,0.001649365628604383,candidate_exploratory_not_formal_manifest
IMG-0360,5c0ae807df0341eb5cb0ea6aec7200dac1c436371c55e41637a406991311f5c1,清代姑苏版画（候选，待确认）,gusu_qing_candidate,清代姑苏版画（候选）,1,400,567,361,512,183090,16619,8012,0.9824045287577897,0.09076956687967666,0.04375989950297668,candidate_exploratory_not_formal_manifest
IMG-0307,5c28dff7c27b9fd667d51efb15e18450a46fda9f7ad236d690bd2f2a1d357f67,清代姑苏版画（候选，待确认）,gusu_qing_candidate,清代姑苏版画（候选）,1,1279,1910,343,512,173910,28655,15465,0.9746413628988307,0.16476913345983554,0.08892530619285838,candidate_exploratory_not_formal_manifest
IMG-0434,5c6d699f9973627d098b5b23b4400fa475adb8da25c64d20345a94c283703b31,清代姑苏版画（候选，待确认）,gusu_qing_candidate,清代姑苏版画（候选）,1,1923,4000,246,512,124440,24787,14675,0.9891774417425894,0.19918836387013822,0.11792831886853102,candidate_exploratory_not_formal_manifest
IMG-0363,5d15f3baf0e591530b9fad8b1c6fb69ac3a13cdca57e404fc385d446ce7680de,清代姑苏版画（候选，待确认）,gusu_qing_candidate,清代姑苏版画（候选）,1,1806,1080,512,306,155040,49306,23318,0.9723964207868996,0.31802115583075335,0.1503998968008256,candidate_exploratory_not_formal_manifest
IMG-0435,5d2573b934eacb2e683f3e6c58d3b55826130f7f7030d824d205e9066c43388b,清代姑苏版画（候选，待确认）,gusu_qing_candidate,清代姑苏版画（候选）,1,2236,4000,286,512,144840,31800,20025,0.9905657055243113,0.2195526097763049,0.1382560066280033,candidate_exploratory_not_formal_manifest
IMG-0187,5eb198cb1d1bc40f30b51d5dc41e6a3e19fff7959aa0cb474cb797494beb213b,清代姑苏版画（候选，待确认）,gusu_qing_candidate,清代姑苏版画（候选）,1,2707,4000,346,512,175440,31111,17162,0.9004373942108208,0.1773312813497492,0.09782261741906065,candidate_exploratory_not_formal_manifest
IMG-0281,5ed0bbbb2ea075960e31d87c2c23ea0056d92079ca22930cb033b9b800ae0db0,清代姑苏版画（候选，待确认）,gusu_qing_candidate,清代姑苏版画（候选）,1,1602,4000,205,512,103530,10091,1517,0.9150743863980999,0.09746933256061045,0.014652757654786052,candidate_exploratory_not_formal_manifest
IMG-0077,5edda4770a52dd8b105da532e7659f62fb2f0bd5ea77544467a6d1cefbf76a7e,清代姑苏版画（候选，待确认）,gusu_qing_candidate,清代姑苏版画（候选）,1,527,1000,270,512,136680,24709,12402,0.9749219670992006,0.18077992390986244,0.09073748902546093,candidate_exploratory_not_formal_manifest
IMG-0228,5f0255ee641afa9adc2cd74ae7b1198fc9778e620ca5c88b9f75fbed071a79fe,清代姑苏版画（候选，待确认）,gusu_qing_candidate,清代姑苏版画（候选）,1,1804,3688,250,512,126480,22185,10950,0.8771400839879938,0.17540322580645162,0.08657495256166983,candidate_exploratory_not_formal_manifest
IMG-0075,60b7fb1781563d49e76b846ad3cfbc604812d7a3dd063af749d615bb0dbe3aae,清代姑苏版画（候选，待确认）,gusu_qing_candidate,清代姑苏版画（候选）,1,654,1000,335,512,169830,36241,19846,0.9867498790315775,0.21339574868986633,0.11685803450509333,candidate_exploratory_not_formal_manifest
IMG-0078,61c118e6383fdc4e4e315086ffa9f9c56e697a9c56273720417a8b8ac90c114d,清代姑苏版画（候选，待确认）,gusu_qing_candidate,清代姑苏版画（候选）,1,1000,688,512,352,178500,53944,31539,0.9781608513903232,0.3022072829131653,0.1766890756302521,candidate_exploratory_not_formal_manifest
IMG-0121,620c177fd54b1e459c59c606587234f874300e7d4259f9c0390fead1f6623d96,清代姑苏版画（候选，待确认）,gusu_qing_candidate,清代姑苏版画（候选）,1,2448,3264,384,512,194820,60216,30132,0.961255696171206,0.3090853095164767,0.15466584539574993,candidate_exploratory_not_formal_manifest
IMG-0409,625d44cbce8d093190ef6e3e7138f265a94575e6fe1f40de2c21aba6e7e55d02,清代姑苏版画（候选，待确认）,gusu_qing_candidate,清代姑苏版画（候选）,1,2169,4000,278,512,140760,18302,6796,0.9826858925209604,0.13002273373117362,0.048280761579994315,candidate_exploratory_not_formal_manifest
IMG-0052,6333dfe5e62dcccac57f89df574f2f0e57b1e2e17de3dfde0107489f7b42f283,清代姑苏版画（候选，待确认）,gusu_qing_candidate,清代姑苏版画（候选）,1,1000,890,512,456,231540,69283,32619,0.9815984156083124,0.29922691543577784,0.14087846592381445,candidate_exploratory_not_formal_manifest
IMG-0115,63a27a6f7f5383687bd3529899d6d2a1f37a3f4358ef528ae1a8070a6cba14de,清代姑苏版画（候选，待确认）,gusu_qing_candidate,清代姑苏版画（候选）,1,1752,3400,264,512,133620,27704,15540,0.9645194290168082,0.20733423140248466,0.11629995509654244,candidate_exploratory_not_formal_manifest
IMG-0184,63debe805dca727edf59ee59113f692dedd07bb99aabc654f27cb967a4eb7bcb,清代姑苏版画（候选，待确认）,gusu_qing_candidate,清代姑苏版画（候选）,1,2170,3852,288,512,145860,30507,16648,0.8892244568745757,0.20915261209378858,0.11413684354860826,candidate_exploratory_not_formal_manifest
IMG-0120,6528f66151e8a326376c01b85081cf95b508e3ae576d429a57df7f17c69bdb80,清代姑苏版画（候选，待确认）,gusu_qing_candidate,清代姑苏版画（候选）,1,3264,2448,512,384,194820,42285,20437,0.9048702569701454,0.21704650446566062,0.10490196078431373,candidate_exploratory_not_formal_manifest
IMG-0367,667f1af7e2da0b2e6246af57b923013882bb9622cbf28649d7b458456399ac8b,清代姑苏版画（候选，待确认）,gusu_qing_candidate,清代姑苏版画（候选）,1,1080,1701,325,512,164730,26467,14663,0.9805813610181857,0.16066897347174164,0.08901232319553208,candidate_exploratory_not_formal_manifest
IMG-0167,6690635a5d1bb15c5fb071d7c0844d330ed69dae07e1a433cf076069f7443ee8,清代姑苏版画（候选，待确认）,gusu_qing_candidate,清代姑苏版画（候选）,1,3737,2610,512,358,181560,45261,23793,0.9631030614114606,0.2492894910773298,0.13104758757435558,candidate_exploratory_not_formal_manifest
IMG-0326,66a0cf1387d39ac31143fa2f4069a6f7363b655f40477250218417b48111f962,清代姑苏版画（候选，待确认）,gusu_qing_candidate,清代姑苏版画（候选）,1,1080,1947,284,512,143820,38798,21416,0.9582319851706224,0.2697677652621332,0.14890835766930885,candidate_exploratory_not_formal_manifest
IMG-0091,67141518413484e8d67b10cab808dd0bc9aeaa44aab5bcab861ec43b3b358f60,清代姑苏版画（候选，待确认）,gusu_qing_candidate,清代姑苏版画（候选）,1,2013,3400,303,512,153510,21574,10438,0.9511677255972716,0.14053807569539445,0.06799557032115172,candidate_exploratory_not_formal_manifest
IMG-0000,67612b935a3296511a285a638769219733ad3906426a0a66145a050b851b73c6,清代姑苏版画（候选，待确认）,gusu_qing_candidate,清代姑苏版画（候选）,1,583,1000,298,512,150960,22451,10901,0.9758790162280726,0.14872151563328034,0.0722111817700053,candidate_exploratory_not_formal_manifest
IMG-0195,6795cb4cae7225bec01c3f5f7a1bd0365214f285a2c2993c8dbacaba7ede647d,清代姑苏版画（候选，待确认）,gusu_qing_candidate,清代姑苏版画（候选）,1,2146,3797,289,512,146370,27840,12762,0.8611568209909737,0.19020291043246568,0.08718999795039967,candidate_exploratory_not_formal_manifest
IMG-0328,684bce4922f05641caaded383f468e73090647cf48a5f1baace06c2843652022,清代姑苏版画（候选，待确认）,gusu_qing_candidate,清代姑苏版画（候选）,1,1080,1901,291,512,147390,33148,16612,0.9569217393394286,0.2248999253680711,0.11270778207476763,candidate_exploratory_not_formal_manifest
IMG-0418,698679fbf48efec851abc3cff7db058086235f68da31f18e7a9e7feaf5d06923,清代姑苏版画（候选，待确认）,gusu_qing_candidate,清代姑苏版画（候选）,1,4000,2909,512,372,188700,17849,9669,0.9938622080793149,0.09458929517753047,0.05124006359300477,candidate_exploratory_not_formal_manifest
IMG-0304,6a51b667e799cd1d9f17e7ead62a951e34b001c8d3e7b0ead0f5e50403bbfa73,清代姑苏版画（候选，待确认）,gusu_qing_candidate,清代姑苏版画（候选）,1,4000,3671,512,470,238680,17424,8471,0.9002112615141576,0.07300150829562595,0.03549103402044579,candidate_exploratory_not_formal_manifest
IMG-0218,6b8de04e61edc298a778dfe36b4c6cdefd11efea4c036a57d71240bfda83734b,清代姑苏版画（候选，待确认）,gusu_qing_candidate,清代姑苏版画（候选）,1,3224,2559,512,406,206040,12843,5933,0.9894061786545691,0.062332556785090275,0.028795379537953796,candidate_exploratory_not_formal_manifest
IMG-0283,6d110fbcabdbe9c0db08f51eec40939c38c5afe4b34e77b0620e9a97994207ba,清代姑苏版画（候选，待确认）,gusu_qing_candidate,清代姑苏版画（候选）,1,3978,4000,509,512,258570,19848,10881,0.9100218289023821,0.07676064508643694,0.04208144796380091,candidate_exploratory_not_formal_manifest
IMG-0452,6d5c71f3523e654a681f841b4142076d4a487f166a0d27f91ae99de162d376f3,清代姑苏版画（候选，待确认）,gusu_qing_candidate,清代姑苏版画（候选）,1,4000,2111,512,270,136680,7774,4661,0.9570128868755117,0.05687737781679836,0.03410155106818847,candidate_exploratory_not_formal_manifest
IMG-0423,6fcd29ec66ae734ff31dc8da6a632e6b0f37383390298fd6d0ca35ad7dcd90a9,清代姑苏版画（候选，待确认）,gusu_qing_candidate,清代姑苏版画（候选）,1,2457,4000,314,512,159120,8825,3630,0.9952141213555753,0.055461287078934135,0.022812971342383106,candidate_exploratory_not_formal_manifest
IMG-0122,708b991eca93d73dfda540ede950d2578642c3b3b2562b06d945299e625d86cd,清代姑苏版画（候选，待确认）,gusu_qing_candidate,清代姑苏版画（候选）,1,2448,3264,384,512,194820,54594,27485,0.947226462733452,0.28022790267939635,0.14107894466687199,candidate_exploratory_not_formal_manifest
IMG-0320,710f16a7b937e8b45c1eb3691aad55ee5894ecf157e3033dd122bbd04156b4ee,清代姑苏版画（候选，待确认）,gusu_qing_candidate,清代姑苏版画（候选）,1,1080,1440,384,512,194820,37846,20223,0.9077176951464827,0.19426136946925368,0.10380351093316909,candidate_exploratory_not_formal_manifest
IMG-0362,719c3d4571e0ebc656fbc13245ecf3ac2d68a72306a2522ede9ccea648e850ac,清代姑苏版画（候选，待确认）,gusu_qing_candidate,清代姑苏版画（候选）,1,1080,1440,384,512,194820,10757,4353,0.8229013862796322,0.055215070321322245,0.02234370187865722,candidate_exploratory_not_formal_manifest
IMG-0083,72a7eb4e53071dbfba789ba985bbde3ac327f29b1094b7133938c575421fd2c1,清代姑苏版画（候选，待确认）,gusu_qing_candidate,清代姑苏版画（候选）,1,1000,750,512,384,194820,18882,11297,0.9812876459138578,0.09692023406221127,0.057986859665332104,candidate_exploratory_not_formal_manifest
IMG-0203,72e06be8037894ab7bb1872160b978054f8340e1cfec747c7db65bceb8ebb361,清代姑苏版画（候选，待确认）,gusu_qing_candidate,清代姑苏版画（候选）,1,3002,4000,384,512,194820,22339,11187,0.9945249808774045,0.114664818807104,0.05742223591007083,candidate_exploratory_not_formal_manifest
IMG-0088,72f9cc348361c7845e66fc9f2b84defc8253204ffa3958545c86f53db34998bc,清代姑苏版画（候选，待确认）,gusu_qing_candidate,清代姑苏版画（候选）,1,3400,2724,512,410,208080,20674,12818,0.9814320713549608,0.09935601691657055,0.06160130718954249,candidate_exploratory_not_formal_manifest
IMG-0437,735d367d4f4e14f0bdcbc3c3bd7943d14b09bc0ed9e5877294ca8d8604fc37be,清代姑苏版画（候选，待确认）,gusu_qing_candidate,清代姑苏版画（候选）,1,2576,4000,330,512,167280,18931,9795,0.9703939962263322,0.11316953610712578,0.0585545193687231,candidate_exploratory_not_formal_manifest
IMG-0160,74f8e399c4a7af4cffb0e57b8778f0e75d6761ad48c969227de6baa85f8d81a6,清代姑苏版画（候选，待确认）,gusu_qing_candidate,清代姑苏版画（候选）,1,3612,2466,512,350,177480,50534,29801,0.9886985916512387,0.2847306738787469,0.167911877394636,candidate_exploratory_not_formal_manifest
IMG-0390,75125641e2aab246727a23273b10c597eafe952e761ba486371960dbe1d37b72,清代姑苏版画（候选，待确认）,gusu_qing_candidate,清代姑苏版画（候选）,1,2171,4000,278,512,140760,15379,9212,0.9964813976340442,0.109256891162262,0.06544472861608411,candidate_exploratory_not_formal_manifest
IMG-0084,758192fb9308529281f9668866359a9204dce06a8ff18d9fdf6a997b05d9646c,清代姑苏版画（候选，待确认）,gusu_qing_candidate,清代姑苏版画（候选）,1,450,1000,230,512,116280,8280,3590,0.7991891377496841,0.07120743034055728,0.03087375300997592,candidate_exploratory_not_formal_manifest
IMG-0014,758489cefa7507b545b40065382cc0f9547a2f801e7c18c2a9b1197d39b7cf66,清代姑苏版画（候选，待确认）,gusu_qing_candidate,清代姑苏版画（候选）,1,1000,779,512,399,202470,30797,15251,0.9902769631510768,0.1521064849113449,0.07532473946757544,candidate_exploratory_not_formal_manifest
IMG-0379,75861c4062e1ad9bba1d2716effa5930c5a8d3ed64ef52b26206d8b1451ee4a4,清代姑苏版画（候选，待确认）,gusu_qing_candidate,清代姑苏版画（候选）,1,4000,3704,512,474,240720,53787,24536,0.9514799059083561,0.22344217347956133,0.10192755068128946,candidate_exploratory_not_formal_manifest
IMG-0215,7650e9efda7e2c3be030591fffc0c675314de6c868599daa919e38e47f25232a,清代姑苏版画（候选，待确认）,gusu_qing_candidate,清代姑苏版画（候选）,1,3605,2752,512,391,198390,18541,10993,0.9944413204603568,0.09345733151872575,0.055411059025152476,candidate_exploratory_not_formal_manifest
IMG-0388,7674cb0b18ffeb412a12d95d6df9792f8893e36fa015fa44308b0be0fb926c89,清代姑苏版画（候选，待确认）,gusu_qing_candidate,清代姑苏版画（候选）,1,2559,4000,328,512,166260,7362,2352,0.9467646485506312,0.044280043305665824,0.014146517502706605,candidate_exploratory_not_formal_manifest
IMG-0002,76e46c95b82f6ccd1faaf618d3cd839021ba38878ed672757f38d72da334b3e0,清代姑苏版画（候选，待确认）,gusu_qing_candidate,清代姑苏版画（候选）,1,1000,814,512,417,211650,34005,16830,0.9983861641202368,0.16066619418851877,0.07951807228915662,candidate_exploratory_not_formal_manifest
IMG-0236,77b1d29efc2108eb22ca0a696ea9ae7fd6d98126af989df52f4fc493eb639282,清代姑苏版画（候选，待确认）,gusu_qing_candidate,清代姑苏版画（候选）,1,4000,3000,512,384,194820,31619,17423,0.9157877243769214,0.16229853197823632,0.08943126989015501,candidate_exploratory_not_formal_manifest
IMG-0171,78168237855848292f36ed3aebb6b603ea7b5924b229573a34fb187260439854,清代姑苏版画（候选，待确认）,gusu_qing_candidate,清代姑苏版画（候选）,1,1726,3781,234,512,118320,14781,4607,0.9024605439849499,0.12492393509127789,0.0389367816091954,candidate_exploratory_not_formal_manifest
IMG-0412,78bef02f36a4fcffebdefb54a57d02be71678b6186609e324970b59604b0cc9f,清代姑苏版画（候选，待确认）,gusu_qing_candidate,清代姑苏版画（候选）,1,4000,3209,512,411,208590,15857,10277,0.9954100885581538,0.07601994342969462,0.049268900714319955,candidate_exploratory_not_formal_manifest
IMG-0233,7a9ba1baf16e75f6027683bff9ed7b6e587ac34d01c2187f24940b523796a049,清代姑苏版画（候选，待确认）,gusu_qing_candidate,清代姑苏版画（候选）,1,522,600,445,512,225930,44892,22240,0.9567035277976869,0.1986987119904395,0.09843756915858895,candidate_exploratory_not_formal_manifest
IMG-0185,7b2ad3d75f6df86340cf23619c43ce2f0a1ded9d00629ab497f0490f1cfcad26,清代姑苏版画（候选，待确认）,gusu_qing_candidate,清代姑苏版画（候选）,1,2193,3892,288,512,145860,23122,12256,0.9043547851009044,0.15852187028657616,0.0840257781434252,candidate_exploratory_not_formal_manifest
IMG-0296,7b31d0546f6d3a2dfb92b48275ffae004e39cd689acc80178bcccd06944f80b3,清代姑苏版画（候选，待确认）,gusu_qing_candidate,清代姑苏版画（候选）,1,4000,2259,512,289,146370,11166,5718,0.8070923344363994,0.07628612420577988,0.03906538225046116,candidate_exploratory_not_formal_manifest
IMG-0425,7c224349ccd605806390df297de464e28d7da797de8072ef4138526bd06adb4c,清代姑苏版画（候选，待确认）,gusu_qing_candidate,清代姑苏版画（候选）,1,2259,4000,289,512,146370,50183,26291,0.9494698857197817,0.3428503108560497,0.17962014073922253,candidate_exploratory_not_formal_manifest
IMG-0217,7c49c94615c67651633b5c52774f4bba1397aaccdeb8fd6ce2f000d1a582ac05,清代姑苏版画（候选，待确认）,gusu_qing_candidate,清代姑苏版画（候选）,1,3404,2550,512,384,194820,13144,7993,0.994444033184645,0.06746740581049174,0.04102761523457551,candidate_exploratory_not_formal_manifest
IMG-0402,7cb65e96ee3518e793032ee9db263ec3bb7b096f2169cf9d029dca9425ff77ba,清代姑苏版画（候选，待确认）,gusu_qing_candidate,清代姑苏版画（候选）,1,2239,4000,287,512,145350,18335,10429,0.9725576651185893,0.1261437908496732,0.07175094599243206,candidate_exploratory_not_formal_manifest
IMG-0126,7cf1fbdaf015fc885f7385be5b6cb6adc142f1e8fc7c0f3d7f619753ae578524,清代姑苏版画（候选，待确认）,gusu_qing_candidate,清代姑苏版画（候选）,1,2754,4000,353,512,179010,19655,10318,0.9024150787258799,0.10979833528853136,0.057639238031394896,candidate_exploratory_not_formal_manifest
IMG-0144,7f18d8220429f9c8bce91c4eb00f40f0fcdc2fd7cbba1bdb738e26293b98b768,清代姑苏版画（候选，待确认）,gusu_qing_candidate,清代姑苏版画（候选）,1,2540,4000,325,512,164730,21625,9949,0.862532172205084,0.13127542038487222,0.06039579918654769,candidate_exploratory_not_formal_manifest
IMG-0186,7f8f9c436a1d782259e161db4868f94fd3a78cd639516bff3cbddda1021fce57,清代姑苏版画（候选，待确认）,gusu_qing_candidate,清代姑苏版画（候选）,1,2281,3924,298,512,150960,31105,17620,0.8965974787264078,0.20604795972443032,0.11671966083730789,candidate_exploratory_not_formal_manifest
IMG-0024,7f93e20c0854a2fb3fdabc512f6ea6745c0fe83be15e67f8b9559572593268b6,清代姑苏版画（候选，待确认）,gusu_qing_candidate,清代姑苏版画（候选）,1,1000,794,512,407,206550,22423,10672,0.9459069936396783,0.108559670781893,0.051667877027354155,candidate_exploratory_not_formal_manifest
IMG-0050,7fba1bdcd18a4d2ebe2b06dd0562be304b52c7f2164853b925d2754cd5443bb4,清代姑苏版画（候选，待确认）,gusu_qing_candidate,清代姑苏版画（候选）,1,971,1000,497,512,252450,26490,12892,0.9658863165311394,0.10493166963755199,0.05106753812636165,candidate_exploratory_not_formal_manifest
IMG-0196,7fd00f10bedc1f63921afed129594dd98591764e71354bf300697cd0316fc143,清代姑苏版画（候选，待确认）,gusu_qing_candidate,清代姑苏版画（候选）,1,2156,3848,287,512,145350,34885,17795,0.9648313923099496,0.24000687994496045,0.12242862057103543,candidate_exploratory_not_formal_manifest
IMG-0293,7fd9f4c933e5ae63380e37850bb44f7dba1deec25fcb61adbbc2e61aaf55e345,清代姑苏版画（候选，待确认）,gusu_qing_candidate,清代姑苏版画（候选）,1,4000,2124,512,272,137700,14198,8250,0.8587398921591716,0.10310820624546115,0.05991285403050109,candidate_exploratory_not_formal_manifest
IMG-0335,802894065c07dc295e1bf54471f66a84a8330386aa2bc3b4dc9be621199846e5,清代姑苏版画（候选，待确认）,gusu_qing_candidate,清代姑苏版画（候选）,1,810,1424,291,512,147390,20932,11874,0.991461989629128,0.1420177759685189,0.08056177488296357,candidate_exploratory_not_formal_manifest
IMG-0263,81032da06751552b3ed29f686b8e0670c6949afea10853279907e99302f5e6ff,清代姑苏版画（候选，待确认）,gusu_qing_candidate,清代姑苏版画（候选）,1,1327,1312,512,506,257040,74492,35154,0.9501468731931415,0.289807033924681,0.13676470588235295,candidate_exploratory_not_formal_manifest
IMG-0456,811dc20830809970582075ee4424abaae7d6c24227def31027809d72ddb2d932,清代姑苏版画（候选，待确认）,gusu_qing_candidate,清代姑苏版画（候选）,1,4000,2198,512,281,142290,9185,3395,0.967312775470839,0.06455126853608827,0.02385972310070982,candidate_exploratory_not_formal_manifest
IMG-0134,81e65cc4a930808b292839d1a93f92d72718b7ad656f1af327fe3e1f7384e2fd,清代姑苏版画（候选，待确认）,gusu_qing_candidate,清代姑苏版画（候选）,1,2755,4000,353,512,179010,26325,12699,0.8878192114388096,0.14705882352941177,0.07094017094017094,candidate_exploratory_not_formal_manifest
IMG-0021,828b1b8ae2e066d86ea40388262a1049c97cc0ade80ff45484ce09661cc1862c,清代姑苏版画（候选，待确认）,gusu_qing_candidate,清代姑苏版画（候选）,1,1000,790,512,404,205020,32624,16550,0.9860120180251909,0.15912593893278704,0.08072383182128573,candidate_exploratory_not_formal_manifest
IMG-0291,836bc30773f5753afcb4cf55eea567fc89caccf50e88d694105b295d4d174cb4,清代姑苏版画（候选，待确认）,gusu_qing_candidate,清代姑苏版画（候选）,1,4000,3013,512,386,195840,40661,19100,0.957249544942413,0.2076235702614379,0.09752859477124183,candidate_exploratory_not_formal_manifest
IMG-0173,83acf21302b00fca106e7399b9fab86aff0c9fb31c773e05ccb95f622135247d,清代姑苏版画（候选，待确认）,gusu_qing_candidate,清代姑苏版画（候选）,1,2267,3698,314,512,159120,20268,10848,0.8986673958672652,0.12737556561085972,0.06817496229260935,candidate_exploratory_not_formal_manifest
IMG-0227,84f380ed12a8f194c26e9da6da580d52355e8f25936258201b2c5592a19bfd41,清代姑苏版画（候选，待确认）,gusu_qing_candidate,清代姑苏版画（候选）,1,1917,3852,255,512,129030,6833,2945,0.8320731070979888,0.052956676741842984,0.022824149422614896,candidate_exploratory_not_formal_manifest
IMG-0093,851136c1d37609280528903c7c2a9eefea2946624a21339c314bb0c1f54c269b,清代姑苏版画（候选，待确认）,gusu_qing_candidate,清代姑苏版画（候选）,1,1800,3400,271,512,137190,12320,5583,0.9160993621431481,0.08980246373642393,0.04069538596107588,candidate_exploratory_not_formal_manifest
IMG-0033,8533ab10d9aaf505c3acbbccba55537a93464ba33802fe4c98f32dc10e9fc182,清代姑苏版画（候选，待确认）,gusu_qing_candidate,清代姑苏版画（候选）,1,1000,774,512,396,200940,22800,13103,0.9779596757571113,0.11346670647954614,0.06520851995620583,candidate_exploratory_not_formal_manifest
IMG-0068,8661546dbd09704ec9699d1852d85dd92d2058003e2bc8bbc3c4d6ffdfa942aa,清代姑苏版画（候选，待确认）,gusu_qing_candidate,清代姑苏版画（候选）,1,1000,948,512,485,246330,66484,30522,0.9403400493644347,0.2698981041692039,0.12390695408598222,candidate_exploratory_not_formal_manifest
IMG-0125,86f0a37fb981ee60a6bbabc9afab776c7cddb4b067483d69246091abc86b495b,清代姑苏版画（候选，待确认）,gusu_qing_candidate,清代姑苏版画（候选）,1,2430,4000,311,512,157590,28772,13796,0.9042118787854028,0.18257503648708676,0.08754362586458532,candidate_exploratory_not_formal_manifest
IMG-0396,87a09fbc101be24292eb5d91fe774415bfc82b9674a884d3ff56745c42e7e79b,清代姑苏版画（候选，待确认）,gusu_qing_candidate,清代姑苏版画（候选）,1,2848,4000,365,512,185130,12269,3957,0.9940988661462162,0.06627234916004969,0.02137416950251175,candidate_exploratory_not_formal_manifest
IMG-0172,87b64ee5e47862570b50960519c3e93a3405d6ca7201ca1bcf033bf352c40bbb,清代姑苏版画（候选，待确认）,gusu_qing_candidate,清代姑苏版画（候选）,1,2266,3764,308,512,156060,32421,18706,0.9459341208825602,0.20774702037677817,0.1198641548122517,candidate_exploratory_not_formal_manifest
IMG-0441,896c8dbba822f3fdf488203e12c582336b0782625acfabd28608c8ffc66d2d27,清代姑苏版画（候选，待确认）,gusu_qing_candidate,清代姑苏版画（候选）,1,2273,4000,291,512,147390,18821,10072,0.9173477578605713,0.12769523034127145,0.06833570798561639,candidate_exploratory_not_formal_manifest
IMG-0030,897ac8883ba2511bc9df641da21df8778d2158d37744c2b9cdc998fbafce9099,清代姑苏版画（候选，待确认）,gusu_qing_candidate,清代姑苏版画（候选）,1,1000,874,512,447,226950,28684,15004,0.9290591311575277,0.12638907248292575,0.06611147829918484,candidate_exploratory_not_formal_manifest
IMG-0265,89d5d6d4285644ec3e69fdede904b5943516852588b1116385e46e23422b6ff2,清代姑苏版画（候选，待确认）,gusu_qing_candidate,清代姑苏版画（候选）,1,1400,1355,512,496,251940,67719,31030,0.9708106706769976,0.26879018814003336,0.12316424545526712,candidate_exploratory_not_formal_manifest
IMG-0411,8a43b4c17b2b6cc6835a68dd41369eb7c4a4584f709a66a61ce314c98ee44cc7,清代姑苏版画（候选，待确认）,gusu_qing_candidate,清代姑苏版画（候选）,1,3987,4000,510,512,259080,70115,34659,0.9693563249316153,0.27063069322217076,0.1337772116720704,candidate_exploratory_not_formal_manifest
IMG-0148,8a70d4773fc30f9cd92fa919863d4f9f580c47f348a2b9fd0378940446b9ecbf,清代姑苏版画（候选，待确认）,gusu_qing_candidate,清代姑苏版画（候选）,1,3679,2690,512,374,189720,70513,37073,0.9551718151556056,0.3716687750368965,0.19540902382458358,candidate_exploratory_not_formal_manifest
IMG-0079,8a910d03e3dc007f76b5d5e39d694c90155631ae9a2be424c3f55b7928b251bf,清代姑苏版画（候选，待确认）,gusu_qing_candidate,清代姑苏版画（候选）,1,917,1000,470,512,238680,28571,13768,0.9635159380481225,0.11970420646891235,0.057683928272163565,candidate_exploratory_not_formal_manifest
IMG-0337,8ae7ffaabb1e822d81e588b9c3b57f0171df036171280a9ceb823983600636d5,清代姑苏版画（候选，待确认）,gusu_qing_candidate,清代姑苏版画（候选）,1,1080,1820,304,512,154020,60897,29160,0.9883204378854656,0.3953837164004675,0.18932606155044798,candidate_exploratory_not_formal_manifest
IMG-0044,8b89018de0cb38daab0ffa3339515c1ec0bb9eff0b50971c605383c9654be4d6,清代姑苏版画（候选，待确认）,gusu_qing_candidate,清代姑苏版画（候选）,1,979,1000,501,512,254490,50919,24222,0.9869314145409429,0.20008251797713072,0.0951785924790758,candidate_exploratory_not_formal_manifest
IMG-0250,8bc8de633c483e804ba5a17574bd7911c64a3927b2b36586a5648c2feaadb0b6,清代姑苏版画（候选，待确认）,gusu_qing_candidate,清代姑苏版画（候选）,1,1279,1810,362,512,183600,24063,11416,0.8844291741503494,0.13106209150326797,0.062178649237472766,candidate_exploratory_not_formal_manifest
IMG-0284,8ce7e7a854d03ab619f5fb7593beb6f3d767a671bc4884a5aeccf9cebae2c528,清代姑苏版画（候选，待确认）,gusu_qing_candidate,清代姑苏版画（候选）,1,3079,4000,394,512,199920,19825,10181,0.9511184625241982,0.09916466586634654,0.05092537014805922,candidate_exploratory_not_formal_manifest
IMG-0019,8e18dbfaea4654e188dfe1d0c76032b06b925e145d5f10f0f64242eda76e0334,清代姑苏版画（候选，待确认）,gusu_qing_candidate,清代姑苏版画（候选）,1,1000,754,512,386,195840,31849,16459,0.991772433796668,0.16262765522875816,0.08404309640522876,candidate_exploratory_not_formal_manifest
IMG-0422,8e7e4645c199b4a3f24233713f61f2e9197a395c66c1d5d225869b9348cdee33,清代姑苏版画（候选，待确认）,gusu_qing_candidate,清代姑苏版画（候选）,1,2068,4000,265,512,134130,17471,9651,0.9703580797567566,0.13025423096995453,0.0719525833146947,candidate_exploratory_not_formal_manifest
IMG-0449,8f6205393e85578180baa6b9e53d00e65a933231b4015e26016aa2aad76e8ae8,清代姑苏版画（候选，待确认）,gusu_qing_candidate,清代姑苏版画（候选）,1,2859,4000,366,512,185640,6407,984,0.9948025468265717,0.03451303598362422,0.005300581771170007,candidate_exploratory_not_formal_manifest
IMG-0348,8fb8595b171829a5edf9003edb5542a2ea3d2cf1a9ba0db0fd2a0449adb6de33,清代姑苏版画（候选，待确认）,gusu_qing_candidate,清代姑苏版画（候选）,1,1668,1080,512,332,168300,44272,24532,0.9563300399176895,0.26305407011289367,0.14576351752822342,candidate_exploratory_not_formal_manifest
IMG-0092,90d57f37847ebd251dd175e03631c2b6ff62ab417ab2b6c090e3c4c9431a6d21,清代姑苏版画（候选，待确认）,gusu_qing_candidate,清代姑苏版画（候选）,1,1502,3400,226,512,114240,17421,9854,0.9802236069390597,0.15249474789915968,0.08625700280112045,candidate_exploratory_not_formal_manifest
IMG-0053,910364504cb3d11d1c221ce3f654b655302b33d7ae7bf7c422bd5ce4713f337e,清代姑苏版画（候选，待确认）,gusu_qing_candidate,清代姑苏版画（候选）,1,954,1000,488,512,247860,24464,12210,0.9763731660844086,0.09870087952876624,0.04926167998063423,candidate_exploratory_not_formal_manifest
IMG-0162,9120d08ffc126cc5be902ede4edc63d2220b66715d33ae0471a6850388725fca,清代姑苏版画（候选，待确认）,gusu_qing_candidate,清代姑苏版画（候选）,1,3571,2511,512,360,182580,57743,31633,0.978945479763438,0.316261364881148,0.17325555920692298,candidate_exploratory_not_formal_manifest
IMG-0174,9170c8c9e46c6ffbd66539521afc359e894268be5cf6c5ceb3d8cbfffc863d5c,清代姑苏版画（候选，待确认）,gusu_qing_candidate,清代姑苏版画（候选）,1,2096,3852,279,512,141270,13303,7323,0.8891252796745996,0.09416719756494656,0.05183690804841792,candidate_exploratory_not_formal_manifest
IMG-0268,92cbf16b3bc947eb4380310aff578241e8d4b3f544a78c991364ca611c46de2b,清代姑苏版画（候选，待确认）,gusu_qing_candidate,清代姑苏版画（候选）,1,1341,1391,494,512,250920,22783,11625,0.8930076221668798,0.09079786386099155,0.04632950741272119,candidate_exploratory_not_formal_manifest
IMG-0403,9397b05a6033717d575f3a71e101e80ceedd39d311f3f9055189a9b3066f5af9,清代姑苏版画（候选，待确认）,gusu_qing_candidate,清代姑苏版画（候选）,1,2245,4000,287,512,145350,10918,6886,0.98848982039002,0.07511523907808737,0.04737530099759202,candidate_exploratory_not_formal_manifest
IMG-0029,9466c150cc6a92aecb0ab1b48a6e3eb7d868d419b3f45a53ac5b260d03278407,清代姑苏版画（候选，待确认）,gusu_qing_candidate,清代姑苏版画（候选）,1,1000,849,512,435,220830,40444,21248,0.9942790995479234,0.183145405968392,0.09621881084997509,candidate_exploratory_not_formal_manifest
IMG-0105,94d53841315850a42f0ede4b2f5b06ba329f0b3b71537a01970af3f2fa69df05,清代姑苏版画（候选，待确认）,gusu_qing_candidate,清代姑苏版画（候选）,1,3400,2471,512,372,188700,61844,33675,0.9821333648379427,0.3277371489136195,0.1784578696343402,candidate_exploratory_not_formal_manifest
IMG-0034,952a2c682f0548d68bb3e59e4fb4fc2670998355351a6b14f3edda959cf61af2,清代姑苏版画（候选，待确认）,gusu_qing_candidate,清代姑苏版画（候选）,1,939,1000,481,512,244290,94169,42023,0.9335916594072002,0.3854803716893856,0.17202095869663106,candidate_exploratory_not_formal_manifest
IMG-0025,95688611c09dbfb115ede8bd872aa3533e2db0d3984d4a55ad35f9044fa49fe9,清代姑苏版画（候选，待确认）,gusu_qing_candidate,清代姑苏版画（候选）,1,1000,996,512,510,259080,102778,47207,0.9771378288067625,0.3967037208584221,0.1822101281457465,candidate_exploratory_not_formal_manifest
IMG-0353,96aaa267ae3886f84bb1c84ce1b38f0f145f4fdde2ba42cae6c70e5d6e9e44b8,清代姑苏版画（候选，待确认）,gusu_qing_candidate,清代姑苏版画（候选）,1,1068,1866,293,512,148410,14950,8719,0.9169230537460129,0.10073445185634392,0.0587494104170878,candidate_exploratory_not_formal_manifest
IMG-0329,976aa3b2dd4bbca1eba2c483a27e053ae02e94dc9b77b900de0ad4c75ccf0eea,清代姑苏版画（候选，待确认）,gusu_qing_candidate,清代姑苏版画（候选）,1,972,1772,281,512,142290,26748,14764,0.8938315850421734,0.18798228969006958,0.10375992690983203,candidate_exploratory_not_formal_manifest
IMG-0413,97cd21d783953673699cb2b945d8039fe349a53bb8807a7ebc65ca8f755d49af,清代姑苏版画（候选，待确认）,gusu_qing_candidate,清代姑苏版画（候选）,1,4000,3183,512,407,206550,16656,10213,0.9943904297527105,0.08063907044299201,0.04944565480513193,candidate_exploratory_not_formal_manifest
IMG-0168,98641ecec94a38bc4279af8f363a952d7c6cf04bd67cbff37279f213a1725415,清代姑苏版画（候选，待确认）,gusu_qing_candidate,清代姑苏版画（候选）,1,3898,2222,512,292,147900,15824,6273,0.7849765241500488,0.10699121027721434,0.042413793103448276,candidate_exploratory_not_formal_manifest
IMG-0336,98765fe88870f27885e8041aa06c7d91106512dc134241b1d6100ffe4c379032,清代姑苏版画（候选，待确认）,gusu_qing_candidate,清代姑苏版画（候选）,1,1006,1876,275,512,139230,44407,17834,0.9794629590486524,0.3189470660058895,0.1280902104431516,candidate_exploratory_not_formal_manifest
IMG-0201,98e3e9a442823f1b7ab494f4c96c3bdca7b65d63ad1944a02d5e3301541fbd87,清代姑苏版画（候选，待确认）,gusu_qing_candidate,清代姑苏版画（候选）,1,4000,2114,512,271,137190,13298,3979,0.6666457003013476,0.09693126321160435,0.029003571688898607,candidate_exploratory_not_formal_manifest
IMG-0064,997bcd20ce946829aafb3392e265414716d2499bb79d661e9b50698cc3d4234a,清代姑苏版画（候选，待确认）,gusu_qing_candidate,清代姑苏版画（候选）,1,1000,972,512,498,252960,54761,25065,0.9394018807966085,0.21648086654016446,0.09908681214421253,candidate_exploratory_not_formal_manifest
IMG-0023,99fed0b3bf4b0f8a052355dfcdc9cd30d066dd46634c521e980835469abc2e3e,清代姑苏版画（候选，待确认）,gusu_qing_candidate,清代姑苏版画（候选）,1,1000,814,512,417,211650,26781,12940,0.9576805425773199,0.12653437278525867,0.061138672336404444,candidate_exploratory_not_formal_manifest
IMG-0458,9a994d0537b8df9a2204c278a2c98825f82d50d1adf2b2662f1931c69110caf0,清代姑苏版画（候选，待确认）,gusu_qing_candidate,清代姑苏版画（候选）,1,2467,4000,316,512,160140,28534,14585,0.8899832058579813,0.1781815911077807,0.09107655801173972,candidate_exploratory_not_formal_manifest
IMG-0249,9b6c35f7c6743acdd671104be7dba00fc5435ed63c2a8aabbd7fe5f101b9e2ab,清代姑苏版画（候选，待确认）,gusu_qing_candidate,清代姑苏版画（候选）,1,1279,1810,362,512,183600,33442,16305,0.9502975921545931,0.18214596949891068,0.08880718954248366,candidate_exploratory_not_formal_manifest
IMG-0421,9b7502e5416ab56a0ead3501ad559f8272af60958d296507f6dc793075b6e2e9,清代姑苏版画（候选，待确认）,gusu_qing_candidate,清代姑苏版画（候选）,1,2652,4000,339,512,171870,21086,11481,0.9749908702961205,0.12268575085820678,0.06680048874149067,candidate_exploratory_not_formal_manifest
IMG-0364,9bde9492bad2fb3d9cc2e38b4df23d1217ef990bc628f94314eb430531cdbc05,清代姑苏版画（候选，待确认）,gusu_qing_candidate,清代姑苏版画（候选）,1,778,1174,339,512,171870,47574,28040,0.9807480307984519,0.27680223424681444,0.16314656426368768,candidate_exploratory_not_formal_manifest
IMG-0055,9c03188b236bb48a2a11e40a5c46c49d23c2a283168bb8d2b0865250d33c6039,清代姑苏版画（候选，待确认）,gusu_qing_candidate,清代姑苏版画（候选）,1,1000,879,512,450,228480,57799,26843,0.9592275549843866,0.2529718137254902,0.11748511904761905,candidate_exploratory_not_formal_manifest
IMG-0277,9ccded69487eaa18b1a9771db712ae968558468bfaf09f1a3ff522fd30e1d59d,清代姑苏版画（候选，待确认）,gusu_qing_candidate,清代姑苏版画（候选）,1,3889,2226,512,293,148410,38159,22857,0.9772613120163607,0.2571187925341958,0.15401253284819083,candidate_exploratory_not_formal_manifest
IMG-0113,9d4911a4fbc30c9c5adad43f912703d676de1d428422750616e53ff2c0852331,清代姑苏版画（候选，待确认）,gusu_qing_candidate,清代姑苏版画（候选）,1,3400,2384,512,359,182070,39692,20744,0.9636463658318984,0.21800406437084638,0.11393420113143296,candidate_exploratory_not_formal_manifest
IMG-0271,9d4c57268468459939eb76998267284c4a623f3bd339194d15d3b68ff522a963,清代姑苏版画（候选，待确认）,gusu_qing_candidate,清代姑苏版画（候选）,1,1634,1089,512,341,172890,80461,35806,0.9260987893963161,0.4653883972468043,0.20710278211579616,candidate_exploratory_not_formal_manifest
IMG-0181,9eb0a0802ad759ea4a5fe2a8a60caf1b5139dfec4c1f4a9d2d91a869b069bb17,清代姑苏版画（候选，待确认）,gusu_qing_candidate,清代姑苏版画（候选）,1,2407,4000,308,512,156060,14188,6100,0.851875126329974,0.09091375112136357,0.03908753043701141,candidate_exploratory_not_formal_manifest
IMG-0043,9ed15a25fa9701e4b352926f6fd82824b39795fe922dc9216518e08ad8295fdc,清代姑苏版画（候选，待确认）,gusu_qing_candidate,清代姑苏版画（候选）,1,1000,941,512,482,244800,47878,23378,0.9930456780685709,0.1955800653594771,0.09549836601307189,candidate_exploratory_not_formal_manifest
IMG-0430,9fa15d7b6f31dce355605a1151ea2b14b929a48aec73bb7f26110aa74ffbad46,清代姑苏版画（候选，待确认）,gusu_qing_candidate,清代姑苏版画（候选）,1,2707,4000,346,512,175440,41943,22200,0.9975260135029389,0.23907318741450068,0.1265389876880985,candidate_exploratory_not_formal_manifest
IMG-0076,9fc320e627eba81c44b3445beb4e045b5881e2f611bb239d89f004ef3ba65234,清代姑苏版画（候选，待确认）,gusu_qing_candidate,清代姑苏版画（候选）,1,670,1000,343,512,173910,36343,20093,0.9902582996079742,0.20897590707837388,0.11553677189350814,candidate_exploratory_not_formal_manifest
IMG-0397,a130a35344e907b58732f0ad29c0a8d651f7aa6b16b1660a3afeab0e5815b91b,清代姑苏版画（候选，待确认）,gusu_qing_candidate,清代姑苏版画（候选）,1,1839,4000,235,512,118830,10029,3124,0.9785093822068692,0.08439787932340317,0.026289657493898846,candidate_exploratory_not_formal_manifest
IMG-0375,a1595dd438a3e0a2c6556ee51e577a4f3a1791122808d9ef5523574f407d8a18,清代姑苏版画（候选，待确认）,gusu_qing_candidate,清代姑苏版画（候选）,1,4000,3703,512,474,240720,45031,20569,0.9543355365120436,0.18706796277833168,0.08544782319707545,candidate_exploratory_not_formal_manifest
IMG-0205,a1de357a3f2904ab2e75ef17a41e5450039de0bca2ecb698f9308d78cdf7e969,清代姑苏版画（候选，待确认）,gusu_qing_candidate,清代姑苏版画（候选）,1,2938,3384,445,512,225930,17607,9519,0.8174386106170548,0.07793121763378037,0.04213251892178994,candidate_exploratory_not_formal_manifest
IMG-0204,a2208d0e168ff5c511afd809439ba61c62c561caecefcf0e3b19c4e554991240,清代姑苏版画（候选，待确认）,gusu_qing_candidate,清代姑苏版画（候选）,1,2382,3543,344,512,174420,16106,7770,0.855654873589675,0.09234032794404311,0.04454764361885105,candidate_exploratory_not_formal_manifest
IMG-0156,a2ff1009bf46a8f612cf61330a6ddc1b960f204fd3b562e843f3aba56a955e39,清代姑苏版画（候选，待确认）,gusu_qing_candidate,清代姑苏版画（候选）,1,2840,3450,421,512,213690,28521,14391,0.9406402936886511,0.1334690439421592,0.06734521971079602,candidate_exploratory_not_formal_manifest
IMG-0313,a35a905bfeede5702d30eabcde2190eadcd11388c841339a085d15d24ab18e0e,清代姑苏版画（候选，待确认）,gusu_qing_candidate,清代姑苏版画（候选）,1,540,406,512,385,195330,24333,13898,0.9970622461586306,0.12457379818768238,0.07115138483591871,candidate_exploratory_not_formal_manifest
IMG-0114,a5a6e3f5174e248f1afcdb43f52fb619da874be25dae9d0fb7674d471a17c5d3,清代姑苏版画（候选，待确认）,gusu_qing_candidate,清代姑苏版画（候选）,1,3400,2385,512,359,182070,55663,30192,0.9659769215223648,0.30572307354314276,0.16582633053221288,candidate_exploratory_not_formal_manifest
IMG-0057,a66849e69cdbd4aaecb0fe0edc89d6457ffeae9c107848d6842ea43b16dd9544,清代姑苏版画（候选，待确认）,gusu_qing_candidate,清代姑苏版画（候选）,1,779,1000,399,512,202470,36757,18582,0.9890072996752343,0.1815429446337729,0.09177655949029485,candidate_exploratory_not_formal_manifest
IMG-0161,a81c9679e1cad0984325ddbafeffab1a6a5cec430c9bc86c17cf5546a069ebf0,清代姑苏版画（候选，待确认）,gusu_qing_candidate,清代姑苏版画（候选）,1,3708,2482,512,343,173910,61580,32991,0.9831062562766577,0.3540911965959404,0.1897015697774711,candidate_exploratory_not_formal_manifest
IMG-0036,a9000aaafb7f90abc0c84c917e19258df6dbd254fff3bec2c6f05437f7e04df6,清代姑苏版画（候选，待确认）,gusu_qing_candidate,清代姑苏版画（候选）,1,1000,863,512,442,224400,41701,20259,0.9922498732713887,0.18583333333333332,0.09028074866310161,candidate_exploratory_not_formal_manifest
IMG-0385,abc3193e08dc0a6bdfcb3ba2001276e3d6365e6913c27ba481ff3485ddbed0e8,清代姑苏版画（候选，待确认）,gusu_qing_candidate,清代姑苏版画（候选）,1,4000,3692,512,473,240210,45344,20721,0.9436316690157195,0.1887681611922901,0.08626202073185962,candidate_exploratory_not_formal_manifest
IMG-0112,abf0cd8922d1fc1580b4f4b8e37371e1495a95366840a4b32e149a5208385c4f,清代姑苏版画（候选，待确认）,gusu_qing_candidate,清代姑苏版画（候选）,1,1542,3400,232,512,117300,21970,12472,0.9398125872538398,0.18729752770673486,0.10632566069906223,candidate_exploratory_not_formal_manifest
IMG-0355,ac239fb4d0b658282fae3cc914f92ad050104bac0dc668cbe609009ca8f03f37,清代姑苏版画（候选，待确认）,gusu_qing_candidate,清代姑苏版画（候选）,1,1162,1862,320,512,162180,23718,13214,0.9337351082675596,0.14624491305956344,0.08147737082254285,candidate_exploratory_not_formal_manifest
IMG-0094,ac44abab0947340caa39542bacddb01fefd066f2dc2e81336cc6237290310e8b,清代姑苏版画（候选，待确认）,gusu_qing_candidate,清代姑苏版画（候选）,1,1515,3400,228,512,115260,14335,6150,0.9347594329587786,0.1243709873329863,0.05335762623633524,candidate_exploratory_not_formal_manifest
IMG-0331,acea00bba99722b2c947e838d55aa3e0ea49e4e0761a371d4501a3c828e87359,清代姑苏版画（候选，待确认）,gusu_qing_candidate,清代姑苏版画（候选）,1,1078,1590,347,512,175950,30627,14790,0.9467255853208814,0.17406649616368286,0.08405797101449275,candidate_exploratory_not_formal_manifest
IMG-0130,ae3608133f4d6338ae1ef598f151eafe8dcfd908cdd8d9be08001d182bad5324,清代姑苏版画（候选，待确认）,gusu_qing_candidate,清代姑苏版画（候选）,1,2256,4000,289,512,146370,35240,16297,0.9511492790721119,0.24075971852155498,0.11134112181457949,candidate_exploratory_not_formal_manifest
IMG-0127,ae96c23ca3843d5b5e1ea00dfad1e4953423c69da6ceac0fac53e99510e363ca,清代姑苏版画（候选，待确认）,gusu_qing_candidate,清代姑苏版画（候选）,1,3807,2998,512,403,204510,25155,13797,0.9179895884271561,0.12300132022883967,0.0674636937069092,candidate_exploratory_not_formal_manifest
IMG-0266,af26b77e593d94b9d8da12d3ad3bd027a64de94759778393aa2809ed749f7f57,清代姑苏版画（候选，待确认）,gusu_qing_candidate,清代姑苏版画（候选）,1,1416,1349,512,488,247860,38322,19342,0.9214322525668072,0.15461147421931737,0.07803598805777455,candidate_exploratory_not_formal_manifest
IMG-0136,afd8fb147fe6a0c1b7dd71eb1adc01327a6a9f346f87c79ca88c2a82c262985f,清代姑苏版画（候选，待确认）,gusu_qing_candidate,清代姑苏版画（候选）,1,2427,4000,311,512,157590,23174,12462,0.9103489291970516,0.14705247794910845,0.07907862173995812,candidate_exploratory_not_formal_manifest
IMG-0276,afe37b7e0496eb1fd64f4632e4d21db3f48eddf9bbf3a6b24cdc7bbc2a65fde8,清代姑苏版画（候选，待确认）,gusu_qing_candidate,清代姑苏版画（候选）,1,2429,3508,355,512,180030,41405,25326,0.9690462062909899,0.22998944620341055,0.14067655390768205,candidate_exploratory_not_formal_manifest
IMG-0237,b0134dc849e560a2e9fd662aeb100e1d463d78a1e10ff91de097e11745551b67,清代姑苏版画（候选，待确认）,gusu_qing_candidate,清代姑苏版画（候选）,1,4000,3000,512,384,194820,29268,14103,0.961105519754612,0.15023098244533414,0.07238989836772405,candidate_exploratory_not_formal_manifest
IMG-0235,b0ab6eb28e88422b116827a61768b21aca156b3af4028d02e703547fa64ed2f2,清代姑苏版画（候选，待确认）,gusu_qing_candidate,清代姑苏版画（候选）,1,4000,3000,512,384,194820,26623,13785,0.9335884041380544,0.1366543476029155,0.07075762242069603,candidate_exploratory_not_formal_manifest
IMG-0267,b0b70c42e8e1098f82107f7d7e6c903ec65200fe1179df04c25b5f027a9ca6e6,清代姑苏版画（候选，待确认）,gusu_qing_candidate,清代姑苏版画（候选）,1,1384,1448,489,512,248370,25465,12384,0.9083381494456766,0.10252848572693965,0.049861094335064624,candidate_exploratory_not_formal_manifest
IMG-0243,b1a1fdad1bba32c4a0274dcd3b3f85856623ddd8dd1a844096db19bc36f5ac0c,清代姑苏版画（候选，待确认）,gusu_qing_candidate,清代姑苏版画（候选）,1,4000,3000,512,384,194820,10621,5204,0.8566673165485117,0.05451699004209013,0.026711836567087567,candidate_exploratory_not_formal_manifest
IMG-0054,b1e81034b740364f44f2747033b5fc85438dbe179ed3727d31c19a80917722d5,清代姑苏版画（候选，待确认）,gusu_qing_candidate,清代姑苏版画（候选）,1,1000,882,512,452,229500,29731,14052,0.992602961464739,0.12954684095860566,0.061228758169934644,candidate_exploratory_not_formal_manifest
IMG-0439,b2723a3e44f6b5a79d5f70703089fcd1fb1fca89fd525dc6afebb467f87c0b61,清代姑苏版画（候选，待确认）,gusu_qing_candidate,清代姑苏版画（候选）,1,2382,4000,305,512,154530,40696,19469,0.9615035306621746,0.26335339416294573,0.1259884812010613,candidate_exploratory_not_formal_manifest
IMG-0213,b3cd33da926ca73751733bcddd59d7b76b908ea32a5189208bde3433fc17195b,清代姑苏版画（候选，待确认）,gusu_qing_candidate,清代姑苏版画（候选）,1,3612,2997,512,425,215730,9841,3242,0.9718730820172227,0.045617206693552126,0.015028044314652576,candidate_exploratory_not_formal_manifest
IMG-0147,b46a4d5940850a60d22d9810cc7b6aef2f24335d1f095bedf632ca306b6b9881,清代姑苏版画（候选，待确认）,gusu_qing_candidate,清代姑苏版画（候选）,1,3348,2950,512,451,228990,23610,11567,0.9386323351705359,0.10310493908030918,0.05051312284379231,candidate_exploratory_not_formal_manifest
IMG-0232,b46ae53eec282ec8f1ae9e324a02c6a9050465cb834c4350f95aa462e6801b95,清代姑苏版画（候选，待确认）,gusu_qing_candidate,清代姑苏版画（候选）,1,414,600,353,512,179010,29720,13539,0.9417790953448316,0.166024244455617,0.07563264622088152,candidate_exploratory_not_formal_manifest
IMG-0109,b5baa958fe3f48ac1276f96b8d7623b8af9555f0552dd2ec0c5c756beef00c25,清代姑苏版画（候选，待确认）,gusu_qing_candidate,清代姑苏版画（候选）,1,1773,3400,267,512,135150,39351,19072,0.9203822112493361,0.291165371809101,0.14111727709951905,candidate_exploratory_not_formal_manifest
IMG-0318,b6bb4ae47d5a340e2fb68106c4efbea65b673fa11e0059336bffb6139d61e656,清代姑苏版画（候选，待确认）,gusu_qing_candidate,清代姑苏版画（候选）,1,376,694,277,512,140250,36533,22352,0.968583958072283,0.2604848484848485,0.15937254901960785,candidate_exploratory_not_formal_manifest
IMG-0338,b6fcc57251e2729bf7013dff6f17cc6125f16a16026719c153b2a7a596bb8281,清代姑苏版画（候选，待确认）,gusu_qing_candidate,清代姑苏版画（候选）,1,1080,1716,322,512,163200,23384,13066,0.9864779555489297,0.1432843137254902,0.08006127450980392,candidate_exploratory_not_formal_manifest
IMG-0445,b7603d3d9d56036200b99d396c9e33da896dc8b0b6cb6fb0e6d605dd6add275d,清代姑苏版画（候选，待确认）,gusu_qing_candidate,清代姑苏版画（候选）,1,4000,3289,512,421,213690,35626,20006,0.9890990982651465,0.16671814310449717,0.09362160138518415,candidate_exploratory_not_formal_manifest
IMG-0179,b7ac7523bb8cd5de28717a1189ac264116b5a599490c856e67cf093488e06bce,清代姑苏版画（候选，待确认）,gusu_qing_candidate,清代姑苏版画（候选）,1,2299,3638,324,512,164220,18954,9821,0.8577027091548266,0.1154183412495433,0.059803921568627454,candidate_exploratory_not_formal_manifest
IMG-0165,b7edda828317680998232986be9543c0f061d8282d4be6da628d2ef31133fe24,清代姑苏版画（候选，待确认）,gusu_qing_candidate,清代姑苏版画（候选）,1,3087,2998,512,497,252450,62762,28613,0.9023666837245786,0.24861160625866507,0.11334125569419687,candidate_exploratory_not_formal_manifest
IMG-0440,b88eed33eddc84b277533977a1bb29e9c44f8e33126dd077c779cc3bc251dbb2,清代姑苏版画（候选，待确认）,gusu_qing_candidate,清代姑苏版画（候选）,1,2217,4000,284,512,143820,50988,25571,0.9859246683031113,0.35452649144764287,0.1777986371853706,candidate_exploratory_not_formal_manifest
IMG-0216,b95e56c7b74a5686d3f698a6fc60730ec4cdc56b0a053951355a01b89aa51641,清代姑苏版画（候选，待确认）,gusu_qing_candidate,清代姑苏版画（候选）,1,3409,2698,512,405,205530,23624,13971,0.9884279702762493,0.1149418576363548,0.06797547803240403,candidate_exploratory_not_formal_manifest
IMG-0305,babfa56fc02427e7be3c46cdd905cacc1fb51677cc4c2d400c5841d424d4a992,清代姑苏版画（候选，待确认）,gusu_qing_candidate,清代姑苏版画（候选）,1,1279,2331,281,512,142290,28345,14421,0.9966772563276513,0.19920584721343734,0.1013493569470799,candidate_exploratory_not_formal_manifest
IMG-0311,bb6a7347c586225760dd3daee07573d1981be07c48669c8044dc1b030851d322,清代姑苏版画（候选，待确认）,gusu_qing_candidate,清代姑苏版画（候选）,1,1026,2016,261,512,132090,28529,17303,0.9864141522736716,0.21598152774623364,0.13099401922931334,candidate_exploratory_not_formal_manifest
IMG-0082,bbe2e3aad2af69896ef8b44584c1efbc33fb6c09744c234ed8b9e16c271152a0,清代姑苏版画（候选，待确认）,gusu_qing_candidate,清代姑苏版画（候选）,1,1000,934,512,478,242760,63905,31709,0.9294359828156424,0.2632435327072005,0.1306187180754655,candidate_exploratory_not_formal_manifest
IMG-0100,bc1662499d29cdde0bd7954437f7a9e315de884ccd89dab086b5bf81afcc44ad,清代姑苏版画（候选，待确认）,gusu_qing_candidate,清代姑苏版画（候选）,1,1913,3400,288,512,145860,29361,16096,0.8939339632568096,0.20129576306046895,0.11035239270533388,candidate_exploratory_not_formal_manifest
IMG-0255,bc2a393f66506fb24da57b67c837dcd7c609c01a6dea0d4150608df9f338a8a3,清代姑苏版画（候选，待确认）,gusu_qing_candidate,清代姑苏版画（候选）,1,1383,1366,512,506,257040,100048,46736,0.9529652852195951,0.3892312480547775,0.18182384064737006,candidate_exploratory_not_formal_manifest
IMG-0200,bd6757a3c2ac6ede5abb7d22116dc7cf06c60f12abef06b6427c87d505fed3f0,清代姑苏版画（候选，待确认）,gusu_qing_candidate,清代姑苏版画（候选）,1,2170,3826,290,512,146880,15185,7254,0.8044951179484043,0.1033837145969499,0.04938725490196078,candidate_exploratory_not_formal_manifest
IMG-0208,be5d3e3366a76bdbdce8379e6c5e526318af87ad302797ec6c80777bb6423e9e,清代姑苏版画（候选，待确认）,gusu_qing_candidate,清代姑苏版画（候选）,1,3072,2931,512,488,247860,41191,26180,0.9361215460783625,0.16618655692729767,0.1056241426611797,candidate_exploratory_not_formal_manifest
IMG-0169,be8c5826147db48c05231d58ecf2f7ca7c4db97db4d68e058fad0eb6a05f0429,清代姑苏版画（候选，待确认）,gusu_qing_candidate,清代姑苏版画（候选）,1,2998,3162,485,512,246330,95908,48970,0.9661843906759252,0.3893476231072139,0.1987983599236796,candidate_exploratory_not_formal_manifest
IMG-0446,bea1f73dc1d441b1cffec14b188867a109e34caf084af76611d598f0ff445a70,清代姑苏版画（候选，待确认）,gusu_qing_candidate,清代姑苏版画（候选）,1,2165,4000,277,512,140250,28387,14635,0.9501732408732226,0.20240285204991088,0.104349376114082,candidate_exploratory_not_formal_manifest
IMG-0252,bfebfaa78d5d176bf7d7635600bc33422e783e8735360a9bf054ee39a71b381e,清代姑苏版画（候选，待确认）,gusu_qing_candidate,清代姑苏版画（候选）,1,853,509,512,306,155040,50293,30355,0.9584131951530732,0.3243872549019608,0.19578818369453044,candidate_exploratory_not_formal_manifest
IMG-0301,c00807567c898b4903cfe931a41675ac33b621b35b258b279a6ec961a4ad1bf9,清代姑苏版画（候选，待确认）,gusu_qing_candidate,清代姑苏版画（候选）,1,4000,2124,512,272,137700,13607,7883,0.8769083088248112,0.0988162672476398,0.0572476397966594,candidate_exploratory_not_formal_manifest
IMG-0192,c128c4e6c80e1c9ad75f4b801ecb8bff662ea64c33543817bd3e1384ee37c8f8,清代姑苏版画（候选，待确认）,gusu_qing_candidate,清代姑苏版画（候选）,1,2402,4000,307,512,155550,33652,19062,0.9439088009290005,0.21634201221472196,0.12254580520732883,candidate_exploratory_not_formal_manifest
IMG-0340,c13e06ee61c6c9a940f93efadf114f984a067cb27d0cdec418dee6756f5c57e2,清代姑苏版画（候选，待确认）,gusu_qing_candidate,清代姑苏版画（候选）,1,1080,1652,335,512,169830,35803,18478,0.9330453167355596,0.21081669905199316,0.10880292056762644,candidate_exploratory_not_formal_manifest
IMG-0157,c1680816675e039fb3fb4cb83d3cd8b49f6abdccac4f1f6ccff30dde36b40c40,清代姑苏版画（候选，待确认）,gusu_qing_candidate,清代姑苏版画（候选）,1,3948,2657,512,345,174930,33412,20049,0.924214097069856,0.191002115131767,0.114611558909278,candidate_exploratory_not_formal_manifest
IMG-0264,c1a0da50f842bb5ec735fc01486569876368927b3d93786f7c668bdc952ce428,清代姑苏版画（候选，待确认）,gusu_qing_candidate,清代姑苏版画（候选）,1,1333,1297,512,498,252960,75433,37299,0.9398018448656585,0.29820129664769135,0.1474501897533207,candidate_exploratory_not_formal_manifest
IMG-0410,c1f2a8034804406d5f1468e02126f9915a89ac504ac4cac738ba9635f477560f,清代姑苏版画（候选，待确认）,gusu_qing_candidate,清代姑苏版画（候选）,1,2048,4000,262,512,132600,2899,1013,0.9510720206843843,0.021862745098039215,0.007639517345399699,candidate_exploratory_not_formal_manifest
IMG-0065,c2478c397bc085fe6017e4ad35ad780a3fa0580150f3d47974936793e4abad4e,清代姑苏版画（候选，待确认）,gusu_qing_candidate,清代姑苏版画（候选）,1,797,1000,408,512,207060,29802,13641,0.9918216968697414,0.14392929585627354,0.065879455230368,candidate_exploratory_not_formal_manifest
IMG-0166,c2c0caa52a18407f74b6179ef47ca0dc872af4d25f95f39bbdc344c70e8fdbe0,清代姑苏版画（候选，待确认）,gusu_qing_candidate,清代姑苏版画（候选）,1,3385,2998,512,453,230010,28809,15675,0.8849710136996717,0.12525107604017216,0.06814921090387374,candidate_exploratory_not_formal_manifest
IMG-0358,c2c4594237efa38a609562cf94850b6a4b1eb63a896f4d24863335c4ca2ce519,清代姑苏版画（候选，待确认）,gusu_qing_candidate,清代姑苏版画（候选）,1,920,1870,252,512,127500,19673,11345,0.9711950094541477,0.15429803921568627,0.08898039215686275,candidate_exploratory_not_formal_manifest
IMG-0391,c2fdd4957e039235ca18a1d62800bd617fdc01804cea3d32127c37d9622001a0,清代姑苏版画（候选，待确认）,gusu_qing_candidate,清代姑苏版画（候选）,1,4000,2626,512,336,170340,56746,29413,0.95568007117824,0.3331337325349301,0.1726723024539157,candidate_exploratory_not_formal_manifest
IMG-0287,c32bc9705c828440ffadec50cf0ae1eca9f69b76a058b2257833fd3ced7ca2fc,清代姑苏版画（候选，待确认）,gusu_qing_candidate,清代姑苏版画（候选）,1,4000,2865,512,367,186150,37015,18413,0.9058512323272393,0.1988450174590384,0.09891485361267795,candidate_exploratory_not_formal_manifest
IMG-0377,c3fe6083be46e9ba8361e0b137827abbac2961361aa37c1824d14e882155d5e5,清代姑苏版画（候选，待确认）,gusu_qing_candidate,清代姑苏版画（候选）,1,4000,3686,512,472,239700,31661,12117,0.9365776092856923,0.13208594075928243,0.05055068836045056,candidate_exploratory_not_formal_manifest
IMG-0240,c505b3b174bfaa25538ba7e7d2cc1bda718a68f7064e77a594c32c66e4c5d4c1,清代姑苏版画（候选，待确认）,gusu_qing_candidate,清代姑苏版画（候选）,1,4000,3000,512,384,194820,23235,11740,0.9561808400818392,0.1192639359408685,0.060260753516066114,candidate_exploratory_not_formal_manifest
IMG-0118,c58c7fca24d0e5f2f0b0577535112ec26510a871063d450a752d44de167f0a94,清代姑苏版画（候选，待确认）,gusu_qing_candidate,清代姑苏版画（候选）,1,2448,3264,384,512,194820,37677,19456,0.9497074118584553,0.19339390206344317,0.09986654347602915,candidate_exploratory_not_formal_manifest
IMG-0372,c5eaa91d4c2eca8f0231369513b28454c0f3ff2e32badf2c561d18a27f711292,清代姑苏版画（候选，待确认）,gusu_qing_candidate,清代姑苏版画（候选）,1,1064,1980,275,512,139230,45786,21011,0.9360791190704952,0.3288515406162465,0.15090856855562737,candidate_exploratory_not_formal_manifest
IMG-0343,c6a62613d89231b096d30959d51878cfe2eb70662494070d799023aeed41246f,清代姑苏版画（候选，待确认）,gusu_qing_candidate,清代姑苏版画（候选）,1,962,1866,264,512,133620,7081,3438,0.895975885083013,0.05299356383774884,0.02572968118545128,candidate_exploratory_not_formal_manifest
IMG-0404,c81f4dc2d85b81de17c825ed794271be127de1f86bbc7d6e1706bf1400f9f75c,清代姑苏版画（候选，待确认）,gusu_qing_candidate,清代姑苏版画（候选）,1,4000,2770,512,355,180030,3797,0,0.9421970719031553,0.02109092928956285,0.0,candidate_exploratory_not_formal_manifest
IMG-0259,c8ac606bfb0188a1738083d8dbd6ebbea8f92b5ebd304b75617780534cc491d4,清代姑苏版画（候选，待确认）,gusu_qing_candidate,清代姑苏版画（候选）,1,1327,1280,512,494,250920,55710,25059,0.9304871092228287,0.22202295552367288,0.09986848397895744,candidate_exploratory_not_formal_manifest
IMG-0110,c92b61635f7abf8077f95fa312009cacd2e46dc05de3cf2ef85d304dd93116f9,清代姑苏版画（候选，待确认）,gusu_qing_candidate,清代姑苏版画（候选）,1,1806,3400,272,512,137700,34807,17314,0.9193635290246365,0.2527741466957153,0.1257371096586783,candidate_exploratory_not_formal_manifest
IMG-0248,c947f9bf18b77499bce8f4d9433c7e08ef5bf186c6f76345f9b4564e1493f8bf,清代姑苏版画（候选，待确认）,gusu_qing_candidate,清代姑苏版画（候选）,1,1810,1279,512,362,183600,40579,21867,0.9419427268738949,0.22101851851851853,0.11910130718954248,candidate_exploratory_not_formal_manifest
IMG-0389,c94cfdfc1228f6d27d4197698d1276dbea7ca6745ae93d0b6db47584c60347c3,清代姑苏版画（候选，待确认）,gusu_qing_candidate,清代姑苏版画（候选）,1,4000,2563,512,328,166260,44830,22845,0.9534009487402778,0.26963791651629976,0.13740526885600865,candidate_exploratory_not_formal_manifest
IMG-0406,c9d8013919d82ecb0c219f8303c00f47f380cbd4ebd06df177ac547a1634d410,清代姑苏版画（候选，待确认）,gusu_qing_candidate,清代姑苏版画（候选）,1,4000,2490,512,319,161670,418,0,0.688200139423501,0.0025855137007484382,0.0,candidate_exploratory_not_formal_manifest
IMG-0261,ca93b7372376ae11aaad65e20c526159b3daabfd64574e7a55f97dd2feb639b8,清代姑苏版画（候选，待确认）,gusu_qing_candidate,清代姑苏版画（候选）,1,1344,1378,499,512,253470,79828,35620,0.9406456106282559,0.3149406241369787,0.14052945121710655,candidate_exploratory_not_formal_manifest
IMG-0226,caecfafd7cd99c0ad58aeb6b3654590e3bf2097e6bbe949df0204bd3b32b9fc5,清代姑苏版画（候选，待确认）,gusu_qing_candidate,清代姑苏版画（候选）,1,2211,3825,296,512,149940,15288,6724,0.8493169188172431,0.10196078431372549,0.044844604508470054,candidate_exploratory_not_formal_manifest
IMG-0234,cb6689893349b60ef7f76efec6d8d8e431e29629042876c2f4cab48d6112b135,清代姑苏版画（候选，待确认）,gusu_qing_candidate,清代姑苏版画（候选）,1,1279,1706,384,512,194820,15004,8371,0.907987665467643,0.0770146802176368,0.042967867775382404,candidate_exploratory_not_formal_manifest
IMG-0325,cb7a8f03518463c3c75a0ffcb9e1237a9b4435afa3b6a63e76e4d484e4536462,清代姑苏版画（候选，待确认）,gusu_qing_candidate,清代姑苏版画（候选）,1,1080,1911,289,512,146370,46552,22351,0.944804216962045,0.3180433148869304,0.15270205643232904,candidate_exploratory_not_formal_manifest
IMG-0209,cc6b8661ec588cee9b11d5ce072bfd6783eaaf74048179c0513335b3ed9abaf6,清代姑苏版画（候选，待确认）,gusu_qing_candidate,清代姑苏版画（候选）,1,3647,2992,512,420,213180,16475,8586,0.9839928830830084,0.07728210901585515,0.04027582324795947,candidate_exploratory_not_formal_manifest
IMG-0371,cd654e1b3ff946a84c31776e41f91777d4f8a5c8be0450ce0b7af1037d5d2c29,清代姑苏版画（候选，待确认）,gusu_qing_candidate,清代姑苏版画（候选）,1,762,564,512,379,192270,68799,35071,0.970373379521742,0.35782493368700263,0.1824049513704686,candidate_exploratory_not_formal_manifest
IMG-0398,ce45e0a0423fec7b2dc3777c58702ee35b6704e337c2082a2bdcc87351ce48b2,清代姑苏版画（候选，待确认）,gusu_qing_candidate,清代姑苏版画（候选）,1,2197,4000,281,512,142290,10736,7807,0.9075441350465245,0.07545154262421815,0.05486682128048352,candidate_exploratory_not_formal_manifest
IMG-0426,ce69c0054ccc69c52473cd053bfbf8d661d18a244659b8f3cbd8b998614ba79a,清代姑苏版画（候选，待确认）,gusu_qing_candidate,清代姑苏版画（候选）,1,2006,4000,257,512,130050,16949,9079,0.967527731743435,0.13032679738562092,0.06981161091887736,candidate_exploratory_not_formal_manifest
IMG-0436,d03c7c6baf0456ec54c0e9540220ad30ab60ae03fac687de7d62f602551ff9f3,清代姑苏版画（候选，待确认）,gusu_qing_candidate,清代姑苏版画（候选）,1,3005,4000,385,512,195330,24697,12508,0.8404603080522021,0.12643731121691495,0.064035222444069,candidate_exploratory_not_formal_manifest
IMG-0408,d08a5276f95b629a7b872f4c610c56f8b385881c5c0625701317253e70c322a3,清代姑苏版画（候选，待确认）,gusu_qing_candidate,清代姑苏版画（候选）,1,4000,2209,512,283,143310,13614,7175,0.9603459569539199,0.094996859953946,0.05006628986114019,candidate_exploratory_not_formal_manifest
IMG-0016,d1104a165366337df7d216ef185200353a4a736e54512b7d39ba0d1fb6a714db,清代姑苏版画（候选，待确认）,gusu_qing_candidate,清代姑苏版画（候选）,1,1000,783,512,401,203490,31402,14893,0.9876038446374984,0.1543171654626763,0.07318787163988402,candidate_exploratory_not_formal_manifest
IMG-0350,d113f7f8a9efea05638abdc8f64ed20f1ff4f86cbe31ad6729f7981846a4b95f,清代姑苏版画（候选，待确认）,gusu_qing_candidate,清代姑苏版画（候选）,1,1693,1080,512,327,165750,45484,25016,0.9237321002183312,0.2744132730015083,0.1509260935143288,candidate_exploratory_not_formal_manifest
IMG-0038,d166c6c1bf26e8eb729287a707879e4690486bd138114cb1b0c35626cdf51462,清代姑苏版画（候选，待确认）,gusu_qing_candidate,清代姑苏版画（候选）,1,1000,996,512,510,259080,60938,25064,0.9877711654715937,0.2352092017909526,0.09674231897483403,candidate_exploratory_not_formal_manifest
IMG-0395,d1701dfba9a1e792fde51932aec6d2860e6a18c5393642811797f47792db10ed,清代姑苏版画（候选，待确认）,gusu_qing_candidate,清代姑苏版画（候选）,1,2112,4000,270,512,136680,34253,14802,0.9737743762163265,0.2506072578285045,0.10829675153643548,candidate_exploratory_not_formal_manifest
IMG-0151,d19c1dc7cc486df53758187cc20b28215d96c837f68d6eab5178c3642f0ccc2c,清代姑苏版画（候选，待确认）,gusu_qing_candidate,清代姑苏版画（候选）,1,3662,2623,512,367,186150,34562,17604,0.8992326190999517,0.18566747246843943,0.09456889605157132,candidate_exploratory_not_formal_manifest
IMG-0229,d1d9a17adce0df009d510b19d6fdc8084a990576f6ec466475f7e27ffb9c70f9,清代姑苏版画（候选，待确认）,gusu_qing_candidate,清代姑苏版画（候选）,1,3000,4000,384,512,194820,42837,23479,0.9592342825406214,0.21987988912842624,0.12051637408890258,candidate_exploratory_not_formal_manifest
IMG-0238,d1ff2b9eae4a2dce4e5b175cf297cdbeecabad32373f62de4061a7522714b149,清代姑苏版画（候选，待确认）,gusu_qing_candidate,清代姑苏版画（候选）,1,4000,3000,512,384,194820,25529,13038,0.9556035723533133,0.13103890770968074,0.06692331382814906,candidate_exploratory_not_formal_manifest
IMG-0356,d246405ad4ffb1c269dcc86f206ef994d2aea3cadda1056bb6cb3bddfb5a0999,清代姑苏版画（候选，待确认）,gusu_qing_candidate,清代姑苏版画（候选）,1,1050,1870,287,512,145350,19101,9794,0.9602525307294348,0.1314138286893705,0.06738218094255247,candidate_exploratory_not_formal_manifest
IMG-0047,d2527cf71e87fdd7b12cdce027b04ea076ec3895ad7e640f4af7edcb8685e05c,清代姑苏版画（候选，待确认）,gusu_qing_candidate,清代姑苏版画（候选）,1,1000,892,512,457,232050,64990,29134,0.9635476226678085,0.28006895065718596,0.12555052790346907,candidate_exploratory_not_formal_manifest
IMG-0310,d305287d0a70d347702338eebe5e65ad1c3299432b924d039d6d4a463f1b6c2c,清代姑苏版画（候选，待确认）,gusu_qing_candidate,清代姑苏版画（候选）,1,890,1574,290,512,146880,57654,31035,0.9917024455100328,0.39252450980392156,0.21129493464052287,candidate_exploratory_not_formal_manifest
IMG-0314,d47a2881e6b44a6cce807b2c8f4ac533a02826f671e20f6902ba23bd33e665f5,清代姑苏版画（候选，待确认）,gusu_qing_candidate,清代姑苏版画（候选）,1,928,428,512,236,119340,26587,15279,0.8815235209107877,0.22278364337187867,0.12802916038210155,candidate_exploratory_not_formal_manifest
IMG-0286,d4f1e161facebe89b1b14a9fe324590982e046728a19718dc829adf3e0b68fe1,清代姑苏版画（候选，待确认）,gusu_qing_candidate,清代姑苏版画（候选）,1,4000,2811,512,360,182580,33462,17535,0.938358132999486,0.1832730857706211,0.09604009201445941,candidate_exploratory_not_formal_manifest
IMG-0197,d5986649b05ad82d6e299b9bcd28cf9d7f6436834a666aabb5a1d98d173f3ae2,清代姑苏版画（候选，待确认）,gusu_qing_candidate,清代姑苏版画（候选）,1,2261,3555,326,512,165240,16430,6837,0.8001409241934371,0.09943113047688211,0.041376180101670296,candidate_exploratory_not_formal_manifest
IMG-0089,d5dbf8810d23dcf2b85249dca96c41628213f82a276e448a017b756b723fccea,清代姑苏版画（候选，待确认）,gusu_qing_candidate,清代姑苏版画（候选）,1,2763,3400,416,512,211140,16518,9472,0.9841323171114211,0.07823245240125036,0.04486122951596097,candidate_exploratory_not_formal_manifest
IMG-0285,d61d39937d47ad908d62a14fd2369053703afe766ed6a1bbeba65b88ccad71f5,清代姑苏版画（候选，待确认）,gusu_qing_candidate,清代姑苏版画（候选）,1,4000,2113,512,270,136680,28796,13726,0.9204620738523803,0.21068188469417617,0.10042434884401522,candidate_exploratory_not_formal_manifest
IMG-0414,d66d0218e585b05d1b8394f3ccb15291994141eda29bc3b83f0cde4d8785f514,清代姑苏版画（候选，待确认）,gusu_qing_candidate,清代姑苏版画（候选）,1,4000,3272,512,419,212670,11844,6133,0.9844507909428541,0.05569191705459162,0.028838105985799594,candidate_exploratory_not_formal_manifest
IMG-0107,d773adf1895c28e7a7efddf2b47054da3f56ec837de3d694b72ac93ca29fc970,清代姑苏版画（候选，待确认）,gusu_qing_candidate,清代姑苏版画（候选）,1,3400,2382,512,359,182070,48545,24786,0.9502005851340476,0.26662821991541713,0.1361344537815126,candidate_exploratory_not_formal_manifest
IMG-0026,d7edcc46120e4efb9fb2d57368729cdcc337df97a127d7479a758f3548e23b04,清代姑苏版画（候选，待确认）,gusu_qing_candidate,清代姑苏版画（候选）,1,966,1000,495,512,251430,88903,39524,0.9590544831748004,0.3535894682416577,0.15719683410889712,candidate_exploratory_not_formal_manifest
IMG-0230,d8509a8d131b315d2893db07e87ec49a841513f3d5a440f8ef8e5f345aa96d42,清代姑苏版画（候选，待确认）,gusu_qing_candidate,清代姑苏版画（候选）,1,3000,4000,384,512,194820,30097,15707,0.9597837719724363,0.15448619238271225,0.08062313930807925,candidate_exploratory_not_formal_manifest
IMG-0274,d8797420d05ec88e3943c67842e56f8a973f527587f96a0a79a3881eadcd5984,清代姑苏版画（候选，待确认）,gusu_qing_candidate,清代姑苏版画（候选）,1,1920,1280,512,341,172890,64471,29894,0.9459620076882428,0.37290184510382324,0.1729076291283475,candidate_exploratory_not_formal_manifest
IMG-0321,d9190a11a3d526e173792c2d8b0ef14aaa45f54ea072be1969b0eb9e6c082082,清代姑苏版画（候选，待确认）,gusu_qing_candidate,清代姑苏版画（候选）,1,580,1020,291,512,147390,56115,29567,0.9891727758568136,0.3807246081823733,0.20060384015197774,candidate_exploratory_not_formal_manifest
IMG-0451,d9c79e6e38467f6c8de85a6bafb56ec530e4758ecfd2a93876392cb632054497,清代姑苏版画（候选，待确认）,gusu_qing_candidate,清代姑苏版画（候选）,1,2003,4000,256,512,129540,6188,1106,0.9277754700243581,0.047769028871391075,0.008537903350316504,candidate_exploratory_not_formal_manifest
IMG-0315,d9fc95e95e1def436aa4ea2fa2790ffcaf99013b77ba0a3ce0f5a2515adce285,清代姑苏版画（候选，待确认）,gusu_qing_candidate,清代姑苏版画（候选）,1,838,1118,384,512,194820,119719,51384,0.9871745831461359,0.6145108305102146,0.26375115491222667,candidate_exploratory_not_formal_manifest
IMG-0051,da21deccc467719e84b452d61e295aad10ac1f4ca0547dd8359baf4546b51d35,清代姑苏版画（候选，待确认）,gusu_qing_candidate,清代姑苏版画（候选）,1,591,1000,303,512,153510,35804,19996,0.9831122242700917,0.23323561982932708,0.13025861507393655,candidate_exploratory_not_formal_manifest
IMG-0221,da27fff3377c8f865c2fceafe94ae7e655bd01c314afa15e3b1b4342f06827bd,清代姑苏版画（候选，待确认）,gusu_qing_candidate,清代姑苏版画（候选）,1,3246,2482,512,391,198390,18301,9878,0.9971861634041149,0.09224759312465346,0.04979081606935833,candidate_exploratory_not_formal_manifest
IMG-0231,da64c9cff3c375068d67c5083b8decc20ad8e3dfc422194e7e8c8b95f2fc29a9,清代姑苏版画（候选，待确认）,gusu_qing_candidate,清代姑苏版画（候选）,1,521,600,445,512,225930,27268,12779,0.8917073049065808,0.12069224981188864,0.0565617669189572,candidate_exploratory_not_formal_manifest
IMG-0365,dbcf7765e3b46cbe0f2cf640b8b5d48ad6a9e3d32ec1c8a576006b5433a64a8a,清代姑苏版画（候选，待确认）,gusu_qing_candidate,清代姑苏版画（候选）,1,1552,1080,512,356,180540,49083,31786,0.9894437227587176,0.2718677301429046,0.17606070676858315,candidate_exploratory_not_formal_manifest
IMG-0351,dbe9fa0df73b78182cf3426263457b5d258cb97d2e80c7d47f20daaa8324644e,清代姑苏版画（候选，待确认）,gusu_qing_candidate,清代姑苏版画（候选）,1,1080,1084,510,512,259080,69985,34387,0.9689808838901304,0.2701289177088158,0.1327273429056662,candidate_exploratory_not_formal_manifest
IMG-0193,dbf09f5af43cb985ca6a5cd17b2357bcc606971105feeba81d82d9e7b2d2e526,清代姑苏版画（候选，待确认）,gusu_qing_candidate,清代姑苏版画（候选）,1,3708,2280,512,315,159630,34801,18175,0.9141649727077285,0.21801039904779804,0.11385704441521018,candidate_exploratory_not_formal_manifest
IMG-0352,dc68789524c33dc21f03ba867d37e1d0c8ff71ba51804eba4f2e93c03b6bb7c6,清代姑苏版画（候选，待确认）,gusu_qing_candidate,清代姑苏版画（候选）,1,1040,1872,284,512,143820,18974,10543,0.9110409994174535,0.13192879988874984,0.07330691141704909,candidate_exploratory_not_formal_manifest
IMG-0401,dd38794546463483bbf387462a587d8125970eabb8ce34669d8bdca0751ad766,清代姑苏版画（候选，待确认）,gusu_qing_candidate,清代姑苏版画（候选）,1,2557,4000,327,512,165750,11567,5694,0.968671199285391,0.06978582202111613,0.034352941176470586,candidate_exploratory_not_formal_manifest
IMG-0124,de08a97122d4515e90c4d2b61d6f97a17c6c69787618008d80ff6901419b01f6,清代姑苏版画（候选，待确认）,gusu_qing_candidate,清代姑苏版画（候选）,1,2548,4000,326,512,165240,23704,12617,0.8951113941068538,0.14345194868070685,0.07635560396998306,candidate_exploratory_not_formal_manifest
IMG-0086,de8c3cd5a8f438ba138519786c1ed7141d43c24983979a2ba5ed5c5f16027384,清代姑苏版画（候选，待确认）,gusu_qing_candidate,清代姑苏版画（候选）,1,3400,2733,512,412,209100,18026,10334,0.9931373681495116,0.086207556193209,0.04942132950741272,candidate_exploratory_not_formal_manifest
IMG-0392,dffca64734bbc3c13258913ab3d14eafa7e02afb04b11c744a0efb1de3dbcaae,清代姑苏版画（候选，待确认）,gusu_qing_candidate,清代姑苏版画（候选）,1,2145,4000,275,512,139230,15900,7480,0.9157267423349229,0.11419952596423184,0.05372405372405373,candidate_exploratory_not_formal_manifest
IMG-0004,e0b1e8e52ac0e6659917f611a2f7afdccec851b128a65ea7a9eab63757e354b7,清代姑苏版画（候选，待确认）,gusu_qing_candidate,清代姑苏版画（候选）,1,789,1000,404,512,205020,45237,20910,0.9845110134220518,0.22064676616915424,0.10199004975124377,candidate_exploratory_not_formal_manifest
IMG-0207,e1f07afc3d606c13b8ae59f8ce687eb32c1aec633f7d8b8b03e928e58c2857ea,清代姑苏版画（候选，待确认）,gusu_qing_candidate,清代姑苏版画（候选）,1,2820,2780,512,505,256530,18859,5013,0.9964178113767291,0.07351576813628036,0.01954157408490235,candidate_exploratory_not_formal_manifest
IMG-0069,e2a58383f7d1b72ea6c777c0ca0ddc2ce59fbae4aa3fa27b216849d9d077a56a,清代姑苏版画（候选，待确认）,gusu_qing_candidate,清代姑苏版画（候选）,1,1000,934,512,478,242760,36487,16823,0.9749712301722742,0.1503007085187016,0.06929889602899983,candidate_exploratory_not_formal_manifest
IMG-0294,e2a6359566166b1c5cfa77da569f45890694e80b2d8e901b1be1c43cad188dc2,清代姑苏版画（候选，待确认）,gusu_qing_candidate,清代姑苏版画（候选）,1,3143,4000,402,512,204000,21042,13419,0.9727693661220393,0.10314705882352941,0.06577941176470588,candidate_exploratory_not_formal_manifest
IMG-0341,e5469d87f858a19fe16837a827bae1882945b60d6941622f671e8dffb086c5e2,清代姑苏版画（候选，待确认）,gusu_qing_candidate,清代姑苏版画（候选）,1,760,597,512,402,204000,39951,22409,0.8804421205005453,0.19583823529411765,0.10984803921568627,candidate_exploratory_not_formal_manifest
IMG-0022,e588a82f9379923a3f9fb7c8ac65d383bdabb0f70b4e800f36d94ca61d04656b,清代姑苏版画（候选，待确认）,gusu_qing_candidate,清代姑苏版画（候选）,1,1000,777,512,398,201960,19562,8880,0.9448199507629165,0.09686076450782333,0.043969102792632206,candidate_exploratory_not_formal_manifest
IMG-0442,e6362a059752761cc257db5a9f4e66dd64b0f6bde2e1db98dc8c5fcf4092a265,清代姑苏版画（候选，待确认）,gusu_qing_candidate,清代姑苏版画（候选）,1,2415,4000,309,512,156570,20769,11131,0.9551185372505856,0.1326499329373443,0.07109280194162355,candidate_exploratory_not_formal_manifest
IMG-0333,e71d95daffbb661eddbda87afba094b0d7e5b0a3e4a1efaf0e7af78b980eacd6,清代姑苏版画（候选，待确认）,gusu_qing_candidate,清代姑苏版画（候选）,1,1080,1561,354,512,179520,25441,13037,0.9780210918349959,0.14171680035650625,0.0726214349376114,candidate_exploratory_not_formal_manifest
IMG-0424,e750c929f7ec423b0dc50ac324a9960561b02304177dfe245e416cd9f3c91ab1,清代姑苏版画（候选，待确认）,gusu_qing_candidate,清代姑苏版画（候选）,1,2462,4000,315,512,159630,9126,5064,0.9864968361099755,0.05716970494267995,0.03172336027062582,candidate_exploratory_not_formal_manifest
IMG-0300,e78d6b929c39ebb849b83593b2b5fbcde6af74c3c2902371ce818a2aaac04074,清代姑苏版画（候选，待确认）,gusu_qing_candidate,清代姑苏版画（候选）,1,4000,2667,512,341,172890,21811,12829,0.9383498863176499,0.12615535889872173,0.07420325062178264,candidate_exploratory_not_formal_manifest
IMG-0032,e874dc092c3e4d1968234cd81260a69458e864054f44dbeeb7a878a4adb2ef33,清代姑苏版画（候选，待确认）,gusu_qing_candidate,清代姑苏版画（候选）,1,1000,783,512,401,203490,19455,11072,0.9786207124116564,0.09560666371811882,0.054410536144282276,candidate_exploratory_not_formal_manifest
IMG-0006,ea65d4a36e629b539c9484ea224046500213f8d15ea2e1fa740bee3f6ba25ce0,清代姑苏版画（候选，待确认）,gusu_qing_candidate,清代姑苏版画（候选）,1,834,1000,427,512,216750,40112,18468,0.9895136025363813,0.18506113033448673,0.08520415224913495,candidate_exploratory_not_formal_manifest
IMG-0164,eb06a7222be37247d6ad66bdd0409ef4beec4fc12a35a1903f4c5799fb215f46,清代姑苏版画（候选，待确认）,gusu_qing_candidate,清代姑苏版画（候选）,1,3340,2888,512,443,224910,58215,28599,0.974798809416517,0.25883686808056555,0.12715752967853808,candidate_exploratory_not_formal_manifest
IMG-0241,eb08c2083ea57e6b0cfc460ddd5543aa468228908fc9f22d90f2b0df6ce27ffc,清代姑苏版画（候选，待确认）,gusu_qing_candidate,清代姑苏版画（候选）,1,4000,3000,512,384,194820,31406,18176,0.981850156422256,0.16120521507032132,0.09329637614207986,candidate_exploratory_not_formal_manifest
IMG-0279,eb242f723b69be94b5fdb5c20f9465093f65b0abc5b948a8727247a7311747cb,清代姑苏版画（候选，待确认）,gusu_qing_candidate,清代姑苏版画（候选）,1,2256,4000,289,512,146370,12507,8353,0.9769652995420338,0.08544783767165402,0.05706770513083282,candidate_exploratory_not_formal_manifest
IMG-0132,ec0222cba8da53d60e7575e011a8a74aea31dac19136ee8eb131cd5933012e27,清代姑苏版画（候选，待确认）,gusu_qing_candidate,清代姑苏版画（候选）,1,2148,4000,275,512,139230,12626,4963,0.7485946053411,0.09068447891977303,0.035646053293112115,candidate_exploratory_not_formal_manifest
IMG-0135,ed1c14e2370743b12dbbc96a80fda5d62852ecc61d292f15357ec36efa942758,清代姑苏版画（候选，待确认）,gusu_qing_candidate,清代姑苏版画（候选）,1,2237,4000,286,512,144840,18778,8625,0.8877717387637664,0.1296465064899199,0.05954846727423364,candidate_exploratory_not_formal_manifest
IMG-0104,edb8b8c4fec213a8c7b7cadf1465af944c234262b0ace12cce3f583ef0c3409d,清代姑苏版画（候选，待确认）,gusu_qing_candidate,清代姑苏版画（候选）,1,2162,3400,326,512,165240,10975,2212,0.9205864251337508,0.06641854272573226,0.013386589203582667,candidate_exploratory_not_formal_manifest
IMG-0308,ee04f064a915c7ea0f7bd9a3bc50d22f44976749f5bd5c42884c241811123740,清代姑苏版画（候选，待确认）,gusu_qing_candidate,清代姑苏版画（候选）,1,1080,1654,334,512,169320,48942,28444,0.987228078069099,0.28905031892274985,0.1679896054807465,candidate_exploratory_not_formal_manifest
IMG-0322,ee1ee11d857de1de5168ebf28649663397458abb0b9ef1ff300a4f02f9d5028e,清代姑苏版画（候选，待确认）,gusu_qing_candidate,清代姑苏版画（候选）,1,870,1276,349,512,176970,82342,41686,0.986989032804824,0.46528790190427755,0.2355540487088207,candidate_exploratory_not_formal_manifest
IMG-0324,ee3883efd687d3055bc6522a800afada86d878519396b3ea7aa24df43ab60347,清代姑苏版画（候选，待确认）,gusu_qing_candidate,清代姑苏版画（候选）,1,2948,738,512,128,64260,23625,11975,0.9659429582142767,0.36764705882352944,0.1863523187052599,candidate_exploratory_not_formal_manifest
IMG-0280,ee786d40a5024f81ea9fcab7e21d99fdf9976498a1a6448d9859325f89493cee,清代姑苏版画（候选，待确认）,gusu_qing_candidate,清代姑苏版画（候选）,1,1885,4000,241,512,121890,166,43,0.979963402425337,0.0013618836656001314,0.0003527770941012388,candidate_exploratory_not_formal_manifest
IMG-0099,ee7f54ec3d9353aa16809aa1646a2675d314c513acbfb295cdcc3838f72453e1,清代姑苏版画（候选，待确认）,gusu_qing_candidate,清代姑苏版画（候选）,1,1913,3400,288,512,145860,27884,13964,0.9015403879063972,0.19116961469902646,0.0957356369121075,candidate_exploratory_not_formal_manifest
IMG-0061,ef0bd4fa31cecfd7217f5b706fb21a029b9c38ffb2f943e704b06b2ae7d60a8c,清代姑苏版画（候选，待确认）,gusu_qing_candidate,清代姑苏版画（候选）,1,1000,985,512,504,256020,50813,24421,0.9459946688886726,0.19847277556440904,0.09538707913444262,candidate_exploratory_not_formal_manifest
IMG-0072,ef91a58f0ea4fe48bfecadcb3e669ed146cab628ef543c4b3884a52de2997337,清代姑苏版画（候选，待确认）,gusu_qing_candidate,清代姑苏版画（候选）,1,1000,792,512,406,206040,32196,14290,0.9978615232429017,0.15626092020966803,0.06935546495826053,candidate_exploratory_not_formal_manifest
IMG-0163,f178926db55fd22658c3be3f7ad50a58e9b162320840a967480d22745009c648,清代姑苏版画（候选，待确认）,gusu_qing_candidate,清代姑苏版画（候选）,1,3736,2648,512,363,184110,48714,28232,0.9743448078796462,0.2645918201075444,0.15334311009722448,candidate_exploratory_not_formal_manifest
IMG-0101,f1cf6cdd63f4980b70e68829a2d09f42334ace118cdb4f6ab435da253a7d5832,清代姑苏版画（候选，待确认）,gusu_qing_candidate,清代姑苏版画（候选）,1,1622,3400,244,512,123420,20902,11283,0.9407106075022009,0.16935666828714957,0.0914195430238211,candidate_exploratory_not_formal_manifest
IMG-0039,f2467a08d62c55f57e8d1c91e3a460a543cc46671189b3920d4d1eeb49ddc086,清代姑苏版画（候选，待确认）,gusu_qing_candidate,清代姑苏版画（候选）,1,982,1000,503,512,255510,44906,20797,0.9975575896136534,0.17575045986458457,0.08139407459590622,candidate_exploratory_not_formal_manifest
IMG-0046,f2ebdaa3182628ab613b45aefa67dd5daba4c4e11d70178eb8d68216c821c990,清代姑苏版画（候选，待确认）,gusu_qing_candidate,清代姑苏版画（候选）,1,1000,958,512,490,248880,31938,16627,0.9801085874292407,0.12832690453230472,0.06680729668916748,candidate_exploratory_not_formal_manifest
IMG-0432,f32016c4c8c419185122cfa2755155e1123a7ba2bd58de11b3afa3bbab554aa9,清代姑苏版画（候选，待确认）,gusu_qing_candidate,清代姑苏版画（候选）,1,2598,4000,333,512,168810,36920,18108,0.9962953047478746,0.2187074225460577,0.10726852674604585,candidate_exploratory_not_formal_manifest
IMG-0224,f504a4359ec7c6d047b41b1b2e174c23fa53750877bee8a07ef1fd681478a349,清代姑苏版画（候选，待确认）,gusu_qing_candidate,清代姑苏版画（候选）,1,2872,3544,415,512,210630,16909,10133,0.9784770465333541,0.0802782129801073,0.04810805678203485,candidate_exploratory_not_formal_manifest
IMG-0018,f595667fefe85ffa4716d5e1cd3041088b877e77844bb3848a90697bcac458b9,清代姑苏版画（候选，待确认）,gusu_qing_candidate,清代姑苏版画（候选）,1,786,1000,402,512,204000,33495,16503,0.9612828234140878,0.16419117647058823,0.0808970588235294,candidate_exploratory_not_formal_manifest
IMG-0048,f5f7dd8775422e708a2b9f3c4596fff136cf3ddb57095449f7a959803d8808d0,清代姑苏版画（候选，待确认）,gusu_qing_candidate,清代姑苏版画（候选）,1,1000,956,512,489,248370,77823,34227,0.9752077797302039,0.31333494383379634,0.13780649836936829,candidate_exploratory_not_formal_manifest
IMG-0223,f6ec18e5f9a8bb7708e860fbc435e7489d68ba109bf928203366d4f486e2286c,清代姑苏版画（候选，待确认）,gusu_qing_candidate,清代姑苏版画（候选）,1,3230,2558,512,405,205530,20641,11654,0.9903704978845335,0.10042816133897728,0.05670218459592274,candidate_exploratory_not_formal_manifest
IMG-0142,f780e0ba2127b15fff2b7dcc74ee83f0ec34b4600c860c5667101b3ce5709c54,清代姑苏版画（候选，待确认）,gusu_qing_candidate,清代姑苏版画（候选）,1,3002,4000,384,512,194820,28689,15696,0.9963342594686531,0.14725900831536803,0.08056667693255312,candidate_exploratory_not_formal_manifest
IMG-0096,f918128c97726e2baf0c938b6656e8af7031f3e9e12e996075f50f08e499b838,清代姑苏版画（候选，待确认）,gusu_qing_candidate,清代姑苏版画（候选）,1,2147,3400,323,512,163710,18698,11331,0.9472227734284201,0.11421415918392279,0.06921385376580538,candidate_exploratory_not_formal_manifest
IMG-0214,f990d3cab46daddef114156f4a6ca707933a61bb33c88204fc4d69a24aaa4b10,清代姑苏版画（候选，待确认）,gusu_qing_candidate,清代姑苏版画（候选）,1,3447,2689,512,399,202470,16283,8662,0.9232433758105716,0.08042179088259989,0.042781646663703266,candidate_exploratory_not_formal_manifest
IMG-0149,fb69011945cbb4940cb8c5d75136828e9d3abd506a168ee13270cbc8975ca5f4,清代姑苏版画（候选，待确认）,gusu_qing_candidate,清代姑苏版画（候选）,1,3774,2602,512,353,179010,33581,17024,0.896402488104573,0.1875928719065974,0.09510083235573431,candidate_exploratory_not_formal_manifest
IMG-0431,fb8d9c77f9ce98c57df5089721cd1897be68f4604fdce77be60fbad72d687d82,清代姑苏版画（候选，待确认）,gusu_qing_candidate,清代姑苏版画（候选）,1,4000,2663,512,341,172890,62485,34511,0.9646046085594573,0.36141477239863495,0.19961247035687432,candidate_exploratory_not_formal_manifest
IMG-0257,fbabc0ef123e5f3c852171f04b61bf6fa956b20191062577cd6bfdebec04a7f4,清代姑苏版画（候选，待确认）,gusu_qing_candidate,清代姑苏版画（候选）,1,1280,1299,505,512,256530,67061,32241,0.9705184560166742,0.2614158188126145,0.12568120687638873,candidate_exploratory_not_formal_manifest
IMG-0098,fbe7499e393407722b55045f707b6f7a5be459889b33c0743f7f6c2a4d74e466,清代姑苏版画（候选，待确认）,gusu_qing_candidate,清代姑苏版画（候选）,1,1879,3400,283,512,143310,18941,10131,0.9437365971911865,0.13216802735329006,0.07069290349591795,candidate_exploratory_not_formal_manifest
IMG-0272,fcad17c474d6aa8693d536e5c7ae99256d077015640ec431feabbea3d411aef5,清代姑苏版画（候选，待确认）,gusu_qing_candidate,清代姑苏版画（候选）,1,1433,955,512,341,172890,65224,30183,0.9237585764073839,0.377257215570594,0.17457921221585979,candidate_exploratory_not_formal_manifest
IMG-0071,fde312d7e5eea004a14f59a9d27cd936a253c26965118bbab4fe2c71f50ea4be,清代姑苏版画（候选，待确认）,gusu_qing_candidate,清代姑苏版画（候选）,1,1000,962,512,493,250410,45705,21500,0.9657015257526281,0.18252066610758355,0.08585919092687992,candidate_exploratory_not_formal_manifest
IMG-0447,fe97e5ba8f78e9b1a4b4f5a654c1413d88e3cf5929bb40efb90ec8a0f9e77f33,清代姑苏版画（候选，待确认）,gusu_qing_candidate,清代姑苏版画（候选）,1,2165,4000,277,512,140250,32245,16489,0.9507252260113828,0.2299108734402852,0.11756862745098039,candidate_exploratory_not_formal_manifest
IMG-0376,feade74562183a9550f65489ed9a13bb98d7eab8062c9afab8c83b23d0a1871d,清代姑苏版画（候选，待确认）,gusu_qing_candidate,清代姑苏版画（候选）,1,4000,3715,512,476,241740,53708,26718,0.9291445277181197,0.222172582113014,0.11052370315214693,candidate_exploratory_not_formal_manifest
IMG-0470,48358aa9adc4a036be87bd8e6adad43cdc1625e01376b11e82cea10da5b8cf4a,20世纪50年代桃花坞年画（候选，待确认）,taohuawu_1950s_candidate,20世纪50年代桃花坞年画（候选）,2,1080,1440,384,512,194820,36871,15579,0.974616948380237,0.189256749820347,0.07996612257468433,candidate_exploratory_not_formal_manifest
IMG-0478,6d9e521d05d1eacd277182f14aaa5c2ffc1b2149aa9f58fddff7e35deae29c35,20世纪50年代桃花坞年画（候选，待确认）,taohuawu_1950s_candidate,20世纪50年代桃花坞年画（候选）,2,1084,1542,360,512,182580,64182,30469,0.9837535122918188,0.3515280972724285,0.16688027166173733,candidate_exploratory_not_formal_manifest
IMG-0476,715c5a73f6b6d6b82e0a69cfcc9c48a5c94d98db802bd2e789e26920452ecab2,20世纪50年代桃花坞年画（候选，待确认）,taohuawu_1950s_candidate,20世纪50年代桃花坞年画（候选）,2,1082,1608,345,512,174930,49146,24430,0.9872055082030212,0.28094666438003774,0.139655862344938,candidate_exploratory_not_formal_manifest
IMG-0471,8ed0e49da7273f816ed5ca104f971e4329b3b171862bc47f3865bcbb8831e5ec,20世纪50年代桃花坞年画（候选，待确认）,taohuawu_1950s_candidate,20世纪50年代桃花坞年画（候选）,2,1076,1546,356,512,180540,53315,25943,0.9823392063569302,0.2953085188877811,0.14369668771463387,candidate_exploratory_not_formal_manifest
IMG-0475,a0ddd895dde1468ab728ce969030aca60e0c3b101ec5438686db453ac2bbea0a,20世纪50年代桃花坞年画（候选，待确认）,taohuawu_1950s_candidate,20世纪50年代桃花坞年画（候选）,2,1080,1200,461,512,234090,62092,27201,0.9859171811840759,0.26524840873168437,0.11619889785979752,candidate_exploratory_not_formal_manifest
IMG-0477,a236c02a38ad13be811b57174e809296437ccdf9191f0a10c0cf83d8a07a3184,20世纪50年代桃花坞年画（候选，待确认）,taohuawu_1950s_candidate,20世纪50年代桃花坞年画（候选）,2,1082,1464,378,512,191760,88388,38306,0.9790693970089224,0.46093032957863994,0.19976011681268252,candidate_exploratory_not_formal_manifest
IMG-0473,af3b3d844d7ef215b1635508c470ab951802adbc310fbc31c4b68f677a3dc890,20世纪50年代桃花坞年画（候选，待确认）,taohuawu_1950s_candidate,20世纪50年代桃花坞年画（候选）,2,1080,1440,384,512,194820,38587,17823,0.9852634146306232,0.19806488040242276,0.09148444718201416,candidate_exploratory_not_formal_manifest
IMG-0472,c925e5d733c106b18845b11bc9745177ab59ad269895f8b9c161997c5e43b54c,20世纪50年代桃花坞年画（候选，待确认）,taohuawu_1950s_candidate,20世纪50年代桃花坞年画（候选）,2,1080,1440,384,512,194820,60708,27203,0.9575131132342531,0.3116107175854635,0.1396314546761113,candidate_exploratory_not_formal_manifest
IMG-0474,ea119fa80283ccbb8bbeab8670fdf1926bc4c3f92981aea990f748a9eb47c732,20世纪50年代桃花坞年画（候选，待确认）,taohuawu_1950s_candidate,20世纪50年代桃花坞年画（候选）,2,1080,1440,384,512,194820,66382,30248,0.9625347999275714,0.34073503747048556,0.15526126681038907,candidate_exploratory_not_formal_manifest
IMG-0647,066316bde2ead4321aa349ce7c40cb89ae87b33d02b589cb36fcabfde683a26c,清末杨柳青年画（候选，待确认）,yangliuqing_late_qing_candidate,清末杨柳青年画（候选）,3,2020,1080,512,274,138720,43369,21049,0.978597600000721,0.3126369665513264,0.15173731257208767,candidate_exploratory_not_formal_manifest
IMG-0694,0931c432e43660b8afc1603c7d2b639d90d0881bd5a0911b43d50bb3e8f33653,清末杨柳青年画（候选，待确认）,yangliuqing_late_qing_candidate,清末杨柳青年画（候选）,3,1866,1082,512,297,150450,56166,28418,0.975581810155059,0.37332003988035894,0.18888667331339315,candidate_exploratory_not_formal_manifest
IMG-0618,0a1c2c5308a9061e41bbc930e724e7aa20afe85e682567703ae6f09154afcf0b,清末杨柳青年画（候选，待确认）,yangliuqing_late_qing_candidate,清末杨柳青年画（候选）,3,1080,1365,405,512,205530,44075,20517,0.8976074259788994,0.21444557972072203,0.09982484308860021,candidate_exploratory_not_formal_manifest
IMG-0606,0b18d914a3c43c0fcbd3de805dce4f69693b391490d784917f43f2887b134059,清末杨柳青年画（候选，待确认）,yangliuqing_late_qing_candidate,清末杨柳青年画（候选）,3,1279,1891,346,512,175440,39063,19460,0.9745329624362747,0.22265731874145006,0.11092111263109895,candidate_exploratory_not_formal_manifest
IMG-0701,19e246ff92a540cce5ba3c1e1dd323a09607ec7dbce0849584484f030300333a,清末杨柳青年画（候选，待确认）,yangliuqing_late_qing_candidate,清末杨柳青年画（候选）,3,944,1370,353,512,179010,38982,19152,0.8388808514626487,0.2177643707055472,0.1069884364002011,candidate_exploratory_not_formal_manifest
IMG-0639,1e4834c2655449ef36a76b95bbb9810adefea86aeaeab24b2584d65b610a4e15,清末杨柳青年画（候选，待确认）,yangliuqing_late_qing_candidate,清末杨柳青年画（候选）,3,1872,1280,512,350,177480,60104,29156,0.9753427648907841,0.3386522425061979,0.1642776650890241,candidate_exploratory_not_formal_manifest
IMG-0643,1f3c960fbc120034bdaf86b003b424b24b87dbcc2da213d59f3b54c07a533f32,清末杨柳青年画（候选，待确认）,yangliuqing_late_qing_candidate,清末杨柳青年画（候选）,3,1835,1080,512,301,152490,47937,21751,0.9662575257227347,0.3143615974818021,0.14263886156469277,candidate_exploratory_not_formal_manifest
IMG-0667,2664a46a567cba7895136c9948d8157eed4dbc800c8ab41da0dcddb0667d4253,清末杨柳青年画（候选，待确认）,yangliuqing_late_qing_candidate,清末杨柳青年画（候选）,3,1806,1082,512,307,155550,61684,29066,0.9784755274077527,0.396554162648666,0.18685953069752492,candidate_exploratory_not_formal_manifest
IMG-0698,268a32e87e511ee6841d119b75c1e125202465fbba98abd7699eb78820010830,清末杨柳青年画（候选，待确认）,yangliuqing_late_qing_candidate,清末杨柳青年画（候选）,3,1440,1080,512,384,194820,95762,49606,0.9644217709424335,0.4915409095575403,0.2546247818499127,candidate_exploratory_not_formal_manifest
IMG-0642,278599d26f1ce4eba5314c9b2f9541dd09a641ebb7405c29361f195dd0757a1e,清末杨柳青年画（候选，待确认）,yangliuqing_late_qing_candidate,清末杨柳青年画（候选）,3,2023,1279,512,324,164220,37733,18649,0.9717656581354105,0.22977103885032274,0.11356107660455486,candidate_exploratory_not_formal_manifest
IMG-0687,29a98eb9ae33a7e231111b720c2cfe888385578efe21c8a88b2b1f6f9cce1b40,清末杨柳青年画（候选，待确认）,yangliuqing_late_qing_candidate,清末杨柳青年画（候选）,3,1630,1084,512,340,172380,37451,17106,0.9918440497178761,0.21725838264299802,0.09923424991298295,candidate_exploratory_not_formal_manifest
IMG-0605,2bdc3e9bcac87a5ef136e1a6f93c583588c3d47a638677889d8354d32295bdec,清末杨柳青年画（候选，待确认）,yangliuqing_late_qing_candidate,清末杨柳青年画（候选）,3,1279,1891,346,512,175440,40047,20475,0.9761259826472691,0.22826607387140904,0.11670656634746922,candidate_exploratory_not_formal_manifest
IMG-0633,2da6210fc1622b24161a507f07c7faf52d9ae2a849e4f752f5a60a68558cd9a0,清末杨柳青年画（候选，待确认）,yangliuqing_late_qing_candidate,清末杨柳青年画（候选）,3,642,1478,222,512,112200,34686,18993,0.9796505710604233,0.30914438502673797,0.16927807486631016,candidate_exploratory_not_formal_manifest
IMG-0631,2e1213b739c02dee51472964badf5f21f23b7ec35a8ec3964973d528aa6e2f37,清末杨柳青年画（候选，待确认）,yangliuqing_late_qing_candidate,清末杨柳青年画（候选）,3,2411,1080,512,229,115770,28621,15470,0.9003669718882995,0.24722294204025222,0.13362701908957417,candidate_exploratory_not_formal_manifest
IMG-0662,328d27466e6810583b48fc55b6c218b01b1a39037f721f1355de023cc81cda9f,清末杨柳青年画（候选，待确认）,yangliuqing_late_qing_candidate,清末杨柳青年画（候选）,3,1045,2038,263,512,133110,48021,24340,0.9485597124666096,0.3607617759747577,0.18285628427616257,candidate_exploratory_not_formal_manifest
IMG-0627,338a5ceb0ed70ea9709bdaa49421453fae9f33c8da2eb3a603c583c2f7f8bffd,清末杨柳青年画（候选，待确认）,yangliuqing_late_qing_candidate,清末杨柳青年画（候选）,3,846,974,445,512,225930,32800,17304,0.9913522870589138,0.14517770991014917,0.07659009427698844,candidate_exploratory_not_formal_manifest
IMG-0680,340ac961d052b1043c6e5967634b2f446218f52b0bd20cdca56568c11cf93ab3,清末杨柳青年画（候选，待确认）,yangliuqing_late_qing_candidate,清末杨柳青年画（候选）,3,1438,1078,512,384,194820,45499,23361,0.9782471160226874,0.2335437840057489,0.11991068678780413,candidate_exploratory_not_formal_manifest
IMG-0685,3571d927a991099e2579f22aafc703c2bb98eda61b96d54048710ce98d892a96,清末杨柳青年画（候选，待确认）,yangliuqing_late_qing_candidate,清末杨柳青年画（候选）,3,1714,1080,512,323,163710,34037,16077,0.9877617251910709,0.20791032924073055,0.09820414146967198,candidate_exploratory_not_formal_manifest
IMG-0688,396ebf51abd5545b5c3a4826e24e2bca22165e7cac5608857f5a3753f82ac1f8,清末杨柳青年画（候选，待确认）,yangliuqing_late_qing_candidate,清末杨柳青年画（候选）,3,764,1230,318,512,161160,39676,19733,0.9899062965043391,0.24619012161826756,0.12244353437577563,candidate_exploratory_not_formal_manifest
IMG-0626,3c73271fae2c4880e34a52369544d07079b8b58e41a6f916eb6726e4b7e3aa83,清末杨柳青年画（候选，待确认）,yangliuqing_late_qing_candidate,清末杨柳青年画（候选）,3,832,958,445,512,225930,34683,20254,0.9814772110871163,0.15351214978090558,0.0896472358695171,candidate_exploratory_not_formal_manifest
IMG-0614,3dd2c4355d63312378e0236f4b830a5e92b3b8d746e1ece035c46011f56a08fe,清末杨柳青年画（候选，待确认）,yangliuqing_late_qing_candidate,清末杨柳青年画（候选）,3,1438,1279,512,455,231030,33289,16687,0.911908420135844,0.14408951218456478,0.0722287148855127,candidate_exploratory_not_formal_manifest
IMG-0673,3e7fea5a8be40bb05a391bd2220151b5dffe8a6673b0cb5e8dd33a695dbe423b,清末杨柳青年画（候选，待确认）,yangliuqing_late_qing_candidate,清末杨柳青年画（候选）,3,1846,1078,512,299,151470,58655,25462,0.9542087980332996,0.3872383970423186,0.16809929358948966,candidate_exploratory_not_formal_manifest
IMG-0625,4139adc1f15a75c2ca4e170b9dc841803c3c40c640876943d403d5693a9d1b8f,清末杨柳青年画（候选，待确认）,yangliuqing_late_qing_candidate,清末杨柳青年画（候选）,3,858,1032,426,512,216240,29694,16748,0.9401012211181028,0.1373196448390677,0.07745098039215687,candidate_exploratory_not_formal_manifest
IMG-0682,42b79883123f77b2064899a771437dbb8068b98c04811179b5e3b9ad06f9f18d,清末杨柳青年画（候选，待确认）,yangliuqing_late_qing_candidate,清末杨柳青年画（候选）,3,1804,1080,512,307,155550,57014,25265,0.9610877242832815,0.3665316618450659,0.16242365798778527,candidate_exploratory_not_formal_manifest
IMG-0629,47281bf47f6e5bfb730a6078a7e7f82616b3d63eb0556ad0c62d39636f494702,清末杨柳青年画（候选，待确认）,yangliuqing_late_qing_candidate,清末杨柳青年画（候选）,3,964,1074,460,512,233580,33147,14824,0.9848213490806204,0.14190855381453893,0.06346433770014556,candidate_exploratory_not_formal_manifest
IMG-0650,47858fe5180edcc1bc7aaa182e8654e7bfe4b2b2ea46a53d5cbc50f75d9f7b27,清末杨柳青年画（候选，待确认）,yangliuqing_late_qing_candidate,清末杨柳青年画（候选）,3,1775,1080,512,312,158100,42868,20489,0.9576180414097202,0.2711448450347881,0.12959519291587604,candidate_exploratory_not_formal_manifest
IMG-0692,4d7799e5a26950a2f5942e4720aa14ad8966379af4848fc790a1a29af779039e,清末杨柳青年画（候选，待确认）,yangliuqing_late_qing_candidate,清末杨柳青年画（候选）,3,1149,1387,424,512,215220,79838,37064,0.9926754454577194,0.37095994796022674,0.17221447820834496,candidate_exploratory_not_formal_manifest
IMG-0610,4fbe15ed3271e80108040edb1bb589f52732c85d8423ba28268ad7c57ca1f760,清末杨柳青年画（候选，待确认）,yangliuqing_late_qing_candidate,清末杨柳青年画（候选）,3,2181,1279,512,300,151980,16558,8513,0.9483854470583366,0.10894854586129754,0.05601394920384261,candidate_exploratory_not_formal_manifest
IMG-0663,51e816f7d7679e6eaa19a5a8f2e4b5520f7aecb869c936fb2d3667ff4377a56e,清末杨柳青年画（候选，待确认）,yangliuqing_late_qing_candidate,清末杨柳青年画（候选）,3,1042,1903,280,512,141780,28201,14375,0.9634197990993492,0.19890675694738327,0.10138947665397094,candidate_exploratory_not_formal_manifest
IMG-0678,5334c161acb23780250e62fff241f4a20a92d6e1ab96ad380aecbe33346a5cb1,清末杨柳青年画（候选，待确认）,yangliuqing_late_qing_candidate,清末杨柳青年画（候选）,3,1084,1342,414,512,210120,62108,31235,0.9840284740256694,0.29558347610889013,0.1486531505806206,candidate_exploratory_not_formal_manifest
IMG-0658,54448fb1177d91055908d4ff4a482c565e7110a02a62d217194713842d7b43f8,清末杨柳青年画（候选，待确认）,yangliuqing_late_qing_candidate,清末杨柳青年画（候选）,3,1410,831,512,302,153000,39158,20365,0.9518998356281673,0.2559346405228758,0.1331045751633987,candidate_exploratory_not_formal_manifest
IMG-0645,56df23e2d3c109ea61bf29a219c0a10110a3bcb30fec6fb98ff205cb9c0d8848,清末杨柳青年画（候选，待确认）,yangliuqing_late_qing_candidate,清末杨柳青年画（候选）,3,1717,1080,512,322,163200,47746,21931,0.9674177036463061,0.2925612745098039,0.13438112745098038,candidate_exploratory_not_formal_manifest
IMG-0646,57007ace5504c04a933520f0b3ba572f3e79d683f06f2ed5e9e7ff977ff18a94,清末杨柳青年画（候选，待确认）,yangliuqing_late_qing_candidate,清末杨柳青年画（候选）,3,1883,1080,512,294,148920,71052,30769,0.9852711187676015,0.4771152296535052,0.206614289551437,candidate_exploratory_not_formal_manifest
IMG-0651,57284e5c39930baba9a42dd7361ee7f5001344bb11026fa34bbf733e2dd8d306,清末杨柳青年画（候选，待确认）,yangliuqing_late_qing_candidate,清末杨柳青年画（候选）,3,1882,1080,512,294,148920,31896,18079,0.9890169569737003,0.21418211120064465,0.12140075208165459,candidate_exploratory_not_formal_manifest
IMG-0636,5ac411aecb13b1a798196a83226e17deab4fd0b66dd510868f97f224e2a9f121,清末杨柳青年画（候选，待确认）,yangliuqing_late_qing_candidate,清末杨柳青年画（候选）,3,1697,1080,512,326,165240,47190,26355,0.9016117868096623,0.28558460421205517,0.1594952795933188,candidate_exploratory_not_formal_manifest
IMG-0696,5cbc1145d8a9560023d12f223766d7f496b138c83ca3993bcb280b74a30a279c,清末杨柳青年画（候选，待确认）,yangliuqing_late_qing_candidate,清末杨柳青年画（候选）,3,1700,1084,512,326,165240,50394,29509,0.8871085861842765,0.3049745824255628,0.17858266763495523,candidate_exploratory_not_formal_manifest
IMG-0619,5ddb79acc5633734b75e02f5c417b91b9a11fbf890e58fb9bfbdbcb38e09c8ec,清末杨柳青年画（候选，待确认）,yangliuqing_late_qing_candidate,清末杨柳青年画（候选）,3,1080,1333,415,512,210630,56970,27894,0.9025065517888775,0.27047429141147983,0.13243127759578407,candidate_exploratory_not_formal_manifest
IMG-0649,5e962f61b8855c9a0889bb8eba0a69fd332e00ef16a0e802f6a0a97287adfe3f,清末杨柳青年画（候选，待确认）,yangliuqing_late_qing_candidate,清末杨柳青年画（候选）,3,1883,1080,512,294,148920,55737,27129,0.9801120597163295,0.3742747784045125,0.1821716357775987,candidate_exploratory_not_formal_manifest
IMG-0695,60da522a58d70a3ff56e4d2c58336e1c83e69e49e18b6345a7c4c0291fd57931,清末杨柳青年画（候选，待确认）,yangliuqing_late_qing_candidate,清末杨柳青年画（候选）,3,886,1671,271,512,137190,40608,19261,0.8475883709008111,0.29599825060135576,0.14039653035935565,candidate_exploratory_not_formal_manifest
IMG-0620,60effe74674b8810b6ea91b8e90ea08471a5a5f3f0189fb60ca8701d3bb86ba1,清末杨柳青年画（候选，待确认）,yangliuqing_late_qing_candidate,清末杨柳青年画（候选）,3,1646,1044,512,325,164730,37677,17362,0.9502871752933264,0.228719723183391,0.10539670976749833,candidate_exploratory_not_formal_manifest
IMG-0622,61d8bc7cf3e2ffee626f18622d41d08f849679d9a833d69d8f0d354186d6c5b6,清末杨柳青年画（候选，待确认）,yangliuqing_late_qing_candidate,清末杨柳青年画（候选）,3,1440,1080,512,384,194820,45990,23205,0.9957832509112367,0.236064059131506,0.11910994764397906,candidate_exploratory_not_formal_manifest
IMG-0699,6b9a2bacf0227ab6dfbf46b55fd61871e13e1767ded40fb8ae1da0f30817176f,清末杨柳青年画（候选，待确认）,yangliuqing_late_qing_candidate,清末杨柳青年画（候选）,3,1440,1080,512,384,194820,90210,41357,0.9859559188869113,0.46304280874653525,0.21228313314854738,candidate_exploratory_not_formal_manifest
IMG-0672,71a3f2acadbcacaf63153c9b10b06e1714a476145d10af3df500b45f3b00c418,清末杨柳青年画（候选，待确认）,yangliuqing_late_qing_candidate,清末杨柳青年画（候选）,3,1840,1078,512,300,151980,39885,19110,0.9692414139307678,0.26243584682195026,0.12574022897749704,candidate_exploratory_not_formal_manifest
IMG-0644,73d1c39ff77007b95e7af702d82d543754b78e87fe3983ae100cb82f664c362a,清末杨柳青年画（候选，待确认）,yangliuqing_late_qing_candidate,清末杨柳青年画（候选）,3,1895,1080,512,292,147900,51843,25636,0.9605055736510368,0.35052738336713996,0.17333333333333334,candidate_exploratory_not_formal_manifest
IMG-0637,74b42c8a5a15ea66514e77d405e7e0bc8ce424bca92620076968b224a2fc2fd2,清末杨柳青年画（候选，待确认）,yangliuqing_late_qing_candidate,清末杨柳青年画（候选）,3,2209,1279,512,296,149940,50799,25315,0.9278113864939337,0.33879551820728293,0.16883420034680538,candidate_exploratory_not_formal_manifest
IMG-0628,7c5f402923eec0b8659870d92233ac08ba75af27d347bb2358356ed5e068191d,清末杨柳青年画（候选，待确认）,yangliuqing_late_qing_candidate,清末杨柳青年画（候选）,3,1080,1225,451,512,228990,33449,17607,0.985668044585449,0.14607188086816017,0.07688982051617975,candidate_exploratory_not_formal_manifest
IMG-0664,7e6288b67c21ba6a2230f30e6ddae2d9aaa2e04576cf56e6dedbaffe4bbb297d,清末杨柳青年画（候选，待确认）,yangliuqing_late_qing_candidate,清末杨柳青年画（候选）,3,1031,1903,277,512,140250,48155,25157,0.9252981016954152,0.34335115864527627,0.17937254901960784,candidate_exploratory_not_formal_manifest
IMG-0681,7ecae48cec2fa35f3b1ec1ace5b56bd0e68dd1b43dbe20dc26a82c2a2e938d55,清末杨柳青年画（候选，待确认）,yangliuqing_late_qing_candidate,清末杨柳青年画（候选）,3,1530,1076,512,360,182580,63861,30104,0.9877888524339528,0.34976996385146236,0.16488114798992223,candidate_exploratory_not_formal_manifest
IMG-0632,8589e6e601e6373f80a5471842066e47c26a22bacc7303ae91aac47a0aa30331,清末杨柳青年画（候选，待确认）,yangliuqing_late_qing_candidate,清末杨柳青年画（候选）,3,988,990,511,512,259590,22544,11726,0.9836728901259739,0.0868446396240225,0.04517123155745599,candidate_exploratory_not_formal_manifest
IMG-0665,8a0e98b87cfc93984a59376d8a91ded1049636a17ee0e09a3aa234255da0938d,清末杨柳青年画（候选，待确认）,yangliuqing_late_qing_candidate,清末杨柳青年画（候选）,3,1004,768,512,392,198900,22514,11791,0.929323784539083,0.11319255907491202,0.05928104575163399,candidate_exploratory_not_formal_manifest
IMG-0624,8ca6f77540411f3f49517a499f8832c9369929c76d08eaf68e96da7d94f2f43a,清末杨柳青年画（候选，待确认）,yangliuqing_late_qing_candidate,清末杨柳青年画（候选）,3,1080,1182,468,512,237660,29496,13520,0.9559921429803531,0.1241100732138349,0.05688799124800135,candidate_exploratory_not_formal_manifest
IMG-0702,8dad74ea07e07767e0842b4016805eecff3f30db7d57fa36d1f3c0f7d7ce29fc,清末杨柳青年画（候选，待确认）,yangliuqing_late_qing_candidate,清末杨柳青年画（候选）,3,993,1248,407,512,206550,30373,14875,0.8008506813761981,0.1470491406439119,0.0720164609053498,candidate_exploratory_not_formal_manifest
IMG-0690,8fdcd870b5f716dd10fdf99790ae382d62adb0b52591e4aca6b66eea5e28c04a,清末杨柳青年画（候选，待确认）,yangliuqing_late_qing_candidate,清末杨柳青年画（候选）,3,1080,1104,501,512,254490,72238,38360,0.9785971659648349,0.2838539824747534,0.15073283822547054,candidate_exploratory_not_formal_manifest
IMG-0661,94801921f415a3051963f598e74e7692e94fc60fedeaffd893c9aad420fc40da,清末杨柳青年画（候选，待确认）,yangliuqing_late_qing_candidate,清末杨柳青年画（候选）,3,1033,1915,276,512,139740,40449,21208,0.9768771902571536,0.2894589952769429,0.15176756834120508,candidate_exploratory_not_formal_manifest
IMG-0611,95e2593cb1c2949e6d1ac42a023e42273deedb349912b7e18b0a40d0ec7b426b,清末杨柳青年画（候选，待确认）,yangliuqing_late_qing_candidate,清末杨柳青年画（候选）,3,2370,1279,512,276,139740,30288,14821,0.9301965221970783,0.2167453842851009,0.10606125661943609,candidate_exploratory_not_formal_manifest
IMG-0675,982ab09704a9d269489e697ad3416a4b32ab5b6c500242986617034036e25fcb,清末杨柳青年画（候选，待确认）,yangliuqing_late_qing_candidate,清末杨柳青年画（候选）,3,1084,1162,478,512,242760,92300,47448,0.9861935535345563,0.3802109078925688,0.1954522985664854,candidate_exploratory_not_formal_manifest
IMG-0623,9892e7c5d412ce4bf1df061cc54c791d4ce9aa69fc05c41c6c1e60ab6f85f076,清末杨柳青年画（候选，待确认）,yangliuqing_late_qing_candidate,清末杨柳青年画（候选）,3,378,436,444,512,225420,29546,16503,0.9683479510592108,0.1310708898944193,0.07321000798509449,candidate_exploratory_not_formal_manifest
IMG-0616,98d9b2c69ca19fe5d2db96358b81b381e0cbc71cd0b5a20765b3ab60e83116b9,清末杨柳青年画（候选，待确认）,yangliuqing_late_qing_candidate,清末杨柳青年画（候选）,3,1279,2152,304,512,154020,28535,16741,0.9927479294506997,0.1852681469938969,0.10869367614595507,candidate_exploratory_not_formal_manifest
IMG-0630,9bbe4604a8b5aca7b06a38b5a8559d0c6f19c86a82192d286039cce008946045,清末杨柳青年画（候选，待确认）,yangliuqing_late_qing_candidate,清末杨柳青年画（候选）,3,1080,1128,490,512,248880,36299,20021,0.9736009788798257,0.14584940533590485,0.08044439087110254,candidate_exploratory_not_formal_manifest
IMG-0689,9e5246999b057d90f3912d71c64375ead7dd175c8304df8eb88258a44fae0acb,清末杨柳青年画（候选，待确认）,yangliuqing_late_qing_candidate,清末杨柳青年画（候选）,3,661,1050,322,512,163200,21242,10525,0.9548060314125866,0.1301593137254902,0.06449142156862746,candidate_exploratory_not_formal_manifest
IMG-0635,9f4d0ceac8abefb2d7e7465d8cfe48961275d5a88e0be36f22d3fdf947887d6b,清末杨柳青年画（候选，待确认）,yangliuqing_late_qing_candidate,清末杨柳青年画（候选）,3,682,1574,222,512,112200,36796,19235,0.9729442825841416,0.3279500891265597,0.1714349376114082,candidate_exploratory_not_formal_manifest
IMG-0674,a2c94e2972785a7cf876b3a822042017e53c278e4d7b5fcc8e2e0a9c35df8c14,清末杨柳青年画（候选，待确认）,yangliuqing_late_qing_candidate,清末杨柳青年画（候选）,3,1080,1616,342,512,173400,74022,34608,0.9566371203071121,0.42688581314878893,0.19958477508650518,candidate_exploratory_not_formal_manifest
IMG-0677,a55efcdbcb8b3d661ed539df3da21aa9a706d4e1022c72a09ff65d96acd37b8a,清末杨柳青年画（候选，待确认）,yangliuqing_late_qing_candidate,清末杨柳青年画（候选）,3,1074,1338,411,512,208590,59507,30772,0.9795575788718244,0.2852821324128674,0.14752385061604104,candidate_exploratory_not_formal_manifest
IMG-0679,a609313ba0d1ae0d6f8d6ddf12328dbcb6ae994bae104e17b1e241250058b01d,清末杨柳青年画（候选，待确认）,yangliuqing_late_qing_candidate,清末杨柳青年画（候选）,3,1448,1086,512,384,194820,72924,37455,0.9939230816123418,0.374314752078842,0.19225438866646136,candidate_exploratory_not_formal_manifest
IMG-0659,a6beabb9642e6190cff0c8a5d4415a59b5ca0f0222ab2bb8c42f03b08ac1a75c,清末杨柳青年画（候选，待确认）,yangliuqing_late_qing_candidate,清末杨柳青年画（候选）,3,1349,802,512,304,154020,73691,31777,0.9677263031613301,0.478450850538891,0.20631736138163875,candidate_exploratory_not_formal_manifest
IMG-0693,ade0d7b37fcf45bdc037617fe3ea3057d5952a109962732ba07c014025fd5f2a,清末杨柳青年画（候选，待确认）,yangliuqing_late_qing_candidate,清末杨柳青年画（候选）,3,1606,1078,512,344,174420,52867,25759,0.9925913510047856,0.30310170851966517,0.14768375186331842,candidate_exploratory_not_formal_manifest
IMG-0660,aea15ad1c175f017f3047216a9a9b786c728a5370d2e410895f5ba7961b63542,清末杨柳青年画（候选，待确认）,yangliuqing_late_qing_candidate,清末杨柳青年画（候选）,3,1884,1084,512,295,149430,41806,18064,0.9672889034971031,0.2797697918757947,0.1208860335943251,candidate_exploratory_not_formal_manifest
IMG-0617,b101814964e314d7c8f30cc757330ae218b516dc9fe0778af13d0238fbc348f4,清末杨柳青年画（候选，待确认）,yangliuqing_late_qing_candidate,清末杨柳青年画（候选）,3,1346,1080,512,411,208590,46991,21317,0.9175401442670894,0.2252792559566614,0.10219569490387842,candidate_exploratory_not_formal_manifest
IMG-0704,b25da652e21b4b368d8c9f10d9b0d4472a3d9243039b158e16d27306b82975d0,清末杨柳青年画（候选，待确认）,yangliuqing_late_qing_candidate,清末杨柳青年画（候选）,3,711,1205,302,512,153000,29212,13142,0.9971298472478922,0.1909281045751634,0.08589542483660131,candidate_exploratory_not_formal_manifest
IMG-0669,b3838458ed6f5d64a8c5d18d2fd425635f563614b5aa14420904f87064d382a5,清末杨柳青年画（候选，待确认）,yangliuqing_late_qing_candidate,清末杨柳青年画（候选）,3,1840,1076,512,299,151470,68362,32352,0.959670163079247,0.4513236944609494,0.21358684888096652,candidate_exploratory_not_formal_manifest
IMG-0609,b8c6cf94688561eabd42d9f7c59e2e7d9a4860029373a0cb3f36b2ff322994b0,清末杨柳青年画（候选，待确认）,yangliuqing_late_qing_candidate,清末杨柳青年画（候选）,3,2446,1279,512,268,135660,32575,18604,0.981911246973226,0.24012236473536783,0.13713696004717676,candidate_exploratory_not_formal_manifest
IMG-0612,b9c759be72e44d22f0e97c032817b70938bf5d4bfea15215ffffbd6d332d9657,清末杨柳青年画（候选，待确认）,yangliuqing_late_qing_candidate,清末杨柳青年画（候选）,3,2288,1280,512,286,144840,24323,13817,0.9772845329362676,0.16793012979839822,0.0953949185307926,candidate_exploratory_not_formal_manifest
IMG-0641,ba2d4f47076f1f75141a254bf956c98faf8c6d814bf3653251b1e297e0a5ad95,清末杨柳青年画（候选，待确认）,yangliuqing_late_qing_candidate,清末杨柳青年画（候选）,3,1834,1279,512,357,181050,37619,19898,0.9859710016339536,0.20778238055785694,0.10990334161833748,candidate_exploratory_not_formal_manifest
IMG-0607,be3e6e5ae5634c4776d323eb506bbf9ac26b0e304e8f1ff4bb335ee3f5fb9f1b,清末杨柳青年画（候选，待确认）,yangliuqing_late_qing_candidate,清末杨柳青年画（候选）,3,1279,1773,369,512,187170,37415,20540,0.9814891470739843,0.19989848800555646,0.10973980873003152,candidate_exploratory_not_formal_manifest
IMG-0655,bea33c65261cc1e39128a269588818d16ea7733c4a2e412249731cc1bd0ba7e8,清末杨柳青年画（候选，待确认）,yangliuqing_late_qing_candidate,清末杨柳青年画（候选）,3,785,1320,304,512,154020,32721,15970,0.9877546721079216,0.21244643552785353,0.10368783274899364,candidate_exploratory_not_formal_manifest
IMG-0638,bed05f492c361332417bcd05f319a076bd92bdba7d3d3992ec78ba4a927a49e5,清末杨柳青年画（候选，待确认）,yangliuqing_late_qing_candidate,清末杨柳青年画（候选）,3,2060,1280,512,318,161160,54232,26973,0.9577965386678827,0.3365103003226607,0.16736783320923307,candidate_exploratory_not_formal_manifest
IMG-0668,bf3dd230e40529a8337bd56860ad032e73bab09b600343b01b7788ca8d671498,清末杨柳青年画（候选，待确认）,yangliuqing_late_qing_candidate,清末杨柳青年画（候选）,3,1926,1078,512,287,145350,59115,26581,0.9601375112196158,0.4067079463364293,0.18287581699346406,candidate_exploratory_not_formal_manifest
IMG-0621,c21512073fc00c6827a991d848862cc2fae9c7006c3fd1f4593765641037db8f,清末杨柳青年画（候选，待确认）,yangliuqing_late_qing_candidate,清末杨柳青年画（候选）,3,1440,1080,512,384,194820,55390,26900,0.9796811705903941,0.28431372549019607,0.13807617287752796,candidate_exploratory_not_formal_manifest
IMG-0684,c5283cb6583c136eed8d5f2a1de70852011bea539cb5956796ed43017982814b,清末杨柳青年画（候选，待确认）,yangliuqing_late_qing_candidate,清末杨柳青年画（候选）,3,2057,1120,512,279,141270,47160,23348,0.9724166034556037,0.3338288383945636,0.16527217385149007,candidate_exploratory_not_formal_manifest
IMG-0676,c57ae4b48c3ebeaa40dfb8f42c5e61978dfea46e4c6cd0e40dd2dfe1ab7e121c,清末杨柳青年画（候选，待确认）,yangliuqing_late_qing_candidate,清末杨柳青年画（候选）,3,1082,1168,474,512,240720,108751,51191,0.9594714831523803,0.45177384513127283,0.21265785975407112,candidate_exploratory_not_formal_manifest
IMG-0697,c8eb1b1d6285d12b5e8f0f95eb49f3d573bb30eab088e0ddad5f94ce6a1605ef,清末杨柳青年画（候选，待确认）,yangliuqing_late_qing_candidate,清末杨柳青年画（候选）,3,1440,1080,512,384,194820,94048,44001,0.965693062052849,0.4827430448619238,0.22585463504773637,candidate_exploratory_not_formal_manifest
IMG-0613,ca74e4c2bab4837f0654dd3609b5bf0066903ac08cc0927d3cfd7b58d9a551e7,清末杨柳青年画（候选，待确认）,yangliuqing_late_qing_candidate,清末杨柳青年画（候选）,3,1440,854,512,304,154020,36356,19645,0.953704231315697,0.23604726658875472,0.1275483703415141,candidate_exploratory_not_formal_manifest
IMG-0683,ca96d5389e1792c858545bad253abb1dbffc69c0a4d196e26b5fad802072ab75,清末杨柳青年画（候选，待确认）,yangliuqing_late_qing_candidate,清末杨柳青年画（候选）,3,2139,1131,512,271,137190,39510,19390,0.977707609416253,0.28799475180406736,0.14133683213062176,candidate_exploratory_not_formal_manifest
IMG-0615,d2a80819592e9c7c803e926ce2f0796fe88dd276c3034726993453505175e8e5,清末杨柳青年画（候选，待确认）,yangliuqing_late_qing_candidate,清末杨柳青年画（候选）,3,1280,2148,305,512,154530,27463,14848,0.9950852126974007,0.17771953665954832,0.09608490260790785,candidate_exploratory_not_formal_manifest
IMG-0657,d7a3d51ba22b4264a85c4ed69c55a0de6fa0c33fce21bd005856e9284bc7d5eb,清末杨柳青年画（候选，待确认）,yangliuqing_late_qing_candidate,清末杨柳青年画（候选）,3,842,1435,300,512,151980,35576,15572,0.9643947522085232,0.23408343203053034,0.10246085011185682,candidate_exploratory_not_formal_manifest
IMG-0648,d93bccc4194e26f28c82eeae6122c7f826baf2a08912a70a409f5c4ecffa82ec,清末杨柳青年画（候选，待确认）,yangliuqing_late_qing_candidate,清末杨柳青年画（候选）,3,1913,1080,512,289,146370,40374,20372,0.9782500457649187,0.27583521213363393,0.1391815262690442,candidate_exploratory_not_formal_manifest
IMG-0640,d9c8e504be00720ba549e129beabeff32d85e59f6c3adf0ffb2360f5d75cc5dd,清末杨柳青年画（候选，待确认）,yangliuqing_late_qing_candidate,清末杨柳青年画（候选）,3,1905,1279,512,344,174420,46250,23389,0.9884661654342269,0.26516454535030387,0.1340958605664488,candidate_exploratory_not_formal_manifest
IMG-0653,da9448ec5727008914ce75a248583dbcc2b1f75eadba0bbf4a5ef728e764859b,清末杨柳青年画（候选，待确认）,yangliuqing_late_qing_candidate,清末杨柳青年画（候选）,3,807,1459,283,512,143310,18773,9481,0.9406905333424683,0.1309957434931268,0.06615728141790524,candidate_exploratory_not_formal_manifest
IMG-0666,ddd13085bb40615649de7815b5065a74e47a98e60cff47bdb1ab215b254e3416,清末杨柳青年画（候选，待确认）,yangliuqing_late_qing_candidate,清末杨柳青年画（候选）,3,1742,1080,512,317,160650,69041,30561,0.9351285804799149,0.429760348583878,0.19023342670401494,candidate_exploratory_not_formal_manifest
IMG-0700,e0d7ebe070bb2887b8b803c1ec86f9e1835e87050fe55e308ae9c0599c3db9a3,清末杨柳青年画（候选，待确认）,yangliuqing_late_qing_candidate,清末杨柳青年画（候选）,3,1440,1080,512,384,194820,84981,38722,0.9851750883277998,0.4362026485987065,0.1987578277384252,candidate_exploratory_not_formal_manifest
IMG-0703,e44de1aefa31a2b7bed3806fcc5b991540ea46ab3f9afa17b8667917d529dd34,清末杨柳青年画（候选，待确认）,yangliuqing_late_qing_candidate,清末杨柳青年画（候选）,3,438,754,297,512,150450,38188,20400,0.9712311429416663,0.2538251910933865,0.13559322033898305,candidate_exploratory_not_formal_manifest
IMG-0691,e71c9ed6d9aa6ad1491aaaf7b150e96caf56f236786d3de9a14e37308422b904,清末杨柳青年画（候选，待确认）,yangliuqing_late_qing_candidate,清末杨柳青年画（候选）,3,1132,1338,433,512,219810,92378,41949,0.9547754318826158,0.4202629543696829,0.1908420908966835,candidate_exploratory_not_formal_manifest
IMG-0670,ea4916d3970f8a85946a1b448fbb328e1eb559772cb16482bc564ddb5909ce31,清末杨柳青年画（候选，待确认）,yangliuqing_late_qing_candidate,清末杨柳青年画（候选）,3,1764,1078,512,313,158610,61202,26608,0.9656451010874338,0.38586469957758024,0.16775739234600592,candidate_exploratory_not_formal_manifest
IMG-0634,ead3192796f0747047f01018370caf42ff85ae3be4afbb5bcb22eafdbf5aaa15,清末杨柳青年画（候选，待确认）,yangliuqing_late_qing_candidate,清末杨柳青年画（候选）,3,670,1592,215,512,108630,33367,17712,0.9744788164594826,0.30716192580318513,0.16304888152444078,candidate_exploratory_not_formal_manifest
IMG-0654,ebb010dc27dab3af1e30089ec965056a336aa4a39ec3c6eeb83fa7b26d3d8e8f,清末杨柳青年画（候选，待确认）,yangliuqing_late_qing_candidate,清末杨柳青年画（候选）,3,806,1455,284,512,143820,22325,11753,0.9533774022934564,0.15522875816993464,0.08172020581282158,candidate_exploratory_not_formal_manifest
IMG-0608,edbd47da07dfc3ae55cc330a190ee83a208f15a922a1f1588c6f8a9c17c9b342,清末杨柳青年画（候选，待确认）,yangliuqing_late_qing_candidate,清末杨柳青年画（候选）,3,2216,1280,512,296,149940,23558,10314,0.9593065495156586,0.15711617980525544,0.0687875150060024,candidate_exploratory_not_formal_manifest
IMG-0671,f4c960f8591f9c511a824e042073d2d3a41b771e6013d65236907cfafdaef31f,清末杨柳青年画（候选，待确认）,yangliuqing_late_qing_candidate,清末杨柳青年画（候选）,3,1822,1082,512,304,154020,63715,29870,0.9896634534260608,0.41368004155304505,0.19393585248669004,candidate_exploratory_not_formal_manifest
IMG-0686,f9809452b1bd37e5761264a56001d9625022512efd057204042fd77b81af3647,清末杨柳青年画（候选，待确认）,yangliuqing_late_qing_candidate,清末杨柳青年画（候选）,3,1770,1078,512,312,158100,43484,19797,0.9969891111118211,0.2750411132194813,0.12521821631878557,candidate_exploratory_not_formal_manifest
IMG-0656,fc3f5ac62830fb034bf5141cd32ffb19dc781c154966b5a379a29c8f7768c56b,清末杨柳青年画（候选，待确认）,yangliuqing_late_qing_candidate,清末杨柳青年画（候选）,3,382,222,512,298,150960,32038,16279,0.9685089783729576,0.2122284048754637,0.1078365129835718,candidate_exploratory_not_formal_manifest
IMG-0652,fd6a10ac2097270fe3db31c957db6ff8d137a71c1245d23a1c8066adc5840432,清末杨柳青年画（候选，待确认）,yangliuqing_late_qing_candidate,清末杨柳青年画（候选）,3,822,1478,285,512,144330,28234,14381,0.8829853537752054,0.19562114598489572,0.09963971454306104,candidate_exploratory_not_formal_manifest
