sample_id,sha256,proposed_group,group_id,group_label,group_order,original_width,original_height,analysis_width,analysis_height,hog_style_orientation_concentration,hog_style_normalized_orientation_entropy,hog_orientation_bin_01_probability,hog_orientation_bin_02_probability,hog_orientation_bin_03_probability,hog_orientation_bin_04_probability,hog_orientation_bin_05_probability,hog_orientation_bin_06_probability,hog_orientation_bin_07_probability,hog_orientation_bin_08_probability,hog_orientation_bin_09_probability,sobel_energy_horizontal_symmetry,edge_contour_box_counting_dimension,box_count_fit_r_squared,box_count_scale_count,canny_edge_pixel_count,canny_edge_density,retained_contour_component_count,total_contour_perimeter_px,normalized_total_contour_length,contour_component_density_per_megapixel,length_weighted_contour_irregularity,analysis_scope,human_body_keypoints_computed,segmented_object_contour_computed
IMG-0145,003dfdbe3ab762f0f256c3958dbd4ca73fe8997eb915f5fa92f702fcc9df32ea,清代姑苏版画（候选，待确认）,gusu_qing_candidate,清代姑苏版画（候选）,1,2456,4000,444,722,1.6689011967429648,0.9840780888345098,0.1044809706061566,0.08249340046714267,0.09125522060406159,0.12987531586207388,0.18543346630477386,0.12563421475657527,0.09143549542045001,0.0833214074121918,0.10607050856657442,0.6223594995737014,1.7678247319428702,0.999433536192427,5,45846,0.14301489855506477,772,86157.563849926,152.17150179043884,2408.2253999151503,2.73312700589163,candidate_exploratory_not_formal_manifest,False,False
IMG-0103,00878b718c8f9a6bb07e1b972a4536cf1502b13ba5f12eaf69e80c46a69b6a27,清代姑苏版画（候选，待确认）,gusu_qing_candidate,清代姑苏版画（候选）,1,2090,3400,444,722,1.1168863638276285,0.9982039479461261,0.12409848486973651,0.10437326994375248,0.10121010598408807,0.10472769240468167,0.12145458250254827,0.12093952359367699,0.10280486478472099,0.09895208815900841,0.1214393877577865,0.3890161682750577,1.7462135391885965,0.9999158494698835,6,35409,0.11045706371191136,585,65755.50134027004,116.1373760214635,1824.8858276559106,3.219471787198238,candidate_exploratory_not_formal_manifest,False,False
IMG-0102,00a6bc04f7cc55bc2e7e5b4e0b3b050fb72b4c09546fd2de0697ae516ed199e4,清代姑苏版画（候选，待确认）,gusu_qing_candidate,清代姑苏版画（候选）,1,1867,3400,396,722,1.60993401006711,0.9850326928672761,0.12155955773398772,0.09016004344796993,0.10997299055212836,0.12049331779228513,0.17888155667412334,0.11465901683018602,0.08026779852286281,0.0724149917735267,0.11159072667293005,0.4964804604257601,1.5417986684665557,0.9998070376084607,5,25474,0.08909734463751084,362,47489.15726649761,88.81335393282046,1266.1238423011275,2.1452082652841176,candidate_exploratory_not_formal_manifest,False,False
IMG-0106,0133e106380fcd4dafd1763bd3273312b8667082c1fe5c029aaaf5b056d2d200,清代姑苏版画（候选，待确认）,gusu_qing_candidate,清代姑苏版画（候选）,1,3400,2450,722,519,1.6075110830684083,0.9866135804904651,0.12774466596640277,0.09082516228286466,0.09180853165057827,0.11237707325416564,0.17861234256315647,0.10614175136775189,0.08356490347613933,0.08704199305064766,0.12188357638829332,0.5520744691792734,1.888746701334676,0.9997203240227373,6,82371,0.2198213056218276,1687,151645.9720314741,247.72999934820095,4502.052209928533,2.7828936787547103,candidate_exploratory_not_formal_manifest,False,False
IMG-0095,0240cf3c69b5cf6cc3237352284cb4a3555c076d13d865743583f437175cf7a4,清代姑苏版画（候选，待确认）,gusu_qing_candidate,清代姑苏版画（候选）,1,1928,3400,410,722,1.3853076627866692,0.9893662985289862,0.13408186132563182,0.08444793855217061,0.08481325757609892,0.11023166465727083,0.15392307364296323,0.10632997333802742,0.09077016595237533,0.09495705592077142,0.14044500903469034,0.5269189457789647,1.6472136924392597,0.9970064657470815,6,25215,0.08518005540166206,478,47060.92055463791,86.49677016359045,1614.7557597459631,2.3054508784634438,candidate_exploratory_not_formal_manifest,False,False
IMG-0323,030377a155d19c68d70b46acb726fdf813b7e07e1cecf6a012a3b8d5b899581e,清代姑苏版画（候选，待确认）,gusu_qing_candidate,清代姑苏版画（候选）,1,748,832,648,722,1.312232548886236,0.993072578787643,0.12900727159264183,0.09160198762007686,0.08857745978893967,0.10465180000508313,0.14580361654291513,0.1101095888800038,0.095028390076506,0.09933480985797738,0.13588507563585636,0.6124941091407614,1.8850813357844225,0.9998096666982362,3,127714,0.27297715536404366,2541,235173.09302937984,343.82031144646174,5431.158305119524,4.20055182431808,candidate_exploratory_not_formal_manifest,False,False
IMG-0111,031ba8810d4e7e66cf9304c83e7c28c921163f2429aed1353776287225f9082b,清代姑苏版画（候选，待确认）,gusu_qing_candidate,清代姑苏版画（候选）,1,1943,3400,413,722,1.8603079765397859,0.973606395806873,0.1031990553088238,0.07404748434308468,0.0853282156529755,0.12841114183226743,0.20670088628219843,0.13935566047286355,0.08845954880384126,0.07375189379201061,0.10074611351193477,0.5982600883050171,1.832504315261253,0.9997997066482538,3,71378,0.2393740819488507,1340,132985.3312880993,243.53428760460827,4493.839415666732,2.9296111374017753,candidate_exploratory_not_formal_manifest,False,False
IMG-0202,0360d8871387ba330490e82105456f4d602a4fdcc923cac793aaff0703555b73,清代姑苏版画（候选，待确认）,gusu_qing_candidate,清代姑苏版画（候选）,1,2400,2388,722,718,1.3362330397906275,0.9901304496053823,0.13843658926429378,0.09375887071933567,0.08402430405556972,0.10021292751500163,0.14847033775451415,0.10532351957132975,0.0893633553676114,0.09795524672261914,0.1424548490297246,0.5183259278526067,1.736255081295587,0.9985642912127212,5,73687,0.14214422950794373,1040,137932.49639093876,191.57365075138213,2006.188319354316,2.942351761041653,candidate_exploratory_not_formal_manifest,False,False
IMG-0219,036e0ee78242384bae46433d8df0fc24bc8f85968068b31e350ba13d974ef263,清代姑苏版画（候选，待确认）,gusu_qing_candidate,清代姑苏版画（候选）,1,3253,2596,722,577,1.196425192703146,0.9969369449523772,0.13293613252257178,0.11404840417092811,0.10916145175003694,0.1017022313820855,0.12061128448464449,0.09164885519605091,0.0972077254885038,0.10617841883200722,0.12650549617317125,0.40115354235594336,1.6260443779328597,0.9993403069975908,5,38619,0.09270176718819763,601,71413.470484972,110.64292123669266,1442.6515984387677,2.9093038916343494,candidate_exploratory_not_formal_manifest,False,False
IMG-0378,03c578e9239cb75b6f95e1dd922474168d6fa81868890e4c1bd228a7642be391,清代姑苏版画（候选，待确认）,gusu_qing_candidate,清代姑苏版画（候选）,1,4000,3682,722,665,1.476994321821812,0.9830104284275941,0.1537023561392185,0.09568692900323607,0.09178505284368804,0.10192848702639114,0.16411048020242355,0.09413126048336452,0.07789416835973904,0.07939670397208883,0.14136456196985028,0.5127569157450832,1.733446795474068,0.9995787230868579,6,51345,0.10693978714098265,912,95960.44885790348,138.48822510495745,1899.4855559952514,2.850253218238721,candidate_exploratory_not_formal_manifest,False,False
IMG-0008,03fafb01f7df498d4679adcaf0736920f25eb18b632d6a7dfdf2bcf0dbbe822a,清代姑苏版画（候选，待确认）,gusu_qing_candidate,清代姑苏版画（候选）,1,1000,809,722,583,1.1764599021251492,0.9947497845530466,0.11562738234079638,0.11794179187319394,0.12539128852910417,0.13071776690279435,0.13064397372055359,0.10348126036669746,0.08455182708791474,0.08528971884030531,0.10635499033864007,0.39502880518747563,1.6642445358774263,0.9997901918078093,6,39907,0.09480763839724797,554,73141.31352770329,112.73528817020116,1316.1458308586307,2.80843881811522,candidate_exploratory_not_formal_manifest,False,False
IMG-0428,049b5ade562a45d2f6b52c3965dec4e8e93def839e80abf2c2789d6c0c3534f9,清代姑苏版画（候选，待确认）,gusu_qing_candidate,清代姑苏版画（候选）,1,1990,4000,360,722,1.3268351745847942,0.9929404467988502,0.1377715560999547,0.09364481825513267,0.08385635842097283,0.09252954647394014,0.11334889947719488,0.10557349760705159,0.10796090829231211,0.11788828486401942,0.14742613050942158,0.4573866784391919,1.5183402389327265,0.9997653178453517,6,13085,0.05034241305016928,175,24213.950945973396,47.494772209685834,673.2840874115112,2.347103128573866,candidate_exploratory_not_formal_manifest,False,False
IMG-0339,04d998d6c0f025f8e02a8c73caea201b1110f1f58ce259ce10e3140e91859a20,清代姑苏版画（候选，待确认）,gusu_qing_candidate,清代姑苏版画（候选）,1,1080,1822,427,722,1.1925346198924431,0.9959857992083249,0.1325038466547159,0.09884045356745218,0.09640522371115545,0.11679491932377425,0.13039001878097317,0.10216827697492997,0.09351449330545203,0.10170149712983724,0.12768127055170997,0.45033543578602353,1.6719545121536235,0.9997656161062793,6,29440,0.09549326292435142,557,54169.05096137524,97.55930337092553,1806.7169649749912,2.799696006206283,candidate_exploratory_not_formal_manifest,False,False
IMG-0369,05495455e874ea183fcbc2ff9138744ae2a90905242be11bd3db19ab8c01d3ff,清代姑苏版画（候选，待确认）,gusu_qing_candidate,清代姑苏版画（候选）,1,1080,1411,552,722,1.2347823200818482,0.9965170716060499,0.1371980355646498,0.116101456095608,0.09558008623297895,0.09089923177586605,0.11793748086702843,0.11187891862351242,0.09902068836941151,0.10796640177943806,0.12341770069150675,0.3342165603959444,1.583602723832281,0.9999046567379836,6,28220,0.07080774017423422,447,51658.794040203094,81.82878934094605,1121.5825605202938,2.721003848807532,candidate_exploratory_not_formal_manifest,False,False
IMG-0040,060c937bc028a282b69ea3f6ced837498acc67a1d9475a72df532a878c4e0da6,清代姑苏版画（候选，待确认）,gusu_qing_candidate,清代姑苏版画（候选）,1,979,1000,706,722,1.7345234399490317,0.976586536696596,0.09014752488717982,0.08354214539116661,0.09976164152638312,0.15860922580050996,0.19272482666100352,0.12281851675133802,0.08288277328353302,0.0810713036796792,0.08844204201920669,0.43100135604292134,1.7114276230488545,0.9999405024382616,6,54685,0.10728186576475482,720,103272.8576066494,144.64893652049005,1412.506964444061,2.674281178325495,candidate_exploratory_not_formal_manifest,False,False
IMG-0290,0628f0b9a2bbeb717aa799aeb375897443a4dec323c753748ba9a4058843f667,清代姑苏版画（候选，待确认）,gusu_qing_candidate,清代姑苏版画（候选）,1,4000,3147,722,568,1.559571333292978,0.9865702576436065,0.12534294740355717,0.08600528244333316,0.09184942089709026,0.10681245547603264,0.17328570369921978,0.10364853202155294,0.08654829843612033,0.08812518045593844,0.1383821791671553,0.44706702353748073,1.7062383006897355,0.999335840026313,6,46624,0.11369045296711014,773,86787.70840835571,135.5237638101487,1884.9245054816433,2.857175308081229,candidate_exploratory_not_formal_manifest,False,False
IMG-0059,079a41128ffc90bf069f686c58f086bf03035daac1c9ec4f3ca08ae75f822b96,清代姑苏版画（候选，待确认）,gusu_qing_candidate,清代姑苏版画（候选）,1,1000,908,722,655,1.148033200629914,0.9976940520019163,0.11929395115246484,0.10047498168494112,0.10572289389471311,0.09489181053021269,0.09945375638773586,0.10877940522963271,0.1200034624955516,0.12382049411031311,0.1275592445144349,0.46063026031116694,1.6409934521828597,0.9998509436682724,6,41802,0.08839314034382864,458,76311.928545475,110.96938530568441,968.4718022456705,2.995776822687108,candidate_exploratory_not_formal_manifest,False,False
IMG-0005,07a7349044de755cbd3bb1ce0d49083d521bd3055143c7c21f271ff968b8171f,清代姑苏版画（候选，待确认）,gusu_qing_candidate,清代姑苏版画（候选）,1,1000,782,722,565,1.1763415797341847,0.9982953748865858,0.11269259369908002,0.11022279448329311,0.11045058087581817,0.11836087317978135,0.13070461997046498,0.11379322632763583,0.09776096284259457,0.0966812841981815,0.10933306442315044,0.3412322840843145,1.6390590623708008,0.99945497114563,6,33656,0.08250435123673179,490,61383.61249148846,96.10801795584088,1201.1864780722183,2.5457832031432024,candidate_exploratory_not_formal_manifest,False,False
IMG-0212,0849f861546a105a31a74a16a4a6cec106a3faeb5c9bf0d1021749e93cdd4162,清代姑苏版画（候选，待确认）,gusu_qing_candidate,清代姑苏版画（候选）,1,3508,2817,722,579,1.2695462155318824,0.9920783045163707,0.10745370258322749,0.11630280589391652,0.13007324569637957,0.13801493142903326,0.1410606906146536,0.10151503633326717,0.083594643359913,0.08188617067986016,0.10009877340974918,0.41053088124158743,1.6210955523949604,0.9998923464607736,6,33379,0.07984680818490185,391,61625.48463666439,95.31307193066948,935.3216693219276,3.116830683401774,candidate_exploratory_not_formal_manifest,False,False
IMG-0416,08d485b8b4495aef4cd0c74ab398a2988000223551ccd5d6a3c3e209b3313151,清代姑苏版画（候选，待确认）,gusu_qing_candidate,清代姑苏版画（候选）,1,3177,4000,574,722,1.3479241295424527,0.9894180461552633,0.14240035403373857,0.08404924912552088,0.07724791561981592,0.09977754399318804,0.13356805196279933,0.09684451938909312,0.10774153065374498,0.10860148749515992,0.14976934772693917,0.4894585136289127,1.8111286716024007,0.9994948633601296,5,75820,0.18295095891204263,1191,140632.80396425724,218.45505111485653,2873.840570617815,2.791667817011019,candidate_exploratory_not_formal_manifest,False,False
IMG-0152,09064ca1efb88cc4d4b08a7ee705c233df9d541bee7f3df7cea4d936cd530c9c,清代姑苏版画（候选，待确认）,gusu_qing_candidate,清代姑苏版画（候选）,1,2304,3908,425,722,1.373117593628671,0.9931363436380498,0.142285565617772,0.10018370236799412,0.09581924660031434,0.09901995231313541,0.10849468929745953,0.09791062783812081,0.09777529301228739,0.10594230143861964,0.1525686215142968,0.4898642360280181,1.620143548924842,0.9998838651754635,5,32131,0.10471240019553528,477,59709.59040045738,107.79063445386494,1554.5054586931726,2.435107657831871,candidate_exploratory_not_formal_manifest,False,False
IMG-0387,0a0812b08a289a966b2485f1fa20c0d1758acb0bc696fddf1692dcab3c980cb3,清代姑苏版画（候选，待确认）,gusu_qing_candidate,清代姑苏版画（候选）,1,2168,4000,392,722,1.6230751484784878,0.9714639103340925,0.18034168316427643,0.09215757066349917,0.07861967737985782,0.08524061096683348,0.1491347848925329,0.08501778403929679,0.07807610381904743,0.07901369984820154,0.1723980852264544,0.4506395390997041,1.7256014328977216,0.9992562621538744,6,28516,0.10075470631465883,465,53683.43022108078,100.90870342308418,1642.9702074735712,2.531144233749792,candidate_exploratory_not_formal_manifest,False,False
IMG-0374,0a253d1598ff260549caef0afc9581619f0350d8ac1bed0e6adf2d156231c541,清代姑苏版画（候选，待确认）,gusu_qing_candidate,清代姑苏版画（候选）,1,4000,3725,722,673,1.3093510616348203,0.9914601976428572,0.1454834512927578,0.09576058276079256,0.09350126591729979,0.11008253781044254,0.13252216329561048,0.09969552594465159,0.08794888441373525,0.09146454753027453,0.14354104103443552,0.5256623167393024,1.762347393761112,0.999160142729019,6,55056,0.11330586574358004,924,102473.31190371513,147.00585820482237,1901.6023675361077,2.562477533432253,candidate_exploratory_not_formal_manifest,False,False
IMG-0393,0b45ff734034df3e1639dc35c3d59dd0273c26ef50c63f608496ebcb9d0173f7,清代姑苏版画（候选，待确认）,gusu_qing_candidate,清代姑苏版画（候选）,1,4000,2227,722,402,1.4521636750479565,0.9911767719632282,0.1095436155898402,0.08432807443626476,0.08670929221585641,0.12251324622079189,0.16135151944977294,0.12289120162126774,0.10047788911780613,0.09543255570126406,0.11675260564713595,0.5330980596854646,1.779235422425659,0.9994017940268051,3,62417,0.2150500957814804,1160,115863.56436538696,215.06278200756898,3996.637312054685,2.8968094048590665,candidate_exploratory_not_formal_manifest,False,False
IMG-0282,0c07c48f1503d18d1a2ed56cef8b12302d915e4b8d4a079048acf3f950ab66d7,清代姑苏版画（候选，待确认）,gusu_qing_candidate,清代姑苏版画（候选）,1,4000,3133,722,566,1.1647286567027113,0.9985494871956437,0.11348025867769225,0.10491485432475758,0.11145997026446242,0.11938896973697545,0.12941429518919015,0.1091433577399779,0.10063655281442975,0.09876223331237728,0.11279950794013732,0.40516323023301315,1.6834735577288404,0.9996796435095138,6,42000,0.10277693489815296,697,77672.75872540474,121.50437505070772,1705.6077053336335,3.006299510194754,candidate_exploratory_not_formal_manifest,False,False
IMG-0366,0ca295811239d9d18951f8ae25edbe1e85d07afad93d3016c9d5948abd875e91,清代姑苏版画（候选，待确认）,gusu_qing_candidate,清代姑苏版画（候选）,1,1080,1591,489,722,1.3326817622994591,0.9952832402119423,0.12722989862730635,0.10457664870183127,0.0974644849079761,0.10206048155402256,0.14807575136660656,0.11459198006479802,0.10373056259579375,0.09104933665255224,0.11122085552911314,0.4691649203926457,1.6439902508303799,0.998057225788553,5,38185,0.10815503401707369,468,70049.13973796368,117.89076281161284,1325.561239229815,2.4726881129661873,candidate_exploratory_not_formal_manifest,False,False
IMG-0381,0d5e978c2967fb96fb824ebefb49f5415fd3e10a0eb1455abaa523a8acbcf1bd,清代姑苏版画（候选，待确认）,gusu_qing_candidate,清代姑苏版画（候选）,1,4000,3699,722,668,1.3101047979207063,0.9918006904391145,0.13448381690003575,0.09100933231107729,0.08787503493377682,0.09883804344485923,0.14556719976896737,0.10344579649479368,0.09590418711725988,0.10148150231968657,0.1413950867095433,0.5199172865057204,1.7415236380382002,0.9991895828505742,6,54661,0.11333496442019009,907,102365.38505935669,147.39959641060076,1880.5878547613913,2.8643166645058593,candidate_exploratory_not_formal_manifest,False,False
IMG-0405,0d756469edf6b465919bdd6723c219f7748a461c0d12a69d0e7a419652cb9707,清代姑苏版画（候选，待确认）,gusu_qing_candidate,清代姑苏版画（候选）,1,2137,4000,386,722,1.4196244860750622,0.98989671919246,0.13166486953656995,0.0917311336356962,0.0870486336767345,0.0978395037080866,0.15773605400834023,0.10980848371171541,0.08915154435892274,0.09693400824446294,0.13808576911947143,0.4748693489002225,1.7406975569445267,0.9985984630413671,5,42050,0.15088341251273807,724,77997.12666893005,147.74621128799188,2597.8499562240754,2.337788374921112,candidate_exploratory_not_formal_manifest,False,False
IMG-0262,0d8c9d7e8279320e3c1b001be2d618d8e0dbd037b39eba67886f0a3e8f594427,清代姑苏版画（候选，待确认）,gusu_qing_candidate,清代姑苏版画（候选）,1,1300,1280,722,710,1.9011864190829157,0.9707292493189957,0.09137935712918023,0.0737516758950412,0.09158156897262285,0.1392583262896348,0.2112429354536573,0.13916886316347304,0.08788501165897242,0.07458445558397615,0.09114780585344208,0.5193467972602006,1.7650234488419059,0.9990279179405644,5,80769,0.15756115641215715,1004,152179.54858970642,212.54873196563236,1958.565799227498,3.4403714972312427,candidate_exploratory_not_formal_manifest,False,False
IMG-0015,0e0d88fdadac8417f6c4f446b53d935da658a5207de37918dd98fcc65629c861,清代姑苏版画（候选，待确认）,gusu_qing_candidate,清代姑苏版画（候选）,1,1000,796,722,575,1.266792113516309,0.9957028266577216,0.14075467927958987,0.11197420040609851,0.09811109817045957,0.09868290166057547,0.10346712178114231,0.10035110263852656,0.10052629458334794,0.10857920701848102,0.13755339446177886,0.3784745344215884,1.5820724069849124,0.9998719364365246,6,25905,0.062399132843550524,313,47916.84038758278,74.36792294218088,753.9443574611586,3.2299229205234385,candidate_exploratory_not_formal_manifest,False,False
IMG-0382,0e4286ddc9525719e361eb1ebcf1c1806f27e0a984b076838e02270e4d8bf71f,清代姑苏版画（候选，待确认）,gusu_qing_candidate,清代姑苏版画（候选）,1,4000,3704,722,669,1.3093444827493144,0.9960813555579583,0.1188497717833024,0.09706105472585845,0.094786622246917,0.10541070789477097,0.14548272030547937,0.1145147305660736,0.10172093466135211,0.10222935618949731,0.11994410162674868,0.5271409902263791,1.7623261051209553,0.9993452781564052,6,58275,0.12064767772629592,943,108208.24635231495,155.6964466733535,1952.308195553789,3.18397479941615,candidate_exploratory_not_formal_manifest,False,False
IMG-0289,0e99d46cfcd5777feab6409ee42ed788b7526349ca478eecd88ac3ac5b3727a7,清代姑苏版画（候选，待确认）,gusu_qing_candidate,清代姑苏版画（候选）,1,4000,2990,722,540,1.8427036920656947,0.9734013928809255,0.1323891006426134,0.08515126776625025,0.09694178274835315,0.11553530671198856,0.20474485467396608,0.10229977913624164,0.06670572866687895,0.06966854249453493,0.126563637159173,0.4606032393934234,1.7419315496297103,0.9991055388002723,6,50192,0.1287370472966041,856,94165.35394632816,150.80844588263759,2195.5473479019183,2.135219130330271,candidate_exploratory_not_formal_manifest,False,False
IMG-0049,0ed4199dd4f0c878bb7e8bd2f2ff4d22f4aa66316ff7bb96b44eff5b935a89d0,清代姑苏版画（候选，待确认）,gusu_qing_candidate,清代姑苏版画（候选）,1,1000,871,722,629,1.4651446381759499,0.9897975936957543,0.11931543419329789,0.0906154399596933,0.10582328471617035,0.13109256196843605,0.16279384868621666,0.0969285798709511,0.08128284458320746,0.09088574047915189,0.12126226554287525,0.4791869825920262,1.7095126015909379,0.9995886907752243,5,54740,0.12053604851388786,791,102486.84453761578,152.0807341485458,1741.7613148426249,2.975466316912573,candidate_exploratory_not_formal_manifest,False,False
IMG-0153,0ef5ac619f794477b19301949d7ee62f9c9820974e4ac94c16236f8e93d11916,清代姑苏版画（候选，待确认）,gusu_qing_candidate,清代姑苏版画（候选）,1,3038,2896,722,688,1.5077340771822039,0.9862883267772762,0.12744977051632778,0.07596264858281139,0.09660377846257186,0.1172515962584927,0.16752600857580044,0.1169227644133317,0.09322854348483683,0.07620027116007155,0.1288546185457557,0.5151535192463463,1.7700923168285385,0.9995554924839073,4,88902,0.1789723313792437,1200,165131.46007084846,234.29714845490062,2415.77014752303,2.956339984772174,candidate_exploratory_not_formal_manifest,False,False
IMG-0347,100c9bbb1213e6bd0367575dda5f7690a41ca88d505db5146a371717bf637867,清代姑苏版画（候选，待确认）,gusu_qing_candidate,清代姑苏版画（候选）,1,1458,1080,722,535,1.2950376375608372,0.9949283622393863,0.12047752399671818,0.0950050465895153,0.09140855059391036,0.1054533143961804,0.14389307084009303,0.1276762061423573,0.10131567958795153,0.09533504683518054,0.11943556101809338,0.3746532238213851,1.744689324628748,0.9998571872513726,6,46163,0.1195096694022316,816,85561.60682046413,137.66813914006644,2112.511973490046,2.9775049077158497,candidate_exploratory_not_formal_manifest,False,False
IMG-0045,10c54f6f8eb38b93382bf04cd51f1737bfd80f231b34a7025845db8962ff9808,清代姑苏版画（候选，待确认）,gusu_qing_candidate,清代姑苏版画（候选）,1,1000,786,722,568,1.1367440041761325,0.9971433680049077,0.12630488935290363,0.11421539985005238,0.12119818385527262,0.12188539033105569,0.11058769951317833,0.09413663256140965,0.09020407597002414,0.10124449238440666,0.12022323618169684,0.4812974173485596,1.6171655071906743,0.9992586920425955,6,29078,0.07090534899145566,426,53294.9373871088,83.22296600738233,1038.781163434903,2.4532644771307592,candidate_exploratory_not_formal_manifest,False,False
IMG-0035,11a6a20086a14a5a6ac73651b7167eb3adfa8cf99e1270b5593070baea236482,清代姑苏版画（候选，待确认）,gusu_qing_candidate,清代姑苏版画（候选）,1,1000,933,722,673,1.3811375902649152,0.9944239996036764,0.11130181862089088,0.10082262729579398,0.10809771073486098,0.12448651461566329,0.15345973225165724,0.10386936120064956,0.08969437041417642,0.09479152449681598,0.11347634036949171,0.4918549283341438,1.8098215311652686,0.9996006688123098,5,86366,0.17774219705045832,1371,159041.1076194048,228.15671789162192,2821.533383000004,3.0674475782915875,candidate_exploratory_not_formal_manifest,False,False
IMG-0278,11d83f3441b156050d49dc54acef6dbabfbfa20455e6956ebb529b8fd5a0c15c,清代姑苏版画（候选，待确认）,gusu_qing_candidate,清代姑苏版画（候选）,1,3894,3224,722,598,1.688591669629734,0.9837789167377714,0.09319627750596635,0.08819632600942408,0.1009962436047804,0.1363569912315614,0.187621296625526,0.12109738388892646,0.09542647701896324,0.08539484028092882,0.09171416383392318,0.5219000021856615,1.7713572249415217,0.9989861792341214,4,80173,0.18569052890984722,1284,148677.0585912466,226.26885006351972,2973.901926087883,2.8266298588254117,candidate_exploratory_not_formal_manifest,False,False
IMG-0275,11f00cbe597edb51a92496a4bedb43f1aa2713e20e9ab821c1f2d2d2e74768f2,清代姑苏版画（候选，待确认）,gusu_qing_candidate,清代姑苏版画（候选）,1,2375,3232,530,722,1.310346245693399,0.9932511577994514,0.14559402729926654,0.10871951448126103,0.10131566250985512,0.11702361637019636,0.12542436360313783,0.0932615123766815,0.08515182481312834,0.09167738289099381,0.13183209565547935,0.5010736726767284,1.763707699304862,0.9979591509636676,4,69147,0.18070088329064965,1122,128482.76813399792,207.70088700532557,2932.106831129462,2.5047699244985573,candidate_exploratory_not_formal_manifest,False,False
IMG-0180,12086cbd11aaa66b5bebcf800877e4cd73a503e26370cce9c9b1c09b1ba72f2e,清代姑苏版画（候选，待确认）,gusu_qing_candidate,清代姑苏版画（候选）,1,2122,3604,424,722,1.5967124116667604,0.9857055252737166,0.12058455417569558,0.07622663819110707,0.08782172135618585,0.11872327523405007,0.1774124901851956,0.11243149907921346,0.09517349800001469,0.08586569306945996,0.12576063070907773,0.5887509995535277,1.7943534701633979,0.999347406564147,4,63350,0.2069395808289343,1095,118838.20472216606,214.7853002537696,3576.9351382428263,2.913910203454283,candidate_exploratory_not_formal_manifest,False,False
IMG-0346,1383515160327beb08b2f56082cb0827921661d7cfee3481b4bd23087b5f8701,清代姑苏版画（候选，待确认）,gusu_qing_candidate,清代姑苏版画（候选）,1,1080,1474,529,722,1.260371381961381,0.9971433864080841,0.11590534173263017,0.10221533479659008,0.10314463473013323,0.11838049169081062,0.14004126466237568,0.11181700452649145,0.09911001637221778,0.09581491207171196,0.1135709994170391,0.5838329986151232,1.7195289247687902,0.9997650193190203,5,55080,0.14421188779330676,1071,101000.62223517895,163.42843223468154,2804.1200404254096,3.1880801109142407,candidate_exploratory_not_formal_manifest,False,False
IMG-0159,1389d8b138952cb3b3a62cbcb63e785795c7f63d6330b4dacdb15575980502e0,清代姑苏版画（候选，待确认）,gusu_qing_candidate,清代姑苏版画（候选）,1,3514,2520,722,517,1.558864640189521,0.9854796420138263,0.13634439815697966,0.09092540583748494,0.08901156182635438,0.11077917173137385,0.1732071822432801,0.09457818163471744,0.08355287344670853,0.08716886309239902,0.13443236203070197,0.5774182704971211,1.877231767570571,0.9998572543104761,6,87923,0.23554547061943773,1729,163060.53949034214,266.8916610103645,4631.986154942482,2.852885123946613,candidate_exploratory_not_formal_manifest,False,False
IMG-0009,13b4b8e234347cc05358b6f27bfd48b4d930705313fa79282905c0a5e917508e,清代姑苏版画（候选，待确认）,gusu_qing_candidate,清代姑苏版画（候选）,1,1000,794,722,574,1.1792381125154774,0.9976896747946782,0.13102645694616416,0.11642803099537014,0.10990857745130003,0.11094586333857212,0.11317446547232188,0.09835300213226804,0.09464960501082949,0.101293026897076,0.12422097175609804,0.37843106187441855,1.5976907973161016,0.9989548377712917,6,28569,0.06893597922920267,426,52356.386090517044,81.32894088138913,1027.9228237474301,3.1632250808708813,candidate_exploratory_not_formal_manifest,False,False
IMG-0210,1406fb9d6ed3b4c16626e2477b7ee0388506fa53f3df251fafb68920b925138e,清代姑苏版画（候选，待确认）,gusu_qing_candidate,清代姑苏版画（候选）,1,3347,2685,722,580,1.2072912321194882,0.9982708485317384,0.11664794033228594,0.10656119764357738,0.10812837227834353,0.11465660857682589,0.1341434702354987,0.10744956912885976,0.09880393574639021,0.10117441258946827,0.11243449346875037,0.46727121486408174,1.6379136945703012,0.9994712649397712,6,33372,0.07969242525551629,557,61736.60743916035,95.40258992767583,1330.1174897315884,2.9227377644064654,candidate_exploratory_not_formal_manifest,False,False
IMG-0129,14be47305a1cea2d242987ebae97eb2f0d83d2560d5efe7b1abf8f4b0b12df33,清代姑苏版画（候选，待确认）,gusu_qing_candidate,清代姑苏版画（候选）,1,2106,4000,380,722,1.429081468741824,0.9856974112557628,0.1379199911876294,0.08894223493524625,0.09327400768311281,0.12332220397331416,0.15878682986020268,0.10369195074115194,0.0768448654833643,0.0781990500868804,0.13901886604909802,0.4935195552892351,1.718359693782246,0.9982636634488675,5,31730,0.11565096952908588,550,59587.2323038578,113.76084696378135,2004.6654031199885,2.3255073858593596,candidate_exploratory_not_formal_manifest,False,False
IMG-0258,155c77c206cb7e2e2d1b32d2a329424ddea0aa9f560302c71cf9ff7f6f565ed2,清代姑苏版画（候选，待确认）,gusu_qing_candidate,清代姑苏版画（候选）,1,2468,2521,706,722,2.2896654717042977,0.9386991389957776,0.07031055314900118,0.07115849100719779,0.09549553333049392,0.1746686924754438,0.25440727463381085,0.13336955264876935,0.07450493718983917,0.05993458038521929,0.06615038518022466,0.5688003738011795,1.882064186395251,0.9997554536728858,5,125119,0.24546035956149506,2363,235488.65976655483,329.8367546641263,4635.769384696272,2.703280525304958,candidate_exploratory_not_formal_manifest,False,False
IMG-0247,156fabb73a144c78b1daed6fcf0e66cd468a7929504e9d675265b66686b6817b,清代姑苏版画（候选，待确认）,gusu_qing_candidate,清代姑苏版画（候选）,1,568,1052,391,722,1.2949017116197377,0.9965629884422711,0.1025428793748102,0.10132152408221358,0.1104108964972004,0.1221834215290852,0.14387796795774863,0.1173399794153591,0.10370126687651755,0.0963003384061171,0.10232172586094829,0.5413763342384448,1.782981175636433,0.9995743394241023,3,64814,0.22959100537722013,1176,119169.4117128849,224.28891908446096,4165.751571012604,3.603926519192945,candidate_exploratory_not_formal_manifest,False,False
IMG-0116,1579951a99796aacf16afe744b9792430a1ed1d7d3ad4f0bcd7859a9a50efad7,清代姑苏版画（候选，待确认）,gusu_qing_candidate,清代姑苏版画（候选）,1,3264,2448,722,542,2.1619944872646615,0.9498296859285061,0.1424520001414575,0.0693047716275024,0.06975806580006226,0.0989350303654028,0.24022160969607348,0.09109788138344117,0.06361524028290717,0.06861894373782962,0.15599645696532366,0.43364297324848533,1.6658307779681387,0.9988323370831518,5,43480,0.11110997536568164,586,83118.57336175442,132.87088827327972,1497.4803487647064,2.125074808345212,candidate_exploratory_not_formal_manifest,False,False
IMG-0140,15fb21ebb8e58d760df7d6f5f11fd6947d9241905b697e5f74f8376dc2893029,清代姑苏版画（候选，待确认）,gusu_qing_candidate,清代姑苏版画（候选）,1,2407,4000,434,722,1.4818434701846717,0.9848197963164046,0.14199553689859987,0.08779722029265133,0.08236481103555315,0.09576116146234662,0.16464927446496352,0.09669929158859422,0.08458504791346924,0.09914656984521601,0.147001086498606,0.4773567610687438,1.6119940432056874,0.9991711586450784,4,33519,0.10697052478394628,421,63263.43870174885,113.01584353038169,1343.5541315087378,2.686419077896628,candidate_exploratory_not_formal_manifest,False,False
IMG-0317,1728a2b412b8f7250b531a8412951217fb74cddce43c41c845cd12434c992e53,清代姑苏版画（候选，待确认）,gusu_qing_candidate,清代姑苏版画（候选）,1,566,434,722,553,1.4058111724350542,0.984172802429343,0.15620124138167268,0.09741878935628114,0.08162530658104637,0.0972951219583194,0.15050659332117763,0.09443900427077542,0.07940519919787306,0.09254184088285529,0.15056690304999892,0.5890091407291149,1.839017602104393,0.9993945401557899,4,86110,0.21567075583696083,1487,160320.79452979565,253.72233062997833,3724.334153171069,2.751593501765659,candidate_exploratory_not_formal_manifest,False,False
IMG-0354,17e021d4cb00439f7ec48bd02b7423cc07fe198694918e8e068acf5008de09a7,清代姑苏版画（候选，待确认）,gusu_qing_candidate,清代姑苏版画（候选）,1,1042,1870,402,722,1.662357953685027,0.9750456003129392,0.1502814467773283,0.07947958263194634,0.07695127906505947,0.09877799761678431,0.18470643929833633,0.09987174793780833,0.07869916796152449,0.08072426207414879,0.1505080766370637,0.6067028451383634,1.8365830512349752,0.9994621797679072,6,55187,0.19014002012100165,1189,102756.28718340397,190.7334122808449,4096.5532448560525,2.6183094219877816,candidate_exploratory_not_formal_manifest,False,False
IMG-0191,18712d9b9baf2a250c4994f1c852c7f5a0a9c2d0f6282a5f6304cd0bd58a5730,清代姑苏版画（候选，待确认）,gusu_qing_candidate,清代姑苏版画（候选）,1,1782,3704,347,722,1.6156162851551128,0.9784137349104293,0.1795129205727903,0.09409120844018319,0.08991382237849395,0.0999010875456591,0.1066704647199048,0.0913902347494827,0.07913963285961133,0.08520667722741862,0.17417395150645598,0.6050818912881423,1.5578762558485488,0.9978347338132074,6,17341,0.06921615429442711,239,32868.325075984,65.66655568098169,953.9623364493443,3.1150095755419205,candidate_exploratory_not_formal_manifest,False,False
IMG-0448,18d4cc24b98f3a397b28dc7270ab81a36c3922b7c1d80bfb77202b21593226c6,清代姑苏版画（候选，待确认）,gusu_qing_candidate,清代姑苏版画（候选）,1,2990,4000,540,722,1.1894410955315375,0.9982329586182358,0.11760239387938419,0.10211107378339113,0.10455763878567682,0.11677574311889967,0.1321601217257264,0.11116759769826885,0.10256372694298818,0.09870770235930183,0.11435400170636288,0.5844327264276818,1.7584451033186075,0.9997909713209404,6,52306,0.1341592284805581,943,96440.83806753159,154.45269729324556,2418.692931158305,3.2157518401366474,candidate_exploratory_not_formal_manifest,False,False
IMG-0013,190d558c0bb4f65bcdfbb51024684dc60a8889b4ab77a4e3120c7a989eae23ee,清代姑苏版画（候选，待确认）,gusu_qing_candidate,清代姑苏版画（候选）,1,1000,790,722,571,1.082875062499585,0.9994139373703385,0.11432166076644096,0.10370975286474118,0.10295441528128259,0.11444317356667401,0.12031945138884279,0.11015872884688964,0.10660862202188734,0.11031480302839397,0.11716939223484749,0.3476563045904353,1.6586497403388787,0.9998511080016986,6,36255,0.08794164875734363,624,66879.54242908955,104.16135964374648,1513.6005743920127,2.8513357609369283,candidate_exploratory_not_formal_manifest,False,False
IMG-0222,191d291f195141cc9b8b602a7c80671eef0adc8f8bd1aae8104c463632f3765e,清代姑苏版画（候选，待确认）,gusu_qing_candidate,清代姑苏版画（候选）,1,2549,3374,546,722,1.1064783273833432,0.9979877125769175,0.11337679529387738,0.09473385081975827,0.09472028398168514,0.10386376337307525,0.12160932704854409,0.12049419054709634,0.12294203637592703,0.11159963983198228,0.11666011272805439,0.4167632267884943,1.5330757754034374,0.9990846671134053,6,21941,0.055657869369780726,260,39902.72964882851,63.55323845292301,659.5435958316845,2.423141675205965,candidate_exploratory_not_formal_manifest,False,False
IMG-0309,19255c53cf86d2b18565ebc8ac8d2354322c574598afcb58ab2fa5d70e592768,清代姑苏版画（候选，待确认）,gusu_qing_candidate,清代姑苏版画（候选）,1,930,1554,432,722,1.4957820256728924,0.9909098168352779,0.1023795629718009,0.0847570263689592,0.08827477537036943,0.11556365971844323,0.1661980028525436,0.1265220138547124,0.10317392479355178,0.10124883268915402,0.11188220138046542,0.556349203331173,1.8656971795519286,0.9992776918400291,5,65695,0.21062570534523442,1145,120968.6676287651,216.60198139971317,3671.001333743716,3.0398705834091526,candidate_exploratory_not_formal_manifest,False,False
IMG-0003,196352214a5d4a574412f9d53aa5720907449bf490732213487bc14df5ef2fc1,清代姑苏版画（候选，待确认）,gusu_qing_candidate,清代姑苏版画（候选）,1,758,1000,548,722,1.3525331691406,0.9943532105264772,0.10585291919175485,0.09252782474947575,0.11548088915789129,0.12500888760835552,0.15028146323784444,0.11665995731877107,0.09363977400032357,0.09121560171823041,0.109332683017353,0.47700092035139474,1.6614338743095005,0.9999410367928045,6,37793,0.09551984552237297,492,69575.00002563,110.6099859445545,1243.504458418424,3.191952246471221,candidate_exploratory_not_formal_manifest,False,False
IMG-0370,199f895f09fc7d8d68b40f5c25f3734afc139ec187dada785ec9a21fa21c2897,清代姑苏版画（候选，待确认）,gusu_qing_candidate,清代姑苏版画（候选）,1,1080,1576,494,722,1.720941511956301,0.9772415681005661,0.1912157235507001,0.11547024136113089,0.09727891193359628,0.11989975746343345,0.1096062062953649,0.06820956232031115,0.07740801370177428,0.07809016412968717,0.14282141924400174,0.5029027428286785,1.684862301548609,0.9976243688361761,6,41645,0.11676124575235233,1150,76685.63512384892,128.40500307480312,3224.28701201117,2.1065756516885283,candidate_exploratory_not_formal_manifest,False,False
IMG-0292,1a488605dac22d61b9c550a2069ea820464ad3887d2e3a5c73127cb4fb082ed6,清代姑苏版画（候选，待确认）,gusu_qing_candidate,清代姑苏版画（候选）,1,4000,2124,722,384,1.9189563327680594,0.9700755027943454,0.1310186197857869,0.08101190251986781,0.07432377048460617,0.10044058493575249,0.21321737030756216,0.11600990135273258,0.07244735379432717,0.07829678167752692,0.13323371514183774,0.5374240060469224,1.683418524427613,0.9991439738460122,4,38944,0.140466297322253,480,74128.71913170815,140.78367087294032,1731.3019390581717,2.347089522457147,candidate_exploratory_not_formal_manifest,False,False
IMG-0010,1ae152d8deae47f3e98ffdba991135a74e60a8dc11deda2b9a2d5119d7d66f83,清代姑苏版画（候选，待确认）,gusu_qing_candidate,清代姑苏版画（候选）,1,1000,797,722,576,1.0991657665871089,0.9993784762895369,0.11659232061943067,0.10915969272917259,0.10613484404961154,0.10935575905860062,0.12212952962078986,0.11089807102073651,0.10476571026916538,0.10408447632932118,0.11687959630317162,0.3805547401913236,1.610723571514684,0.9995785930382634,6,28733,0.0690909702985534,434,52179.44287765026,80.91324100290043,1043.5903354878424,2.632467599369828,candidate_exploratory_not_formal_manifest,False,False
IMG-0042,1cefcdf264a3f7a925557502ca0070ed41900716222d89b256db5c88e1ec9ff0,清代姑苏版画（候选，待确认）,gusu_qing_candidate,清代姑苏版画（候选）,1,983,1000,709,722,1.0827234536167332,0.9992256587422111,0.12030260595741481,0.10765904528412384,0.10180716893390994,0.11039108356253462,0.12002786576658442,0.11325934471611816,0.10759435324069386,0.10266567600521577,0.11629285653340461,0.4461855686836721,1.6184331204193345,0.9997173634267933,6,40829,0.07976003031854002,578,74581.10834133625,104.24065141864351,1129.1311941050758,2.312054812230631,candidate_exploratory_not_formal_manifest,False,False
IMG-0330,1d13c60bd7f8e059855a4986e5816b97ddc5fa88829ab19c80c2e44665bc45cf,清代姑苏版画（候选，待确认）,gusu_qing_candidate,清代姑苏版画（候选）,1,1142,1080,722,682,1.5449252903366133,0.977960570019392,0.17165836559295702,0.09328397231820106,0.08198049378796743,0.0957636139423683,0.13409536237094136,0.09071546291150433,0.07460144927644842,0.0872426154399198,0.17065866435969224,0.5455699602642264,1.7470848371023247,0.9982374624029666,4,84800,0.17221631018432018,1286,159738.58261561394,227.64024295069368,2611.676590766931,2.5086820524149416,candidate_exploratory_not_formal_manifest,False,False
IMG-0001,1d149231e57eae7758126e3a0adc40326548c46787ce9eb067fcf0217774ac78,清代姑苏版画（候选，待确认）,gusu_qing_candidate,清代姑苏版画（候选）,1,797,1000,576,722,1.2982902756798815,0.9951924583425344,0.12310533079260122,0.09374447258682898,0.10015950765549812,0.11694712117484456,0.1442544750755424,0.11722842463008888,0.09846770804926262,0.08957124734682663,0.11652171268850664,0.5295144052534353,1.6551374667756995,0.9996312102393816,6,35361,0.08502856648199446,486,65326.41707468033,101.29989584238405,1168.628808864266,2.564693630951798,candidate_exploratory_not_formal_manifest,False,False
IMG-0373,1eba206819dee4cc788537034ec9386940793e5d2732c1f0ae519c0d4e0d7b1a,清代姑苏版画（候选，待确认）,gusu_qing_candidate,清代姑苏版画（候选）,1,4000,3000,722,542,1.279125354304374,0.9970771031489845,0.10602460678222722,0.09772172118102583,0.1027787359962157,0.12239763108141483,0.14212503936715265,0.11263176759847164,0.10318329666029027,0.10291786494815194,0.11021933638504978,0.5208011669998334,1.7820761956140778,0.9990840756670823,4,73139,0.18690139117457658,1273,134360.48829686642,214.78469500597575,3253.0588463779372,3.076037674186393,candidate_exploratory_not_formal_manifest,False,False
IMG-0206,1f3ac7866d6dda358672ce986dabf650ab66eb4666e726d483c8b98ca4094afa,清代姑苏版画（候选，待确认）,gusu_qing_candidate,清代姑苏版画（候选）,1,2941,3408,623,722,1.4646858829429727,0.9747544553631007,0.15013985070295421,0.07132375057848736,0.0769359174900204,0.16274287588255254,0.15055527631467414,0.10272016086617618,0.08053592575779032,0.06667993622157566,0.1383663061857692,0.4556183653526794,1.7422610481904228,0.9992165682991174,6,49664,0.11041204430354419,554,95254.44225895405,142.02755682912607,1231.642085699168,2.8304908649859923,candidate_exploratory_not_formal_manifest,False,False
IMG-0306,1f67809dc6b63a51f8be7df599c33442a48362d06e9514f61791578829561be5,清代姑苏版画（候选，待确认）,gusu_qing_candidate,清代姑苏版画（候选）,1,1280,1816,509,722,1.3748368124586985,0.9891712255909257,0.15275964582874427,0.09347127769606707,0.0908828467575872,0.10222072366359959,0.1284713583206993,0.09752461111482061,0.0871362088106731,0.09518715441376402,0.1523461733940447,0.40556350366947935,1.6943043547616745,0.9990949768752444,5,42340,0.11521151135516383,642,78746.56472635269,129.89849730154543,1746.9482827117426,3.182361173698449,candidate_exploratory_not_formal_manifest,False,False
IMG-0415,20f5dfcfc0971157ddcf20ec28d6e8ce7d555f9e406f1a87f15f7f1efacc1ea3,清代姑苏版画（候选，待确认）,gusu_qing_candidate,清代姑苏版画（候选）,1,4000,3132,722,565,1.1062283525277572,0.9987008154501102,0.1178977702071344,0.10036426935975538,0.09901167811408366,0.1003190845858273,0.11493028735555248,0.11272843845285481,0.11619552154380919,0.11563868898900971,0.12291426139197302,0.38707544991729026,1.6292506867096985,0.9989660037720992,6,32183,0.07889343759958817,337,59186.90477895737,92.66864357381104,826.1221287966073,3.6772547260987714,candidate_exploratory_not_formal_manifest,False,False
IMG-0175,21ed6ed3a19e6f545c59cf1b74181d45d589926cc3eb73b35cf256aabebae943,清代姑苏版画（候选，待确认）,gusu_qing_candidate,清代姑苏版画（候选）,1,2041,3770,392,722,1.317284627746744,0.9911906831257481,0.1463649586385271,0.10485591563757138,0.10950094348743734,0.10993101371131593,0.12594058249445345,0.09957300929655792,0.08269471192389609,0.08008259688766413,0.14105626792257672,0.5622735881932738,1.7727330044636496,0.9995086025893355,4,54458,0.19241477754536718,1015,101446.63517534733,190.68916386343483,3586.2683023347845,3.0377154675349822,candidate_exploratory_not_formal_manifest,False,False
IMG-0108,2226d967dd810c245df55b7eff33d06aae0c7da05fe5dbab2a895a84c54144ba,清代姑苏版画（候选，待确认）,gusu_qing_candidate,清代姑苏版画（候选）,1,3400,544,722,115,2.395343506005403,0.9415140969239855,0.07274590646285141,0.06719244921048483,0.0820553676973125,0.14337303956016595,0.26614927844504477,0.14239947272213002,0.08720768477504308,0.06796847460677032,0.07090832652019727,0.6127537787151027,1.8037163907624234,0.9996813192459463,3,20843,0.25102974828375285,423,38740.94898688793,134.44750148829579,5094.544140672046,2.7164235613469034,candidate_exploratory_not_formal_manifest,False,False
IMG-0319,2363a9f4ce4ff21b9cf793dfcdaaa535517a6d5c7ebfcc0a3cadbee2ee252e65,清代姑苏版画（候选，待确认）,gusu_qing_candidate,清代姑苏版画（候选）,1,1080,1842,422,722,1.8420457000264148,0.956480455425641,0.20467174444737943,0.07987293490944639,0.09239135513602664,0.10955226418245553,0.11390604813735314,0.06577415314390617,0.059917770501034404,0.0772478938599003,0.1966658356824981,0.5112286226955975,1.7715136592619056,0.9985166900859712,5,50259,0.1649545102466818,710,94790.6545855999,171.72783631916454,2330.283178637539,2.373700332831599,candidate_exploratory_not_formal_manifest,False,False
IMG-0383,23afa02aefd3140a347f662d2f41f093174f00940a297ff100ad0c8f82fc1b00,清代姑苏版画（候选，待确认）,gusu_qing_candidate,清代姑苏版画（候选）,1,4000,3688,722,666,1.267264835440179,0.9952601203580895,0.14080720393779766,0.1082119319169236,0.10133943014433838,0.10570240857851375,0.12454283049912555,0.10220210383214665,0.09069039847196399,0.09500838521092299,0.13149530740826734,0.528095032520077,1.7519352363314242,0.9994263603401466,6,57978,0.12057348206932694,936,108701.82291054726,156.7585053047391,1946.5448828329716,3.1780160098636205,candidate_exploratory_not_formal_manifest,False,False
IMG-0128,2491990a1362b097fdd2f1a784f2034146f8e728bef3c2b27c5dd044ff82dd68,清代姑苏版画（候选，待确认）,gusu_qing_candidate,清代姑苏版画（候选）,1,3711,2998,722,582,1.3218100693596007,0.9907275694623695,0.1433911041232008,0.08603912120079081,0.08361314501669968,0.10102370321958595,0.14686778548440008,0.10480960464178726,0.11252905725932845,0.09148424723737503,0.13024223181683192,0.5084359999262628,1.5418836417514503,0.9999102888367375,5,27732,0.06599651597795357,483,51835.70559871197,79.96481254696941,1149.4416997458377,3.1965479824985032,candidate_exploratory_not_formal_manifest,False,False
IMG-0419,2529b7f42d1fb8814b3c5a722f00a9fdfbbcf1b2f7be7f80266b80c478e2c16c,清代姑苏版画（候选，待确认）,gusu_qing_candidate,清代姑苏版画（候选）,1,4000,3294,722,594,1.173402145520745,0.9980286032714758,0.12548881519594995,0.10738653028525351,0.09730312497484608,0.10091557174023959,0.11570893430604122,0.1058707461296555,0.104672219755712,0.11227604144333043,0.13037801616897168,0.4114953800453003,1.6443656947957466,0.9992128549857189,6,36618,0.08538291502280422,405,67947.56439125538,103.75572576428578,944.3465122135482,2.7143936031531855,candidate_exploratory_not_formal_manifest,False,False
IMG-0020,2559c604f0c890e42f80832688db4073e55180d093d360fb5b2d3b4efc96a4ce,清代姑苏版画（候选，待确认）,gusu_qing_candidate,清代姑苏版画（候选）,1,1000,803,722,579,1.1897545632072988,0.9978067989806669,0.12081942376649735,0.10672544619260478,0.1074427080424854,0.11633496916009875,0.13219495146747764,0.10350073285477356,0.09505637469499476,0.10008955936140843,0.11783583445965926,0.4482487627121633,1.656939165471356,0.9997569129528381,6,37175,0.08892732239652855,633,68397.68335294724,105.78729484639196,1514.216410948287,2.8242776889648824,candidate_exploratory_not_formal_manifest,False,False
IMG-0056,260503708f0c8440ef36354cf7ddce013e6542f5665b46c9b01badc9d26bce1f,清代姑苏版画（候选，待确认）,gusu_qing_candidate,清代姑苏版画（候选）,1,1000,984,722,710,1.5847423961656546,0.9817711959835822,0.09231875195645481,0.08097837195956756,0.09855807817069567,0.14244073874882054,0.17608248846285052,0.14519256873617029,0.09369500683344391,0.08058614531833094,0.0901478498136659,0.4915749328987843,1.75361653854461,0.9991160474449401,5,77794,0.15175763723615934,1028,145174.97115504742,202.76545907851227,2005.3841051851275,2.443484706785901,candidate_exploratory_not_formal_manifest,False,False
IMG-0058,26a6596b2e9d23c72e513f7050f5f586d0c08e87587bfb9ae1faa36904fb2a88,清代姑苏版画（候选，待确认）,gusu_qing_candidate,清代姑苏版画（候选）,1,707,1000,511,722,1.1052404454894218,0.9975946088429994,0.12086229530987182,0.12245023017048624,0.1154062272054392,0.12280449394326909,0.11983130678856273,0.10121457749675859,0.09276128708461154,0.09500006180332524,0.10966952019767573,0.47112827845565863,1.6805742326847408,0.9996931830779062,5,35663,0.09666289010196724,443,65616.78473460674,108.02789086274696,1200.7307381648063,2.7879123614473404,candidate_exploratory_not_formal_manifest,False,False
IMG-0070,26bfb9bb5c60afb604cdc05299fb7d824304854f3bfb7be3a91ad6c412add305,清代姑苏版画（候选，待确认）,gusu_qing_candidate,清代姑苏版画（候选）,1,1000,960,722,693,1.5667060004952322,0.9848779619136137,0.12587338617042243,0.09640482368500096,0.11665046145483728,0.11685625177873021,0.17407844449947024,0.09755140881206632,0.07347857541498984,0.07437052030525139,0.12473612787923151,0.5311050797371901,1.794081922298211,0.9995155626869179,6,72289,0.14447802120932315,1024,133497.6714695692,188.72892862121878,2046.5837640352877,2.742042750449617,candidate_exploratory_not_formal_manifest,False,False
IMG-0299,27061167a4821b171a9f321dbc3150083c57601a0a10d460afcea8d3dd60462d,清代姑苏版画（候选，待确认）,gusu_qing_candidate,清代姑苏版画（候选）,1,4000,1196,722,216,2.851286374681956,0.9279338779562107,0.0860679163521416,0.07500561808854087,0.07539577214730744,0.10682285361889343,0.316809597186884,0.10188465535617501,0.07790490083800893,0.07533311632508972,0.08477557008695896,0.5770996617409645,1.7022356175722613,0.9972928403848714,4,25030,0.16049810198009645,336,46963.84706389904,118.92363923036196,2154.509079716836,2.4382931877109226,candidate_exploratory_not_formal_manifest,False,False
IMG-0041,2712975b12729e877cbeef0d7b28b38ea41b00929abd145ef3ec451ee8e2ce38,清代姑苏版画（候选，待确认）,gusu_qing_candidate,清代姑苏版画（候选）,1,956,1000,690,722,1.2492894112184756,0.9966753182379063,0.11366698899548408,0.09251402204315086,0.095296827286198,0.11868876520092904,0.13880993457983062,0.11717194515791284,0.10834470993672887,0.0991193118930613,0.11638749490670426,0.43192924764768414,1.625856094075632,0.9997871488162495,6,39942,0.08017584005781044,559,73423.7119140625,104.02630967490461,1122.0843871692962,2.438015490206703,candidate_exploratory_not_formal_manifest,False,False
IMG-0455,27b66761f77d21e2caa73837e84f9d8d32e922c30243acd72ccc06b3086460c5,清代姑苏版画（候选，待确认）,gusu_qing_candidate,清代姑苏版画（候选）,1,3277,4000,591,722,1.3964413710049757,0.9932714934809772,0.13775553141255262,0.10289750225075558,0.09691255599198143,0.09686863415396664,0.1088075363118543,0.10089444361534625,0.09530112571588052,0.10540251821377641,0.1551601523338862,0.46662808698555513,1.6259145080886193,0.9991948965919248,6,20418,0.047850724861847375,399,37952.888358950615,58.100851026594306,935.0788137857334,1.958356919072133,candidate_exploratory_not_formal_manifest,False,False
IMG-0312,27eab1f5a2b9d48eeac6ab433c4dde3e5cf56b5b9367b7e518ae6e15de044952,清代姑苏版画（候选，待确认）,gusu_qing_candidate,清代姑苏版画（候选）,1,438,540,585,722,1.37251463944571,0.9927448847501673,0.13135608761245965,0.10136973118282833,0.09893515890853295,0.11230486319759589,0.15250162660507888,0.10322121561634527,0.08725763636599325,0.0889401574525468,0.12411352305861904,0.49044306180007224,1.689949447021573,0.9998568952602411,6,42970,0.10173544522574994,590,79658.08900845051,122.56976450444672,1396.8795132230034,3.6186362702425434,candidate_exploratory_not_formal_manifest,False,False
IMG-0407,28a9d064e83dd73c949167993a9ae470645fa0adcc2e5fbd23582fbc56c5fff3,清代姑苏版画（候选，待确认）,gusu_qing_candidate,清代姑苏版画（候选）,1,3256,4000,587,722,1.4441289856269768,0.9912788538394556,0.13058511535582124,0.10069037861431922,0.10076954723754195,0.11016768776764278,0.1604587761807752,0.10014734323090017,0.08703071582959596,0.08677122958191467,0.12337920620148876,0.4582358892650804,1.6679585839206417,0.9997998877448271,6,40630,0.09586752679241366,512,75530.4285197258,116.02038418887022,1208.0771281741518,2.9174061467250216,candidate_exploratory_not_formal_manifest,False,False
IMG-0273,299edf692d32adfe4291f827ae8ea81412a766f6133b303adfd3ead1ef9a0513,清代姑苏版画（候选，待确认）,gusu_qing_candidate,清代姑苏版画（候选）,1,1504,1002,722,482,2.9498387813117164,0.910543519942149,0.08331004918841044,0.05793589123755959,0.06434657453880434,0.11674870089271952,0.3277598645901907,0.13442041461054954,0.07202201458276913,0.0613746071551694,0.0820818832038273,0.5643165381047588,1.8719901865249993,0.9988288722761717,4,77729,0.22335662808473467,1157,147790.75601875782,250.52735476387193,3324.6744290295514,2.608112235103667,candidate_exploratory_not_formal_manifest,False,False
IMG-0327,29a74dacf370fd4cade0eeee96ea8bd1d0d87023b7df298ea751bafb6f70c183,清代姑苏版画（候选，待确认）,gusu_qing_candidate,清代姑苏版画（候选）,1,1080,1945,400,722,1.3622809083730802,0.9904261467764522,0.13953373483058268,0.09932307520776076,0.08775148067422786,0.1060572430775587,0.1513645453747867,0.10184622944796529,0.08480858045877814,0.09379427188319954,0.1355208390451405,0.567390038311345,1.717061629735055,0.9988121832151408,4,46771,0.16194944598337951,732,87058.69379270077,161.99945458437344,2534.6260387811635,2.4524976758274573,candidate_exploratory_not_formal_manifest,False,False
IMG-0384,2ad05719072d73e9db3db372a157a3f583476b980921e93fa23391cd2a2ae3ad,清代姑苏版画（候选，待确认）,gusu_qing_candidate,清代姑苏版画（候选）,1,4000,3705,722,669,1.3168566324304927,0.9923682927993901,0.13818541209290058,0.09845397491346244,0.08970494945946639,0.10625707122605328,0.14631740360338807,0.10315202100730694,0.09156862558885986,0.09356702922221379,0.13279351288634886,0.5040337382436813,1.7223610399478964,0.9989938250961504,6,48181,0.09974990580061198,810,89713.5086094141,129.0851204039151,1676.956138280561,2.6511347570669264,candidate_exploratory_not_formal_manifest,False,False
IMG-0060,2b4eccb412a5cc5fcfef601bae199572a56fd5f430a07399f3f9867e14a7d0e1,清代姑苏版画（候选，待确认）,gusu_qing_candidate,清代姑苏版画（候选）,1,1000,855,722,617,1.5245153937429854,0.9838756155464057,0.16939059930477615,0.09256691598993085,0.08045007132349617,0.1207079039750975,0.10527982588841821,0.09569104730987343,0.08830216076765858,0.0882535968727159,0.15935787856803318,0.43220594383328004,1.6992130240917076,0.9992754773633898,5,55052,0.12358072524995847,770,104083.68064630032,155.94500215319258,1728.495939156943,2.574494773145927,candidate_exploratory_not_formal_manifest,False,False
IMG-0007,2b7f80008573437a37e8bbd2e3f93c38965f5cb9532da6cbf2dcb7acad3d30f1,清代姑苏版画（候选，待确认）,gusu_qing_candidate,清代姑苏版画（候选）,1,843,1000,609,722,1.2025135913691578,0.9962746002234263,0.09798162485095066,0.09579809872858726,0.09532221962501315,0.11036728922716878,0.13361262126323975,0.12616070191790224,0.12735722174331734,0.11510427634799329,0.09829594629582752,0.3641516335722037,1.6216404596168,0.9998448549031304,6,30880,0.07023002151476695,411,55772.79592192173,84.1095232601659,934.7324754718012,2.6014225805966373,candidate_exploratory_not_formal_manifest,False,False
IMG-0154,2c308b24eec6e4b263932ce1138a14a09e58384f0274978b5e09f6259c61b2ab,清代姑苏版画（候选，待确认）,gusu_qing_candidate,清代姑苏版画（候选）,1,3232,2847,722,637,1.9289893297973666,0.9725952466094775,0.10242149647392854,0.07680495839997717,0.08537421246720173,0.11297958245656944,0.21433214775526296,0.1404228867376582,0.09373848213863833,0.07257261499409946,0.10135361857666417,0.5084885812222031,1.700206040269585,0.9999020708673817,5,58770,0.1277847597594333,948,109391.25895738602,161.30369116257745,2061.254930269572,2.469525473845629,candidate_exploratory_not_formal_manifest,False,False
IMG-0073,2c457ab4a529696b303b572db8ed58a69169145b1ce82f25b59e7e65b241eddb,清代姑苏版画（候选，待确认）,gusu_qing_candidate,清代姑苏版画（候选）,1,1000,798,722,577,1.2311431468316942,0.9977939306899858,0.11635073589566779,0.1026598890896359,0.1045218397872866,0.11324294558275254,0.13679368298129935,0.11232312698434921,0.09865497204289732,0.09984811230097147,0.11560469533513988,0.48942556604144183,1.6909414850380635,0.9996067274309518,6,34315,0.08237036539172432,561,62972.04900228977,97.56438681046448,1346.6348531183837,2.587612688693179,candidate_exploratory_not_formal_manifest,False,False
IMG-0139,2ccd1ce621179ec9a2372bfea6b3739075cafeb37c07e859598dc4801b93fbae,清代姑苏版画（候选，待确认）,gusu_qing_candidate,清代姑苏版画（候选）,1,2529,4000,456,722,1.812052115090618,0.9740779567074266,0.09882077364295767,0.0613197581091279,0.07009645488376247,0.1169152356886677,0.20133912389895756,0.13818569226972358,0.10041508504682284,0.09730929394770547,0.11559858251227487,0.5941361232063715,1.8108122785754752,0.9996801029971585,5,58850,0.17874933177819896,966,111479.76929402351,194.2875810369477,2934.1011809301644,2.774547515806984,candidate_exploratory_not_formal_manifest,False,False
IMG-0081,2e8f646af5b33f5ed3939f2530e5aa65ffebc489cbe64718b49f91fa779c40e4,清代姑苏版画（候选，待确认）,gusu_qing_candidate,清代姑苏版画（候选）,1,1000,906,722,654,1.5009571867699072,0.9840333961878324,0.15998773991585524,0.0847384132330004,0.07995802715673707,0.0949317284279092,0.110168306868187,0.12025316878665976,0.09379388482639679,0.08939571003304268,0.1667730207522119,0.40247579854735216,1.6353676210115025,0.9997438268026473,5,50460,0.10686421510076495,646,94536.021910429,137.57510413964906,1368.0991469499436,2.9433136201438543,candidate_exploratory_not_formal_manifest,False,False
IMG-0011,2ee9f6768461c73c495e2a80eebb29c13264e423b0df05bc3a8060e6b4b331d3,清代姑苏版画（候选，待确认）,gusu_qing_candidate,清代姑苏版画（候选）,1,1000,778,722,562,1.1512594187273395,0.998212591418072,0.1279177131919266,0.10867626496998847,0.10215809634946116,0.11098599080407749,0.11815000602268816,0.10403908014086448,0.09819251460825286,0.10445745457872067,0.1254228793340201,0.41708834551024965,1.57577588039264,0.9992357760096036,6,28904,0.07123352490610306,393,52928.53536617756,83.09083433180173,968.54329117418,2.7779645607018204,candidate_exploratory_not_formal_manifest,False,False
IMG-0361,2f21991a839b9426df79c2ca97098f794ef2539c2b90ac38a8c0bdeacb422146,清代姑苏版画（候选，待确认）,gusu_qing_candidate,清代姑苏版画（候选）,1,753,1183,459,722,1.7196576713075673,0.9809849641450245,0.10420223693837051,0.09485505449927406,0.10474031304935219,0.1345356553909896,0.1910730745897297,0.12186593052736065,0.08229383666966777,0.0706752722212155,0.09575862611404003,0.5741552195859443,1.8387868835310444,0.9994777987107338,4,74577,0.22503756812050768,1305,138468.81690442562,240.53431374877897,3937.8632339362334,3.1326982189880965,candidate_exploratory_not_formal_manifest,False,False
IMG-0244,301c8ffbae14325bbff70a3665abab603532eb72ac3c663f9da4ea4f295497f0,清代姑苏版画（候选，待确认）,gusu_qing_candidate,清代姑苏版画（候选）,1,4000,3000,722,542,1.455660811050777,0.9912139697561115,0.10423670937741575,0.09714316674378558,0.10174921878231902,0.1166710513005373,0.161740090116753,0.13749620713036317,0.0989123188752817,0.08885813063587562,0.09319310703766867,0.5182862948615334,1.6242782905823019,0.9991806930503658,5,40636,0.1038423403624618,775,75442.65095102787,120.6003861727311,1980.4560926495692,2.3564829948861408,candidate_exploratory_not_formal_manifest,False,False
IMG-0349,302e048b3c83df2cc10a7a8c07b029effdc230a93220ec51e39a0697ae05497f,清代姑苏版画（候选，待确认）,gusu_qing_candidate,清代姑苏版画（候选）,1,1657,1080,722,471,1.5737225057704873,0.9844505180761789,0.08308848600145805,0.0872577580360286,0.11034604376847928,0.1482023259829794,0.17485805619672082,0.11760393591020474,0.10602518849973593,0.08887826194988291,0.08373994365451025,0.451992334133149,1.782628963034295,0.9991711266075559,5,57619,0.16943674976915973,828,106008.03051996231,181.7856986563043,2434.8501155671615,2.9180149460754405,candidate_exploratory_not_formal_manifest,False,False
IMG-0345,315f639eee863b3731d99524d3355ee25ade2a0b0f174afac77bb7551d222a5b,清代姑苏版画（候选，待确认）,gusu_qing_candidate,清代姑苏版画（候选）,1,1007,1655,439,722,1.380546629616664,0.9893923193380791,0.15339406995740712,0.10061519924764205,0.1146966880841012,0.0973211435111613,0.1364358453930992,0.09210362924638078,0.08216030173635096,0.08567638145690726,0.13759674136695013,0.44760949692762264,1.693945298160713,0.99969673860999,4,48472,0.15292877920733977,691,90546.29904091358,160.83103060039704,2180.0995715520667,3.483841145412545,candidate_exploratory_not_formal_manifest,False,False
IMG-0450,318e56cef2c1f63be37161083c11b651aa2268ef2713ea259a9cea80eab68915,清代姑苏版画（候选，待确认）,gusu_qing_candidate,清代姑苏版画（候选）,1,3402,4000,613,722,1.4493787461708796,0.9863950256817742,0.16038151617974705,0.10158639066836196,0.09482310931973219,0.10315971995592346,0.11526626912599436,0.09024765862820734,0.07990817917832498,0.09358507403583323,0.1610420829078755,0.58647303240728,1.6252209810802423,0.9981243125206245,5,45457,0.10270772234096875,622,85916.97860479355,129.1457622646082,1405.376582178379,2.0417945993879822,candidate_exploratory_not_formal_manifest,False,False
IMG-0438,31ef988ff77dc19a077b1e4937ec6732479a6a162162dd3fc401627ab8d7fcbc,清代姑苏版画（候选，待确认）,gusu_qing_candidate,清代姑苏版画（候选）,1,2054,4000,370,722,1.240830320206995,0.9945639871693694,0.13474989177531663,0.10328074269264755,0.09348723681891434,0.09858045329652071,0.13273736695560048,0.10116677891978906,0.09352621406736171,0.10460127989529448,0.137870035578555,0.4478195371789341,1.7340601646909852,0.9996204736344014,5,34012,0.12731900875945198,603,62694.50868678093,121.29978818818049,2257.243392977465,3.2477346921302828,candidate_exploratory_not_formal_manifest,False,False
IMG-0380,327b73cf1afd94bc10ee45c43f87df04d45079748c4b7cd8f476636dc0c1e0d4,清代姑苏版画（候选，待确认）,gusu_qing_candidate,清代姑苏版画（候选）,1,4000,3717,722,672,1.867283511901324,0.9779127764717503,0.11272707171507873,0.07566841741871448,0.0899085516131999,0.10467392784975453,0.20747594576681377,0.12335482080209581,0.09450732107684803,0.08061617955671375,0.11106776420078102,0.5164228633884436,1.745364182856565,0.9993804342725563,6,55129,0.11362493404564042,908,102989.19765925407,147.8558251993423,1871.4549531724047,2.382016799866882,candidate_exploratory_not_formal_manifest,False,False
IMG-0400,3303dbeda94e8ffb62a6edd8864d24ddbd42fcedbae1060aa564d7c567e04b8b,清代姑苏版画（候选，待确认）,gusu_qing_candidate,清代姑苏版画（候选）,1,2240,4000,404,722,1.410184300749492,0.992468184065749,0.12504878417746262,0.09168984765530164,0.0891930088183516,0.11173009148090657,0.15668714452772134,0.11060264123423409,0.09334313236884363,0.09676006266819052,0.12494528706898794,0.4707723892723735,1.686254132995247,0.9997269102682643,6,33418,0.11456762019692274,599,61988.51098096371,114.77622138866525,2053.56408216999,2.5102549370383187,candidate_exploratory_not_formal_manifest,False,False
IMG-0137,33a531e8586fe6ed5aad4dce7fdf8b0c6ffb4a56bd306cefc821df4858cfa098,清代姑苏版画（候选，待确认）,gusu_qing_candidate,清代姑苏版画（候选）,1,3894,2998,722,555,1.6794568411896114,0.9818694870610931,0.12495454407255566,0.07973459797199978,0.08239446004883155,0.11456225504023498,0.1866063156877346,0.11389734944383194,0.0884469494498943,0.0801655497560254,0.12923797852889177,0.5682012115638446,1.774359294180503,0.9998664249934713,6,52718,0.1315614783758828,943,98947.93919146061,156.31176362760294,2353.3228519378104,2.595465074797376,candidate_exploratory_not_formal_manifest,False,False
IMG-0211,33ec28e68850b45ec9c4448c1f7f511f70250b9981e59653ee16e46c5094698a,清代姑苏版画（候选，待确认）,gusu_qing_candidate,清代姑苏版画（候选）,1,2655,3414,561,722,1.1976270034732692,0.9969459265609155,0.11198880263130473,0.13306966705258547,0.12707993574396342,0.11083024660708791,0.11761940494421882,0.11127812012704823,0.09932792061594406,0.09153877487517068,0.09726712740267665,0.43992988239789366,1.5850697532596043,0.9994627792465751,5,29043,0.07170367517442636,323,52145.10511922836,81.93387932119246,797.4481658692184,2.667286286862669,candidate_exploratory_not_formal_manifest,False,False
IMG-0158,3449eddf87f885b8015330f6dc568cd8231b7b880c91c50727a79866534f7775,清代姑苏版画（候选，待确认）,gusu_qing_candidate,清代姑苏版画（候选）,1,3944,2673,722,489,1.835271261998338,0.965197356750816,0.15691787002978608,0.08019421132928178,0.07747679211462016,0.10168355173132788,0.20391902911092644,0.08944579664439942,0.06700622428005765,0.07291907715664463,0.15043744760295585,0.5259957490029579,1.8263720035961064,0.9990167229989686,5,62370,0.17665652668966572,1068,117788.14976525307,198.2341949942389,3024.9987254218854,2.7506439054089817,candidate_exploratory_not_formal_manifest,False,False
IMG-0357,3454659dc96f92cafbe034807a7faf70031655c4c4551cd86fa4192d38f4b6f7,清代姑苏版画（候选，待确认）,gusu_qing_candidate,清代姑苏版画（候选）,1,953,1200,574,722,1.3025888553048752,0.9908015127018364,0.14473209503387502,0.12328717371681303,0.10908810446716556,0.09490462452123735,0.1380681484625548,0.09880713359417524,0.08297961893977134,0.0801191324895969,0.12801396877481075,0.3870913960708233,1.600375510739767,0.9993308603908783,5,37369,0.09017006572914958,450,68431.26045250893,106.2991996078406,1085.8339687472853,2.3431175799965236,candidate_exploratory_not_formal_manifest,False,False
IMG-0316,3467e3d15a7cb14586891a2330c293c7860fca1d6beb911d1152e366c3e4d866,清代姑苏版画（候选，待确认）,gusu_qing_candidate,清代姑苏版画（候选）,1,368,562,473,722,2.0122640217655374,0.9658693193469315,0.1303094816177092,0.07361499511453455,0.07406828490880993,0.11468280043303221,0.22358489130728196,0.10842985701754647,0.07587483930592154,0.07207705144686721,0.12735779884829698,0.5756120284434083,1.7851804406234917,0.9994211153498878,5,54289,0.1589693885319731,854,102384.78001737595,175.2008594812974,2500.6881284662645,2.344238416813374,candidate_exploratory_not_formal_manifest,False,False
IMG-0454,3502e3f90d07fac53b406cd75eb31f3ea9a1b5b8ae1c9f77132e799ac11e3a1a,清代姑苏版画（候选，待确认）,gusu_qing_candidate,清代姑苏版画（候选）,1,2187,4000,394,722,1.4480872521666095,0.980992161844708,0.16089858357406772,0.10772087331516426,0.08595514364733166,0.08765369090518182,0.14937907621835753,0.08521136289155659,0.07471258250777318,0.09155117432631198,0.15691751261425538,0.4556104711078036,1.658720111271094,0.9986345422099817,6,29715,0.10445814643474838,339,55730.11893582344,104.48964656980952,1191.698187493848,2.4491663571502973,candidate_exploratory_not_formal_manifest,False,False
IMG-0119,375081d83ca138406c9db47266b62ad1feff0ac952254f5816f3bf86c52d3097,清代姑苏版画（候选，待确认）,gusu_qing_candidate,清代姑苏版画（候选）,1,2048,2731,542,722,1.6590955509405378,0.9768903580102696,0.16809841613635954,0.09092325809432253,0.0803201178842257,0.08866287869813655,0.12193621122019924,0.08729884006001457,0.07953064788523995,0.09888567991699777,0.18434395010450422,0.3823993255270405,1.6089397485816141,0.99938339842938,5,38912,0.09943678384152263,653,73138.90114438534,116.91768000023997,1668.6939722582822,2.496844423672653,candidate_exploratory_not_formal_manifest,False,False
IMG-0444,3795bfa7f5133cb71baf720c73df92c7e9335f2ad2abea0d094492a94978e2b9,清代姑苏版画（候选，待确认）,gusu_qing_candidate,清代姑苏版画（候选）,1,2181,4000,393,722,1.4931087299807955,0.9904269361776282,0.10400939054117304,0.09352112151637401,0.09883831313344185,0.13071636198320055,0.16590096999786616,0.12369274450453369,0.09270302354153254,0.08768471163329215,0.10293336314858596,0.5932179967628912,1.726692643213021,0.9991525973464394,6,34682,0.12222903582781784,492,64633.044491291046,121.336018381121,1733.9451481254362,2.5705401350643884,candidate_exploratory_not_formal_manifest,False,False
IMG-0063,379a950abb3dc6f5c1221bbed8502b66174c60a72b4bd63ccea6c3df3307d104,清代姑苏版画（候选，待确认）,gusu_qing_candidate,清代姑苏版画（候选）,1,712,1000,515,722,1.1300865242328517,0.999109078151867,0.11088093525046105,0.10663118194120706,0.11508163750383019,0.12556516935920575,0.11648781787516448,0.10337178361910848,0.10792318302445154,0.10144247458359602,0.11261581684297538,0.5047693901054967,1.7372861494551766,0.9997271899900039,6,45842,0.1232875238684345,500,84111.03302037716,137.93699278601008,1344.700535190813,2.939509464386133,candidate_exploratory_not_formal_manifest,False,False
IMG-0288,37df4b9173e1560202492b66c16706764c84fd630dc8b6abf335d2eca64d34c1,清代姑苏版画（候选，待确认）,gusu_qing_candidate,清代姑苏版画（候选）,1,4000,3097,722,559,1.7686088181838324,0.9808990968111156,0.09406526404489282,0.0817008722103719,0.10102101761797591,0.1388961213706374,0.1965120909093147,0.11162523054339993,0.09879265774015449,0.08282599270849297,0.09456075285475996,0.44870447074319564,1.7497169326401456,0.9992766466711825,6,50884,0.12607594685801218,740,94406.12362718582,148.60234502370602,1833.5075991456845,2.6104911091227225,candidate_exploratory_not_formal_manifest,False,False
IMG-0037,37f501bef86aac5b453a1e6ff1f407bc8c962aac9a2bbdd979c901d2e83e9e77,清代姑苏版画（候选，待确认）,gusu_qing_candidate,清代姑苏版画（候选）,1,1000,916,722,661,1.1040743802500117,0.9993389106974533,0.11696650514951792,0.10500782835357868,0.10867226099516493,0.11023814059056058,0.11465473012076323,0.10450145351124569,0.10391167425220073,0.11337247588807808,0.12267493113889018,0.4390138985284059,1.7418007545289167,0.9998735759875308,6,63028,0.13206716927680295,877,116070.18719363213,168.01627668737405,1837.6421186735452,4.304625464006619,candidate_exploratory_not_formal_manifest,False,False
IMG-0190,3a9d3f7f293c6a14e8ec31fb44d942087c365a974ffe4d9c0419a4d573041307,清代姑苏版画（候选，待确认）,gusu_qing_candidate,清代姑苏版画（候选）,1,1759,4000,318,722,1.4880955708481778,0.9857318572755503,0.13597664951450975,0.09076800622833517,0.10307629688984364,0.12122036202255099,0.1653439523164642,0.09795243804401754,0.07738791356338698,0.0762843031490853,0.13199007827180637,0.5378238479841466,1.7719086262724872,0.9990659885486796,5,36889,0.1606691754211746,543,69243.24253737926,144.509113932986,2365.0237809021064,3.3109626275389124,candidate_exploratory_not_formal_manifest,False,False
IMG-0198,3b27246dc3d62863752ba77199da2527cc041d874c71559473cec150a6c71fe1,清代姑苏版画（候选，待确认）,gusu_qing_candidate,清代姑苏版画（候选）,1,2585,4000,466,722,1.4314249442597138,0.9824380371307625,0.15579022054866729,0.08269484050029204,0.07906027630156927,0.1043831352446592,0.14434393148342517,0.10771049653408217,0.0814748272224164,0.08549505613603146,0.15904721602885707,0.5686014102108141,1.4090740367855403,0.9965705711801156,4,23823,0.07080653406726665,296,45025.94393455982,77.62493850068904,879.7688823368564,2.0041664431120547,candidate_exploratory_not_formal_manifest,False,False
IMG-0344,3b4a926713a876b50721af8be1634808ed32fc814f3f80d895a7b5f657cca0d6,清代姑苏版画（候选，待确认）,gusu_qing_candidate,清代姑苏版画（候选）,1,1048,1864,406,722,2.125321064211646,0.9651109904976857,0.09217823273067055,0.07404335984273527,0.09194246055082719,0.12357263945378656,0.2361467849124051,0.12412751364919296,0.08857568127537752,0.07029133801877274,0.09912198956623214,0.5675080389938155,1.5019822863794041,0.99910793261785,5,20741,0.07075651924730156,220,38303.194591879845,70.74624296553637,750.5151262912271,2.0558401810367255,candidate_exploratory_not_formal_manifest,False,False
IMG-0133,3b6a492b071b1addcb17c9102649453708cab9ee3273c00bc04321a2eb077ffc,清代姑苏版画（候选，待确认）,gusu_qing_candidate,清代姑苏版画（候选）,1,2325,4000,420,722,1.5039381956664644,0.9844539390348221,0.1425469407394935,0.11200134926059807,0.10379946063712713,0.10789711801454119,0.1671042439629405,0.08934840943993505,0.07210467885252336,0.07633150580034788,0.12886629329249327,0.5149252168745104,1.688914925104919,0.9997976696653046,5,40827,0.1346359319351009,616,76073.92060613632,138.14734888010344,2031.3942751615882,2.891810544367527,candidate_exploratory_not_formal_manifest,False,False
IMG-0017,3b7d3264fa0ca3805328b6b4f7c6909ba58a276863a64321844f863836d9f9f2,清代姑苏版画（候选，待确认）,gusu_qing_candidate,清代姑苏版画（候选）,1,1000,774,722,558,1.295484033062875,0.9944947426501757,0.13191768426534795,0.1009769568548627,0.08699933614306482,0.09055989985215594,0.10655235746520385,0.10897749348656703,0.10980442516232622,0.12026917643015192,0.14394267034031943,0.40404309139995664,1.5168027484570699,0.9996111805172921,6,19860,0.04929556488845203,238,36193.631772875786,57.02252777204589,590.7524895997776,2.6000070609899577,candidate_exploratory_not_formal_manifest,False,False
IMG-0303,3c1b8525e790fc4fd8722058e6a9d1dd0edc6511db0fac6d1b912c161d858300,清代姑苏版画（候选，待确认）,gusu_qing_candidate,清代姑苏版画（候选）,1,3149,4000,569,722,1.1555148179516102,0.9978355572023158,0.09588473239856764,0.10042340343649814,0.11409194415634955,0.1267232285630685,0.1283905353279567,0.11508287563277485,0.11171556798180692,0.10845428121900637,0.09923343128397144,0.4448428744569912,1.6889647681567828,0.99966317514057,6,40009,0.0973886246464371,622,72917.37779021263,113.76438160665523,1514.0524514505207,2.33219308315291,candidate_exploratory_not_formal_manifest,False,False
IMG-0177,3c74b494be0ecd10d31e6158fa6bfff0ba6747f808bae5b2107c22ab5d54fdb5,清代姑苏版画（候选，待确认）,gusu_qing_candidate,清代姑苏版画（候选）,1,2063,3626,411,722,1.5151308007663185,0.9874096308064189,0.133713246750132,0.08539880441287037,0.08235111899837402,0.10214916535724267,0.16834786675181315,0.09914192847259351,0.09753855906910154,0.09596715645580248,0.1353921537320702,0.5572105131274376,1.774475813532784,0.9983935852761769,3,61786,0.20821454327328118,1001,114318.43429374695,209.85859357854207,3373.300712403367,2.7897748890369956,candidate_exploratory_not_formal_manifest,False,False
IMG-0067,3cbb288798d4dec6b8d8c5413241419892ab6db2c928151e7959ec22d4862059,清代姑苏版画（候选，待确认）,gusu_qing_candidate,清代姑苏版画（候选）,1,813,1000,586,722,1.2519082750140615,0.9929575693728717,0.1370472743990068,0.12402710940931487,0.11172226470462257,0.0982977706769073,0.13910091944600683,0.0994969952206702,0.08766803892013525,0.08197659039785474,0.12066303682548148,0.37019328899423687,1.516477332348625,0.9998096319480226,5,31354,0.07410681364809545,322,57310.739341020584,88.10866162650996,761.0637875450257,2.429729374561535,candidate_exploratory_not_formal_manifest,False,False
IMG-0246,3cc0f7e4b12eb61fe328390827df3a3d6ab67d6ccd1438283c58d98a89b0479a,清代姑苏版画（候选，待确认）,gusu_qing_candidate,清代姑苏版画（候选）,1,4000,3000,722,542,1.2699873313840566,0.9952931590998552,0.1411097034871174,0.1040504018520823,0.09841766265219355,0.10687323558740872,0.13304428968474388,0.10372911225263878,0.09588458454969928,0.09336422778799312,0.12352678214612306,0.4630940715635413,1.6925818051040658,0.9985468290829456,6,42689,0.10908863243757091,636,79146.6622672081,126.52150889957525,1625.2517095808078,2.1636311253914737,candidate_exploratory_not_formal_manifest,False,False
IMG-0138,3cd97f041d90ac01c4cc6e4bf33f197aded08f90cc4b2bdc0885573cd5a797ef,清代姑苏版画（候选，待确认）,gusu_qing_candidate,清代姑苏版画（候选）,1,2391,4000,431,722,1.5341619447553945,0.9902212234111819,0.10618334366202924,0.0884068001751407,0.0960407135927969,0.12453702375023765,0.17046243830615493,0.11935535390122418,0.09550655450044813,0.0909891224145529,0.10851864969741544,0.5682466376236379,1.8029360918610497,0.9993736517762923,4,60253,0.19362623802147938,992,111798.46110200882,200.41424717465662,3187.8450553052553,3.567832103764778,candidate_exploratory_not_formal_manifest,False,False
IMG-0256,3cf8b05c24aef2d3819f76131607d3e5a547a4b37a1984d01e992fcc4e285574,清代姑苏版画（候选，待确认）,gusu_qing_candidate,清代姑苏版画（候选）,1,1356,1302,722,693,2.2181636649083543,0.958951252006725,0.10812178115342568,0.08273412333433044,0.08814573331907,0.12265645681026809,0.2464626294342616,0.11645073723332094,0.06672046093146058,0.06492500805332513,0.10378306973053739,0.5323466788723132,1.8051227675545738,0.999452694683344,4,100840,0.20154053395050625,1459,191472.10256707668,270.68880213819887,2915.982140358872,3.438828741444961,candidate_exploratory_not_formal_manifest,False,False
IMG-0199,3dbd0da73200f2968af96c225812cd83b3f8b43e7b57cdb9bdaea39ad80cb933,清代姑苏版画（候选，待确认）,gusu_qing_candidate,清代姑苏版画（候选）,1,2942,3041,699,722,1.2004245253350958,0.9966662320077143,0.1274491189552462,0.10157458128345874,0.09837652553671515,0.10730052818061724,0.13338050281501065,0.105839794529435,0.09715377232078459,0.1005596283201174,0.12836554805861505,0.609602746240391,1.8059893374884828,0.9999040223413157,5,95005,0.18824874474417352,1694,176834.53044247627,248.9200542107473,3356.595690717646,4.405684723681476,candidate_exploratory_not_formal_manifest,False,False
IMG-0225,3ea0719022cb06e5ce06998626e52844d8bc9f3f4b1665caa48c449791757053,清代姑苏版画（候选，待确认）,gusu_qing_candidate,清代姑苏版画（候选）,1,2806,3463,584,722,1.3451532917850963,0.9950582988639229,0.10444611741804366,0.09213298727108173,0.11759673548228432,0.12062919194348891,0.1494614768650107,0.11392190275004616,0.09518661520488657,0.09552235803642692,0.11110261502873106,0.4626824987684227,1.6425302702100475,0.9996211746103651,6,33689,0.07989839866428869,414,62146.55449283123,95.7066320016817,981.8616476302508,3.2918499916429353,candidate_exploratory_not_formal_manifest,False,False
IMG-0251,3fb700e3ae68c9b2abe4ad921eca471487cee1b0297a5a6525167b1caab74e17,清代姑苏版画（候选，待确认）,gusu_qing_candidate,清代姑苏版画（候选）,1,927,581,722,453,1.2596470990587298,0.995091734451533,0.1126422415461753,0.09826728180200643,0.09901554901432752,0.11384700071166395,0.13750984090380733,0.13996078878430332,0.10634588256917334,0.08792335193472724,0.1044880627338156,0.5578144214263643,1.8436692331537734,0.9992820582670671,4,75066,0.2295133092403368,1403,137678.32298779488,240.7397845774485,4289.654075935744,2.9490085404223327,candidate_exploratory_not_formal_manifest,False,False
IMG-0342,4129652a9e792f0a7299b678446eaad4002a0734f7d24c4b6501971c7f1d4ca0,清代姑苏版画（候选，待确认）,gusu_qing_candidate,清代姑苏版画（候选）,1,1000,1856,390,722,1.7041414762936937,0.980667357130483,0.1384869072908152,0.0874106407627313,0.0844175472647306,0.09793627709810843,0.18934905292152152,0.10697748398715638,0.08744450605171217,0.07842848007155952,0.12954910455166493,0.5160603830664873,1.6295811425880529,0.9971824650666612,6,23018,0.08174586263228922,274,42890.31685304642,80.827352238765,973.080474465516,2.1638554582660463,candidate_exploratory_not_formal_manifest,False,False
IMG-0429,428ff4066dd64fccbd5fa0673df6b51bb8ef10e0dd030b8af56c47fe0f79e41e,清代姑苏版画（候选，待确认）,gusu_qing_candidate,清代姑苏版画（候选）,1,1993,4000,361,722,1.3312254700368644,0.9935572733934278,0.12759914323622676,0.10004410734692455,0.09835612988792722,0.10761808914754446,0.14791394111520717,0.09739242711171257,0.08801350740711744,0.09999381696971515,0.13306883777762474,0.5234098430409063,1.5817328570382831,0.9997867450694965,6,16794,0.06443320723444418,335,31090.619451403618,60.89858128913539,1285.2878661152079,2.793090133652866,candidate_exploratory_not_formal_manifest,False,False
IMG-0085,42a643251f01fa2b192bb5b33aeebdd1f84e45dadb4a92c785638467e599ee47,清代姑苏版画（候选，待确认）,gusu_qing_candidate,清代姑苏版画（候选）,1,346,1000,250,722,1.8554839497889415,0.9380287114435558,0.20459987062509377,0.06676039407284105,0.0564069297895242,0.07818184048737437,0.17314326329173357,0.07998658956936595,0.06198049023070845,0.0727757386234764,0.2061648833098824,0.5621843562201643,1.550574025756123,0.9989772990888578,5,14067,0.07793351800554017,213,27004.74178993702,63.56256669171423,1180.05540166205,2.4301557738789064,candidate_exploratory_not_formal_manifest,False,False
IMG-0332,43ff9661221e4ce53eb46e95ef47f27af9773d89600247f531780f27470bc082,清代姑苏版画（候选，待确认）,gusu_qing_candidate,清代姑苏版画（候选）,1,1080,1623,481,722,1.5938698708399204,0.9880472145898042,0.12319470143216915,0.09470246925508333,0.09673551581666799,0.11903169654016117,0.17709665231554672,0.10247619213544028,0.08971193837471995,0.08286946449088071,0.11418136963933084,0.47358743633123246,1.631759544540041,0.9998177505120499,5,38334,0.1103829164770993,741,70830.04361486435,120.19222426293807,2133.7126600284496,2.405069702060095,candidate_exploratory_not_formal_manifest,False,False
IMG-0443,4499cb10c0d0a0eca3a01b991b90185ac5b3c37b7101c6f2670d7b477a268a94,清代姑苏版画（候选，待确认）,gusu_qing_candidate,清代姑苏版画（候选）,1,2562,4000,462,722,1.3906777407299662,0.9938783436115721,0.11638159637521837,0.10486190008351706,0.1075094913481595,0.12356012457590451,0.15451974896999623,0.10484392074984134,0.08898357765927381,0.08921351878848324,0.11012612144960579,0.532465531187325,1.7602901475885662,0.9997050403153502,6,44148,0.13235241213080548,811,81539.32187950611,141.1814079907664,2431.3175282704365,2.9043894249911237,candidate_exploratory_not_formal_manifest,False,False
IMG-0245,45039520424d591ec31d7585ce93de107ceda7b90510a242da741f900c681a3b,清代姑苏版画（候选，待确认）,gusu_qing_candidate,清代姑苏版画（候选）,1,4000,3000,722,542,1.5408891927834358,0.9887845362321429,0.09182839310004098,0.08881408012278956,0.09986327422587173,0.12740151200446037,0.17120991030927066,0.13019078769516326,0.10410796676160794,0.09271504279392881,0.09386903298686693,0.5555453041585059,1.5602727039824142,0.9996327159814656,5,34149,0.08726528401018083,712,63056.06382417679,100.79955505095478,1819.4641780212817,2.433415051244508,candidate_exploratory_not_formal_manifest,False,False
IMG-0220,45644fa7137ec7004a5fa8b9befd4871a8d54dc0dc9da2dcd7e4b7980b55c48a,清代姑苏版画（候选，待确认）,gusu_qing_candidate,清代姑苏版画（候选）,1,3150,2602,722,596,1.4158256645733918,0.9942424821985107,0.11018325402633998,0.10280389370699551,0.10655378766060844,0.1207745443237997,0.15731396273037687,0.1113061628356928,0.094352564199345,0.09155235671674539,0.10515947380009644,0.45949307512054116,1.6468654982935933,0.9996327496145575,6,41845,0.09724339548978415,611,78475.8921738863,119.63122039692327,1419.899979549722,2.8161240644619885,candidate_exploratory_not_formal_manifest,False,False
IMG-0427,456a80c2ad5085d90fb7ae7763c6b7b2c31c25616ec9171185ea41c7b78e1b81,清代姑苏版画（候选，待确认）,gusu_qing_candidate,清代姑苏版画（候选）,1,2447,4000,442,722,1.4298784440169148,0.9854232276981074,0.1529482417630026,0.13332855486042686,0.10647261594477862,0.0888535821403249,0.10562207639263939,0.08275361174452421,0.07695252199716866,0.0941934124885886,0.1588753826685461,0.4940104688408141,1.6410555119313246,0.9991348164559776,6,22522,0.07057444755016859,338,41340.294890880585,73.18024123389506,1059.1494215414698,2.6544504550788943,candidate_exploratory_not_formal_manifest,False,False
IMG-0298,45dd2beb79d8f102b08537ae275d718523abc6f8aa2ba71e9b9ff7eb6940ae13,清代姑苏版画（候选，待确认）,gusu_qing_candidate,清代姑苏版画（候选）,1,4000,2124,722,384,1.7629113062645723,0.9611851699675447,0.1657517037334409,0.07017141360350997,0.06161307932141445,0.08829613587101202,0.16517326419633835,0.09254029229111703,0.07447917430809853,0.08609590264567167,0.1958790340293969,0.5307142442081156,1.653040258767358,0.9981659551083355,4,37051,0.13363847530009235,452,70885.9506623745,134.6250746601462,1630.3093259464451,2.138800182557715,candidate_exploratory_not_formal_manifest,False,False
IMG-0188,4632483c9d25a3aef26d3563c0972ef97b066506cebd2a6d2d55f4643f2e2bdb,清代姑苏版画（候选，待确认）,gusu_qing_candidate,清代姑苏版画（候选）,1,2506,3994,454,722,1.8169809052275279,0.9697025097872135,0.14777725760456398,0.09677653331116413,0.084687685874343,0.11947934743901864,0.2018867672475031,0.09501640092514115,0.06346256931595022,0.06342573298213994,0.12748770530017595,0.5764079644486328,1.7281954493621305,0.9994392251276876,5,47052,0.14354399794989445,734,89106.6746660471,155.63730840792132,2239.2521995924194,2.913998815764771,candidate_exploratory_not_formal_manifest,False,False
IMG-0155,46d3312be6940296fc4a03a6f67f63073a1392f31a7c992e6d09cf1a95213e21,清代姑苏版画（候选，待确认）,gusu_qing_candidate,清代姑苏版画（候选）,1,3769,2503,722,480,1.5086194816708889,0.9906515215081688,0.10672486448892429,0.09102606344604756,0.10012641519123684,0.1242897928462834,0.16762438685232098,0.12327219712493961,0.09554102790832493,0.08719120512295343,0.10420404701896893,0.6043656761936513,1.8445926842905942,0.9994188799839779,3,86896,0.25073868882733147,1633,161116.07818186283,273.68416123009075,4712.026777469991,4.486041796785343,candidate_exploratory_not_formal_manifest,False,False
IMG-0239,474f610ff6db792f76f2a7637dd573ff1093b33852effe57add91dddbcf3141a,清代姑苏版画（候选，待确认）,gusu_qing_candidate,清代姑苏版画（候选）,1,4000,3000,722,542,1.5300959403759413,0.9863143880673529,0.09714967523615274,0.08670435726483547,0.09001746882210052,0.10765348272561702,0.17001066004177126,0.15554412979487436,0.09921105554567095,0.09270206212901197,0.10100710843996584,0.40670838438703594,1.5551960293887261,0.9997607668099635,5,30455,0.07782553587308726,356,56970.63762426376,91.07157306087909,909.7320890106408,2.966373995356711,candidate_exploratory_not_formal_manifest,False,False
IMG-0297,47577c34624d937361c1ab312ce3f5a6bb172880be01e58642b37f7f283881b2,清代姑苏版画（候选，待确认）,gusu_qing_candidate,清代姑苏版画（候选）,1,3121,4000,563,722,1.2360865562362486,0.9950620351966653,0.12755591585631953,0.10380894231492399,0.09359270432760357,0.09151324231384109,0.09864924600863736,0.10185544272650406,0.11207121650593073,0.13734295069291652,0.13361033925332313,0.4081754403655292,1.577937157782796,0.9994497424153681,6,26853,0.06606131576487259,271,48835.97868216038,76.59794163298434,666.6896276870544,2.618467684075849,candidate_exploratory_not_formal_manifest,False,False
IMG-0131,47ceb36067224e48004cefa27741e96bd6f4f38bc6070b7f5e58c3475078ed0a,清代姑苏版画（候选，待确认）,gusu_qing_candidate,清代姑苏版画（候选）,1,2501,4000,452,722,1.881750264199595,0.9553765897222276,0.1974632377734368,0.07419073691205683,0.06166324542184059,0.07293661804571233,0.11825825530316328,0.0805089920611142,0.08311745512404223,0.10277809666978985,0.20908336268884387,0.49608749518096174,1.6297479473098981,0.9997319723429771,5,35080,0.10749393278258525,369,66816.97888839245,116.96314004851995,1130.7087000220624,2.7445449812499043,candidate_exploratory_not_formal_manifest,False,False
IMG-0253,489ee65e1000573217e3a9f83ab52f9f729c1237bf25da7be61b49ec801554b7,清代姑苏版画（候选，待确认）,gusu_qing_candidate,清代姑苏版画（候选）,1,897,579,722,466,1.2853776860716584,0.992262015598483,0.14281974289685093,0.11225922211924423,0.11631104030233258,0.12241093244113338,0.12247795230313346,0.09303533482058939,0.07954891337182485,0.08316103300413664,0.1279758287407545,0.5790758968691319,1.798804603890561,0.9993594105491274,3,75549,0.2245461462556323,1289,139696.86108648777,240.83804364742244,3831.155707203405,2.7121539404899924,candidate_exploratory_not_formal_manifest,False,False
IMG-0260,48d028cd606de4f517895a3836699cecea084bf8c8125c05c588c8a01df8366e,清代姑苏版画（候选，待确认）,gusu_qing_candidate,清代姑苏版画（候选）,1,1429,1280,722,646,1.692103513290288,0.985857777804268,0.11306146811917162,0.0913443514935435,0.09786028739330555,0.11747752360424041,0.18801150147669865,0.10208616340972514,0.08555379112828058,0.08836975692964412,0.11623515644539029,0.5221364657854927,1.7379709426548562,0.9990335212081574,4,78206,0.1676757887875955,1156,145870.22949397564,213.59043903640554,2478.4954074938037,2.8694269321203087,candidate_exploratory_not_formal_manifest,False,False
IMG-0117,48db2021dc63c84f6fdd2038220fa82adb1f703a61aee900a2d397647097cf78,清代姑苏版画（候选，待确认）,gusu_qing_candidate,清代姑苏版画（候选）,1,2448,3264,542,722,1.5353521932696117,0.9759917167111816,0.15430856517229347,0.07331152249623107,0.06718104655615433,0.08672258624273213,0.17059468814106796,0.10489651052465652,0.09113924044357906,0.09578073810004085,0.15606510232324464,0.44258300749683155,1.7347862785389896,0.9979990887279616,6,44394,0.11344563584139997,534,83920.22266316414,134.152381090756,1364.598133515961,3.327220158777635,candidate_exploratory_not_formal_manifest,False,False
IMG-0189,48de989ffda553de1c0f92737b3210f18114bc293ce1cf050bf0130f3fb0c04c,清代姑苏版画（候选，待确认）,gusu_qing_candidate,清代姑苏版画（候选）,1,1765,3886,329,722,1.3152480892059994,0.9946635691388525,0.13207107036432916,0.09716180447993832,0.09183839068065304,0.09614171634280891,0.10277355836696926,0.10189978682198654,0.11154638300652359,0.12042861335834677,0.14613867657844437,0.40474348828136786,1.529906920736598,0.999403797854897,5,17680,0.07443019643172882,277,32429.682837486267,66.5389822068279,1166.1292088002763,2.159149300481127,candidate_exploratory_not_formal_manifest,False,False
IMG-0270,4991d4b46297ce4a3972a652ae4adb9fe402f6d44cf307bb0b97d5b34ea29ab8,清代姑苏版画（候选，待确认）,gusu_qing_candidate,清代姑苏版画（候选）,1,1638,1046,722,460,1.8934893302340658,0.9734872853114309,0.10740911919342425,0.08451842238615066,0.09500913995103273,0.13539890518264217,0.21038770335934065,0.12182483721209127,0.07639021999282314,0.0702131943317786,0.0988484583907166,0.5678250767159523,1.7614914158969206,0.9991503674658336,3,68326,0.20572684571841504,1172,127573.05457007885,221.36626609201357,3528.844995784656,2.6568129865028265,candidate_exploratory_not_formal_manifest,False,False
IMG-0097,4a4c81ef17d4ef8f6665bab13df6bf09cfbfdaa2a2a0461596be4b8b3b941ed7,清代姑苏版画（候选，待确认）,gusu_qing_candidate,清代姑苏版画（候选）,1,2115,3400,450,722,1.3573644785552905,0.9923651618263108,0.12733132477385725,0.08731576865400723,0.08882875179558117,0.12021286994044064,0.12825057179736435,0.10283709088445518,0.09127773287381004,0.10312761388545191,0.1508182753950323,0.526950122224911,1.5903755362841014,0.9996956260124809,5,28674,0.08825484764542936,355,53872.55072939396,94.51324689367361,1092.6438904278239,2.560593703297694,candidate_exploratory_not_formal_manifest,False,False
IMG-0176,4af2b7b3c0e9b14a0fe18cfab288e7fdf9c905b3a3753547e0b3223189be4ec8,清代姑苏版画（候选，待确认）,gusu_qing_candidate,清代姑苏版画（候选）,1,3719,2127,722,413,2.3186597606605304,0.952991074397759,0.07939567868636184,0.06975625922822376,0.07973247567402951,0.12893582374485638,0.2576288622956145,0.1320642149965556,0.09008488030310242,0.07878892699681059,0.08361287807444541,0.5569865083184916,1.8071314601270991,0.9991037875572951,3,67306,0.2257181759036306,1251,125913.59576201439,230.58391137294487,4195.367991790359,2.5430332669324405,candidate_exploratory_not_formal_manifest,False,False
IMG-0182,4b86a2d6310d63ef1695135725a48449caaa3331df0b23f5bd6109dc80c7f90f,清代姑苏版画（候选，待确认）,gusu_qing_candidate,清代姑苏版画（候选）,1,2209,4000,398,722,1.7133078194403772,0.9626859749657357,0.18889914829154908,0.08314900218864557,0.07869534420825525,0.09267656032901311,0.14231198155603306,0.08342374118656447,0.0647963248528438,0.07568036189372034,0.19036753549337526,0.5525532305171117,1.6336083383877953,0.9976537150761003,4,37275,0.12971714528320272,492,70997.3791564703,132.44396760229571,1712.1619176213478,2.1437872717234447,candidate_exploratory_not_formal_manifest,False,False
IMG-0146,4b8cedcf18b8750ca0380fcb2223d64f273e19df2bfd8e9fd9ee22a3c8f7b6a5,清代姑苏版画（候选，待确认）,gusu_qing_candidate,清代姑苏版画（候选）,1,2578,4000,465,722,1.3896643290098913,0.9941147415618897,0.11292780094362032,0.09658061992555907,0.10404882869364024,0.12556947660978143,0.1544071476677657,0.11120146468314093,0.09339097501743183,0.0918425135450853,0.11003117291397521,0.6046572699105939,1.6767379048634805,0.9986249558711805,5,38322,0.11414529532660174,519,71439.30922293663,123.29406494463335,1545.8850862300064,2.7373425658125243,candidate_exploratory_not_formal_manifest,False,False
IMG-0420,4b97c5973305499a9a27db3da98fa465a1b027a5dc8e928efd480788d06bac23,清代姑苏版画（候选，待确认）,gusu_qing_candidate,清代姑苏版画（候选）,1,2652,4000,479,722,1.1195024885171265,0.9991372417717556,0.11000652949241704,0.1016515830381303,0.10451448854861008,0.11064232679093429,0.12438916539079184,0.11793097330004926,0.10711090505619249,0.10682830400965475,0.11692572437321995,0.5109885870975465,1.7149903532166473,0.99996543828667,6,42193,0.1220022091268166,868,77481.63592290878,131.75358046770415,2509.8456502755625,3.209480328976269,candidate_exploratory_not_formal_manifest,False,False
IMG-0433,4bb698a73d15dc392612581c4324b4cca0c2094ce7f509991736a85aa4341cd6,清代姑苏版画（候选，待确认）,gusu_qing_candidate,清代姑苏版画（候选）,1,2184,4000,393,722,1.5637379229153463,0.9869333240684495,0.13004069648738237,0.08525934709365221,0.08236083157320581,0.09999930967226626,0.17374865810170514,0.09936196887118844,0.10078164434685953,0.09582375398957575,0.1326237898641646,0.5510481318366747,1.864953870298483,0.99940565930003,4,66878,0.23569671466734332,1301,122274.43617546558,229.54656324949397,4585.086662014619,3.0563224344702906,candidate_exploratory_not_formal_manifest,False,False
IMG-0334,4d044e3e68d48601caf3ffd1be45fb43fbfcf34db0217f8b195db3d5c91a13fe,清代姑苏版画（候选，待确认）,gusu_qing_candidate,清代姑苏版画（候选）,1,810,1162,503,722,1.6895850614883445,0.9830415936702099,0.09808642466313583,0.0749654847013065,0.08266509331741177,0.12117990076094197,0.18773167349870495,0.12752405533518485,0.09669745490512946,0.09470665271408535,0.11644326010409933,0.48440447612251647,1.6520457682683292,0.9988520116929032,4,44122,0.12149265074373702,709,82122.2804555893,136.27255839577498,1952.2752680592346,2.29572236246668,candidate_exploratory_not_formal_manifest,False,False
IMG-0394,4d65861aeacd03ecc19366b73ab9c34cc46fcc815c5e8e09c734e9c2ccfdac3c,清代姑苏版画（候选，待确认）,gusu_qing_candidate,清代姑苏版画（候选）,1,2656,4000,480,722,1.3654796595105625,0.9873991952907911,0.14959200134121858,0.09675156082139852,0.08377329175057893,0.09834774277628278,0.15171996216784028,0.0964903994949681,0.08443511458849945,0.09632125477177068,0.14256867228744274,0.4825828170113202,1.7159654649969611,0.998758911489968,6,34988,0.10095798707294552,428,66075.75746238232,112.24136326309086,1234.9953831948292,2.085403548331634,candidate_exploratory_not_formal_manifest,False,False
IMG-0386,4dbb590edaf5a8023ff2070ec15a0413a65696a95582b16f27aae0ed4b931a25,清代姑苏版画（候选，待确认）,gusu_qing_candidate,清代姑苏版画（候选）,1,1966,4000,355,722,1.824619590598666,0.9808852471150239,0.10912003537071108,0.08399053173637555,0.08443517683709845,0.11409157675712772,0.20273551006651844,0.11669776874623226,0.09010474257220594,0.08947619833264048,0.10934845958109006,0.41854355446237845,1.6686155977736095,0.9989265022703633,5,30253,0.11803285084468026,454,56489.86861360073,111.58036797810756,1771.2925753969803,2.755394029785315,candidate_exploratory_not_formal_manifest,False,False
IMG-0027,4e7a27ba38da0a33eaf6387ba4d7aaceeb87bfcf96f8fc99fa2ffb09f23f7deb,清代姑苏版画（候选，待确认）,gusu_qing_candidate,清代姑苏版画（候选）,1,1000,996,722,719,1.57630397342162,0.9867840778935253,0.12331830333730788,0.09192086175030639,0.0934325549842319,0.1262929580546283,0.17514488593573554,0.1162592058258885,0.08416394921983576,0.08016935440044251,0.10929792649162316,0.5036337811270476,1.7524720288713957,0.9989278575596486,5,79344,0.15284386208915893,1264,148862.6891784668,206.61070337822207,2434.8991944028144,3.1856658863734215,candidate_exploratory_not_formal_manifest,False,False
IMG-0143,4ee666c715a7a5b72d54afc07919ac0b94e485714c4866d458a18e7a361ad95b,清代姑苏版画（候选，待确认）,gusu_qing_candidate,清代姑苏版画（候选）,1,2600,4000,469,722,1.3629645670347297,0.9880425506215587,0.1443294688434003,0.09334795468569453,0.08963162828540538,0.1016224349384103,0.15144050744830329,0.09986273621438638,0.08659765902863205,0.08766973486884835,0.1454978756869194,0.5287765106022903,1.5666962717980235,0.9966914309989481,5,28430,0.08395891535594682,376,53455.33510327339,91.862029553949,1110.3957852211047,2.3385049410248957,candidate_exploratory_not_formal_manifest,False,False
IMG-0295,4ff4bc142e032ed0396c48a1c9ad841a4bc22709b3e91556b6d6b15841d81ae3,清代姑苏版画（候选，待确认）,gusu_qing_candidate,清代姑苏版画（候选）,1,4000,2124,722,384,1.9224255409168967,0.964172055746307,0.13782904002515012,0.06700573367448677,0.06332887753195648,0.09847750512215707,0.21360283787965517,0.12661495028936298,0.07708241988388022,0.07789901269387177,0.13815962289947947,0.513292048010109,1.629164018720323,0.9981782929339169,4,35356,0.12752481532779317,466,67750.55962252617,128.67040735464894,1680.8056325023085,2.2930897176072187,candidate_exploratory_not_formal_manifest,False,False
IMG-0012,4ffa56d08bb9c5d5ae11f25269fa07bb7f49d7d155d0f66ba27012953aae4ce8,清代姑苏版画（候选，待确认）,gusu_qing_candidate,清代姑苏版画（候选）,1,1000,738,722,533,1.1980824846066946,0.9971181718158161,0.1331202760674105,0.11741313181658987,0.10713876673989632,0.11098547267104711,0.11262148163357835,0.09414365071840546,0.09386819930001693,0.10417240074474483,0.12653662030831064,0.39495542255522953,1.5209552818101804,0.9994843886551044,6,18985,0.04933398470997282,284,34477.62045669556,55.57827728434021,737.9958734596935,2.7329782611652496,candidate_exploratory_not_formal_manifest,False,False
IMG-0457,501c5a03847a14318cc545a7bee713d72326859a0b507596f39d94d03480f45d,清代姑苏版画（候选，待确认）,gusu_qing_candidate,清代姑苏版画（候选）,1,2384,4000,430,722,1.6670558773094943,0.9676840781006758,0.18522843081216603,0.09267688578996836,0.07493977506268491,0.0951363306947196,0.14944130272187642,0.08693314953516812,0.06412623787972695,0.07802428313689837,0.1734936043667914,0.5967930968453485,1.7285349113291395,0.9985132442814887,4,49990,0.16101913289956837,836,95133.44421803951,170.73808013429735,2692.778457772338,2.2755106395396485,candidate_exploratory_not_formal_manifest,False,False
IMG-0150,507d1c56c552d1a5350426325f29c8fdfec3fb18223a7d6de374a7818b8a3b0a,清代姑苏版画（候选，待确认）,gusu_qing_candidate,清代姑苏版画（候选）,1,3724,2557,722,495,1.4672128205581214,0.9857162563401322,0.14600004020562493,0.09788852923595852,0.09244267450439245,0.10635577314447281,0.16302364672868017,0.10173913746595933,0.07760561590739178,0.08009600623488536,0.13484857657263466,0.5185983941860138,1.6527853327339173,0.999669105366379,4,51442,0.143937994907524,834,96837.63174700737,161.98431421388216,2333.5851590699235,2.8372009897686694,candidate_exploratory_not_formal_manifest,False,False
IMG-0031,52b399a2d6ea675549bc7ab0ce27a760f4b638a5b30ff12d5413783899cbdb48,清代姑苏版画（候选，待确认）,gusu_qing_candidate,清代姑苏版画（候选）,1,1000,715,722,517,1.0846429329336487,0.9993270640416192,0.11386792112029806,0.10078313499372014,0.10316869468210312,0.1103044215590201,0.11660707691665542,0.10876497183400984,0.11003324210040843,0.11595465535671282,0.12051588143707208,0.39585375703801096,1.723339187984373,0.9995746154544463,6,41101,0.11010946382550084,609,75531.80540788174,123.62775854556257,1631.5092934412792,2.9836615116348106,candidate_exploratory_not_formal_manifest,False,False
IMG-0242,53169a27132099d9ed3741ba5636a73bc8da770921ecede11944aab14ab795d2,清代姑苏版画（候选，待确认）,gusu_qing_candidate,清代姑苏版画（候选）,1,4000,3000,722,542,1.3573261777956527,0.9928568827387618,0.15081401975507253,0.11713941584300402,0.09383953697657538,0.1080253822156095,0.11144327570601822,0.09568034583410179,0.08402727615090061,0.10279524829343045,0.13623549922528758,0.4827806084513485,1.5129760898346645,0.9982831846717486,6,22919,0.05856783637088449,299,43059.252384305,68.83324486075107,764.0727376802854,2.3655650345019623,candidate_exploratory_not_formal_manifest,False,False
IMG-0368,537c908c7387680773c0d98f4cbb07b6863e2c2dfac95e205d297c0d43ddb9b8,清代姑苏版画（候选，待确认）,gusu_qing_candidate,清代姑苏版画（候选）,1,880,1474,431,722,1.7523555946565657,0.980095580268128,0.09621870388211007,0.09076854478484511,0.09927661968976303,0.14443027832355698,0.19470617718406286,0.1171551318545012,0.08613326788334773,0.08045144812136226,0.09085982827645088,0.4348655622846833,1.6439021339746225,0.9976222421345151,5,32936,0.10584159752170755,573,60813.08787429333,109.01589435629309,1841.3661458567653,2.074918419934328,candidate_exploratory_not_formal_manifest,False,False
IMG-0399,53cdb2c1910b44698ac8459deb1ac41e7787047a519bcb5ad93f375c8f0067e4,清代姑苏版画（候选，待确认）,gusu_qing_candidate,清代姑苏版画（候选）,1,4000,2948,722,532,1.8490793920083965,0.9695512062945684,0.15018654795017145,0.08833467123703619,0.0777423694379856,0.10110885094488958,0.20545326577871073,0.08964876908716779,0.06964768819806419,0.07785297994356608,0.1400248574224083,0.5572642629270285,1.7616364338900694,0.9995650062778225,3,81884,0.21318184658321704,1474,154040.68069779873,248.5484242549022,3837.5023431154063,2.7444181729400787,candidate_exploratory_not_formal_manifest,False,False
IMG-0302,541cf3aa90576ed4eecb56d13b2e734a2112a633b47dbb081beac888031323aa,清代姑苏版画（候选，待确认）,gusu_qing_candidate,清代姑苏版画（候选）,1,3898,4000,704,722,1.3849306154820493,0.9948845956870774,0.10517556479890644,0.09575660787672238,0.10709537667141034,0.12403542751915633,0.15388117949800548,0.11199518954329575,0.10175817342441024,0.09468320408002175,0.10561927658807148,0.45727318822071317,1.67576596570855,0.9999567118466881,6,51772,0.10185564089649962,714,96028.56983017921,134.69315709473005,1404.715436917653,4.884174656396313,candidate_exploratory_not_formal_manifest,False,False
IMG-0254,5448e0bbcc4f7a54c018d6511fa2020973d15634741b2263a531d2f93360cf71,清代姑苏版画（候选，待确认）,gusu_qing_candidate,清代姑苏版画（候选）,1,928,593,722,461,1.1800540189973705,0.9982398693149479,0.13111711322193007,0.11721112890195115,0.11211978041480322,0.10990887585450869,0.10818681908308504,0.10081966423663509,0.09886947578036091,0.10172005665380415,0.12004708585292166,0.580374355414326,1.8683400870026707,0.999604025804834,4,79045,0.23748505296807496,1525,144350.01567220688,250.20603106472745,4581.753504665877,3.6736038748514654,candidate_exploratory_not_formal_manifest,False,False
IMG-0062,5493710e166ca0ac78bcb602a08dfdc22f02dd38e9c70db7392e872884ac7688,清代姑苏版画（候选，待确认）,gusu_qing_candidate,清代姑苏版画（候选）,1,1000,954,722,689,1.1195486101155612,0.9991939813168196,0.10274791372014555,0.10452819322432039,0.11051247005023587,0.1181493822591598,0.12439429001284014,0.11589136260018747,0.10862596010764937,0.10910887071348396,0.1060415573119775,0.4699655593840699,1.72367135394063,0.9998638667070395,6,61462,0.12355213907505759,1066,112621.04768753052,159.67662824931693,2142.8944755135108,2.682092577350426,candidate_exploratory_not_formal_manifest,False,False
IMG-0170,54c785b14d14c0c78af81f506a2478d51be787679ff5562274c0c0abd467a3d3,清代姑苏版画（候选，待确认）,gusu_qing_candidate,清代姑苏版画（候选）,1,4000,2912,722,525,2.081436036687648,0.9658626554919928,0.10412926514067453,0.07147536756577279,0.07548992814762495,0.12138121408726263,0.23127067074307203,0.12678229420741413,0.08571507938220055,0.07630079461827713,0.10745538610770128,0.582667843522128,1.760611165629047,0.9994680444774557,5,51793,0.13663896583564172,815,97686.72410666943,158.6672502787551,2150.1121224112912,2.503091031209504,candidate_exploratory_not_formal_manifest,False,False
IMG-0066,54cddfef601e1c4de09619bda05ddecc13cc75b4c138d19b04b6b2800b8894bc,清代姑苏版画（候选，待确认）,gusu_qing_candidate,清代姑苏版画（候选）,1,612,1000,442,722,1.6208729308017276,0.9790370989297997,0.1393588802096804,0.07981783466570253,0.08137717036162384,0.10901356079725164,0.18009699231130305,0.1018910833683696,0.07194391458829999,0.09022707829997345,0.14627348539779547,0.5799951101077689,1.7872349936773808,0.999431784104529,5,51097,0.16011644376480616,798,95531.36526250839,169.1088168037205,2500.5953798523456,3.860477882112409,candidate_exploratory_not_formal_manifest,False,False
IMG-0269,550d5e0226b227f221a9e328ba951211c7b2dc3fc1800ccb56a88ffa3f0c317c,清代姑苏版画（候选，待确认）,gusu_qing_candidate,清代姑苏版画（候选）,1,1359,1308,722,695,1.512628203605159,0.9920806012219273,0.10521197021010148,0.08953227916296808,0.09578379986432864,0.11090401710467784,0.16806980040057323,0.11885207863811599,0.10376859629762561,0.0983204855002457,0.1095569728213634,0.5383964303440105,1.6966110934033138,0.9999570492491415,5,65588,0.13070806512684588,1114,121613.62808656693,171.68060846995365,2220.0522130771838,2.8140888831093807,candidate_exploratory_not_formal_manifest,False,False
IMG-0453,559973c09aa44999019a5928516b6bf8f71d692539e83b3d3a5027f1e8ede06b,清代姑苏版画（候选，待确认）,gusu_qing_candidate,清代姑苏版画（候选）,1,3297,4000,595,722,1.3140699666826248,0.9903939836351002,0.14242443702243063,0.0929018408935921,0.07428456472436902,0.08624528757701726,0.11938432571067334,0.10756519347693763,0.11390527900365159,0.11728129751548112,0.1460077740758472,0.46757659956679554,1.565865921090726,0.9981501986027372,6,22773,0.05301101049838218,258,42115.664509892464,64.256427447609,600.5726390279103,2.152759931452393,candidate_exploratory_not_formal_manifest,False,False
IMG-0194,562a70f473cc4d95cc00dba44995d1d2b5293f3b38c567bb51035bd06b0992fe,清代姑苏版画（候选，待确认）,gusu_qing_candidate,清代姑苏版画（候选）,1,3778,2396,722,457,1.616971060258219,0.9888365100256621,0.1086208427626677,0.08918690256897308,0.0904666112055601,0.11357525840331281,0.17966345113980212,0.11363739618752813,0.09680804800886961,0.09454946206584999,0.11349202765743635,0.5920126792488187,1.898183337604361,0.9995059211145526,5,72966,0.22113991647320536,1353,134179.5068306923,233.5928215429868,4100.57159482837,2.5982178977950072,candidate_exploratory_not_formal_manifest,False,False
IMG-0090,5632e52bf62473f3f110942966419d2db1e5bcbd3fe8ae54763f93a1264c81e0,清代姑苏版画（候选，待确认）,gusu_qing_candidate,清代姑苏版画（候选）,1,2046,3400,434,722,1.6581389125036674,0.9766846626224879,0.1140702908770495,0.12245654866960808,0.13029773433540148,0.12853974848554486,0.18423765694485195,0.09184305234377528,0.061490561739884736,0.06278468643806005,0.10427972016582404,0.5361908199746026,1.7989162583861253,0.9993395994546552,4,64684,0.20642863525537103,1219,122090.64729058743,218.10666277194653,3890.2434354136612,2.7609893807779184,candidate_exploratory_not_formal_manifest,False,False
IMG-0087,57a1ea2eb7f6068540e761ea186c0b5fed00b246085bf37e3c16832d46cbd902,清代姑苏版画（候选，待确认）,gusu_qing_candidate,清代姑苏版画（候选）,1,3400,2918,722,619,1.9056414083263995,0.9665046260058994,0.07328646087742204,0.0783888868238454,0.0975894035540716,0.1478391714929472,0.21173793425848883,0.14484269790500567,0.0948151350980362,0.07714742891147451,0.07435288107870847,0.5895978928373589,1.616550714042899,0.9996758289175718,6,30837,0.06899923475894906,417,58093.40003597736,86.8986184487525,933.0570708720616,2.48817300751354,candidate_exploratory_not_formal_manifest,False,False
IMG-0178,582ac1e876d959a0671c1d9269e4931c7065094f4ee55128cba5020b509727d7,清代姑苏版画（候选，待确认）,gusu_qing_candidate,清代姑苏版画（候选）,1,2137,3842,401,722,2.0004197934405226,0.9627262282783269,0.13358184484955565,0.07423039695909069,0.0842210635359489,0.1250464975236081,0.22226886593783585,0.10942087636080718,0.06678661373357227,0.059688029440817164,0.12475581165876429,0.5730145844244303,1.6118908620723467,0.9989261137158,3,43882,0.15156706571521336,634,83022.38676071167,154.29591541684056,2189.8163179309345,2.4761752696503305,candidate_exploratory_not_formal_manifest,False,False
IMG-0183,58abd9299e052baf05dd873b7e6afaa3b32a7d4ffa145ae2151114c967b391d4,清代姑苏版画（候选，待确认）,gusu_qing_candidate,清代姑苏版画（候选）,1,2148,3813,407,722,1.4528752345344242,0.9789409786831048,0.16047391232542477,0.08467079227753567,0.09141638965943498,0.11340160590101347,0.1463414319792023,0.09703701355255212,0.06959078468845521,0.07563748800144544,0.16143058161493604,0.525802902436991,1.6830056625948213,0.9986759686460723,4,43207,0.14703560271427307,604,81587.26220536232,150.50695054940743,2055.442498655795,2.350400320294907,candidate_exploratory_not_formal_manifest,False,False
IMG-0141,58afc683ecf95aef591055e6797579f117ad28254d849b7f072e7d4e6010c71e,清代姑苏版画（候选，待确认）,gusu_qing_candidate,清代姑苏版画（候选）,1,2308,4000,417,722,1.3184831203044483,0.9907156031155175,0.14231580998758925,0.09376764778280894,0.09213958953510315,0.11223826829633557,0.14649812447827204,0.10330129003198615,0.08665843967229958,0.08822567670287368,0.13485515351273167,0.46622730019802605,1.6087026994504805,0.9989315400410842,5,29350,0.09748433939828746,346,54788.27238738537,99.85066922651085,1149.219128852043,2.31830095545575,candidate_exploratory_not_formal_manifest,False,False
IMG-0080,59211be5360ee5e37ba7f60f67f18596142189eabde14aa22e10eba0ea1f66e3,清代姑苏版画（候选，待确认）,gusu_qing_candidate,清代姑苏版画（候选）,1,1000,997,722,720,1.4339782017061247,0.984045509328286,0.1272494001152156,0.08698195888441806,0.12980574331627767,0.13925474359835327,0.15933091130068053,0.09275184901856291,0.07188600000568596,0.07340573738157243,0.11933365637923359,0.5011350477836592,1.7805384266662865,0.9998613413553344,5,87055,0.1674649892274546,1248,160831.41264081,223.06736107340166,2400.7386888273318,3.1975071993208637,candidate_exploratory_not_formal_manifest,False,False
IMG-0123,592ca77fba6df1df61380a834afb958479f1dac3714a62e9c738bf84e24e8670,清代姑苏版画（候选，待确认）,gusu_qing_candidate,清代姑苏版画（候选）,1,2448,3264,542,722,1.4994612761005863,0.9844491468559106,0.1650996415725952,0.09610255100965599,0.08981590037446827,0.09208526483861518,0.11439942660853519,0.08962594965488699,0.08670254842350791,0.09956190906211462,0.1666068084556207,0.4678282981344084,1.7800037711026193,0.9999679681181846,6,54970,0.14047183408122169,928,102269.54982709885,163.485071738342,2371.4364567468388,3.709195498829919,candidate_exploratory_not_formal_manifest,False,False
IMG-0028,593516cd909539c1e1e02ca0089b5fe207bdd7532bfbe874ca1949ec574c583c,清代姑苏版画（候选，待确认）,gusu_qing_candidate,清代姑苏版画（候选）,1,979,1000,706,722,1.3489106335897096,0.9942758885588326,0.09627382077393438,0.09022435965001285,0.10400824304445329,0.13214179727712785,0.14987895928774553,0.1186368648416415,0.10568614348683761,0.10033457615498718,0.10281523548325983,0.5089260408886151,1.7577688890077456,0.9993071769814312,5,83638,0.1640823020724616,1292,153737.17242324352,215.33168549852888,2534.6652750857315,2.758794538093629,candidate_exploratory_not_formal_manifest,False,False
IMG-0359,599de3e0be9a9a92772d1a42b1d21b1ec2de29ad853b81799a1b77144a572717,清代姑苏版画（候选，待确认）,gusu_qing_candidate,清代姑苏版画（候选）,1,972,1200,584,722,1.2552012954339815,0.9950711787145576,0.12627569289796062,0.09039268075099788,0.10049895840839716,0.11807583072046558,0.13946681060377572,0.10602701882176403,0.096807268455332,0.0942186848473087,0.12823705449399844,0.4474851443674194,1.6532852138170488,0.9999014568241528,5,48419,0.114832751489394,739,89671.98391485214,138.09620879930608,1752.6467574849162,2.8762652567806453,candidate_exploratory_not_formal_manifest,False,False
IMG-0074,5bbf6f407ee0a494bcfe6bad98e7b797477384229fdce6deaabcc94f4a20de0b,清代姑苏版画（候选，待确认）,gusu_qing_candidate,清代姑苏版画（候选）,1,759,1000,549,722,1.7075993709687354,0.9758951862969615,0.1380468419164047,0.07195287152263094,0.07466996025924114,0.10900713415267099,0.1897332634409706,0.11903002715605698,0.08587368272320547,0.07568257912357425,0.136003639705245,0.6106873182661998,1.5926895060770423,0.9996109695673874,6,19326,0.048756490017104887,315,36823.73632514477,58.48884982929774,794.6959720267017,2.8037419182775976,candidate_exploratory_not_formal_manifest,False,False
IMG-0417,5bec59946a6a8f529ed2e436736f3d92b3d98b1cadb59ce9f3709d217ad34144,清代姑苏版画（候选，待确认）,gusu_qing_candidate,清代姑苏版画（候选）,1,2672,4000,483,722,1.2780828723163813,0.9955980662853982,0.12514431591566835,0.09999251335287983,0.10197860691862526,0.11514836432682185,0.1420092080351535,0.10508179254211429,0.09155659268198577,0.09544121373278285,0.1236473924939683,0.5512451984263899,1.5004398328952833,0.9975140930175295,5,24146,0.0692406072389211,287,44808.9681135416,75.8792061579,822.9957043638846,2.0884956231627196,candidate_exploratory_not_formal_manifest,False,False
IMG-0360,5c0ae807df0341eb5cb0ea6aec7200dac1c436371c55e41637a406991311f5c1,清代姑苏版画（候选，待确认）,gusu_qing_candidate,清代姑苏版画（候选）,1,400,567,510,722,1.333798337775876,0.9922384249019249,0.14819981530843065,0.10675710560234324,0.0953581508523851,0.1047851745497181,0.1399643004165358,0.1044926823045156,0.08811558995634768,0.08675995027415549,0.12556723073556836,0.4241173655303959,1.6231216763549425,0.99962069916229,6,21937,0.059575797077833906,294,40654.95976173878,66.99769304181616,798.4357177774157,2.590658518927998,candidate_exploratory_not_formal_manifest,False,False
IMG-0307,5c28dff7c27b9fd667d51efb15e18450a46fda9f7ad236d690bd2f2a1d357f67,清代姑苏版画（候选，待确认）,gusu_qing_candidate,清代姑苏版画（候选）,1,1279,1910,484,722,1.367195045724175,0.9918079026395786,0.15191056063601946,0.10509254019959492,0.09765456791983533,0.10508454117693455,0.11178214214782377,0.0926149997913133,0.08810756785694904,0.10035918756172235,0.14739389270980727,0.41002312952360476,1.6376638794627583,0.9989772867358749,5,38437,0.10999347542409743,601,71105.42225587368,120.28499104368693,1719.8553146677045,2.801404842253922,candidate_exploratory_not_formal_manifest,False,False
IMG-0434,5c6d699f9973627d098b5b23b4400fa475adb8da25c64d20345a94c283703b31,清代姑苏版画（候选，待确认）,gusu_qing_candidate,清代姑苏版画（候选）,1,1923,4000,347,722,1.1794575658957944,0.9967000948857457,0.12468564425272945,0.09642872323954733,0.09590207192683275,0.11003668746529116,0.1307227962997379,0.10890233882910795,0.09854176581103892,0.10372913152062631,0.13105084065508826,0.5149283038789647,1.6817894029594782,0.9986412517606535,3,45725,0.1825101583018672,787,84252.31035709381,168.3249455676688,3141.2902041239913,2.6029238302075757,candidate_exploratory_not_formal_manifest,False,False
IMG-0363,5d15f3baf0e591530b9fad8b1c6fb69ac3a13cdca57e404fc385d446ce7680de,清代姑苏版画（候选，待确认）,gusu_qing_candidate,清代姑苏版画（候选）,1,1806,1080,722,431,1.5526066077818845,0.9858142961398615,0.13696812561956162,0.09320280420731451,0.0881900550255894,0.10669293323084665,0.17251184530909827,0.10131971739583322,0.08123522348910722,0.08699832068093558,0.13288097504171356,0.551119073985637,1.8018495421597462,0.9996409204810516,4,60938,0.19582752215745128,1132,113143.22042047977,202.82491476154362,3637.7425429491423,3.02212096202975,candidate_exploratory_not_formal_manifest,False,False
IMG-0435,5d2573b934eacb2e683f3e6c58d3b55826130f7f7030d824d205e9066c43388b,清代姑苏版画（候选，待确认）,gusu_qing_candidate,清代姑苏版画（候选）,1,2236,4000,403,722,1.3052836847789056,0.9960079649193746,0.11968880267162227,0.10957384501886033,0.10809205559184848,0.11165910502493862,0.1450315205309895,0.10990792487986548,0.09368592623678063,0.08967842909981122,0.11268239094528353,0.5315410895865491,1.8124618229080665,0.9986602787142028,4,58096,0.19966594035041896,1094,106323.52920532227,197.1098202473134,3759.889471622114,2.9062607258653146,candidate_exploratory_not_formal_manifest,False,False
IMG-0187,5eb198cb1d1bc40f30b51d5dc41e6a3e19fff7959aa0cb474cb797494beb213b,清代姑苏版画（候选，待确认）,gusu_qing_candidate,清代姑苏版画（候选）,1,2707,4000,488,722,1.4149752250839922,0.9892397038358033,0.13410340544920588,0.08768188873033124,0.08829219633981562,0.11415866907712036,0.1572194694537769,0.10884729843258718,0.08858719331523686,0.08658455025598881,0.13452532894593697,0.5815423765615109,1.790677885972941,0.9999179300677468,5,57854,0.16420121702011717,964,108000.60728442669,181.94816825731567,2736.0247036919304,2.9479302725817367,candidate_exploratory_not_formal_manifest,False,False
IMG-0281,5ed0bbbb2ea075960e31d87c2c23ea0056d92079ca22930cb033b9b800ae0db0,清代姑苏版画（候选，待确认）,gusu_qing_candidate,清代姑苏版画（候选）,1,1602,4000,290,722,1.8486631779895917,0.9697258762893457,0.14610029547983602,0.07637888451915413,0.07857498639806539,0.10527271309548844,0.2054070197766213,0.09552639447221889,0.07528075639837616,0.07553372721219657,0.14192522264804297,0.6083351415274606,1.7828578607738406,0.9993907667777501,4,46046,0.21991594230585537,1201,85989.63215947151,187.9223753981553,5735.982424300315,2.3631934969778565,candidate_exploratory_not_formal_manifest,False,False
IMG-0077,5edda4770a52dd8b105da532e7659f62fb2f0bd5ea77544467a6d1cefbf76a7e,清代姑苏版画（候选，待确认）,gusu_qing_candidate,清代姑苏版画（候选）,1,527,1000,381,722,1.8222699439764312,0.976475905477085,0.11443039102062673,0.09143440588587715,0.09810588029429144,0.14050607616636532,0.20247443821960345,0.10689330380606563,0.07559459132010096,0.07145331128310413,0.09910760200396518,0.5010424106668161,1.7376109469435246,0.9996657832248852,4,47676,0.17331559316858247,751,89823.35636937618,171.26088833893408,2730.0950262103665,3.1467862300953606,candidate_exploratory_not_formal_manifest,False,False
IMG-0228,5f0255ee641afa9adc2cd74ae7b1198fc9778e620ca5c88b9f75fbed071a79fe,清代姑苏版画（候选，待确认）,gusu_qing_candidate,清代姑苏版画（候选）,1,1804,3688,354,722,2.1595271520696824,0.9347318536610248,0.23994746134107584,0.08957850629189971,0.07366393849758036,0.07747328706017129,0.08170444275849786,0.07047806009246571,0.06634582638282083,0.07783741959682258,0.22297105797866573,0.4598936358601433,1.6291976241130133,0.9997438384023414,6,20396,0.07980030361362818,263,39016.361318707466,77.17498161139389,1028.9997965475688,2.3974422241871616,candidate_exploratory_not_formal_manifest,False,False
IMG-0075,60b7fb1781563d49e76b846ad3cfbc604812d7a3dd063af749d615bb0dbe3aae,清代姑苏版画（候选，待确认）,gusu_qing_candidate,清代姑苏版画（候选）,1,654,1000,472,722,1.2184406954147,0.9942573120746243,0.13538229949052222,0.09669299939445743,0.10264888683468401,0.11324294947273184,0.13393479700654676,0.10331033923931073,0.09023440993428554,0.09056919110939317,0.13398412751806843,0.4958172673812907,1.7443028832983989,0.999737565496514,4,59017,0.1731800788769426,807,109735.43759322166,187.97811995086434,2368.068923423635,3.944682058365459,candidate_exploratory_not_formal_manifest,False,False
IMG-0078,61c118e6383fdc4e4e315086ffa9f9c56e697a9c56273720417a8b8ac90c114d,清代姑苏版画（候选，待确认）,gusu_qing_candidate,清代姑苏版画（候选）,1,1000,688,722,496,1.4308852505563676,0.9943115164438329,0.11568557530541676,0.10245202592214625,0.09968434736594113,0.11175731409982421,0.15898725006181863,0.11002237785797066,0.09568384266372185,0.09499033375461984,0.11073693296854058,0.5690770344740467,1.8744073801842127,0.9993064645588853,4,83189,0.23229883388437136,1389,153135.5476359129,255.8978157632192,3878.674827986775,3.5456889522214126,candidate_exploratory_not_formal_manifest,False,False
IMG-0121,620c177fd54b1e459c59c606587234f874300e7d4259f9c0390fead1f6623d96,清代姑苏版画（候选，待确认）,gusu_qing_candidate,清代姑苏版画（候选）,1,2448,3264,542,722,1.3760433228439302,0.9874883340559338,0.15037113777876496,0.0944099601623161,0.08370500493839897,0.09662287509419919,0.13983672253884558,0.09993747967118281,0.08530011613253637,0.0969230011455415,0.15289370253821447,0.48547293623962673,1.7481631616301199,0.9997909357483148,5,60914,0.15566129345503982,1023,113982.5168838501,182.20907377784658,2614.202042297431,2.6389524756039946,candidate_exploratory_not_formal_manifest,False,False
IMG-0409,625d44cbce8d093190ef6e3e7138f265a94575e6fe1f40de2c21aba6e7e55d02,清代姑苏版画（候选，待确认）,gusu_qing_candidate,清代姑苏版画（候选）,1,2169,4000,392,722,1.5339406869124022,0.9903350910151283,0.10885144633737885,0.08739837117089817,0.08865870568204601,0.11274524371088934,0.17043785410137802,0.12405655788686808,0.10078678776673329,0.09511329495254728,0.1119517383912609,0.587698374709103,1.847724942010414,0.9998396821075624,5,66304,0.23426988523941433,1284,123383.38544595242,231.923656853294,4536.717734185087,2.9954387210747195,candidate_exploratory_not_formal_manifest,False,False
IMG-0052,6333dfe5e62dcccac57f89df574f2f0e57b1e2e17de3dfde0107489f7b42f283,清代姑苏版画（候选，待确认）,gusu_qing_candidate,清代姑苏版画（候选）,1,1000,890,722,642,1.2774949769639057,0.9935438695988635,0.11966666708925337,0.08879593543385624,0.08879351056866103,0.12608033138420568,0.14194388632932287,0.10792424035490036,0.09216726025163223,0.10182582874515607,0.132802339843012,0.48202667583538605,1.7947479031992117,0.9991390450998013,6,67728,0.14611541149972818,912,126806.67476904392,186.25416854201416,1967.5356615838662,2.7528437160800228,candidate_exploratory_not_formal_manifest,False,False
IMG-0115,63a27a6f7f5383687bd3529899d6d2a1f37a3f4358ef528ae1a8070a6cba14de,清代姑苏版画（候选，待确认）,gusu_qing_candidate,清代姑苏版画（候选）,1,1752,3400,372,722,1.6851916240903124,0.9779267987446588,0.08460092456901588,0.079914222952977,0.10539214289956353,0.1505882758556917,0.18724351378781248,0.13220326876069582,0.09988581157258386,0.07767253260455387,0.08249930699710567,0.5776485574958479,1.793650236064519,0.9994966872343688,3,62015,0.2308961069907366,1115,115430.98693072796,222.73185812445777,4151.401423763144,2.6780033613767693,candidate_exploratory_not_formal_manifest,False,False
IMG-0184,63debe805dca727edf59ee59113f692dedd07bb99aabc654f27cb967a4eb7bcb,清代姑苏版画（候选，待确认）,gusu_qing_candidate,清代姑苏版画（候选）,1,2170,3852,407,722,1.4858088340644482,0.979289783441093,0.16245844453921074,0.08298778997393831,0.07934717411582996,0.09855308794195944,0.14604742136604276,0.10253772968901431,0.08050656060485974,0.08247192131753932,0.16508987045160536,0.5328834504595941,1.7614439919245637,0.9991907710666181,5,46553,0.15842220966874707,727,87651.10942399502,161.69314712966147,2474.0177094747733,2.224340238515366,candidate_exploratory_not_formal_manifest,False,False
IMG-0120,6528f66151e8a326376c01b85081cf95b508e3ae576d429a57df7f17c69bdb80,清代姑苏版画（候选，待确认）,gusu_qing_candidate,清代姑苏版画（候选）,1,3264,2448,722,542,2.0590861251369974,0.96712082299953,0.11124736826409147,0.07490014646287335,0.07440976560362136,0.10777668226843169,0.22878734723744418,0.1284809370055649,0.08213360406860913,0.07779896050338708,0.11446518858597692,0.500382227159309,1.7619936825317057,0.999587942573591,6,48657,0.12433942206458076,752,92348.1442489624,147.6250067881291,1921.6812666741625,2.3157033819934574,candidate_exploratory_not_formal_manifest,False,False
IMG-0367,667f1af7e2da0b2e6246af57b923013882bb9622cbf28649d7b458456399ac8b,清代姑苏版画（候选，待确认）,gusu_qing_candidate,清代姑苏版画（候选）,1,1080,1701,458,722,1.3938273567180126,0.9945024771544886,0.11444357723244275,0.09478187617316414,0.10542309874686713,0.10311164207084665,0.1548697063020014,0.10654501265785754,0.10625664815112519,0.09153418722889967,0.12303425143679561,0.4667015270247724,1.6538908921424484,0.9997075207494484,5,35884,0.10851709830770906,445,65490.603263258934,113.88791787206922,1345.7281447701073,2.5221400490293084,candidate_exploratory_not_formal_manifest,False,False
IMG-0167,6690635a5d1bb15c5fb071d7c0844d330ed69dae07e1a433cf076069f7443ee8,清代姑苏版画（候选，待确认）,gusu_qing_candidate,清代姑苏版画（候选）,1,3737,2610,722,504,1.6326081055423594,0.981746701976676,0.13446761640896598,0.08179677150993128,0.08403218929892205,0.11281912568011145,0.1814009006158177,0.11228965851177672,0.08068655587184115,0.08017032831571297,0.1323368537869207,0.5919344314213233,1.890004284792075,0.9995897254264435,4,83935,0.23066163215055183,1513,157157.9232610464,260.52680545871044,4157.872752055578,3.016230501944444,candidate_exploratory_not_formal_manifest,False,False
IMG-0326,66a0cf1387d39ac31143fa2f4069a6f7363b655f40477250218417b48111f962,清代姑苏版画（候选，待确认）,gusu_qing_candidate,清代姑苏版画（候选）,1,1080,1947,400,722,1.4883026369168133,0.9829848820676345,0.1653669596574237,0.09136789331587288,0.08028446896915716,0.10006475210843892,0.14316552044109562,0.10038367422202887,0.08274939641543008,0.08498997636167675,0.15162735850887607,0.5510034531362571,1.8267667912494834,0.9994128172448115,5,56788,0.19663434903047092,780,106726.04696583748,198.59660931257272,2700.831024930748,3.3681372417461057,candidate_exploratory_not_formal_manifest,False,False
IMG-0091,67141518413484e8d67b10cab808dd0bc9aeaa44aab5bcab861ec43b3b358f60,清代姑苏版画（候选，待确认）,gusu_qing_candidate,清代姑苏版画（候选）,1,2013,3400,427,722,1.2311943752877732,0.9965475878859328,0.1298165657385545,0.09821411760083801,0.09304913659038949,0.10171625479971542,0.1185801551795496,0.1082441923966338,0.10302475418173787,0.11055544848060642,0.1367993750319748,0.487727674351482,1.6480373057214217,0.9997637433481718,6,20367,0.06606356270313402,297,37851.26127743721,68.17071032997681,963.3661375180834,3.977567295874414,candidate_exploratory_not_formal_manifest,False,False
IMG-0000,67612b935a3296511a285a638769219733ad3906426a0a66145a050b851b73c6,清代姑苏版画（候选，待确认）,gusu_qing_candidate,清代姑苏版画（候选）,1,583,1000,422,722,1.255501557065864,0.9945114101952837,0.13719336919323194,0.09673112321163505,0.0949404162549503,0.10720717469039286,0.127220056986303,0.10554744966193304,0.09246829580294796,0.0991919411912876,0.13950017300731823,0.4398921919420693,1.607976146705985,0.9995098366340245,5,26596,0.08729043861837182,348,49312.33126246929,89.33686541757679,1142.1669664307938,2.558046026423115,candidate_exploratory_not_formal_manifest,False,False
IMG-0195,6795cb4cae7225bec01c3f5f7a1bd0365214f285a2c2993c8dbacaba7ede647d,清代姑苏版画（候选，待确认）,gusu_qing_candidate,清代姑苏版画（候选）,1,2146,3797,408,722,2.695303942051469,0.925870906993037,0.11797323225467,0.06868277548904898,0.0703529327652351,0.1159069257799282,0.29947821578349654,0.10316049162160151,0.05914137943540551,0.05027292427427814,0.11503112259633597,0.5310115362384598,1.7333174570335805,0.9998194945502463,6,34940,0.1186111563739069,500,66500.75578689575,122.52589987000071,1697.3548422138938,2.2485449203947327,candidate_exploratory_not_formal_manifest,False,False
IMG-0328,684bce4922f05641caaded383f468e73090647cf48a5f1baace06c2843652022,清代姑苏版画（候选，待确认）,gusu_qing_candidate,清代姑苏版画（候选）,1,1080,1901,410,722,1.7328188116741627,0.9809769007122459,0.12261140828672158,0.08784795100012545,0.08565563349539425,0.12156582818099611,0.1925354235193514,0.10935435099426281,0.07812208460229142,0.08079568507628344,0.12151163484457347,0.568203908755645,1.7779589016992212,0.99854433029238,4,52977,0.1789642591716776,797,99664.5077329874,183.1808200359995,2692.385649618269,2.35529178690104,candidate_exploratory_not_formal_manifest,False,False
IMG-0418,698679fbf48efec851abc3cff7db058086235f68da31f18e7a9e7feaf5d06923,清代姑苏版画（候选，待确认）,gusu_qing_candidate,清代姑苏版画（候选）,1,4000,2909,722,525,1.1383767520354209,0.9983517252260622,0.12648630578171344,0.11694421742394023,0.11605520561431051,0.11341411624759848,0.11766559295311795,0.10173236324529508,0.09549703792718077,0.10007675447851938,0.11212840632832423,0.40951061784269216,1.5990590230637232,0.9996130406756831,6,30664,0.08089697929033109,506,56353.140820622444,91.53135167902687,1334.9162379633294,2.7215147891153872,candidate_exploratory_not_formal_manifest,False,False
IMG-0304,6a51b667e799cd1d9f17e7ead62a951e34b001c8d3e7b0ead0f5e50403bbfa73,清代姑苏版画（候选，待确认）,gusu_qing_candidate,清代姑苏版画（候选）,1,4000,3671,722,663,1.8719054886248698,0.97457780118675,0.09012201985744211,0.08581129590215264,0.09517719490330327,0.14086179745117364,0.20798949873609665,0.1276531199131993,0.08659087577359038,0.07833216315461616,0.08746203430842592,0.5564692520545405,1.5790250698073764,0.999149322340388,6,30634,0.06399602244477591,427,58136.515698194504,84.02792451202014,892.025252461948,2.439624021661605,candidate_exploratory_not_formal_manifest,False,False
IMG-0218,6b8de04e61edc298a778dfe36b4c6cdefd11efea4c036a57d71240bfda83734b,清代姑苏版画（候选，待确认）,gusu_qing_candidate,清代姑苏版画（候选）,1,3224,2559,722,574,1.0897730886396868,0.9988563404934802,0.12068638928484798,0.10779522379850223,0.10938534754340276,0.11611788494824649,0.12108589873774298,0.10129104716928798,0.0990862573402359,0.10585744980363476,0.11869450137409895,0.4516877910786311,1.5867254772987045,0.9997448640037148,6,31201,0.07528690146418679,485,57758.6424703598,89.72065433889833,1170.2877218720741,3.7528587948165923,candidate_exploratory_not_formal_manifest,False,False
IMG-0283,6d110fbcabdbe9c0db08f51eec40939c38c5afe4b34e77b0620e9a97994207ba,清代姑苏版画（候选，待确认）,gusu_qing_candidate,清代姑苏版画（候选）,1,3978,4000,718,722,1.7271216960387923,0.9836943587043394,0.11209614633870423,0.0832970790402184,0.08915231001192502,0.11707051967120018,0.1919024106709769,0.11065678948273341,0.08869644220898315,0.08753380184629836,0.11959450072896038,0.4490123403944509,1.5105628711452366,0.9991115606078067,5,30156,0.05817174515235457,427,56884.49481868744,79.006547613532,823.6946272733586,2.547298126668529,candidate_exploratory_not_formal_manifest,False,False
IMG-0452,6d5c71f3523e654a681f841b4142076d4a487f166a0d27f91ae99de162d376f3,清代姑苏版画（候选，待确认）,gusu_qing_candidate,清代姑苏版画（候选）,1,4000,2111,722,381,1.4319422016987244,0.9923833817411731,0.12430147181322647,0.09411319175988649,0.09401059220986815,0.11235993054326272,0.15910468907763606,0.11348089348405115,0.09065106354902396,0.09216896983222254,0.11980919773082238,0.5004556501252633,1.6223964217491675,0.9972832035323149,4,32829,0.11934259602591227,530,61210.28262090683,116.70603060105319,1926.6982208941333,3.2443026243912327,candidate_exploratory_not_formal_manifest,False,False
IMG-0423,6fcd29ec66ae734ff31dc8da6a632e6b0f37383390298fd6d0ca35ad7dcd90a9,清代姑苏版画（候选，待确认）,gusu_qing_candidate,清代姑苏版画（候选）,1,2457,4000,444,722,1.1418709424209572,0.9988226918188639,0.12327894889508137,0.10847497649091153,0.10255612947893224,0.1061042936154942,0.11343204629019586,0.10564080534952204,0.10425211767539452,0.10938613304658391,0.12687454915788413,0.5235180640747491,1.6584513360581377,0.9996489393628222,6,25410,0.07926555364228495,535,46521.22691643238,82.16579773934012,1668.9126799930123,2.732508371364244,candidate_exploratory_not_formal_manifest,False,False
IMG-0122,708b991eca93d73dfda540ede950d2578642c3b3b2562b06d945299e625d86cd,清代姑苏版画（候选，待确认）,gusu_qing_candidate,清代姑苏版画（候选）,1,2448,3264,542,722,1.5027393451845903,0.9824174193410875,0.1575818428245128,0.08607923139112411,0.07348249762023104,0.08559997718848955,0.13289318634015926,0.1033483042837621,0.09202748675389102,0.10201643524398687,0.16697103835384336,0.47290285147500244,1.8086387391567897,0.9986757949072361,6,57938,0.14805634205926546,922,108763.47249555588,173.86606407780988,2356.1038934489065,2.582833933477709,candidate_exploratory_not_formal_manifest,False,False
IMG-0320,710f16a7b937e8b45c1eb3691aad55ee5894ecf157e3033dd122bbd04156b4ee,清代姑苏版画（候选，待确认）,gusu_qing_candidate,清代姑苏版画（候选）,1,1080,1440,542,722,1.8752245034568618,0.970710895766346,0.1264368686809615,0.06768375998955614,0.06367007585294394,0.08751895613766579,0.20835827816187352,0.0976537930730814,0.1111592208716173,0.0979781792196999,0.13954086801260054,0.4486452622069792,1.6866866705183536,0.9983699241165384,5,47237,0.12071071541740348,654,86919.07614564896,138.94625940102208,1671.2493994746042,1.9878555850090238,candidate_exploratory_not_formal_manifest,False,False
IMG-0362,719c3d4571e0ebc656fbc13245ecf3ac2d68a72306a2522ede9ccea648e850ac,清代姑苏版画（候选，待确认）,gusu_qing_candidate,清代姑苏版画（候选）,1,1080,1440,542,722,1.6534853859940117,0.9822370693833259,0.117603180957021,0.07974317105681358,0.09288631568268206,0.13111214539535876,0.18372059844377908,0.12055141603921928,0.08351255704464115,0.0750337000582148,0.11583691532227024,0.5724734830257038,1.683756163036852,0.9986340005240962,5,48877,0.12490161605217161,845,91581.83329880238,146.4000048117579,2159.335997792111,2.2822694829916315,candidate_exploratory_not_formal_manifest,False,False
IMG-0083,72a7eb4e53071dbfba789ba985bbde3ac327f29b1094b7133938c575421fd2c1,清代姑苏版画（候选，待确认）,gusu_qing_candidate,清代姑苏版画（候选）,1,1000,750,722,542,1.2224975944087801,0.9969968110967481,0.11466076104398779,0.10780308131818518,0.11534901624169251,0.1237552941113562,0.13583306604542,0.10949650974027249,0.09415809436441769,0.09233523911861079,0.10660893801605731,0.37811588031495036,1.5846654648432439,0.9993335384074271,6,29632,0.07572241927405424,339,54308.77207803726,86.81639367934875,866.2898263331664,2.3883910842426364,candidate_exploratory_not_formal_manifest,False,False
IMG-0203,72e06be8037894ab7bb1872160b978054f8340e1cfec747c7db65bceb8ebb361,清代姑苏版画（候选，待确认）,gusu_qing_candidate,清代姑苏版画（候选）,1,3002,4000,542,722,1.4527908949292134,0.992987295299878,0.11198522792632654,0.09560630901510864,0.10093158945294484,0.11846258551264374,0.16142121054769037,0.11451722760789224,0.09219458723394976,0.091765665219982,0.11311559748346177,0.4902121391905364,1.6104342777235197,0.999833287106415,6,29215,0.07465680612484796,459,54141.189462184906,86.54850107572392,1172.9410922918094,2.5480811148301394,candidate_exploratory_not_formal_manifest,False,False
IMG-0088,72f9cc348361c7845e66fc9f2b84defc8253204ffa3958545c86f53db34998bc,清代姑苏版画（候选，待确认）,gusu_qing_candidate,清代姑苏版画（候选）,1,3400,2724,722,579,1.2864778371368517,0.9949748769341286,0.09790350574354774,0.10552224483855407,0.11720842245500362,0.13033516937948642,0.14294198190409463,0.12002954898834012,0.10147579179080538,0.09212378284869044,0.09245955205147759,0.4693581489862425,1.5768612624686633,0.9989386236661549,6,26907,0.06436496203694402,317,48930.196937561035,75.67790189055802,758.3042689899004,2.4277942227704497,candidate_exploratory_not_formal_manifest,False,False
IMG-0437,735d367d4f4e14f0bdcbc3c3bd7943d14b09bc0ed9e5877294ca8d8604fc37be,清代姑苏版画（候选，待确认）,gusu_qing_candidate,清代姑苏版画（候选）,1,2576,4000,465,722,1.3289989912497848,0.994550904548982,0.14766655458330943,0.11464486118617932,0.10156277684203192,0.10334975761902813,0.10527910628954537,0.09358521272004487,0.09432267607774068,0.10374694509565442,0.13584210958646573,0.5346250129495257,1.6239380872876974,0.9994275420752581,6,24938,0.07427992732255086,398,46254.99909770489,79.82953537483762,1185.476424507789,2.2332960048661086,candidate_exploratory_not_formal_manifest,False,False
IMG-0160,74f8e399c4a7af4cffb0e57b8778f0e75d6761ad48c969227de6baa85f8d81a6,清代姑苏版画（候选，待确认）,gusu_qing_candidate,清代姑苏版画（候选）,1,3612,2466,722,492,1.3881771913064493,0.9921754951690348,0.1290796034749341,0.0959424905845578,0.09341796901597575,0.1118448169934313,0.15424191014516103,0.10812972885376136,0.0877971892482618,0.09142881705724776,0.12811747462666903,0.5650395304618858,1.8289886490096867,0.9992251468105022,3,83135,0.23403542553431075,1651,153023.32507574558,256.74765427320153,4647.771546967548,3.048714254673966,candidate_exploratory_not_formal_manifest,False,False
IMG-0390,75125641e2aab246727a23273b10c597eafe952e761ba486371960dbe1d37b72,清代姑苏版画（候选，待确认）,gusu_qing_candidate,清代姑苏版画（候选）,1,2171,4000,391,722,1.2003138638486517,0.9978516871335542,0.11295603898565464,0.10630672328602878,0.1068334714673896,0.12414403742588821,0.13336820709429464,0.11008907690428481,0.09762195044792657,0.09783049517309853,0.11084999921543422,0.363061611839712,1.646255392798918,0.9987704174773531,6,24814,0.087898775070669,406,45479.6205855608,85.59725851532352,1438.1761376114941,2.36735203190182,candidate_exploratory_not_formal_manifest,False,False
IMG-0084,758192fb9308529281f9668866359a9204dce06a8ff18d9fdf6a997b05d9646c,清代姑苏版画（候选，待确认）,gusu_qing_candidate,清代姑苏版画（候选）,1,450,1000,326,722,2.6416940748781443,0.9286419900135355,0.10689678226390663,0.06172141697327358,0.0711995506850681,0.13066059589016674,0.2935215638753494,0.11009238927979464,0.05984644528693772,0.05593284271606621,0.110128413029437,0.5303086175101988,1.590362211918211,0.9993886303417513,5,19547,0.083047261356491,236,37419.850440740585,77.13023393341193,1002.6681168533215,2.575739355117473,candidate_exploratory_not_formal_manifest,False,False
IMG-0014,758489cefa7507b545b40065382cc0f9547a2f801e7c18c2a9b1197d39b7cf66,清代姑苏版画（候选，待确认）,gusu_qing_candidate,清代姑苏版画（候选）,1,1000,779,722,562,1.2758496160745456,0.9950031380453086,0.13475595166359788,0.10535742246896496,0.10096343026559149,0.10933696636574851,0.11788163750852793,0.09518897072486365,0.08790850652766784,0.10684604602231047,0.1417610684527273,0.4153532956936339,1.6325514795251834,0.999461829577867,6,35698,0.08797724785836102,504,65958.1489661932,103.5456127902686,1242.1013199791012,2.547429636045134,candidate_exploratory_not_formal_manifest,False,False
IMG-0379,75861c4062e1ad9bba1d2716effa5930c5a8d3ed64ef52b26206d8b1451ee4a4,清代姑苏版画（候选，待确认）,gusu_qing_candidate,清代姑苏版画（候选）,1,4000,3704,722,669,1.3523536581570321,0.9873258381913468,0.1445468138800507,0.08668853553708593,0.08525954192809752,0.10773737491861987,0.15026151757300357,0.097957245074619,0.08645251609596909,0.09318308655395362,0.1479133684386006,0.5181412138133055,1.7605699416477854,0.9995975785146903,6,55934,0.11580106745504308,1009,104565.0668400526,150.45442377977878,2088.949066080353,2.735931726159145,candidate_exploratory_not_formal_manifest,False,False
IMG-0215,7650e9efda7e2c3be030591fffc0c675314de6c868599daa919e38e47f25232a,清代姑苏版画（候选，待确认）,gusu_qing_candidate,清代姑苏版画（候选）,1,3605,2752,722,550,1.1798288539517254,0.9985364191702749,0.11445856870666281,0.10512733294721655,0.10985668366344022,0.11776235838338764,0.13109209488352505,0.10819180818834763,0.09905377775077365,0.10208715717476326,0.11237021830188328,0.38853805275703623,1.6322237734715088,0.9998315889654029,6,32853,0.08273230924200453,437,60862.53010761738,96.58285940606493,1100.4784688995214,3.603857109930613,candidate_exploratory_not_formal_manifest,False,False
IMG-0388,7674cb0b18ffeb412a12d95d6df9792f8893e36fa015fa44308b0be0fb926c89,清代姑苏版画（候选，待确认）,gusu_qing_candidate,清代姑苏版画（候选）,1,2559,4000,461,722,1.5750185210405994,0.9892029468190202,0.11647659185376551,0.09294298488253752,0.08916123291680392,0.11284344870844835,0.17500205789339993,0.11241915063712037,0.09554906238878116,0.08750214779373972,0.11810332292540363,0.4340561289335513,1.650407293886671,0.9990968003777247,6,27773,0.08344199349841666,382,52212.79633438587,90.50194058366819,1147.6916975622066,3.2899290929917155,candidate_exploratory_not_formal_manifest,False,False
IMG-0002,76e46c95b82f6ccd1faaf618d3cd839021ba38878ed672757f38d72da334b3e0,清代姑苏版画（候选，待确认）,gusu_qing_candidate,清代姑苏版画（候选）,1,1000,814,722,587,1.1003237438170757,0.9985377202817212,0.11758701690505358,0.09836616043876532,0.09600406824339315,0.10401225204030233,0.11905963391644246,0.11507807616196282,0.113146887370585,0.11448771116604249,0.12225819375745285,0.27341611493969,1.6496673672576498,0.9996380940278893,6,36096,0.0851694375362777,486,65702.02232289314,100.92321758636652,1146.7294615090582,2.6820305745873907,candidate_exploratory_not_formal_manifest,False,False
IMG-0236,77b1d29efc2108eb22ca0a696ea9ae7fd6d98126af989df52f4fc493eb639282,清代姑苏版画（候选，待确认）,gusu_qing_candidate,清代姑苏版画（候选）,1,4000,3000,722,542,1.764072566069414,0.9802091036350635,0.09633672836291005,0.07709537804765702,0.0755996630127731,0.10511451189468295,0.19600806289660155,0.1339667042491356,0.09466590959182557,0.1058727625302979,0.1153402794141163,0.5292360281449433,1.7408933648521958,0.9989539434572102,5,56461,0.14428197606075785,942,105977.713383317,169.41283211306492,2407.212437775347,2.5527681990393627,candidate_exploratory_not_formal_manifest,False,False
IMG-0171,78168237855848292f36ed3aebb6b603ea7b5924b229573a34fb187260439854,清代姑苏版画（候选，待确认）,gusu_qing_candidate,清代姑苏版画（候选）,1,1726,3781,329,722,2.3567879865467516,0.9395949972349744,0.14240938139074552,0.06429849614731134,0.06249633552327388,0.10148740447448477,0.26186533183852795,0.09933849223068573,0.06167038156511046,0.06328767187299612,0.14314650495686423,0.6046129909893629,1.751838636558585,0.9999087759792481,4,47864,0.20150039151630475,919,91166.99033343792,187.055753152006,3868.8546674637323,2.489045650719076,candidate_exploratory_not_formal_manifest,False,False
IMG-0412,78bef02f36a4fcffebdefb54a57d02be71678b6186609e324970b59604b0cc9f,清代姑苏版画（候选，待确认）,gusu_qing_candidate,清代姑苏版画（候选）,1,4000,3209,722,580,1.2010451654045742,0.9982186583509454,0.11075682229989957,0.10408861409731712,0.11319897234418409,0.12076900054227423,0.13344946282273046,0.10805747727349616,0.09995074084037357,0.10064273327451062,0.10908617650521424,0.3874445331474725,1.62724775779169,0.9996247322994944,6,34518,0.08242907632056548,448,63864.297030329704,98.69054347711167,1069.825198204222,2.8672446319879192,candidate_exploratory_not_formal_manifest,False,False
IMG-0233,7a9ba1baf16e75f6027683bff9ed7b6e587ac34d01c2187f24940b523796a049,清代姑苏版画（候选，待确认）,gusu_qing_candidate,清代姑苏版画（候选）,1,522,600,628,722,1.4266760625999386,0.9891647040095276,0.1585195625111043,0.09843950445458632,0.10247165352072397,0.11175880411421821,0.10866640765430173,0.09316274302411479,0.08505575872918458,0.08993024249645896,0.151995323495307,0.516983788466016,1.7617085539737958,0.9997483697435724,6,59381,0.13096361839899784,918,110482.5502910614,164.07607937284405,2024.630802618346,3.9989730812224593,candidate_exploratory_not_formal_manifest,False,False
IMG-0185,7b2ad3d75f6df86340cf23619c43ce2f0a1ded9d00629ab497f0490f1cfcad26,清代姑苏版画（候选，待确认）,gusu_qing_candidate,清代姑苏版画（候选）,1,2193,3892,407,722,1.404704681308425,0.9848661197383136,0.15343373293360132,0.0874774944127485,0.0839731562812603,0.10641877324991939,0.14301908586113063,0.09819432915044991,0.08101459054493142,0.0903905396428002,0.15607829792315833,0.5333802186411831,1.732993796227737,0.9985624973707745,4,47137,0.1604095911575136,770,88116.82285904884,162.55226541657504,2620.3488807366925,2.8204588888904807,candidate_exploratory_not_formal_manifest,False,False
IMG-0296,7b31d0546f6d3a2dfb92b48275ffae004e39cd689acc80178bcccd06944f80b3,清代姑苏版画（候选，待确认）,gusu_qing_candidate,清代姑苏版画（候选）,1,4000,2259,722,408,1.9324467195293906,0.9682185037134445,0.14350127551933034,0.08907343982243425,0.07106606174052281,0.10243203419182782,0.2147163021699323,0.10587046598922718,0.0709392305961986,0.07417033592576279,0.12823085404476398,0.49304942790911366,1.6455476510879248,0.9985456973926574,5,31295,0.10623743957416762,395,59651.876836538315,109.90701988038995,1340.9103253489761,3.120924566670937,candidate_exploratory_not_formal_manifest,False,False
IMG-0425,7c224349ccd605806390df297de464e28d7da797de8072ef4138526bd06adb4c,清代姑苏版画（候选，待确认）,gusu_qing_candidate,清代姑苏版画（候选）,1,2259,4000,408,722,2.199246175707653,0.9589434652154121,0.09319238296673134,0.07104654626337574,0.0827135640283538,0.1342209723977401,0.2443606861897392,0.12681465924657845,0.0824246059318561,0.07093688194554301,0.09428970103008218,0.556924496883016,1.7799080795150568,0.9995556561025625,3,62557,0.2123628537287491,1148,116764.46865475178,215.13547365705492,3897.1267177231002,2.541396316356117,candidate_exploratory_not_formal_manifest,False,False
IMG-0217,7c49c94615c67651633b5c52774f4bba1397aaccdeb8fd6ce2f000d1a582ac05,清代姑苏版画（候选，待确认）,gusu_qing_candidate,清代姑苏版画（候选）,1,3404,2550,722,541,1.262519282058608,0.9980061489682616,0.10637454258426403,0.10432375876622337,0.11008670390681706,0.11357513397835559,0.14027992022873423,0.10902326442565029,0.1042205157995088,0.10421742690459267,0.107898733405854,0.4313974042506844,1.516533136139882,0.9994514631693254,6,21406,0.05480258677630939,304,38998.70822799206,62.39977024106535,778.2858254694037,2.792413565543315,candidate_exploratory_not_formal_manifest,False,False
IMG-0402,7cb65e96ee3518e793032ee9db263ec3bb7b096f2169cf9d029dca9425ff77ba,清代姑苏版画（候选，待确认）,gusu_qing_candidate,清代姑苏版画（候选）,1,2239,4000,404,722,1.4037478893569653,0.9905442089871588,0.13935100926888894,0.09821241638913497,0.08777969926358277,0.10370462212578047,0.15597198770632947,0.09768463017909078,0.09129444724171146,0.0946676381388028,0.13133354968667837,0.454513654064015,1.6513413246310116,0.9999421827262304,6,30495,0.10454663887441376,568,56800.43297922611,105.17011890473944,1947.2861413565179,2.6857798888055022,candidate_exploratory_not_formal_manifest,False,False
IMG-0126,7cf1fbdaf015fc885f7385be5b6cb6adc142f1e8fc7c0f3d7f619753ae578524,清代姑苏版画（候选，待确认）,gusu_qing_candidate,清代姑苏版画（候选）,1,2754,4000,497,722,1.9142908100664369,0.9736908707458386,0.10359188988783352,0.08342686435423127,0.10010185059668743,0.13307911203882175,0.21269897889627076,0.11719711176263425,0.07900647949497229,0.06984793998834579,0.10104977298020273,0.5198394488882112,1.6318963169241758,0.9994875332009446,5,36068,0.10051444400474871,653,67545.16035974026,112.75802071599504,1819.7829637102393,2.6213741814511997,candidate_exploratory_not_formal_manifest,False,False
IMG-0144,7f18d8220429f9c8bce91c4eb00f40f0fcdc2fd7cbba1bdb738e26293b98b768,清代姑苏版画（候选，待确认）,gusu_qing_candidate,清代姑苏版画（候选）,1,2540,4000,458,722,1.6887877895181096,0.9828350128523454,0.10954213656643567,0.08346935314065634,0.09739286896001716,0.13491247983525084,0.1876430877242344,0.11606780682713552,0.08479791881734301,0.07856589842554117,0.10760844970338578,0.6026504949383475,1.7257950903548736,0.9992352977947582,4,55576,0.16806783679492918,1039,103772.31399166584,180.45967183673355,3142.0484099239134,2.4170729733004537,candidate_exploratory_not_formal_manifest,False,False
IMG-0186,7f8f9c436a1d782259e161db4868f94fd3a78cd639516bff3cbddda1021fce57,清代姑苏版画（候选，待确认）,gusu_qing_candidate,清代姑苏版画（候选）,1,2281,3924,420,722,1.5802590377544488,0.9692924914080641,0.17558433752827207,0.07533113572461622,0.07165589434240094,0.09947570981121377,0.15146312299342007,0.10991537626264322,0.072469600341601,0.07199625911357127,0.17210856388226134,0.5445775977846219,1.7519551829728235,0.9982430116491815,4,50280,0.16580925999208548,702,95840.17159855366,174.04210953058723,2314.9980213692124,2.521151329244018,candidate_exploratory_not_formal_manifest,False,False
IMG-0024,7f93e20c0854a2fb3fdabc512f6ea6745c0fe83be15e67f8b9559572593268b6,清代姑苏版画（候选，待确认）,gusu_qing_candidate,清代姑苏版画（候选）,1,1000,794,722,574,1.6473077851546896,0.985230953795768,0.10037399341600714,0.0841750273266654,0.08842888741915286,0.12498392999289909,0.18303419835052107,0.1320781717787084,0.0966454043787736,0.08959060166496433,0.10068978567230813,0.5518660204755319,1.6107383728918414,0.9994772177507293,6,24084,0.05811383400735472,326,45324.7742433548,70.40623236537272,786.6263862480334,2.2914277504627525,candidate_exploratory_not_formal_manifest,False,False
IMG-0050,7fba1bdcd18a4d2ebe2b06dd0562be304b52c7f2164853b925d2754cd5443bb4,清代姑苏版画（候选，待确认）,gusu_qing_candidate,清代姑苏版画（候选）,1,971,1000,702,722,1.3275097637335171,0.9933620930173361,0.0928578901193869,0.09230372785235873,0.09938078119666073,0.11642381819418392,0.14750108485927968,0.13635406876973477,0.12148025989383808,0.09972036596817915,0.09397800314637797,0.49853661245761294,1.530287412853186,0.9994669744760349,6,26578,0.052438225568419476,345,48746.43540227413,68.47084829425523,680.6828136468026,2.893922191044174,candidate_exploratory_not_formal_manifest,False,False
IMG-0196,7fd00f10bedc1f63921afed129594dd98591764e71354bf300697cd0316fc143,清代姑苏版画（候选，待确认）,gusu_qing_candidate,清代姑苏版画（候选）,1,2156,3848,404,722,1.5820068455716463,0.9852513386919437,0.12127502110976085,0.0819576032588797,0.08742242417502812,0.12262671032188094,0.1757785383968496,0.11308651665708985,0.08261381010759826,0.08609146278551777,0.1291479131873949,0.5641114450747535,1.8675547656437241,0.9988312228247783,6,50477,0.1730513425303749,858,94416.96270024776,174.8198503599628,2941.4991360631907,2.378078559425763,candidate_exploratory_not_formal_manifest,False,False
IMG-0293,7fd9f4c933e5ae63380e37850bb44f7dba1deec25fcb61adbbc2e61aaf55e345,清代姑苏版画（候选，待确认）,gusu_qing_candidate,清代姑苏版画（候选）,1,4000,2124,722,384,2.0657277091238635,0.9545970023491895,0.14347787179383906,0.06327424416972449,0.06256645127766644,0.10021174006405062,0.22952530101376262,0.11659046044034246,0.0710201235897671,0.06932838868591736,0.14400541896492977,0.5326907089961562,1.6453740572437874,0.9977662325777384,4,35795,0.12910823522622344,462,68767.90836203098,130.6025342250859,1666.3781163434903,2.2322097937636656,candidate_exploratory_not_formal_manifest,False,False
IMG-0335,802894065c07dc295e1bf54471f66a84a8330386aa2bc3b4dc9be621199846e5,清代姑苏版画（候选，待确认）,gusu_qing_candidate,清代姑苏版画（候选）,1,810,1424,411,722,1.2199573390473497,0.9980521740345007,0.11230322711500794,0.09906549059012636,0.10412657108960198,0.11688662209295625,0.13555081544970551,0.10736498654984897,0.104031995581774,0.10357885099642271,0.1170914405345562,0.5160048165817726,1.627885343680922,0.9998065709261887,6,27165,0.09154416968275472,383,49954.29623126984,91.70295600237743,1290.6834893611285,2.5082605321496803,candidate_exploratory_not_formal_manifest,False,False
IMG-0263,81032da06751552b3ed29f686b8e0670c6949afea10853279907e99302f5e6ff,清代姑苏版画（候选，待确认）,gusu_qing_candidate,清代姑苏版画（候选）,1,1327,1312,722,713,1.7153135760808533,0.9770753598846827,0.1248225098354397,0.0780763438877002,0.11679138483489693,0.13304033551455455,0.19059039734231703,0.09559838212187578,0.07142841715467037,0.06966151992833615,0.11999070938020943,0.5358405138044164,1.789330918618245,0.9990795417604361,5,84966,0.16505110861600744,1198,157859.51652288437,220.01759070559535,2327.180614857436,3.4249305679146334,candidate_exploratory_not_formal_manifest,False,False
IMG-0456,811dc20830809970582075ee4424abaae7d6c24227def31027809d72ddb2d932,清代姑苏版画（候选，待确认）,gusu_qing_candidate,清代姑苏版画（候选）,1,4000,2198,722,396,1.529957609348632,0.9901120746496215,0.09989314733138603,0.08593961458870131,0.09764375416631345,0.12776263040586366,0.16999528992762578,0.12062537440296119,0.09909611717792056,0.09428722188873784,0.10475685011049032,0.5345745110880467,1.6812581553392412,0.9985999464389198,3,51267,0.1793104171913036,796,94755.4838117361,177.20997392354897,2784.0734211925346,2.8879103917194753,candidate_exploratory_not_formal_manifest,False,False
IMG-0134,81e65cc4a930808b292839d1a93f92d72718b7ad656f1af327fe3e1f7384e2fd,清代姑苏版画（候选，待确认）,gusu_qing_candidate,清代姑苏版画（候选）,1,2755,4000,497,722,1.3666578455334528,0.9932537877478954,0.12316007255951127,0.09970054232695837,0.10547333950417838,0.1201980487184144,0.1518508717259392,0.10859288545816166,0.08693227473308547,0.08533435766795798,0.11875760730579314,0.5501087319483049,1.7172042877631732,0.9989185173670706,5,49146,0.1369602657496224,733,91735.59671580791,153.14086545630067,2042.727277794189,2.5249682703093055,candidate_exploratory_not_formal_manifest,False,False
IMG-0021,828b1b8ae2e066d86ea40388262a1049c97cc0ade80ff45484ce09661cc1862c,清代姑苏版画（候选，待确认）,gusu_qing_candidate,清代姑苏版画（候选）,1,1000,790,722,571,1.1517231912617554,0.9974400662275825,0.12796924347352837,0.10422372466305667,0.09972622400740741,0.11038427843674117,0.12537373724293527,0.10651591868521645,0.09544919536366457,0.10295565296118188,0.12740202516626825,0.42681997658847326,1.6420249970124203,0.9998122868156635,6,34543,0.08378894974555016,565,63695.55658078194,99.20246963043927,1370.4876995696911,3.016493713087233,candidate_exploratory_not_formal_manifest,False,False
IMG-0291,836bc30773f5753afcb4cf55eea567fc89caccf50e88d694105b295d4d174cb4,清代姑苏版画（候选，待确认）,gusu_qing_candidate,清代姑苏版画（候选）,1,4000,3013,722,544,1.54959361574463,0.9855812558541508,0.13695203655908542,0.0959853186055523,0.0941040797321244,0.10654205365817111,0.17217706841607,0.1078694243122163,0.08085545297135585,0.07657745838234009,0.1289371073630846,0.4403215979378371,1.704703417091516,0.9992575792047671,6,45037,0.1146656550431807,685,84454.45829236507,134.75799229633998,1744.0321003747758,2.631567685683163,candidate_exploratory_not_formal_manifest,False,False
IMG-0173,83acf21302b00fca106e7399b9fab86aff0c9fb31c773e05ccb95f622135247d,清代姑苏版画（候选，待确认）,gusu_qing_candidate,清代姑苏版画（候选）,1,2267,3698,443,722,1.7536319762414616,0.9792452256289178,0.10809309813998297,0.09965260884276674,0.09193013290602493,0.12756459583598945,0.1948479973601624,0.1316660214383858,0.0778193369833638,0.07179663937546323,0.0966295691178606,0.5255261238637712,1.6641969456057235,0.9988795707313397,6,27322,0.08542235951051444,360,51561.969660162926,91.17148677416326,1125.5416669272086,2.127843696109288,candidate_exploratory_not_formal_manifest,False,False
IMG-0227,84f380ed12a8f194c26e9da6da580d52355e8f25936258201b2c5592a19bfd41,清代姑苏版画（候选，待确认）,gusu_qing_candidate,清代姑苏版画（候选）,1,1917,3852,360,722,1.8942346626497557,0.9752313253344905,0.10475109355683589,0.0795258861118081,0.08913102913587494,0.1290160540881697,0.21047051807219508,0.12367540511447891,0.08374010273169584,0.07743076338577688,0.10225914780316459,0.617975581945686,1.7245600888450607,0.9986729752702175,4,43958,0.16912126808248693,653,83010.61579096317,162.8222629497466,2512.311480455525,2.4086883867353444,candidate_exploratory_not_formal_manifest,False,False
IMG-0093,851136c1d37609280528903c7c2a9eefea2946624a21339c314bb0c1f54c269b,清代姑苏版画（候选，待确认）,gusu_qing_candidate,清代姑苏版画（候选）,1,1800,3400,383,722,2.073943682565598,0.967431586054592,0.11572068471421997,0.07873561707931039,0.08316113769820146,0.11925675662247749,0.23043818695173313,0.10938878025016517,0.07423641274736935,0.07579057181569779,0.1132718521208254,0.527833707957553,1.7330790716247728,0.9985490742693383,5,36484,0.13193696071978764,448,69109.1436561346,131.42183469847916,1620.1008223458193,2.264843242767297,candidate_exploratory_not_formal_manifest,False,False
IMG-0033,8533ab10d9aaf505c3acbbccba55537a93464ba33802fe4c98f32dc10e9fc182,清代姑苏版画（候选，待确认）,gusu_qing_candidate,清代姑苏版画（候选）,1,1000,774,722,558,1.205746621793163,0.9966277619931766,0.13095093802493485,0.10523836698897747,0.09138328065471739,0.09452552581740092,0.11159437358783746,0.11604763036281938,0.10933122099413854,0.106956816703267,0.133971846865907,0.38796986484426266,1.6255329198755526,0.999832858123694,6,32508,0.0806898400500402,404,60205.79208111763,94.8533286885118,1002.7899403290343,3.0687198404057834,candidate_exploratory_not_formal_manifest,False,False
IMG-0068,8661546dbd09704ec9699d1852d85dd92d2058003e2bc8bbc3c4d6ffdfa942aa,清代姑苏版画（候选，待确认）,gusu_qing_candidate,清代姑苏版画（候选）,1,1000,948,722,684,2.029571829442048,0.9674322843261027,0.11561724084624522,0.08476939974224941,0.08967183927204343,0.12012352867294429,0.22550798104911648,0.12065375689262411,0.0679023963617323,0.06729844697202188,0.10845541019102282,0.4956920323971218,1.7512453112695174,0.999627751543139,5,69033,0.13978592603392137,991,130371.48636364937,185.51796309509675,2006.6903176685944,2.566548931490801,candidate_exploratory_not_formal_manifest,False,False
IMG-0125,86f0a37fb981ee60a6bbabc9afab776c7cddb4b067483d69246091abc86b495b,清代姑苏版画（候选，待确认）,gusu_qing_candidate,清代姑苏版画（候选）,1,2430,4000,439,722,1.6937365882883126,0.9805684941925856,0.1288162929824516,0.07371042323567285,0.0804535103795488,0.11010409130542222,0.18819295425425697,0.10882034993336374,0.09356049278876165,0.08310003544286748,0.1332418496776547,0.6069492454491775,1.7863386574045952,0.9997087854260921,3,68468,0.21601600212015473,1185,128717.7373560667,228.63227514327522,3738.66569072243,3.347709246179831,candidate_exploratory_not_formal_manifest,False,False
IMG-0396,87a09fbc101be24292eb5d91fe774415bfc82b9674a884d3ff56745c42e7e79b,清代姑苏版画（候选，待确认）,gusu_qing_candidate,清代姑苏版画（候选）,1,2848,4000,515,722,1.2072569097944257,0.9980920250184999,0.11445576028214996,0.10333366279089266,0.10622645532816814,0.12000800953569148,0.13413965664382507,0.11143047670143798,0.10237549677158292,0.09794484384675363,0.11008563809949827,0.5890151352068393,1.7492740361883976,0.9997788384082923,6,51706,0.13905817174515236,880,95321.54753291607,156.3215566644363,2366.6729419358307,3.9160576158709746,candidate_exploratory_not_formal_manifest,False,False
IMG-0172,87b64ee5e47862570b50960519c3e93a3405d6ca7201ca1bcf033bf352c40bbb,清代姑苏版画（候选，待确认）,gusu_qing_candidate,清代姑苏版画（候选）,1,2266,3764,434,722,1.415154865989906,0.9898855630638111,0.12289176954288468,0.09432932611052691,0.10169169463629957,0.13629273377295337,0.157239429554434,0.11038693856330564,0.08331727690557655,0.07981322401921852,0.11403760689480082,0.5348168886509077,1.8035371440941383,0.9998384984731692,6,54389,0.17357379016301364,805,101436.13210785389,181.20877192076242,2569.0286837637386,4.721950483121786,candidate_exploratory_not_formal_manifest,False,False
IMG-0441,896c8dbba822f3fdf488203e12c582336b0782625acfabd28608c8ffc66d2d27,清代姑苏版画（候选，待确认）,gusu_qing_candidate,清代姑苏版画（候选）,1,2273,4000,410,722,1.3887014189010003,0.986119690625765,0.1413622217733276,0.08736892164403164,0.08312960350504178,0.10067657927489243,0.1543001576556667,0.09997596272245585,0.08676428921755375,0.09319575612972074,0.15322650807730961,0.49416481502175047,1.623313124370436,0.998925693127271,6,24237,0.08187622457942031,348,45490.071248054504,83.60958925357339,1175.596243497061,2.7114667417864324,candidate_exploratory_not_formal_manifest,False,False
IMG-0030,897ac8883ba2511bc9df641da21df8778d2158d37744c2b9cdc998fbafce9099,清代姑苏版画（候选，待确认）,gusu_qing_candidate,清代姑苏版画（候选）,1,1000,874,722,631,1.7028746192207005,0.9836590980382109,0.10528121130018096,0.08591590055426658,0.08723316058580649,0.12283997958449969,0.18920829102452227,0.12825258089687802,0.08888819929146762,0.08684518397374189,0.10553549278863641,0.5724889613787867,1.6875447632218081,0.9980234673162182,6,32392,0.07110026296034523,349,60787.50471711159,90.05981238014445,766.0530925277997,2.955673340539246,candidate_exploratory_not_formal_manifest,False,False
IMG-0265,89d5d6d4285644ec3e69fdede904b5943516852588b1116385e46e23422b6ff2,清代姑苏版画（候选，待确认）,gusu_qing_candidate,清代姑苏版画（候选）,1,1400,1355,722,699,1.289690062297784,0.9896794876719252,0.14329889581086488,0.09683062429653637,0.10527095008079403,0.10888806895813938,0.1419256274432554,0.08817521432206102,0.07887416949108823,0.0938311866481209,0.14290526294913972,0.5436851481053673,1.746210713783262,0.9991654831924571,4,85421,0.16925841823895632,1271,159337.20381987095,224.29004851817203,2518.437498761587,3.0930309926968564,candidate_exploratory_not_formal_manifest,False,False
IMG-0411,8a43b4c17b2b6cc6835a68dd41369eb7c4a4584f709a66a61ce314c98ee44cc7,清代姑苏版画（候选，待确认）,gusu_qing_candidate,清代姑苏版画（候选）,1,3987,4000,720,722,1.535676986831565,0.986883491453895,0.1235462755685362,0.08874983135047518,0.10240249847986733,0.09900124382735924,0.17063077631461832,0.11244031049143091,0.082878968105749,0.08242302170702258,0.13792707415494135,0.5269383668090682,1.7514045487441103,0.9992805078419454,4,92463,0.17786819021237305,1572,171540.2107539177,237.92007731916206,3024.0073868882737,2.579053672066065,candidate_exploratory_not_formal_manifest,False,False
IMG-0148,8a70d4773fc30f9cd92fa919863d4f9f580c47f348a2b9fd0378940446b9ecbf,清代姑苏版画（候选，待确认）,gusu_qing_candidate,清代姑苏版画（候选）,1,3679,2690,722,528,1.4019193169110529,0.9825657838128277,0.155768812990117,0.09857632835335763,0.08754747872285693,0.10482030027390804,0.1551443392919484,0.0855207460984035,0.07564775077197773,0.08621096464539062,0.15076327885204027,0.5518798629352581,1.875853772525386,0.9996491299647747,5,86993,0.22819871149164778,1596,162197.59264290333,262.699256732545,4186.602870813397,3.1415665964816606,candidate_exploratory_not_formal_manifest,False,False
IMG-0079,8a910d03e3dc007f76b5d5e39d694c90155631ae9a2be424c3f55b7928b251bf,清代姑苏版画（候选，待确认）,gusu_qing_candidate,清代姑苏版画（候选）,1,917,1000,662,722,1.458749485408668,0.983151378247339,0.1521913253562094,0.09126410391678824,0.0810448673695128,0.10026975527465562,0.16208327615651866,0.09791518780350143,0.08176288837723787,0.08692856715687876,0.14654002858869727,0.42621116144966964,1.6025495919141555,0.9990166871623427,6,30867,0.06458017758659648,462,58415.49757683277,84.4948981539016,966.5999949787014,2.7930217088257057,candidate_exploratory_not_formal_manifest,False,False
IMG-0337,8ae7ffaabb1e822d81e588b9c3b57f0171df036171280a9ceb823983600636d5,清代姑苏版画（候选，待确认）,gusu_qing_candidate,清代姑苏版画（候选）,1,1080,1820,428,722,1.2065415497214358,0.9932178071000353,0.13406017219127064,0.11536860046170809,0.12018580534772541,0.10806662837204067,0.13021745451755523,0.09708782578169946,0.08117019794499075,0.08366067324718145,0.13018264213582822,0.5837251872419944,1.8574824676530841,0.9997138022345545,4,73986,0.23942449581898673,1549,137208.18907535076,246.8252292748656,5012.685427291791,2.940204777832166,candidate_exploratory_not_formal_manifest,False,False
IMG-0044,8b89018de0cb38daab0ffa3339515c1ec0bb9eff0b50971c605383c9654be4d6,清代姑苏版画（候选，待确认）,gusu_qing_candidate,清代姑苏版画（候选）,1,979,1000,706,722,1.2752402000059142,0.9972124777608862,0.14169335555621268,0.11429353120502149,0.10348495475724596,0.10528968618512588,0.10880268389266289,0.10405150781922759,0.10006242892438415,0.10080400257229631,0.121517849087823,0.4665248182808731,1.6628508898988303,0.9994626390258339,6,46460,0.09114593551120981,649,85130.23423707485,119.23750473754907,1273.2180832280494,2.9186102935206897,candidate_exploratory_not_formal_manifest,False,False
IMG-0250,8bc8de633c483e804ba5a17574bd7911c64a3927b2b36586a5648c2feaadb0b6,清代姑苏版画（候选，待确认）,gusu_qing_candidate,清代姑苏版画（候选）,1,1279,1810,511,722,1.4601451258393843,0.983613181635216,0.16223834731548714,0.08812270086989257,0.0914658593053596,0.10181735728319977,0.1333017915187294,0.09698917933904483,0.08440466634073526,0.08073539112836775,0.16092470689918367,0.5249933002110989,1.7263098501946763,0.999441788460197,5,37909,0.10275056783993149,530,71139.28241467476,117.11982944347902,1436.54016078408,3.0478643087467816,candidate_exploratory_not_formal_manifest,False,False
IMG-0284,8ce7e7a854d03ab619f5fb7593beb6f3d767a671bc4884a5aeccf9cebae2c528,清代姑苏版画（候选，待确认）,gusu_qing_candidate,清代姑苏版画（候选）,1,3079,4000,555,722,1.4766025718906208,0.9799480854847988,0.15853003681833047,0.08934238221532627,0.09618913374544914,0.09400530490175514,0.1640669524322912,0.09024881305470826,0.07625279576945682,0.08031541912662521,0.15104916193605752,0.4611462882478522,1.5834409001011853,0.9998185158169225,6,28082,0.07008060692271219,502,52610.575655937195,83.11089582503091,1252.7763220283996,2.7706834676833254,candidate_exploratory_not_formal_manifest,False,False
IMG-0019,8e18dbfaea4654e188dfe1d0c76032b06b925e145d5f10f0f64242eda76e0334,清代姑苏版画（候选，待确认）,gusu_qing_candidate,清代姑苏版画（候选）,1,1000,754,722,545,1.1547930111366151,0.9981200718055075,0.11971152059071694,0.10182686829107596,0.10048222091812663,0.11043890785178297,0.128310334570735,0.11345067228371372,0.09952503084589474,0.10290454648330115,0.12334989816465301,0.4586557930021492,1.63579846400097,0.9998068324709114,6,34075,0.0865968639609647,558,62558.09952557087,99.7279052071503,1418.079239624895,2.885699103540276,candidate_exploratory_not_formal_manifest,False,False
IMG-0422,8e7e4645c199b4a3f24233713f61f2e9197a395c66c1d5d225869b9348cdee33,清代姑苏版画（候选，待确认）,gusu_qing_candidate,清代姑苏版画（候选）,1,2068,4000,373,722,1.5353967151441386,0.9842970746049146,0.13074210176390352,0.09010705747937489,0.10511312473912024,0.1298085723980027,0.17059963501601538,0.10912779022117616,0.07742816013650036,0.0685705116135911,0.11850304663231574,0.551181074526856,1.8120157662369354,0.9989183765505658,5,48479,0.18001455593265653,923,89543.35219347477,172.54816066571257,3427.3280209130135,2.587039886640254,candidate_exploratory_not_formal_manifest,False,False
IMG-0449,8f6205393e85578180baa6b9e53d00e65a933231b4015e26016aa2aad76e8ae8,清代姑苏版画（候选，待确认）,gusu_qing_candidate,清代姑苏版画（候选）,1,2859,4000,517,722,1.2111350485478105,0.9980141462084748,0.11278811470117325,0.10030223294914141,0.10520045558020408,0.11992374696535008,0.13457056094975672,0.11453282787475617,0.10502895015677119,0.0984581518964276,0.1091949589264194,0.5669904845874765,1.7394008551180766,0.9996302597936971,6,48954,0.13114762881958025,826,90382.01907491684,147.93405732478723,2212.8516853571373,2.8584026472556356,candidate_exploratory_not_formal_manifest,False,False
IMG-0348,8fb8595b171829a5edf9003edb5542a2ea3d2cf1a9ba0db0fd2a0449adb6de33,清代姑苏版画（候选，待确认）,gusu_qing_candidate,清代姑苏版画（候选）,1,1668,1080,722,467,2.1104772261735762,0.963541736291118,0.10330312655563131,0.06906726565276558,0.08121775833482492,0.12857170660678968,0.2344974695748418,0.12482207828986622,0.0822196592591249,0.07178398738942963,0.10451694833672584,0.5338464597252738,1.7936409065520202,0.9996648291205634,4,66494,0.19720974926892346,1055,125095.70933628082,215.43456046960245,3128.948258169373,3.1417915759443096,candidate_exploratory_not_formal_manifest,False,False
IMG-0092,90d57f37847ebd251dd175e03631c2b6ff62ab417ab2b6c090e3c4c9431a6d21,清代姑苏版画（候选，待确认）,gusu_qing_candidate,清代姑苏版画（候选）,1,1502,3400,319,722,1.1848974424529017,0.993952671936346,0.12435115238828362,0.11656917286295541,0.13059649138297783,0.13165527138365574,0.12416445026845012,0.09804807976309797,0.08297350183548026,0.08453283281472573,0.10710904730037332,0.5086722315857473,1.6803347974696838,0.9994034598994699,5,27669,0.12013390182269731,421,50698.571608901024,105.64082478965086,1827.9075018018566,2.7855374666724364,candidate_exploratory_not_formal_manifest,False,False
IMG-0053,910364504cb3d11d1c221ce3f654b655302b33d7ae7bf7c422bd5ce4713f337e,清代姑苏版画（候选，待确认）,gusu_qing_candidate,清代姑苏版画（候选）,1,954,1000,689,722,1.2034701661103815,0.9972254997237435,0.12035052745666443,0.0997378398857084,0.1031675814762704,0.12123295230790687,0.13371890734559794,0.10724361170694989,0.09414585702901972,0.10093409059640371,0.11946863219547854,0.5217776030048396,1.5896759576245958,0.9991890772140728,6,26910,0.054095019076987404,374,50215.28875589371,71.1963541429097,751.8222643921698,2.5076990989739216,candidate_exploratory_not_formal_manifest,False,False
IMG-0162,9120d08ffc126cc5be902ede4edc63d2220b66715d33ae0471a6850388725fca,清代姑苏版画（候选，待确认）,gusu_qing_candidate,清代姑苏版画（候选）,1,3571,2511,722,508,1.6441419119919227,0.9855787568465839,0.10304942015343813,0.08879299173538548,0.09909079993595994,0.13292830580020418,0.1826824346657692,0.12009133553482856,0.08923122317713421,0.08300267796194474,0.10113081103533564,0.5755793680981498,1.8082392713157491,0.9994854985763308,3,84521,0.23044310423800904,1644,156597.34891963005,258.57346223386213,4482.299823325408,2.880316908660097,candidate_exploratory_not_formal_manifest,False,False
IMG-0174,9170c8c9e46c6ffbd66539521afc359e894268be5cf6c5ceb3d8cbfffc863d5c,清代姑苏版画（候选，待确认）,gusu_qing_candidate,清代姑苏版画（候选）,1,2096,3852,392,722,1.3805255595716464,0.9938279807913966,0.12344681197544737,0.09290053185094518,0.0918539147408168,0.10702337966292347,0.15339172884129404,0.11077455140321144,0.10135071202014265,0.09550902780519266,0.12374934170002622,0.4693848571991188,1.6105055966553785,0.9999121567823052,6,27468,0.09705184012663237,438,50969.68067216873,95.80767043640739,1547.5719373622026,2.8485944470588276,candidate_exploratory_not_formal_manifest,False,False
IMG-0268,92cbf16b3bc947eb4380310aff578241e8d4b3f544a78c991364ca611c46de2b,清代姑苏版画（候选，待确认）,gusu_qing_candidate,清代姑苏版画（候选）,1,1341,1391,696,722,1.8806492263191006,0.9741269677757296,0.08746387578950161,0.07297663615685455,0.08331509712124634,0.11510626718167526,0.20896102514656673,0.1418736761009063,0.11217461490851593,0.08698262435392395,0.09114618324080928,0.5740407490170105,1.4870219268265825,0.9994138894506349,5,31026,0.06174180915082625,338,58060.25460112095,81.90411412333621,672.6207533352438,3.6757107087056324,candidate_exploratory_not_formal_manifest,False,False
IMG-0403,9397b05a6033717d575f3a71e101e80ceedd39d311f3f9055189a9b3066f5af9,清代姑苏版画（候选，待确认）,gusu_qing_candidate,清代姑苏版画（候选）,1,2245,4000,405,722,1.156195261904161,0.9986364291483376,0.11308932845860493,0.09947452758072878,0.10000682372714144,0.10817469675579619,0.12846614021157346,0.11030358825323808,0.10874944125314603,0.11088426051547344,0.12085119324429773,0.5211994684831472,1.5952639020563133,0.999814175299558,6,18749,0.06411887418350945,256,34215.9796359539,63.27510410734107,875.4830546150953,2.3373473302638725,candidate_exploratory_not_formal_manifest,False,False
IMG-0029,9466c150cc6a92aecb0ab1b48a6e3eb7d868d419b3f45a53ac5b260d03278407,清代姑苏版画（候选，待确认）,gusu_qing_candidate,清代姑苏版画（候选）,1,1000,849,722,612,1.1129313859849155,0.9987371298162798,0.12365904288721284,0.10693874715508446,0.10343730586590075,0.11459196402164139,0.12160384807986324,0.10422643274831814,0.10041619262582673,0.10554731999740413,0.11957914661874841,0.39315677217876677,1.6932855265165727,0.9994252388976936,6,45522,0.1030226495030145,626,84194.62143611908,126.66016186757516,1416.725508301197,2.801977969787472,candidate_exploratory_not_formal_manifest,False,False
IMG-0105,94d53841315850a42f0ede4b2f5b06ba329f0b3b71537a01970af3f2fa69df05,清代姑苏版画（候选，待确认）,gusu_qing_candidate,清代姑苏版画（候选）,1,3400,2471,722,524,1.6166390795651746,0.9871617660799676,0.10271174413449322,0.08589970568723325,0.08869937155600496,0.12222105887970952,0.1796265643961305,0.12709831508882088,0.10129108945182673,0.08997456840474558,0.10247758240103531,0.6000092991954038,1.8293816866333341,0.9997034786435447,3,90489,0.23918134528768686,1753,167707.74217629433,272.65839245705274,4633.545494914466,3.4296572675811734,candidate_exploratory_not_formal_manifest,False,False
IMG-0034,952a2c682f0548d68bb3e59e4fb4fc2670998355351a6b14f3edda959cf61af2,清代姑苏版画（候选，待确认）,gusu_qing_candidate,清代姑苏版画（候选）,1,939,1000,677,722,2.265435359488733,0.9347141718338224,0.06633572961544422,0.07039633931333002,0.09615379506121186,0.18201281308985232,0.25171503994319255,0.1398253386012636,0.07395047715864365,0.05766964060166044,0.06194082661540144,0.5533132906193865,1.8276794681865105,0.9994731587467375,4,104697,0.214194527756069,2013,196839.64058840275,281.54617417473804,4118.299324459793,2.5827224804314293,candidate_exploratory_not_formal_manifest,False,False
IMG-0025,95688611c09dbfb115ede8bd872aa3533e2db0d3984d4a55ad35f9044fa49fe9,清代姑苏版画（候选，待确认）,gusu_qing_candidate,清代姑苏版画（候选）,1,1000,996,722,719,1.5493021754038245,0.9863035358931318,0.1100382831831611,0.08776132436501781,0.0960405586025221,0.13853770222921263,0.1721446861559805,0.11393303408121387,0.07972411337325007,0.08361575097501762,0.11820454703462434,0.5254503889138014,1.8513804889127217,0.9998254255019665,5,110758,0.21335804190954658,2078,207884.91777038574,288.52931059689746,4002.9434540894367,3.1121437446454734,candidate_exploratory_not_formal_manifest,False,False
IMG-0353,96aaa267ae3886f84bb1c84ce1b38f0f145f4fdde2ba42cae6c70e5d6e9e44b8,清代姑苏版画（候选，待确认）,gusu_qing_candidate,清代姑苏版画（候选）,1,1068,1866,414,722,1.5555499832474964,0.9873489230047373,0.12592314668044546,0.08715061697577868,0.09802016529740597,0.11534026385986933,0.1728388870274996,0.10590665645289687,0.08438044043733278,0.08333072818979724,0.12710909507897394,0.4944368934525467,1.5906081880328862,0.9993488661509863,5,27395,0.09165027366279925,376,51265.580708265305,93.76853090069838,1257.9121334992706,2.814630049805696,candidate_exploratory_not_formal_manifest,False,False
IMG-0329,976aa3b2dd4bbca1eba2c483a27e053ae02e94dc9b77b900de0ad4c75ccf0eea,清代姑苏版画（候选，待确认）,gusu_qing_candidate,清代姑苏版画（候选）,1,972,1772,395,722,1.2849256523187516,0.9881269178086108,0.14276951692430573,0.09446653569183766,0.10276538341346875,0.12485464168045522,0.14268385523150132,0.09823092884389553,0.074715794610525,0.08058075836422246,0.13893258523978852,0.553003561630962,1.6929485585164612,0.9985414955979509,4,43661,0.15309442827588626,718,81661.07318127155,152.91424207860555,2517.61983239244,2.3176894501372605,candidate_exploratory_not_formal_manifest,False,False
IMG-0413,97cd21d783953673699cb2b945d8039fe349a53bb8807a7ebc65ca8f755d49af,清代姑苏版画（候选，待确认）,gusu_qing_candidate,清代姑苏版画（候选）,1,4000,3183,722,575,1.1321620571815312,0.9984765601184113,0.10920252155133495,0.10909332644357828,0.12080070005185184,0.12273033809156197,0.12579578413128123,0.10712693696903944,0.09981391076176387,0.10010763605451849,0.10532884594506985,0.3432569140777634,1.5963829743501445,0.9993620261619566,6,27361,0.06590629892809828,317,49897.743181824684,77.44232486782013,763.5794291220041,2.6685182225310715,candidate_exploratory_not_formal_manifest,False,False
IMG-0168,98641ecec94a38bc4279af8f363a952d7c6cf04bd67cbff37279f213a1725415,清代姑苏版画（候选，待确认）,gusu_qing_candidate,清代姑苏版画（候选）,1,3898,2222,722,412,2.43506102144013,0.941611763178396,0.08987225896065078,0.05906880679359626,0.08016319635581234,0.13862708222315895,0.27056233571557,0.12955991648089907,0.08331530261603257,0.05920723578245457,0.08962386507182543,0.48800823507275926,1.7316658894149952,0.999641307909016,5,45807,0.15399174353871392,594,87037.23727881908,159.5834649602273,1996.8802947583572,3.0727337441607703,candidate_exploratory_not_formal_manifest,False,False
IMG-0336,98765fe88870f27885e8041aa06c7d91106512dc134241b1d6100ffe4c379032,清代姑苏版画（候选，待确认）,gusu_qing_candidate,清代姑苏版画（候选）,1,1006,1876,388,722,1.5898127492791505,0.9849881854881491,0.11704225809563097,0.09358847774672871,0.10223032675042919,0.13788687952572656,0.17664586103101673,0.11263709987403589,0.08716087230796375,0.0706350471439945,0.10217317752447366,0.41342922010636873,1.7276259454473222,0.9989987328973435,6,33267,0.11875303424051176,566,61152.74890434742,115.53977630994255,2020.447211354485,3.143288301462954,candidate_exploratory_not_formal_manifest,False,False
IMG-0201,98e3e9a442823f1b7ab494f4c96c3bdca7b65d63ad1944a02d5e3301541fbd87,清代姑苏版画（候选，待确认）,gusu_qing_candidate,清代姑苏版画（候选）,1,4000,2114,722,382,1.8370672183117374,0.9693651590209503,0.14110286873607575,0.06904843386191388,0.07160549232978222,0.09659125812011857,0.20411857981241527,0.10599173892497257,0.08458114017880931,0.07910732387176289,0.14785316416414956,0.5937389804793758,1.7553963534204913,0.9986850723757845,5,41176,0.14929442647677335,620,77850.02461707592,148.2376337744895,2247.9731983582546,2.989362783821977,candidate_exploratory_not_formal_manifest,False,False
IMG-0064,997bcd20ce946829aafb3392e265414716d2499bb79d661e9b50698cc3d4234a,清代姑苏版画（候选，待确认）,gusu_qing_candidate,清代姑苏版画（候选）,1,1000,972,722,702,1.7233249427030337,0.9812915075518827,0.12326774136300202,0.08101354374240105,0.08090294281755259,0.10825452013918858,0.19148054918922597,0.11153403941221395,0.08616927495011135,0.08677369492431627,0.13060369346198822,0.4611416481492512,1.7120100535404947,0.9997403204977044,6,56320,0.11111900308576209,869,105870.33002507687,148.70895166360387,1714.5314929248448,2.7077162871458165,candidate_exploratory_not_formal_manifest,False,False
IMG-0023,99fed0b3bf4b0f8a052355dfcdc9cd30d066dd46634c521e980835469abc2e3e,清代姑苏版画（候选，待确认）,gusu_qing_candidate,清代姑苏版画（候选）,1,1000,814,722,587,1.4510711616911605,0.9919895525562656,0.11194893862975472,0.0940692754189794,0.09309227960845497,0.12134312783351049,0.1612301290767956,0.12674267621090368,0.09534856498598047,0.09113645825799341,0.10508854997762718,0.5410353801236978,1.6443636653532774,0.9996897756572465,6,27203,0.06418617601117471,472,50877.551605820656,78.15172241945878,1113.6961025355463,2.2346471563949897,candidate_exploratory_not_formal_manifest,False,False
IMG-0458,9a994d0537b8df9a2204c278a2c98825f82d50d1adf2b2662f1931c69110caf0,清代姑苏版画（候选，待确认）,gusu_qing_candidate,清代姑苏版画（候选）,1,2467,4000,446,722,1.7173586328062478,0.9662170538987123,0.19081762586736087,0.09125714061852633,0.07639758456052997,0.09006770845251384,0.142180329924554,0.0855358856593957,0.06602165283383286,0.07873814259322734,0.178983929490059,0.6193584872236779,1.7027040941459444,0.9982618523771292,4,47480,0.1474479211954834,701,90266.48430156708,159.07081264148326,2176.93750543458,2.4337667828995806,candidate_exploratory_not_formal_manifest,False,False
IMG-0249,9b6c35f7c6743acdd671104be7dba00fc5435ed63c2a8aabbd7fe5f101b9e2ab,清代姑苏版画（候选，待确认）,gusu_qing_candidate,清代姑苏版画（候选）,1,1279,1810,511,722,1.7801377442911863,0.9772361583340133,0.12552094751053564,0.07997547034248201,0.08948456941838583,0.12802196648079434,0.1977930826990207,0.1117133846052617,0.07861692370176232,0.07179968630056305,0.11707396894119447,0.5541436659919174,1.7120309328812169,0.9987842417425362,5,43348,0.1174927224333364,792,81571.84920334816,134.2954376514005,2146.6788817754555,2.9675372286636517,candidate_exploratory_not_formal_manifest,False,False
IMG-0421,9b7502e5416ab56a0ead3501ad559f8272af60958d296507f6dc793075b6e2e9,清代姑苏版画（候选，待确认）,gusu_qing_candidate,清代姑苏版画（候选）,1,2652,4000,479,722,1.3664683457223665,0.988887427858759,0.14712242216577523,0.10797720861574944,0.10250584580656245,0.1075404654046671,0.15182981619137406,0.08963489882834294,0.07755964603161687,0.08718442093254611,0.12864527602336587,0.46181476853069514,1.6983537052591422,0.9998202323268922,6,29958,0.08662437326146924,481,55678.17726957798,94.67790814950364,1390.82460574026,2.355401175580618,candidate_exploratory_not_formal_manifest,False,False
IMG-0364,9bde9492bad2fb3d9cc2e38b4df23d1217ef990bc628f94314eb430531cdbc05,清代姑苏版画（候选，待确认）,gusu_qing_candidate,清代姑苏版画（候选）,1,778,1174,479,722,1.3017636162265227,0.9928132592650167,0.14464040180294696,0.10204919236585644,0.09465776189350197,0.10444424393272092,0.1286979044406094,0.09518538452722447,0.08922066165047206,0.09951458758490639,0.1415898618017614,0.5735647241711764,1.8428420374117669,0.998921037975546,4,71819,0.2076665953423279,1411,132480.88237845898,225.27700130453653,4079.94494532122,2.703194184091503,candidate_exploratory_not_formal_manifest,False,False
IMG-0055,9c03188b236bb48a2a11e40a5c46c49d23c2a283168bb8d2b0865250d33c6039,清代姑苏版画（候选，待确认）,gusu_qing_candidate,清代姑苏版画（候选）,1,1000,879,722,635,1.4676469652337005,0.9814005285518986,0.16307188502596673,0.10888980543899411,0.09922030227742287,0.11529539711856529,0.14971443412430868,0.09021616719621807,0.06769339015767811,0.06978958723740711,0.13610903142343903,0.46441741336334563,1.7855671389543086,0.9995527416576039,6,65902,0.14374332017362096,912,123790.05072927475,182.8227677710329,1989.2250310816412,2.608826923854506,candidate_exploratory_not_formal_manifest,False,False
IMG-0277,9ccded69487eaa18b1a9771db712ae968558468bfaf09f1a3ff522fd30e1d59d,清代姑苏版画（候选，待确认）,gusu_qing_candidate,清代姑苏版画（候选）,1,3889,2226,722,414,1.3637848780309016,0.9925157519360472,0.11699947012455966,0.1059568442047564,0.11928360187761158,0.12668208219656385,0.15153165311454464,0.1027806329331325,0.0825773231390706,0.08302650077664718,0.11116189163311356,0.5336874820094388,1.7731688018494278,0.9989915894397137,3,63427,0.2121957257751549,1005,116973.2010102272,213.952618149368,3362.2385483158696,2.6500426565463866,candidate_exploratory_not_formal_manifest,False,False
IMG-0113,9d4911a4fbc30c9c5adad43f912703d676de1d428422750616e53ff2c0852331,清代姑苏版画（候选，待确认）,gusu_qing_candidate,清代姑苏版画（候选）,1,3400,2384,722,507,1.4875566310602708,0.9898010669967088,0.12171549151733091,0.09715382170646167,0.10478155780732672,0.11311902969322181,0.16528407011780788,0.11348820275268755,0.07800622302806273,0.08502921393084723,0.12142238944625358,0.5756219937912079,1.8164371171441418,0.9996021130353344,3,81412,0.22240434471416787,1397,153285.0848581791,253.35374027109225,3816.376818720735,3.0279946887363964,candidate_exploratory_not_formal_manifest,False,False
IMG-0271,9d4c57268468459939eb76998267284c4a623f3bd339194d15d3b68ff522a963,清代姑苏版画（候选，待确认）,gusu_qing_candidate,清代姑苏版画（候选）,1,1634,1089,722,482,2.46131760503256,0.9447067317414177,0.08392328516345801,0.06816879893546653,0.07843625993768567,0.13174285330731464,0.2734797338925066,0.12640315223682116,0.08564971829191645,0.06993148747207262,0.08226471076275814,0.5683627412534931,1.8780202618016801,0.9990094348724514,4,79273,0.22779335869702647,1225,148622.98046064377,251.93809920832868,3520.074481902507,2.588913935679206,candidate_exploratory_not_formal_manifest,False,False
IMG-0181,9eb0a0802ad759ea4a5fe2a8a60caf1b5139dfec4c1f4a9d2d91a869b069bb17,清代姑苏版画（候选，待确认）,gusu_qing_candidate,清代姑苏版画（候选）,1,2407,4000,434,722,1.4200892480410086,0.990392914256523,0.13064668997987697,0.10437435092391278,0.10479589003296241,0.114467123953044,0.15778769422677874,0.10048979797763123,0.07931875667093784,0.08288153149756322,0.1252381647372928,0.5850266784899032,1.7008491344494434,0.9999424553143117,4,45084,0.1438783716506887,744,85271.93555688858,152.3325308297493,2374.356944994064,4.578303409688672,candidate_exploratory_not_formal_manifest,False,False
IMG-0043,9ed15a25fa9701e4b352926f6fd82824b39795fe922dc9216518e08ad8295fdc,清代姑苏版画（候选，待确认）,gusu_qing_candidate,清代姑苏版画（候选）,1,1000,941,722,679,1.1651885372394688,0.9981696699874175,0.11293083345305882,0.11333516027411132,0.11014572333113253,0.1230424502228818,0.12946539302660764,0.11017359965284126,0.09695807301691367,0.09741592593052908,0.10653284109192383,0.43605049219586034,1.6661051880742257,0.9997392852358722,6,47062,0.0959982702279301,666,86599.69667971134,123.68381854732262,1358.5238190429955,2.9617403462290026,candidate_exploratory_not_formal_manifest,False,False
IMG-0430,9fa15d7b6f31dce355605a1151ea2b14b929a48aec73bb7f26110aa74ffbad46,清代姑苏版画（候选，待确认）,gusu_qing_candidate,清代姑苏版画（候选）,1,2707,4000,488,722,1.2034321388573406,0.998089740679827,0.11374339713989583,0.10018468685106513,0.10534830451318655,0.11952692802469843,0.13371468209526005,0.11276917901295908,0.10270593344088695,0.09938837674339872,0.11261851217864931,0.6233307155131893,1.797891373785252,0.9998570283143952,6,54084,0.15350120339675763,1053,99055.37750661373,166.87817732265773,2988.624494800418,3.639985205578674,candidate_exploratory_not_formal_manifest,False,False
IMG-0076,9fc320e627eba81c44b3445beb4e045b5881e2f611bb239d89f004ef3ba65234,清代姑苏版画（候选，待确认）,gusu_qing_candidate,清代姑苏版画（候选）,1,670,1000,485,722,1.2014436448573012,0.9958955683030659,0.13012125819051445,0.10340360103406684,0.11063650766955906,0.11368143847444394,0.125295778334005,0.09996287168873456,0.09131617090871107,0.09208863538248724,0.1334937383174779,0.4915170386739983,1.74096307784613,0.9998705506754618,5,54321,0.15512750949538795,814,99575.04500675201,168.27168488495798,2324.58520147357,3.7382553828735596,candidate_exploratory_not_formal_manifest,False,False
IMG-0397,a130a35344e907b58732f0ad29c0a8d651f7aa6b16b1660a3afeab0e5815b91b,清代姑苏版画（候选，待确认）,gusu_qing_candidate,清代姑苏版画（候选）,1,1839,4000,331,722,1.2963406278211802,0.9917383899527792,0.12262455541762747,0.09234898362358496,0.14054769897327402,0.11363826235782583,0.14403784753568669,0.10175243057514768,0.08529976382694661,0.08269604914837947,0.11705440854152731,0.4956087843515399,1.7243920997717583,0.9996916760003297,5,36078,0.1509653446703099,515,66831.36634516716,136.70920083727896,2154.974014779356,3.4937733745362953,candidate_exploratory_not_formal_manifest,False,False
IMG-0375,a1595dd438a3e0a2c6556ee51e577a4f3a1791122808d9ef5523574f407d8a18,清代姑苏版画（候选，待确认）,gusu_qing_candidate,清代姑苏版画（候选）,1,4000,3703,722,669,1.4693581479064384,0.9881799572136182,0.13692070546443247,0.10030342586586974,0.10229349317589433,0.11513595389417683,0.1632620164340487,0.09959912751924445,0.07726083966817635,0.08128070385274865,0.12394373412540843,0.487045232573435,1.724201663499146,0.999036715668159,6,49296,0.10205830838602288,828,92402.14316630363,132.953687366436,1714.2218302423512,2.7343464395393196,candidate_exploratory_not_formal_manifest,False,False
IMG-0205,a1de357a3f2904ab2e75ef17a41e5450039de0bca2ecb698f9308d78cdf7e969,清代姑苏版画（候选，待确认）,gusu_qing_candidate,清代姑苏版画（候选）,1,2938,3384,627,722,1.5581380636764686,0.9808790571305127,0.17312645151960762,0.09249545024185574,0.08536234663493504,0.10046248562859655,0.126351536152861,0.09049867613576425,0.08306907153068364,0.08389308225921645,0.16474089989647966,0.5006579235525728,1.5858614722064817,0.9983486156633924,6,21930,0.048443319328287986,275,42136.18172907829,62.62573114508106,607.4743645818147,2.574832805247701,candidate_exploratory_not_formal_manifest,False,False
IMG-0204,a2208d0e168ff5c511afd809439ba61c62c561caecefcf0e3b19c4e554991240,清代姑苏版画（候选，待确认）,gusu_qing_candidate,清代姑苏版画（候选）,1,2382,3543,486,722,1.4715874297901468,0.9875369614841666,0.13766944031137368,0.0912378205677448,0.08347747194394049,0.09651992223569376,0.1635097144211274,0.09937472901706061,0.09071341224755848,0.0974257569921095,0.14007173226339129,0.4938003964162444,1.6573776082134961,0.999892644811193,5,34849,0.09931545888763495,462,65467.94957971573,110.52028746532667,1316.6444376047332,2.5330485270317236,candidate_exploratory_not_formal_manifest,False,False
IMG-0156,a2ff1009bf46a8f612cf61330a6ddc1b960f204fd3b562e843f3aba56a955e39,清代姑苏版画（候选，待确认）,gusu_qing_candidate,清代姑苏版画（候选）,1,2840,3450,594,722,1.6416979283907962,0.9744257761391879,0.16410346814693766,0.12718487032691567,0.09466279007198748,0.08468058599460522,0.11866265611492079,0.07457728997861815,0.06672148621410413,0.08699597221960018,0.1824108809323107,0.49774717405205526,1.6030682655206114,0.9993660152863747,5,41322,0.09635132488318084,492,77596.00198471546,118.48886085116618,1147.2061333557178,2.6403227945611034,candidate_exploratory_not_formal_manifest,False,False
IMG-0313,a35a905bfeede5702d30eabcde2190eadcd11388c841339a085d15d24ab18e0e,清代姑苏版画（候选，待确认）,gusu_qing_candidate,清代姑苏版画（候选）,1,540,406,722,543,1.1628129939913212,0.9981772506759017,0.1184509421525943,0.10483653652599656,0.10988843665659588,0.11796429053249387,0.12920144377681347,0.10753778810648322,0.0957133543609712,0.09938321542976966,0.11702399245828185,0.32782147517876004,1.6568879096910094,0.9990882550949632,6,32807,0.08368150676196161,417,59708.173892736435,95.35978767207558,1063.6506940512083,3.0492869131155964,candidate_exploratory_not_formal_manifest,False,False
IMG-0114,a5a6e3f5174e248f1afcdb43f52fb619da874be25dae9d0fb7674d471a17c5d3,清代姑苏版画（候选，待确认）,gusu_qing_candidate,清代姑苏版画（候选）,1,3400,2385,722,507,1.4040520985596325,0.984875583895453,0.1522944659258925,0.08784863280730595,0.08685146495853446,0.11179881845341898,0.14201453220649662,0.0975728392871319,0.07945187304985424,0.0861615845825173,0.15600578872884807,0.5709410004265048,1.8836155860582198,0.999344228057213,4,82954,0.22661683795287035,1528,155235.1519562006,256.5768639919712,4174.247515393904,3.2599880143828233,candidate_exploratory_not_formal_manifest,False,False
IMG-0057,a66849e69cdbd4aaecb0fe0edc89d6457ffeae9c107848d6842ea43b16dd9544,清代姑苏版画（候选，待确认）,gusu_qing_candidate,清代姑苏版画（候选）,1,779,1000,562,722,1.1507957829861086,0.9970292516989837,0.11964328921367379,0.10854997137496344,0.11513044628712664,0.12390749483781711,0.12786619810956762,0.1131338162070947,0.09308129262132595,0.08785370897883021,0.11083378236960058,0.49615778742980265,1.71856483987393,0.999673956151471,6,40748,0.10042290592561193,508,75245.56330859661,118.12563094411635,1251.9592669630622,3.1719977403743917,candidate_exploratory_not_formal_manifest,False,False
IMG-0161,a81c9679e1cad0984325ddbafeffab1a6a5cec430c9bc86c17cf5546a069ebf0,清代姑苏版画（候选，待确认）,gusu_qing_candidate,清代姑苏版画（候选）,1,3708,2482,722,484,1.537629439657914,0.9882419243139071,0.12567415842316323,0.09518081705152887,0.09792989975441356,0.12030569745406323,0.170847715517546,0.09882958279494154,0.0819994503664845,0.08560664228588659,0.12362603635197263,0.5775682327863427,1.845150580444471,0.9995361111157001,3,89548,0.2562555802293904,1843,165092.37902736664,279.2773701733749,5274.0321879077865,3.119164430334265,candidate_exploratory_not_formal_manifest,False,False
IMG-0036,a9000aaafb7f90abc0c84c917e19258df6dbd254fff3bec2c6f05437f7e04df6,清代姑苏版画（候选，待确认）,gusu_qing_candidate,清代姑苏版画（候选）,1,1000,863,722,623,1.1766181597702634,0.9984737177383424,0.11420447731816623,0.10230955516131679,0.10061077565083905,0.1165131848172118,0.11831438886265137,0.10660817730946119,0.10312963049240355,0.1075744593023652,0.13073535108558482,0.4529797572625993,1.6347496219123516,0.9998588086907859,6,38569,0.08574585487965923,574,71537.0411144495,106.66411908274996,1276.105698901304,3.1711707301692127,candidate_exploratory_not_formal_manifest,False,False
IMG-0385,abc3193e08dc0a6bdfcb3ba2001276e3d6365e6913c27ba481ff3485ddbed0e8,清代姑苏版画（候选，待确认）,gusu_qing_candidate,清代姑苏版画（候选）,1,4000,3692,722,667,1.4808279690987969,0.9855831332687243,0.14017359059447335,0.09108723479431592,0.08825338451668803,0.1154357165091099,0.16453644101097742,0.10023467798563067,0.0838688406594392,0.07864147882141452,0.137768635107951,0.5101857073476305,1.730255048115957,0.9991316005419769,6,49470,0.10272564548750555,833,92783.83033442497,133.70288594488648,1729.7445460095437,2.575550986821779,candidate_exploratory_not_formal_manifest,False,False
IMG-0112,abf0cd8922d1fc1580b4f4b8e37371e1495a95366840a4b32e149a5208385c4f,清代姑苏版画（候选，待确认）,gusu_qing_candidate,清代姑苏版画（候选）,1,1542,3400,328,722,1.92748518753151,0.9678778055797269,0.14819934505818175,0.09657680900110523,0.08062905766780475,0.10918451177658303,0.21416502083683445,0.10401856037015982,0.06462007433391653,0.06727342351134441,0.1153331974440701,0.5378549692111523,1.7802320516579258,0.9991952509333146,5,43853,0.1851775217890683,728,82659.11885845661,169.85770455950777,3074.1166137423147,2.7147972137623615,candidate_exploratory_not_formal_manifest,False,False
IMG-0355,ac239fb4d0b658282fae3cc914f92ad050104bac0dc668cbe609009ca8f03f37,清代姑苏版画（候选，待确认）,gusu_qing_candidate,清代姑苏版画（候选）,1,1162,1862,451,722,1.8288661212060857,0.9771628729481011,0.10437790232879493,0.0907550590928553,0.09899078605545518,0.13269164367186664,0.2032073468006762,0.12191736905117904,0.08008117744413082,0.07044891603306486,0.09752979952197706,0.5748994786842088,1.7389642393939706,0.9993360596563692,4,57868,0.17771526493910117,919,108589.60452628136,190.29675461461684,2822.290877152035,2.492832899346896,candidate_exploratory_not_formal_manifest,False,False
IMG-0094,ac44abab0947340caa39542bacddb01fefd066f2dc2e81336cc6237290310e8b,清代姑苏版画（候选，待确认）,gusu_qing_candidate,清代姑苏版画（候选）,1,1515,3400,322,722,1.6646540259844977,0.9832583092415969,0.09711263732776479,0.07714071217639787,0.08756052302468458,0.13196089203075279,0.18496155844272197,0.13018679682187032,0.09589096612055553,0.08913043583520024,0.10605547822005199,0.531735066876873,1.596123104028417,0.9998843944238628,5,24788,0.1066223912183204,499,46011.07521772385,95.42580837194252,2146.384267304417,2.556446393381103,candidate_exploratory_not_formal_manifest,False,False
IMG-0331,acea00bba99722b2c947e838d55aa3e0ea49e4e0761a371d4501a3c828e87359,清代姑苏版画（候选，待确认）,gusu_qing_candidate,清代姑苏版画（候选）,1,1078,1590,489,722,1.3655857994564549,0.987746340586746,0.15173175549516166,0.09728270583392208,0.08308839094464122,0.09650960003134548,0.14788983964913127,0.09831200962820001,0.08603537745670284,0.0964145588650952,0.14273576209580013,0.5077462168423712,1.7367455169169221,0.9992493981479829,6,41824,0.1184621223708286,575,78581.53758299351,132.2505521584273,1628.6275909340675,2.2148776847295073,candidate_exploratory_not_formal_manifest,False,False
IMG-0130,ae3608133f4d6338ae1ef598f151eafe8dcfd908cdd8d9be08001d182bad5324,清代姑苏版画（候选，待确认）,gusu_qing_candidate,清代姑苏版画（候选）,1,2256,4000,407,722,1.3652774794537508,0.9918627219856504,0.13422093809767896,0.09075919683556607,0.0875881221351934,0.09775650520427397,0.1300580182743277,0.0979291586072756,0.09595290946808711,0.1140376536605138,0.1516974977170834,0.45358800806251065,1.7225037091896889,0.9977181847264881,6,32531,0.11070463563538356,543,60146.971876978874,110.95527754319082,1847.8564184935376,2.765547712396727,candidate_exploratory_not_formal_manifest,False,False
IMG-0127,ae96c23ca3843d5b5e1ea00dfad1e4953423c69da6ceac0fac53e99510e363ca,清代姑苏版画（候选，待确认）,gusu_qing_candidate,清代姑苏版画（候选）,1,3807,2998,722,569,1.738135794032697,0.9829542238472353,0.11562876557166406,0.09139361987902483,0.10250428682735363,0.11757860734258548,0.19312619933696631,0.11042469429194554,0.08046110429548402,0.07791808675733297,0.11096463569764314,0.5778330519484969,1.7247050011377392,0.9994967640577189,6,41741,0.10160460349838615,773,77841.14445519447,121.44635381674627,1881.611808635454,2.7135264558610053,candidate_exploratory_not_formal_manifest,False,False
IMG-0266,af26b77e593d94b9d8da12d3ad3bd027a64de94759778393aa2809ed749f7f57,清代姑苏版画（候选，待确认）,gusu_qing_candidate,清代姑苏版画（候选）,1,1416,1349,722,688,1.9062389270571747,0.9745322344062469,0.10722050363670944,0.0736736212567205,0.07784871558556564,0.12395003615698696,0.21180432522857495,0.11692062873437298,0.08683009269368347,0.08502747605793828,0.1167246006494478,0.5539080627371213,1.63603246156423,0.9988713941067167,5,50911,0.10249106165045417,590,97061.10537695885,137.71537056564,1187.75365586549,2.797607541421197,candidate_exploratory_not_formal_manifest,False,False
IMG-0136,afd8fb147fe6a0c1b7dd71eb1adc01327a6a9f346f87c79ca88c2a82c262985f,清代姑苏版画（候选，待确认）,gusu_qing_candidate,清代姑苏版画（候选）,1,2427,4000,438,722,1.552625874538114,0.9856241382791598,0.129866073755353,0.08276973047510722,0.08314603536113975,0.11018573068163982,0.17251398605979046,0.11482315793309658,0.08880739407841835,0.08511988410772538,0.13276800754772944,0.602617150601209,1.8180207010786587,0.9997098111794448,5,55278,0.17479983303608698,909,103595.76741230488,184.21982180124684,2874.435548134937,3.945076498773513,candidate_exploratory_not_formal_manifest,False,False
IMG-0276,afe37b7e0496eb1fd64f4632e4d21db3f48eddf9bbf3a6b24cdc7bbc2a65fde8,清代姑苏版画（候选，待确认）,gusu_qing_candidate,清代姑苏版画（候选）,1,2429,3508,500,722,1.2826741883499824,0.9923460323949247,0.1395550576794941,0.1035013259049657,0.0942473855641808,0.11096866188877738,0.14251935426110915,0.09736907685121086,0.0849690837896686,0.09361898900174238,0.13325106505885104,0.5060282790423709,1.7672994028674365,0.9983805775154592,4,65801,0.1822742382271468,983,122457.81711065769,203.81348387474628,2722.991689750693,3.0929940864161587,candidate_exploratory_not_formal_manifest,False,False
IMG-0237,b0134dc849e560a2e9fd662aeb100e1d463d78a1e10ff91de097e11745551b67,清代姑苏版画（候选，待确认）,gusu_qing_candidate,清代姑苏版画（候选）,1,4000,3000,722,542,1.5121314128267755,0.9781899733459148,0.16801460142519728,0.09154094008084003,0.08844452310421648,0.11755983559388081,0.1521859403064736,0.09010576604845222,0.06542795709272044,0.07858760296293117,0.14813283338528802,0.4350990656037531,1.6492848970666512,0.9996464054116874,6,35884,0.09169895023049954,513,68047.86093199253,108.77929398257432,1310.9341619731986,2.4056761382410614,candidate_exploratory_not_formal_manifest,False,False
IMG-0235,b0ab6eb28e88422b116827a61768b21aca156b3af4028d02e703547fa64ed2f2,清代姑苏版画（候选，待确认）,gusu_qing_candidate,清代姑苏版画（候选）,1,4000,3000,722,542,1.3451703070126053,0.9855995298911279,0.14004279479267256,0.08840465342486242,0.07386453605534225,0.08630679269672357,0.14946336744584504,0.13983463516161965,0.08950587337083794,0.0956175876121707,0.13695975943992575,0.5105301542330167,1.7190323773322236,0.9990739044854241,5,53108,0.1357136286044301,901,100119.50873827934,160.0480797672196,2302.4399219061443,2.2456782783424463,candidate_exploratory_not_formal_manifest,False,False
IMG-0267,b0b70c42e8e1098f82107f7d7e6c903ec65200fe1179df04c25b5f027a9ca6e6,清代姑苏版画（候选，待确认）,gusu_qing_candidate,清代姑苏版画（候选）,1,1384,1448,690,722,1.560208869363822,0.9879681187217484,0.11196228372456493,0.07843007831626858,0.08349122280515969,0.11026588797203261,0.17335654104042467,0.12458209931770302,0.10426781534724762,0.09516842447114077,0.11847564700545819,0.5977905906901866,1.5096417013169712,0.9996443520619461,5,32835,0.0659099120799711,407,62425.40475320816,88.44396880995541,816.9737845758561,2.8480350227425473,candidate_exploratory_not_formal_manifest,False,False
IMG-0243,b1a1fdad1bba32c4a0274dcd3b3f85856623ddd8dd1a844096db19bc36f5ac0c,清代姑苏版画（候选，待确认）,gusu_qing_candidate,清代姑苏版画（候选）,1,4000,3000,722,542,1.6006118253071355,0.9883012219576781,0.11372200722452866,0.09596106832011697,0.09890356590234191,0.11963969864310049,0.1778457583674595,0.11516327536388592,0.08462687751956073,0.08591677602786632,0.10822097263113947,0.5135046029963659,1.554333530752275,0.9975999052600047,6,26181,0.06690363995052694,395,48924.85453927517,78.20982264675963,1009.3937504471997,2.0174876462990303,candidate_exploratory_not_formal_manifest,False,False
IMG-0054,b1e81034b740364f44f2747033b5fc85438dbe179ed3727d31c19a80917722d5,清代姑苏版画（候选，待确认）,gusu_qing_candidate,清代姑苏版画（候选）,1,1000,882,722,637,1.2321374029627217,0.9967881549292912,0.11323845442103116,0.09891465261645127,0.0966329971616622,0.0952334651311001,0.10696503890188808,0.10956922803100676,0.11444006196404634,0.12810194588806728,0.13690415588474686,0.49673695191942835,1.58777485997945,0.999930017020178,6,30114,0.06547745882925939,367,55355.58150732517,81.6249827334086,797.9752736381149,2.6365135087771967,candidate_exploratory_not_formal_manifest,False,False
IMG-0439,b2723a3e44f6b5a79d5f70703089fcd1fb1fca89fd525dc6afebb467f87c0b61,清代姑苏版画（候选，待确认）,gusu_qing_candidate,清代姑苏版画（候选）,1,2382,4000,429,722,1.699134935817216,0.9853938938779735,0.10515772007330344,0.08595058667114433,0.08943343689990368,0.11827437708231954,0.18879277064635736,0.12105802304093916,0.09794743835893885,0.08823194886278972,0.10515369836430385,0.5488746853414073,1.8112788184345767,0.9998354628621873,6,50882,0.16427432216905902,870,94509.00028336048,169.8149510817136,2808.8255235069637,3.002619223450039,candidate_exploratory_not_formal_manifest,False,False
IMG-0213,b3cd33da926ca73751733bcddd59d7b76b908ea32a5189208bde3433fc17195b,清代姑苏版画（候选，待确认）,gusu_qing_candidate,清代姑苏版画（候选）,1,3612,2997,722,599,1.1076130679292253,0.9988395680387645,0.12306811865880281,0.10555194029357343,0.10202357043804446,0.10109663851600724,0.11918577068056954,0.11068136731091792,0.10908379837117561,0.10692602163853422,0.12238277409237469,0.4261229560960048,1.5695478898335322,0.9998462463548136,6,27387,0.0633257645475608,371,51098.67629003525,77.70118459789511,857.847104361378,3.593149046263692,candidate_exploratory_not_formal_manifest,False,False
IMG-0147,b46a4d5940850a60d22d9810cc7b6aef2f24335d1f095bedf632ca306b6b9881,清代姑苏版画（候选，待确认）,gusu_qing_candidate,清代姑苏版画（候选）,1,3348,2950,722,637,1.3196919032688037,0.9951391311721357,0.1211095015224077,0.09921167969462241,0.1007220137813341,0.12024154927757504,0.14663243369653375,0.112348259074195,0.09223965057466722,0.09191173924240191,0.1155831731362629,0.6123344845106741,1.788039689882584,0.9990891286720534,3,99710,0.2168014020012437,1623,183949.4463057518,271.2440185736312,3528.9206242906284,2.9091664628196545,candidate_exploratory_not_formal_manifest,False,False
IMG-0232,b46ae53eec282ec8f1ae9e324a02c6a9050465cb834c4350f95aa462e6801b95,清代姑苏版画（候选，待确认）,gusu_qing_candidate,清代姑苏版画（候选）,1,414,600,498,722,1.4310845942456116,0.9880418953187485,0.14369947013498502,0.1011391833015772,0.08973131858270196,0.09979113954227822,0.15900939936062353,0.10004287520968393,0.08260410676383521,0.08852938950080447,0.1354531176035105,0.4730183823702826,1.6125788912449395,0.999677869485438,5,31108,0.08651781641802668,582,58059.04018652439,96.82479402204136,1618.663017721857,2.604235390178743,candidate_exploratory_not_formal_manifest,False,False
IMG-0109,b5baa958fe3f48ac1276f96b8d7623b8af9555f0552dd2ec0c5c756beef00c25,清代姑苏版画（候选，待确认）,gusu_qing_candidate,清代姑苏版画（候选）,1,1773,3400,376,722,1.9935908990973643,0.9651743442807083,0.13585523560350926,0.09323585747732001,0.08845909040861198,0.12507830832075742,0.22151009989970716,0.10653140420683128,0.06323189598402296,0.05984950315630833,0.10624860494293147,0.5712830423630196,1.8078553047683035,0.9986971671645273,4,55020,0.20267283550421406,1054,103816.34417676926,199.25223895640713,3882.5366888666235,2.2924891607533264,candidate_exploratory_not_formal_manifest,False,False
IMG-0318,b6bb4ae47d5a340e2fb68106c4efbea65b673fa11e0059336bffb6139d61e656,清代姑苏版画（候选，待确认）,gusu_qing_candidate,清代姑苏版画（候选）,1,376,694,392,722,1.4430288150513586,0.9927632199524176,0.10875843693861166,0.08938450990696806,0.09101575364190549,0.11404123815223494,0.16033653500570652,0.12567478648306923,0.10282784992749147,0.09799522401283031,0.10996566593118239,0.6083865439400487,1.8628226353524757,0.9998415824616108,5,67726,0.2392941941319464,1331,125012.68608522415,234.98625203989502,4702.781389564136,3.3904707262007934,candidate_exploratory_not_formal_manifest,False,False
IMG-0338,b6fcc57251e2729bf7013dff6f17cc6125f16a16026719c153b2a7a596bb8281,清代姑苏版画（候选，待确认）,gusu_qing_candidate,清代姑苏版画（候选）,1,1080,1716,455,722,1.3422160688197082,0.9941204149438537,0.11419707813455754,0.09050581651117003,0.09366773042903317,0.121180289894883,0.14913511875774535,0.12256213214186912,0.09762498272841404,0.09355432191561011,0.11757252948671755,0.5383503279921169,1.6556634742013439,0.9998071596937592,5,35630,0.1084594076283827,532,66284.4926533699,115.64787027693606,1619.4331983805666,2.605897004386875,candidate_exploratory_not_formal_manifest,False,False
IMG-0445,b7603d3d9d56036200b99d396c9e33da896dc8b0b6cb6fb0e6d605dd6add275d,清代姑苏版画（候选，待确认）,gusu_qing_candidate,清代姑苏版画（候选）,1,4000,3289,722,593,1.1877307653229123,0.997180134490462,0.11332126456081827,0.10660604001430543,0.11294989055775713,0.1301344710903832,0.13197008503587915,0.10807491172368608,0.09526565857686169,0.09397342076552781,0.10770425767478128,0.5914297473069728,1.827115820716364,0.9991736282607344,5,85176,0.1989414825783728,1518,157423.87366569042,240.58838077052334,3545.5195190425693,3.249627629483778,candidate_exploratory_not_formal_manifest,False,False
IMG-0179,b7ac7523bb8cd5de28717a1189ac264116b5a599490c856e67cf093488e06bce,清代姑苏版画（候选，待确认）,gusu_qing_candidate,清代姑苏版画（候选）,1,2299,3638,455,722,1.910728154282734,0.9602540698803392,0.2123031282536371,0.1056105723004549,0.08149632813839285,0.07692755815059128,0.08306248955497816,0.0759767001493515,0.07686833975514724,0.09667482333881545,0.1910800603586316,0.5300391588194231,1.5763191664264282,0.9997400052142605,5,27527,0.08379349182673282,254,52308.406712293625,91.26351566860782,773.1880308057592,2.3496698008309598,candidate_exploratory_not_formal_manifest,False,False
IMG-0165,b7edda828317680998232986be9543c0f061d8282d4be6da628d2ef31133fe24,清代姑苏版画（候选，待确认）,gusu_qing_candidate,清代姑苏版画（候选）,1,3087,2998,722,702,2.045331525198828,0.9666546825411728,0.12377544972636689,0.07370865595883644,0.07981054986032417,0.11253498125611296,0.22725905835542531,0.11228181824026652,0.07684059857794802,0.07250067645360563,0.12128821157111423,0.5575318947037755,1.758524340696537,0.9994192850653197,5,84868,0.16744402616978793,1495,157212.87402665615,220.82637958140512,2949.6255258028114,2.979355900252527,candidate_exploratory_not_formal_manifest,False,False
IMG-0440,b88eed33eddc84b277533977a1bb29e9c44f8e33126dd077c779cc3bc251dbb2,清代姑苏版画（候选，待确认）,gusu_qing_candidate,清代姑苏版画（候选）,1,2217,4000,400,722,1.2062343313415171,0.9965946552772216,0.13402603681572411,0.10345122555179849,0.10303629372269404,0.10545076334836627,0.1263728447059401,0.10097504477945454,0.09867268147742504,0.09794635139907742,0.13006875819952002,0.5447837336106673,1.775759878950081,0.9993936706571462,4,56747,0.19649238227146815,855,103739.53392255306,193.039283983603,2960.5263157894738,4.059290928766333,candidate_exploratory_not_formal_manifest,False,False
IMG-0216,b95e56c7b74a5686d3f698a6fc60730ec4cdc56b0a053951355a01b89aa51641,清代姑苏版画（候选，待确认）,gusu_qing_candidate,清代姑苏版画（候选）,1,3409,2698,722,572,1.2021412910473508,0.9971131978748713,0.13357125456081675,0.10827510606362438,0.09638990214170297,0.10195087842063981,0.11093758596891527,0.10315384357201844,0.10144653159284499,0.11119967065213135,0.13307522702730606,0.4185712886136693,1.668104250499546,0.9994985625308874,6,37674,0.09122387307982875,442,69916.77880585194,108.79646840928163,1070.2593805086879,2.7937997229281266,candidate_exploratory_not_formal_manifest,False,False
IMG-0305,babfa56fc02427e7be3c46cdd905cacc1fb51677cc4c2d400c5841d424d4a992,清代姑苏版画（候选，待确认）,gusu_qing_candidate,清代姑苏版画（候选）,1,1279,2331,395,722,1.1396647976444383,0.9984921464550048,0.09860942333271915,0.09616261381720674,0.11606598542464165,0.11779677841278742,0.12662942196049315,0.1117382726428048,0.1102319378141571,0.10691382600989587,0.11585174058529428,0.4686229520587062,1.6450455560363648,0.9996170001120662,6,31602,0.11081033696833689,383,58193.21047055721,108.96955338160875,1342.9643395630983,7.309176236875014,candidate_exploratory_not_formal_manifest,False,False
IMG-0311,bb6a7347c586225760dd3daee07573d1981be07c48669c8044dc1b030851d322,清代姑苏版画（候选，待确认）,gusu_qing_candidate,清代姑苏版画（候选）,1,1026,2016,367,722,1.4768382362831547,0.9905024201541077,0.08805941941165821,0.09946675410391564,0.11376237387720836,0.12824953065441788,0.16409313736479497,0.12313713819062493,0.10396299341600092,0.09194164793923966,0.08732700504213936,0.496800151459901,1.7453442254431346,0.9995637180515632,4,45937,0.1733641791270087,796,83830.9705107212,162.85566231117252,3004.068323684588,2.6927871068313314,candidate_exploratory_not_formal_manifest,False,False
IMG-0082,bbe2e3aad2af69896ef8b44584c1efbc33fb6c09744c234ed8b9e16c271152a0,清代姑苏版画（候选，待确认）,gusu_qing_candidate,清代姑苏版画（候选）,1,1000,934,722,673,1.8854805635827312,0.9504282811363219,0.20949784039808125,0.07267528429943862,0.08017259829863392,0.07970997321588422,0.13238043910118663,0.09639791662392182,0.05855430631794633,0.0687046860273235,0.2019069557175838,0.45594264425546416,1.7834646570251471,0.9996188395308765,5,78058,0.16064423983239556,1224,147683.5023970604,211.86335846130396,2519.0057336192594,3.857233382804994,candidate_exploratory_not_formal_manifest,False,False
IMG-0100,bc1662499d29cdde0bd7954437f7a9e315de884ccd89dab086b5bf81afcc44ad,清代姑苏版画（候选，待确认）,gusu_qing_candidate,清代姑苏版画（候选）,1,1913,3400,406,722,1.6071650352183284,0.9705705878363388,0.1785738928020365,0.09245640295324521,0.07659566474978194,0.09289218526020611,0.16760336886406213,0.09121594862024168,0.06672433699363478,0.07810130838843972,0.15583689136835194,0.5394441102859935,1.7249638688824,0.9990725619956832,5,40313,0.13752507402808292,628,76281.86928379536,140.8930956208218,2142.37954232223,2.478317347158836,candidate_exploratory_not_formal_manifest,False,False
IMG-0255,bc2a393f66506fb24da57b67c837dcd7c609c01a6dea0d4150608df9f338a8a3,清代姑苏版画（候选，待确认）,gusu_qing_candidate,清代姑苏版画（候选）,1,1383,1366,722,713,1.859767679887623,0.9754340462220409,0.10760137266535057,0.08014671738229018,0.08826382270763894,0.1346843119654025,0.206640853320847,0.11521219998817125,0.0771381017222191,0.07753760724885389,0.11277501299922654,0.5387803380585898,1.8123069931377969,0.9996697420918571,4,108729,0.2112120376234008,2027,205537.36479830742,286.4688604082034,3937.5585194624564,3.0560588140685256,candidate_exploratory_not_formal_manifest,False,False
IMG-0200,bd6757a3c2ac6ede5abb7d22116dc7cf06c60f12abef06b6427c87d505fed3f0,清代姑苏版画（候选，待确认）,gusu_qing_candidate,清代姑苏版画（候选）,1,2170,3826,410,722,1.4308088121333173,0.988449429624414,0.15897875690370192,0.10460101863901364,0.0879544384377666,0.09085560028561668,0.123845175452684,0.09896987098753898,0.08823627794636438,0.09549716492161504,0.1510616964256987,0.5386289883735625,1.5507379281787192,0.9997461003843451,6,16573,0.055986082021485035,205,31327.445455431938,57.57904472405962,692.5207756232687,2.0654099465233444,candidate_exploratory_not_formal_manifest,False,False
IMG-0208,be5d3e3366a76bdbdce8379e6c5e526318af87ad302797ec6c80777bb6423e9e,清代姑苏版画（候选，待确认）,gusu_qing_candidate,清代姑苏版画（候选）,1,3072,2931,722,689,1.351541373505988,0.9901779840394543,0.13907215278719565,0.09267687578833281,0.08909637136483219,0.10045835094203645,0.15017126372288755,0.10455026412739282,0.08954985820626778,0.09335989173761858,0.1410649713234362,0.4628317875198802,1.6561267819025656,0.9991540973799703,5,61229,0.12308375782478119,981,115344.77447521687,163.53838871647918,1972.0257790607448,3.367855887187638,candidate_exploratory_not_formal_manifest,False,False
IMG-0169,be8c5826147db48c05231d58ecf2f7ca7c4db97db4d68e058fad0eb6a05f0429,清代姑苏版画（候选，待确认）,gusu_qing_candidate,清代姑苏版画（候选）,1,2998,3162,684,722,1.6269038460549756,0.9680726928360199,0.16382619369217055,0.07895339031364501,0.07346681078607463,0.09702508171117474,0.1807670940061084,0.09581681292315268,0.07164453005226379,0.07369000771091078,0.16481007880449938,0.6122217423241749,1.8621695668080742,0.9991576642093837,6,109738,0.2222100727349306,2341,204483.91746115685,290.9795762187229,4740.32495828676,4.523541078879207,candidate_exploratory_not_formal_manifest,False,False
IMG-0446,bea1f73dc1d441b1cffec14b188867a109e34caf084af76611d598f0ff445a70,清代姑苏版画（候选，待确认）,gusu_qing_candidate,清代姑苏版画（候选）,1,2165,4000,392,722,1.6102181266833755,0.9769348909241493,0.17891312518704172,0.10107158584836703,0.08247269838537728,0.09405795955525764,0.1353818666961564,0.08793979108226763,0.07097755694166247,0.08566392217228962,0.16352149413158001,0.5660596863322043,1.7522290589011509,0.9991552692465112,5,45713,0.1615163378370739,738,85923.91400718689,161.51111655486258,2607.5527163774095,2.408903743087134,candidate_exploratory_not_formal_manifest,False,False
IMG-0252,bfebfaa78d5d176bf7d7635600bc33422e783e8735360a9bf054ee39a71b381e,清代姑苏版画（候选，待确认）,gusu_qing_candidate,清代姑苏版画（候选）,1,853,509,722,430,1.7527619458498314,0.9673586275211915,0.07479409850881881,0.07483476395181596,0.09839730894657417,0.1453411315502596,0.19475132731664793,0.16301686917617975,0.10630066742333807,0.07281091730677224,0.06975291581959357,0.5967477126188077,1.83077338344512,0.9990314335890039,3,71142,0.22915029311344456,1243,131160.8759083748,235.39730244605474,4003.736391161502,3.118063411802982,candidate_exploratory_not_formal_manifest,False,False
IMG-0301,c00807567c898b4903cfe931a41675ac33b621b35b258b279a6ec961a4ad1bf9,清代姑苏版画（候选，待确认）,gusu_qing_candidate,清代姑苏版画（候选）,1,4000,2124,722,384,1.5921508138590599,0.9798234620585996,0.1439316652601564,0.0814684392105683,0.07725182802762005,0.1022103194668559,0.17690564598434,0.10753426571574992,0.08021486482348957,0.08516610334000467,0.14531686817121522,0.5342113290763636,1.5747810623329186,0.9988761326903655,4,29008,0.10462834718374885,386,54831.440325737,104.13469352670776,1392.2553093259464,2.260069559570618,candidate_exploratory_not_formal_manifest,False,False
IMG-0192,c128c4e6c80e1c9ad75f4b801ecb8bff662ea64c33543817bd3e1384ee37c8f8,清代姑苏版画（候选，待确认）,gusu_qing_candidate,清代姑苏版画（候选）,1,2402,4000,433,722,1.6725705437881493,0.9848538803392005,0.11762528438782739,0.08631615803317831,0.09302406199786419,0.11889359885684671,0.1858411715320166,0.11177541652064552,0.08415180467401141,0.08404142232718786,0.11833108167042203,0.5714262213135164,1.810048477198728,0.9993087273394815,4,63600,0.20343797380896023,1154,119416.64783191681,213.57594118737345,3691.311663137423,2.9072452148382735,candidate_exploratory_not_formal_manifest,False,False
IMG-0340,c13e06ee61c6c9a940f93efadf114f984a067cb27d0cdec418dee6756f5c57e2,清代姑苏版画（候选，待确认）,gusu_qing_candidate,清代姑苏版画（候选）,1,1080,1652,472,722,1.9782664562556165,0.9694440654777596,0.09541964548305287,0.07997086974673334,0.10333888786135312,0.14131724309634014,0.21980738402840183,0.11583731000437202,0.0763938192964153,0.06989710465915205,0.09801773582417928,0.5472536743191909,1.7510752916151024,0.9993743773762435,5,53968,0.1583642424526973,948,101595.17448556423,174.0337516734525,2781.8207427578764,2.3317252820147236,candidate_exploratory_not_formal_manifest,False,False
IMG-0157,c1680816675e039fb3fb4cb83d3cd8b49f6abdccac4f1f6ccff30dde36b40c40,清代姑苏版画（候选，待确认）,gusu_qing_candidate,清代姑苏版画（候选）,1,3948,2657,722,485,1.2581356274773194,0.9938334570040058,0.1382172268834491,0.10575554869155285,0.09864126257821988,0.10799255748728978,0.13979284749747994,0.0983330704956733,0.08763733522608938,0.0944212734862818,0.12920887765396388,0.566659040341369,1.8519108816940237,0.9994850750533864,5,69279,0.19784390438929664,1301,128598.17466592789,217.31781816115142,3715.3382642716397,3.2900098924105636,candidate_exploratory_not_formal_manifest,False,False
IMG-0264,c1a0da50f842bb5ec735fc01486569876368927b3d93786f7c668bdc952ce428,清代姑苏版画（候选，待确认）,gusu_qing_candidate,清代姑苏版画（候选）,1,1333,1297,722,703,1.8467427162749297,0.9752793362759753,0.12214907769488718,0.08636579281814959,0.106118821511464,0.1142486664722687,0.20519363514165886,0.09647315720800473,0.0716561963926779,0.07023619266241213,0.1275584600984771,0.5286599476534555,1.7563717837804944,0.9990462477830467,4,86351,0.17012762872217604,1228,161070.78914237022,226.08436274402743,2419.3897936426006,3.244458557203279,candidate_exploratory_not_formal_manifest,False,False
IMG-0410,c1f2a8034804406d5f1468e02126f9915a89ac504ac4cac738ba9635f477560f,清代姑苏版画（候选，待确认）,gusu_qing_candidate,清代姑苏版画（候选）,1,2048,4000,369,722,1.3508108523977929,0.9944187777498528,0.12078158004957205,0.10495781952631514,0.10328342588884594,0.11941646327545533,0.15009009471086587,0.11534523747770427,0.09024805782285236,0.08738260596605632,0.10849471528233268,0.5234248737806246,1.65606856476971,0.9990417948604938,5,30672,0.11512735625971218,502,57167.69737577438,110.7564221647678,1884.2570697175117,2.998878716559831,candidate_exploratory_not_formal_manifest,False,False
IMG-0065,c2478c397bc085fe6017e4ad35ad780a3fa0580150f3d47974936793e4abad4e,清代姑苏版画（候选，待确认）,gusu_qing_candidate,清代姑苏版画（候选）,1,797,1000,576,722,1.1728265151224326,0.9983240988415748,0.1161534058317307,0.09920862791654282,0.09844840549495165,0.10254337311666384,0.10938174268540352,0.11156289688566945,0.11555856988313196,0.13031405723582584,0.11682892095008025,0.49185812127621775,1.5703081062459212,0.9997782581796776,6,27472,0.06605878731917512,338,49835.90673804283,77.27918333563693,812.7500769467528,3.4101020483213405,candidate_exploratory_not_formal_manifest,False,False
IMG-0166,c2c0caa52a18407f74b6179ef47ca0dc872af4d25f95f39bbdc344c70e8fdbe0,清代姑苏版画（候选，待确认）,gusu_qing_candidate,清代姑苏版画（候选）,1,3385,2998,722,640,1.479996268002771,0.9863370594872816,0.1427832109947109,0.09614588778064175,0.09069570034030139,0.11313619728391994,0.16444402977808567,0.1091461590608106,0.08016371364892586,0.07703064417427184,0.12645445693833202,0.5649679003189021,1.6371250132891622,0.999793205425227,5,39864,0.0862707756232687,608,75068.9249882698,110.4336968892131,1315.7894736842106,2.2243819792629207,candidate_exploratory_not_formal_manifest,False,False
IMG-0358,c2c4594237efa38a609562cf94850b6a4b1eb63a896f4d24863335c4ca2ce519,清代姑苏版画（候选，待确认）,gusu_qing_candidate,清代姑苏版画（候选）,1,920,1870,356,722,1.2505333084878665,0.9923283261322634,0.1295044528726205,0.09274958155600663,0.1329741950727709,0.110982756388481,0.13894814538754072,0.10210893558589663,0.08355049934357192,0.08408648746166751,0.1250949463314442,0.5047947804992178,1.7452649476408624,0.9995875384276224,5,38002,0.1478492950294127,518,71079.9991492033,140.20187320033355,2015.3132683868157,3.451526142059963,candidate_exploratory_not_formal_manifest,False,False
IMG-0391,c2fdd4957e039235ca18a1d62800bd617fdc01804cea3d32127c37d9622001a0,清代姑苏版画（候选，待确认）,gusu_qing_candidate,清代姑苏版画（候选）,1,4000,2626,722,474,1.5040462416827605,0.9839434516088308,0.14714753768249278,0.09361996458842697,0.08250738513911739,0.10243508837813574,0.16711624907586228,0.10011918187844415,0.07971971835278616,0.0868574344308193,0.14047744047391517,0.5619841023001177,1.7843791713203179,0.9994439776095323,3,74410,0.21742814731699334,1341,139206.7698868513,237.95924741243084,3918.4403380202675,2.7318814512958784,candidate_exploratory_not_formal_manifest,False,False
IMG-0287,c32bc9705c828440ffadec50cf0ae1eca9f69b76a058b2257833fd3ced7ca2fc,清代姑苏版画（候选，待确认）,gusu_qing_candidate,清代姑苏版画（候选）,1,4000,2865,722,518,2.781973881159856,0.9237706277030138,0.09486483897387622,0.06043594915501139,0.06532122519070853,0.11296746038179889,0.30910820901776176,0.12910064777444777,0.0715978628615663,0.0636753254945628,0.09292848115026635,0.5374562891716992,1.763028415541727,0.9998143512657589,6,53020,0.14176622209863207,793,101398.85129129887,165.80573815701277,2120.343533085915,2.5393317820945653,candidate_exploratory_not_formal_manifest,False,False
IMG-0377,c3fe6083be46e9ba8361e0b137827abbac2961361aa37c1824d14e882155d5e5,清代姑苏版画（候选，待确认）,gusu_qing_candidate,清代姑苏版画（候选）,1,4000,3686,722,666,1.4400137994565523,0.9902182641728053,0.13501210459760238,0.10906653105826548,0.10100838426169823,0.10583665704664132,0.16000153327295025,0.09970593550822046,0.08248548209382449,0.08364241642429872,0.12324095573649863,0.5339445271251022,1.826562262703337,0.999351355867661,6,69757,0.14506958482027735,1630,128927.5281226635,185.92592157148115,3389.816409206991,2.3326160542857814,candidate_exploratory_not_formal_manifest,False,False
IMG-0240,c505b3b174bfaa25538ba7e7d2cc1bda718a68f7064e77a594c32c66e4c5d4c1,清代姑苏版画（候选，待确认）,gusu_qing_candidate,清代姑苏版画（候选）,1,4000,3000,722,542,1.5433120337507087,0.9846147980435727,0.13923129454392816,0.08748278198064792,0.08373682637585855,0.09780309449659212,0.17147911486118986,0.13507315804463202,0.08800449432420368,0.08211237726067262,0.11507685811227514,0.4501921350039184,1.5489734786211462,0.9997478494238147,5,30460,0.07783831300916887,407,57908.346754550934,92.57056708885588,1040.058877043064,2.3523851316377637,candidate_exploratory_not_formal_manifest,False,False
IMG-0118,c58c7fca24d0e5f2f0b0577535112ec26510a871063d450a752d44de167f0a94,清代姑苏版画（候选，待确认）,gusu_qing_candidate,清代姑苏版画（候选）,1,2448,3264,542,722,1.511284850780947,0.9828669580652316,0.142777396085062,0.09869247188374222,0.09387964027643239,0.10453015366661825,0.16792053897566078,0.0910423135385959,0.07455219216702441,0.08012858171607821,0.14647671169078566,0.42369778875598074,1.6891371849028651,0.9988607989786858,6,42842,0.10947961280166818,535,80366.40171146393,128.47134822988792,1367.1535607322833,2.569035178907683,candidate_exploratory_not_formal_manifest,False,False
IMG-0372,c5eaa91d4c2eca8f0231369513b28454c0f3ff2e32badf2c561d18a27f711292,清代姑苏版画（候选，待确认）,gusu_qing_candidate,清代姑苏版画（候选）,1,1064,1980,389,722,2.0337498555518247,0.968494196216295,0.11812363444296804,0.08975581150906503,0.08973366912285952,0.11942728187872573,0.22597220617242497,0.10224921140317222,0.07024587597496615,0.06821783878725332,0.11627447070856495,0.5256387063587089,1.765597896722695,0.9995398396884088,4,51712,0.18412151336262453,852,96701.27310907841,182.46887410969174,3033.5614438613106,2.9075800806636796,candidate_exploratory_not_formal_manifest,False,False
IMG-0343,c6a62613d89231b096d30959d51878cfe2eb70662494070d799023aeed41246f,清代姑苏版画（候选，待确认）,gusu_qing_candidate,清代姑苏版画（候选）,1,962,1866,372,722,1.4103349250966692,0.9882046575240014,0.15670388056629658,0.10322569539799517,0.09693447464296348,0.09585029891306987,0.13675930371026135,0.0967380034343568,0.08339814618967169,0.0856999306483939,0.1446902664969913,0.5188438180268433,1.3742632280041767,0.9962046770499783,6,8739,0.03253730676436422,56,16407.277594447136,31.658946376054757,208.50087868227445,2.5398933871264537,candidate_exploratory_not_formal_manifest,False,False
IMG-0404,c81f4dc2d85b81de17c825ed794271be127de1f86bbc7d6e1706bf1400f9f75c,清代姑苏版画（候选，待确认）,gusu_qing_candidate,清代姑苏版画（候选）,1,4000,2770,722,500,1.3070636615571878,0.9935451827711081,0.14522929572857643,0.10577021523062168,0.09703207170865046,0.1032144576571401,0.13203734701817796,0.10075175021353801,0.08894743652963953,0.09426264248081191,0.13275478343284403,0.5096627886652809,1.7566387852490182,0.9983590267130722,4,62743,0.173803324099723,838,116557.57150566578,193.99337078728703,2321.3296398891966,3.554893116089694,candidate_exploratory_not_formal_manifest,False,False
IMG-0259,c8ac606bfb0188a1738083d8dbd6ebbea8f92b5ebd304b75617780534cc491d4,清代姑苏版画（候选，待确认）,gusu_qing_candidate,清代姑苏版画（候选）,1,1327,1280,722,697,1.7856474182327453,0.9782336307230054,0.12790441834922922,0.0814837788309686,0.0834825703080674,0.11760048130489487,0.19840526869252725,0.1160326402700686,0.08237135983165171,0.0760130276579306,0.11670645475466196,0.5223846344757592,1.7145390696572722,0.9978394906565762,4,79149,0.15728070837820973,1088,149698.9947412014,211.02499378174306,2162.016079994595,3.3924375600162895,candidate_exploratory_not_formal_manifest,False,False
IMG-0110,c92b61635f7abf8077f95fa312009cacd2e46dc05de3cf2ef85d304dd93116f9,清代姑苏版画（候选，待确认）,gusu_qing_candidate,清代姑苏版画（候选）,1,1806,3400,384,722,1.8419865643123938,0.968920065014911,0.10690497183434457,0.09664005412517736,0.14529096211856207,0.12626554290001554,0.2046651738124882,0.10379382238857456,0.06343872945722051,0.056111796771011795,0.09688894659260547,0.5783050546552081,1.7867058669241624,0.9989876119083354,4,50821,0.18330519967682363,967,95811.01443505287,181.96222031384505,3487.8520313942754,2.826582214571133,candidate_exploratory_not_formal_manifest,False,False
IMG-0248,c947f9bf18b77499bce8f4d9433c7e08ef5bf186c6f76345f9b4564e1493f8bf,清代姑苏版画（候选，待确认）,gusu_qing_candidate,清代姑苏版画（候选）,1,1810,1279,722,511,1.6966746352649122,0.9780797197362423,0.14474247024164924,0.0869727233564536,0.0784163358000175,0.09881254876040307,0.18851940391832359,0.09281315935358403,0.08203897993291369,0.0867590271934884,0.14092535144316692,0.5727908422818977,1.820800370676848,0.9996883478196259,5,61022,0.16539727111578514,1195,113978.66131341457,187.6482432787301,3238.9914945980668,2.877939294920202,candidate_exploratory_not_formal_manifest,False,False
IMG-0389,c94cfdfc1228f6d27d4197698d1276dbea7ca6745ae93d0b6db47584c60347c3,清代姑苏版画（候选，待确认）,gusu_qing_candidate,清代姑苏版画（候选）,1,4000,2563,722,462,1.4003673743222014,0.9877774902000682,0.15559637492468903,0.09784537055625936,0.08949929207513817,0.10380953820472007,0.13103078984121072,0.09332296123948315,0.08699176436149815,0.08861720938505646,0.15328669941194487,0.4821165103893219,1.7984499293934462,0.9997106672957897,4,70162,0.21034044441246658,1200,131370.19487524033,227.46116417199877,3597.5105227182785,3.907466085413244,candidate_exploratory_not_formal_manifest,False,False
IMG-0406,c9d8013919d82ecb0c219f8303c00f47f380cbd4ebd06df177ac547a1634d410,清代姑苏版画（候选，待确认）,gusu_qing_candidate,清代姑苏版画（候选）,1,4000,2490,722,450,1.4538639450429447,0.9886740429843227,0.10252437162379718,0.07571329732396892,0.07828596000094794,0.11123417700791481,0.16154043833810497,0.13598255894703565,0.11293393220394507,0.1069285357533257,0.1148567288009598,0.5997639519496403,1.285167204878379,0.999358051848367,6,7344,0.02260387811634349,76,13798.44081556797,24.20779090450521,233.91812865497076,2.2248572934483706,candidate_exploratory_not_formal_manifest,False,False
IMG-0261,ca93b7372376ae11aaad65e20c526159b3daabfd64574e7a55f97dd2feb639b8,清代姑苏版画（候选，待确认）,gusu_qing_candidate,清代姑苏版画（候选）,1,1344,1378,705,722,2.1849140114859567,0.95809724064426,0.0953103672672035,0.07401781434184221,0.0861877621618075,0.13396507771007768,0.24276822349843963,0.13360848304231693,0.07621256849800309,0.0667912494784438,0.0911384540018657,0.5414645692016684,1.8324580539366808,0.9992984431887443,5,98281,0.19308265063554744,1580,185591.9359176159,260.13329658616726,3104.064753148268,2.8264517333145553,candidate_exploratory_not_formal_manifest,False,False
IMG-0226,caecfafd7cd99c0ad58aeb6b3654590e3bf2097e6bbe949df0204bd3b32b9fc5,清代姑苏版画（候选，待确认）,gusu_qing_candidate,清代姑苏版画（候选）,1,2211,3825,418,722,1.6526252886673427,0.9821307037722306,0.12880002951606037,0.09931743619845249,0.09960175022736538,0.11463259188283564,0.18362503207414918,0.10831296202625046,0.07380979361034914,0.06920723709165293,0.12269316737288452,0.5184911738636322,1.725810005667759,0.9989032337492768,6,36292,0.12025341621492663,452,68072.99505066872,123.91335598745069,1497.7004334053465,2.710562787528453,candidate_exploratory_not_formal_manifest,False,False
IMG-0234,cb6689893349b60ef7f76efec6d8d8e431e29629042876c2f4cab48d6112b135,清代姑苏版画（候选，待确认）,gusu_qing_candidate,清代姑苏版画（候选）,1,1279,1706,542,722,1.4454663815990472,0.9842223531504528,0.16060737573322748,0.09746225739913031,0.09319107644056947,0.09751634874449609,0.14497710795018995,0.09070133792638453,0.07991103487165652,0.08415062121197044,0.1514828397223751,0.45156408264762904,1.5979517167261708,0.9990683118349843,6,30786,0.07867138228168985,453,57292.47285652161,91.58604932602891,1157.6085289938771,2.588389809811402,candidate_exploratory_not_formal_manifest,False,False
IMG-0325,cb7a8f03518463c3c75a0ffcb9e1237a9b4435afa3b6a63e76e4d484e4536462,清代姑苏版画（候选，待确认）,gusu_qing_candidate,清代姑苏版画（候选）,1,1080,1911,408,722,1.6969646950345334,0.9719038419756698,0.18855163278161483,0.10346293664734668,0.07871689350708684,0.0898887831769261,0.14156702885531208,0.0860016505591925,0.06768165902636764,0.08124480063773368,0.16288461480841965,0.550068226952908,1.650659370545273,0.9996271658553867,3,49745,0.1688698332518603,792,93785.57516610622,172.79746457132956,2688.610070066808,2.646361860580032,candidate_exploratory_not_formal_manifest,False,False
IMG-0209,cc6b8661ec588cee9b11d5ce072bfd6783eaaf74048179c0513335b3ed9abaf6,清代姑苏版画（候选，待确认）,gusu_qing_candidate,清代姑苏版画（候选）,1,3647,2992,722,592,1.3546913683203163,0.9940958980695644,0.12348210401892788,0.09440014591838115,0.09810765685925765,0.11318809423792825,0.1505212631467018,0.10697623513514946,0.09280387890921372,0.09469613756614806,0.12582448420829204,0.4396441537316669,1.5637829802748506,0.9997245958851644,5,29460,0.06892453395223479,467,54494.772619366646,83.35379790635142,1092.5918993786029,2.4887475708207774,candidate_exploratory_not_formal_manifest,False,False
IMG-0371,cd654e1b3ff946a84c31776e41f91777d4f8a5c8be0450ce0b7af1037d5d2c29,清代姑苏版画（候选，待确认）,gusu_qing_candidate,清代姑苏版画（候选）,1,762,564,722,534,1.504878109474269,0.9885544119736027,0.13320420358355062,0.091586625514572,0.08533592867698406,0.10916551149251721,0.16720867883047433,0.10027083048082334,0.08988808662086065,0.09332457827496848,0.13001555652524935,0.5433448576400929,1.8564213993710463,0.9991115598442087,4,92172,0.2390675091039248,2052,170732.14837312698,274.9641525246156,5322.294500295683,3.1502021269783036,candidate_exploratory_not_formal_manifest,False,False
IMG-0398,ce45e0a0423fec7b2dc3777c58702ee35b6704e337c2082a2bdcc87351ce48b2,清代姑苏版画（候选，待确认）,gusu_qing_candidate,清代姑苏版画（候选）,1,2197,4000,396,722,1.4294892547886715,0.9916041283219552,0.12301531365355073,0.09070124320109679,0.10244762728484218,0.11730429499522162,0.1588321394209635,0.10739744092481146,0.08835392086085432,0.08685208937538942,0.12509593028326985,0.49490958211868863,1.6533190884881315,0.9988997212820812,6,26823,0.09381557961890372,354,49990.045780181885,93.490469920917,1238.1432049022076,2.4295575435337193,candidate_exploratory_not_formal_manifest,False,False
IMG-0426,ce69c0054ccc69c52473cd053bfbf8d661d18a244659b8f3cbd8b998614ba79a,清代姑苏版画（候选，待确认）,gusu_qing_candidate,清代姑苏版画（候选）,1,2006,4000,361,722,1.4834556999261832,0.9898088075174607,0.12007090196936647,0.08783573162636468,0.08237805572905732,0.10916133034158126,0.16482841110290924,0.10870106019457756,0.08935602611966455,0.10696253209453116,0.1307059508219477,0.49863701453542353,1.6973190340628792,0.9996029211935565,5,28435,0.10909600141189832,457,53727.805562615395,105.2390461263093,1753.3628501929852,2.3188029925486258,candidate_exploratory_not_formal_manifest,False,False
IMG-0436,d03c7c6baf0456ec54c0e9540220ad30ab60ae03fac687de7d62f602551ff9f3,清代姑苏版画（候选，待确认）,gusu_qing_candidate,清代姑苏版画（候选）,1,3005,4000,543,722,2.2169720163792634,0.9501320969626623,0.14005945454324656,0.06501823058387274,0.06737183455127922,0.10665557368093852,0.24633022404214036,0.10601450039576528,0.0696914906737402,0.06319189526680917,0.13566679626220793,0.5308186520288571,1.728319947309969,0.9991086127059695,6,40750,0.1039418843707116,615,77826.72317874432,124.29688120877701,1568.6934696438684,2.162321006951473,candidate_exploratory_not_formal_manifest,False,False
IMG-0408,d08a5276f95b629a7b872f4c610c56f8b385881c5c0625701317253e70c322a3,清代姑苏版画（候选，待确认）,gusu_qing_candidate,清代姑苏版画（候选）,1,4000,2209,722,398,1.9102297939892616,0.9748773833498467,0.10313766941318595,0.07515940905368051,0.08238887673352059,0.13109406252908531,0.21224775488769573,0.11717177855787397,0.09253429082215478,0.0815984878010492,0.10466767020175397,0.48661089290703596,1.695615329422468,0.9997952226409219,5,40962,0.14254791965367,836,76415.87358856201,142.55204355585397,2909.2832583972495,2.5284554392950156,candidate_exploratory_not_formal_manifest,False,False
IMG-0016,d1104a165366337df7d216ef185200353a4a736e54512b7d39ba0d1fb6a714db,清代姑苏版画（候选，待确认）,gusu_qing_candidate,清代姑苏版画（候选）,1,1000,783,722,565,1.2878552750310333,0.9953396659066751,0.1430950305590037,0.12402302138782224,0.11151207227541658,0.1082488949424273,0.10869346726627835,0.09312607495631037,0.08812515948301783,0.10035615893491232,0.12282012019481124,0.4097486310967239,1.5987196157647225,0.9994822275666279,6,31223,0.07654009266295687,450,57240.181574344635,89.62066869729306,1103.1304390459147,3.1930284119179535,candidate_exploratory_not_formal_manifest,False,False
IMG-0350,d113f7f8a9efea05638abdc8f64ed20f1ff4f86cbe31ad6729f7981846a4b95f,清代姑苏版画（候选，待确认）,gusu_qing_candidate,清代姑苏版画（候选）,1,1693,1080,722,460,2.9352123161646126,0.91386139509104,0.0905593802653641,0.059222378409899135,0.0642564439969183,0.11367831867954765,0.32613470179606807,0.12463642218062737,0.06992249137316127,0.0620121988990526,0.08957766439936156,0.5594562293111796,1.786813391130974,0.9984690188056142,3,70747,0.21301637962182343,1015,134869.59442162514,234.027307937971,3056.1242924244248,2.3677559100349828,candidate_exploratory_not_formal_manifest,False,False
IMG-0038,d166c6c1bf26e8eb729287a707879e4690486bd138114cb1b0c35626cdf51462,清代姑苏版画（候选，待确认）,gusu_qing_candidate,清代姑苏版画（候选）,1,1000,996,722,719,1.215081457229034,0.9955575809980731,0.135009050803226,0.12510885016595125,0.11699091665597748,0.11389028499756393,0.11011406657292816,0.0972004743227246,0.08732698011545606,0.09078062914102446,0.12357874722514806,0.41441151297134793,1.697761733360163,0.9999191954435162,6,55451,0.10681771774432788,896,102278.12213206291,141.95467561770985,1726.0044922349061,3.104411195185017,candidate_exploratory_not_formal_manifest,False,False
IMG-0395,d1701dfba9a1e792fde51932aec6d2860e6a18c5393642811797f47792db10ed,清代姑苏版画（候选，待确认）,gusu_qing_candidate,清代姑苏版画（候选）,1,2112,4000,382,722,1.8027055579602478,0.968203810581959,0.15099277677565007,0.07494154184774708,0.07401544441350551,0.0978222981180504,0.20030061755113865,0.09811926020151794,0.07550827028311138,0.07632897164805656,0.1519708191612225,0.623204368709789,1.8393933725772251,0.9986796932984776,4,60293,0.21860814201389392,1301,112380.09694778919,213.98785339926482,4717.117953329176,2.9850049836167067,candidate_exploratory_not_formal_manifest,False,False
IMG-0151,d19c1dc7cc486df53758187cc20b28215d96c837f68d6eab5178c3642f0ccc2c,清代姑苏版画（候选，待确认）,gusu_qing_candidate,清代姑苏版画（候选）,1,3662,2623,722,518,1.435148833713346,0.9863931149005521,0.14544991411546207,0.09356211893243552,0.0874290776001395,0.10216166818209975,0.1594609815237051,0.0970886577247356,0.08183232423334785,0.09058775007061333,0.14242750761746142,0.516346456956573,1.6336702075020837,0.9996777072677117,4,51732,0.13832233499823526,814,97898.82177639008,160.08254731312812,2176.493866244559,2.5544748015884204,candidate_exploratory_not_formal_manifest,False,False
IMG-0229,d1d9a17adce0df009d510b19d6fdc8084a990576f6ec466475f7e27ffb9c70f9,清代姑苏版画（候选，待确认）,gusu_qing_candidate,清代姑苏版画（候选）,1,3000,4000,542,722,1.3014431921552596,0.9924086542028868,0.1446047991283622,0.10113997041238112,0.0982114663600519,0.10429522461237994,0.13359739008647972,0.10451671373580959,0.08837924541220085,0.08726409616638134,0.13799109408595328,0.5558239735820261,1.853174027735089,0.9989895334322069,6,64691,0.1653131420510881,1223,119431.76834022999,190.9200856750601,3125.287485561836,2.9498634671108537,candidate_exploratory_not_formal_manifest,False,False
IMG-0238,d1ff2b9eae4a2dce4e5b175cf297cdbeecabad32373f62de4061a7522714b149,清代姑苏版画（候选，待确认）,gusu_qing_candidate,清代姑苏版画（候选）,1,4000,3000,722,542,1.7169724631409131,0.9817979628283151,0.12094089840615042,0.10876621011511084,0.08123728729036082,0.10444672191202956,0.19077471812676813,0.12566451860554248,0.07899018679096459,0.07842695287379974,0.11075250587927343,0.42882215891172093,1.681553737687994,0.9987660705002296,6,32452,0.08292872402408234,353,61358.81721389294,98.08638691528759,902.0658073616747,2.9236297766743378,candidate_exploratory_not_formal_manifest,False,False
IMG-0356,d246405ad4ffb1c269dcc86f206ef994d2aea3cadda1056bb6cb3bddfb5a0999,清代姑苏版画（候选，待确认）,gusu_qing_candidate,清代姑苏版画（候选）,1,1050,1870,405,722,1.7794216692113634,0.9770517857283056,0.10582424468315672,0.08489455843682985,0.10078535373030027,0.14341787808503584,0.1977135188012626,0.12030114529859427,0.07876297341259215,0.07110477997598662,0.09719554757624173,0.5762401634663312,1.8137807643084345,0.9990564999371325,4,60434,0.2066755582914401,1179,112403.77710449696,207.8666393310507,4032.009849184364,2.7558057582583353,candidate_exploratory_not_formal_manifest,False,False
IMG-0047,d2527cf71e87fdd7b12cdce027b04ea076ec3895ad7e640f4af7edcb8685e05c,清代姑苏版画（候选，待确认）,gusu_qing_candidate,清代姑苏版画（候选）,1,1000,892,722,643,1.4771898959403582,0.9895877946841487,0.12634595473157842,0.09240164324279851,0.08949377647521697,0.11486373797787716,0.1641322106600398,0.11181887041184249,0.08523911103369672,0.08847832367618293,0.127226371790767,0.4967952875881183,1.7630686209335822,0.9997659013488791,6,64032,0.13792687497576717,932,120160.44210422039,176.35485992732183,2007.5563386652766,3.1328493081395776,candidate_exploratory_not_formal_manifest,False,False
IMG-0310,d305287d0a70d347702338eebe5e65ad1c3299432b924d039d6d4a463f1b6c2c,清代姑苏版画（候选，待确认）,gusu_qing_candidate,清代姑苏版画（候选）,1,890,1574,408,722,1.4552798212113573,0.9922796843519448,0.09810461765024903,0.09254049123122805,0.10111413484704207,0.12713335402602574,0.16169775791237304,0.12298844148316151,0.10154294107545946,0.09462695384196347,0.10025130793249767,0.5520399769577673,1.7954273960083407,0.999551437514816,3,67430,0.22890527402096572,1268,123794.8895187378,228.0888398651794,4304.491879854435,3.0727639437852248,candidate_exploratory_not_formal_manifest,False,False
IMG-0314,d47a2881e6b44a6cce807b2c8f4ac533a02826f671e20f6902ba23bd33e665f5,清代姑苏版画（候选，待确认）,gusu_qing_candidate,清代姑苏版画（候选）,1,928,428,722,332,1.524736617219416,0.9739749724728745,0.16445163123232848,0.08800485240469917,0.07705505163595892,0.105800799580954,0.16941517969104622,0.09461546957325445,0.06810891222479898,0.07758831634344478,0.15495978731351506,0.5592519961183167,1.6563978068104075,0.998578917663555,3,40391,0.16850365450722557,598,76061.54755878448,155.3558161152311,2494.7435170043054,2.557308963473401,candidate_exploratory_not_formal_manifest,False,False
IMG-0286,d4f1e161facebe89b1b14a9fe324590982e046728a19718dc829adf3e0b68fe1,清代姑苏版画（候选，待确认）,gusu_qing_candidate,清代姑苏版画（候选）,1,4000,2811,722,508,2.1636631241383317,0.9601506929920877,0.1100048308845541,0.06751651027228045,0.07752784968589525,0.12364415006706746,0.24040701379314797,0.1254168154657636,0.08012932332886755,0.0690827836746836,0.10627072282774003,0.5082097697435998,1.7260435544511012,0.9994883799944374,5,47194,0.12867254127860056,761,89184.44751751423,147.2613140076414,2074.8358671232577,2.706640290236063,candidate_exploratory_not_formal_manifest,False,False
IMG-0197,d5986649b05ad82d6e299b9bcd28cf9d7f6436834a666aabb5a1d98d173f3ae2,清代姑苏版画（候选，待确认）,gusu_qing_candidate,清代姑苏版画（候选）,1,2261,3555,458,722,1.8992109669953339,0.9717307452838808,0.11773993217546427,0.0686426429592913,0.07112392737422688,0.11268195914747994,0.21102344077725932,0.13092343768525652,0.09110985601242713,0.07938982652599036,0.11736497734260429,0.614390087363237,1.828885211617032,0.9995883271830619,6,50980,0.1541690355514159,867,96703.1327265501,168.16639165258323,2621.901801158838,2.6109405409346507,candidate_exploratory_not_formal_manifest,False,False
IMG-0089,d5dbf8810d23dcf2b85249dca96c41628213f82a276e448a017b756b723fccea,清代姑苏版画（候选，待确认）,gusu_qing_candidate,清代姑苏版画（候选）,1,2763,3400,586,722,1.4162784259708827,0.9928513815326856,0.11217453056778201,0.09482075095722245,0.10104117099860374,0.12561075165305674,0.1573642695523203,0.1171235585764927,0.09290815996884062,0.08707949984328818,0.11187730788239328,0.4803613282163226,1.666774902751153,0.9998654002528587,5,37658,0.08900664630860428,509,70042.1061245203,107.6816718662761,1203.0480368335964,3.4185269521818964,candidate_exploratory_not_formal_manifest,False,False
IMG-0285,d61d39937d47ad908d62a14fd2369053703afe766ed6a1bbeba65b88ccad71f5,清代姑苏版画（候选，待确认）,gusu_qing_candidate,清代姑苏版画（候选）,1,4000,2113,722,382,1.8543558144485899,0.9633455042811855,0.14941294069918196,0.06745401528760897,0.06242623485782202,0.09803692554251413,0.2060395349387322,0.10008756149962311,0.07848721287552805,0.08104969042555234,0.15700588387343722,0.3723315005027541,1.6307607582504142,0.998646009168263,5,28599,0.10369320241910922,415,54146.36387062073,103.10245754132691,1504.6917376107672,2.377379009691673,candidate_exploratory_not_formal_manifest,False,False
IMG-0414,d66d0218e585b05d1b8394f3ccb15291994141eda29bc3b83f0cde4d8785f514,清代姑苏版画（候选，待确认）,gusu_qing_candidate,清代姑苏版画（候选）,1,4000,3272,722,590,1.2469463134703833,0.9915851551653887,0.11025955523837609,0.11696835769761735,0.13312438365758744,0.13839842211672276,0.13854959038559814,0.1014938510459873,0.08313437112608721,0.07942092579711367,0.09865054293491007,0.4120921144846681,1.5965087272645886,0.9993363793130132,6,31377,0.07365838771773323,395,57877.86995398998,88.67841763945577,927.2735809192919,2.6003871055893946,candidate_exploratory_not_formal_manifest,False,False
IMG-0107,d773adf1895c28e7a7efddf2b47054da3f56ec837de3d694b72ac93ca29fc970,清代姑苏版画（候选，待确认）,gusu_qing_candidate,清代姑苏版画（候选）,1,3400,2382,722,506,1.8138509350096335,0.9776660311796558,0.09168435383819201,0.08238809162517545,0.08399121323565653,0.12453620459517024,0.20153899277884815,0.14078976739094656,0.09457045004546752,0.08771759367331719,0.09278333281722628,0.5018153586246047,1.7954146837701557,0.9996549404360826,5,64162,0.17562655338158167,1108,120237.2515335083,198.92766414890536,3032.857784152497,2.8046143243879507,candidate_exploratory_not_formal_manifest,False,False
IMG-0026,d7edcc46120e4efb9fb2d57368729cdcc337df97a127d7479a758f3548e23b04,清代姑苏版画（候选，待确认）,gusu_qing_candidate,清代姑苏版画（候选）,1,966,1000,698,722,2.055666811610725,0.9623469943230969,0.08785188263766941,0.07939824629342476,0.09123886130176194,0.14223758642295406,0.22840742351230278,0.13993789975707874,0.07813762296261859,0.06870471726190468,0.08408575985028525,0.517247524066868,1.8309840661135806,0.9994298392307405,5,94407,0.1873318305566359,1601,177271.47502160072,249.7138027044283,3176.8646469136197,2.734161888502332,candidate_exploratory_not_formal_manifest,False,False
IMG-0230,d8509a8d131b315d2893db07e87ec49a841513f3d5a440f8ef8e5f345aa96d42,清代姑苏版画（候选，待确认）,gusu_qing_candidate,清代姑苏版画（候选）,1,3000,4000,542,722,1.5162450222702109,0.9850252319718658,0.12978916123381168,0.08039762201399604,0.0858273542985064,0.11762070557875749,0.16847166914113454,0.11814900551905783,0.08506506177834194,0.08014216696064516,0.13453725347574896,0.4956572117454343,1.6561156712242233,0.9993337259965749,6,34586,0.08838200570371355,454,65159.4583697319,104.16197924031987,1160.163956210199,3.0758257178154214,candidate_exploratory_not_formal_manifest,False,False
IMG-0274,d8797420d05ec88e3943c67842e56f8a973f527587f96a0a79a3881eadcd5984,清代姑苏版画（候选，待确认）,gusu_qing_candidate,清代姑苏版画（候选）,1,1920,1280,722,482,2.2981507986786958,0.9536586391083705,0.09022250338865567,0.06767392425722213,0.08140618179201849,0.1316801808161622,0.2553500887420773,0.12801302754290642,0.08253744127509362,0.07053640815403109,0.09258024403183311,0.5411372313891005,1.8184863410936711,0.9990972141837807,4,69435,0.1995235686946127,1195,130295.87235116959,220.87091991495447,3433.868576223262,2.76923383778315,candidate_exploratory_not_formal_manifest,False,False
IMG-0321,d9190a11a3d526e173792c2d8b0ef14aaa45f54ea072be1969b0eb9e6c082082,清代姑苏版画（候选，待确认）,gusu_qing_candidate,清代姑苏版画（候选）,1,580,1020,411,722,1.4857343775918803,0.9916724750836035,0.1107431223395432,0.0887372858619051,0.09008458202957051,0.11217308882335517,0.16508159751020893,0.1243562404395762,0.10075879873669948,0.09589840380977009,0.11216688044937122,0.5988531731077795,1.8940901370387757,0.9995081165934553,4,75524,0.2545106523512007,1541,139485.74960017204,256.0591685512784,5193.0633344791095,3.5919055015138337,candidate_exploratory_not_formal_manifest,False,False
IMG-0451,d9c79e6e38467f6c8de85a6bafb56ec530e4758ecfd2a93876392cb632054497,清代姑苏版画（候选，待确认）,gusu_qing_candidate,清代姑苏版画（候选）,1,2003,4000,361,722,1.2705663144188888,0.9908720267833346,0.1411740349354321,0.13225335537504138,0.11933501226408273,0.11042747602082402,0.13007973666537526,0.08691459538341703,0.07738278891926524,0.08356862471980539,0.11886437571675676,0.49067644048009706,1.658983146359342,0.9985205797832819,5,29601,0.1135695705220187,444,54399.08962714672,106.55392012667653,1703.4860076273203,2.2043625008349244,candidate_exploratory_not_formal_manifest,False,False
IMG-0315,d9fc95e95e1def436aa4ea2fa2790ffcaf99013b77ba0a3ce0f5a2515adce285,清代姑苏版画（候选，待确认）,gusu_qing_candidate,清代姑苏版画（候选）,1,838,1118,542,722,1.573002746381362,0.9864833802840398,0.1306127724810803,0.09251969631428998,0.09227623738473507,0.11615377903136354,0.17477808293126246,0.10551653918044539,0.08161921032318703,0.08277861471597493,0.12374506763766116,0.5963109050793072,1.8516430567709248,0.9991702459546273,3,96451,0.2464735104414756,2073,177404.47844994068,283.59354211615624,5297.400619435557,3.1080538865931078,candidate_exploratory_not_formal_manifest,False,False
IMG-0051,da21deccc467719e84b452d61e295aad10ac1f4ca0547dd8359baf4546b51d35,清代姑苏版画（候选，待确认）,gusu_qing_candidate,清代姑苏版画（候选）,1,591,1000,426,722,1.4340251042543752,0.9889147457128059,0.15933612269493058,0.1017109407147244,0.09929906308914481,0.10547817353169728,0.10272782688797993,0.09087778016349284,0.08661807137723533,0.09824051470577015,0.15571150683502472,0.44842764530933465,1.803427742281347,0.999781229702758,6,49147,0.15979022797913983,746,91474.91460001469,164.9409966220203,2425.448350304969,2.873236399039155,candidate_exploratory_not_formal_manifest,False,False
IMG-0221,da27fff3377c8f865c2fceafe94ae7e655bd01c314afa15e3b1b4342f06827bd,清代姑苏版画（候选，待确认）,gusu_qing_candidate,清代姑苏版画（候选）,1,3246,2482,722,551,1.063794667433063,0.9993502800882207,0.11819940749256254,0.11135137933978632,0.11228947864661142,0.11438936207863364,0.11658599938567488,0.10593810305287113,0.10160840514937224,0.10268956498532461,0.11694829986916325,0.4270147469670009,1.574124363059636,0.9997390904903662,6,27781,0.06983273926529955,362,50968.97362983227,80.80932702623087,909.954703359794,2.494031712447342,candidate_exploratory_not_formal_manifest,False,False
IMG-0231,da64c9cff3c375068d67c5083b8decc20ad8e3dfc422194e7e8c8b95f2fc29a9,清代姑苏版画（候选，待确认）,gusu_qing_candidate,清代姑苏版画（候选）,1,521,600,627,722,1.6363240998070792,0.9751007129350563,0.18181378886745325,0.09415944989683293,0.08297287853356326,0.08208950217771493,0.11004353148977818,0.10772797284688986,0.07701355481255072,0.08552321810350114,0.17865610327171563,0.46711498936804396,1.5973158866404047,0.9997024030380272,6,31781,0.07020415556645328,417,60690.493065834045,90.20244231527975,921.1520364749699,2.338965658634919,candidate_exploratory_not_formal_manifest,False,False
IMG-0365,dbcf7765e3b46cbe0f2cf640b8b5d48ad6a9e3d32ec1c8a576006b5433a64a8a,清代姑苏版画（候选，待确认）,gusu_qing_candidate,清代姑苏版画（候选）,1,1552,1080,722,502,1.4184937222817715,0.9920194025759856,0.11890167610924549,0.10227310376172012,0.10062624322860271,0.11947141307590338,0.1576104135868635,0.12640193160800323,0.09079661202253873,0.08242357691634582,0.10149502969077707,0.6150990667376603,1.8592158825433174,0.9994645330798733,3,89982,0.24826455949056958,1595,165985.9099084139,275.70888770338695,4400.679829159815,3.6153027662738175,candidate_exploratory_not_formal_manifest,False,False
IMG-0351,dbe9fa0df73b78182cf3426263457b5d258cb97d2e80c7d47f20daaa8324644e,清代姑苏版画（候选，待确认）,gusu_qing_candidate,清代姑苏版画（候选）,1,1080,1084,719,722,1.5602944357417532,0.9858933022300715,0.12374899340731059,0.08870821102607011,0.10010351767539959,0.09949110605734116,0.17336604841575035,0.11227080622995793,0.08121256205354661,0.08218615032856369,0.13891260480605985,0.522179347221521,1.7546215611186646,0.9994231780277931,4,92146,0.17750492180968488,1608,171207.99546289444,237.62438097672688,3097.5616333858584,2.680218018574564,candidate_exploratory_not_formal_manifest,False,False
IMG-0193,dbf09f5af43cb985ca6a5cd17b2357bcc606971105feeba81d82d9e7b2d2e526,清代姑苏版画（候选，待确认）,gusu_qing_candidate,清代姑苏版画（候选）,1,3708,2280,722,444,2.14062308962762,0.9659199092438049,0.09171061724820383,0.0747658800845455,0.08025963515368385,0.1202671542616661,0.23784700995862448,0.12224918898540481,0.09144279448075196,0.08355939798365779,0.09789832184346163,0.558506640289915,1.8606274878565239,0.9992548442153589,5,63543,0.198220034438871,1192,119231.79192638397,210.58720822476636,3718.3998402834964,2.6714924513180147,candidate_exploratory_not_formal_manifest,False,False
IMG-0352,dc68789524c33dc21f03ba867d37e1d0c8ff71ba51804eba4f2e93c03b6bb7c6,清代姑苏版画（候选，待确认）,gusu_qing_candidate,清代姑苏版画（候选）,1,1040,1872,401,722,1.9248803738462348,0.9676042497067551,0.1370896468523019,0.09639834181235626,0.08932930501735557,0.1110981045819495,0.2138755970940261,0.08522397430081047,0.06392188166898942,0.06730096142436695,0.13576218724784384,0.4635947388367073,1.70507865747194,0.9993666840141365,5,37307,0.12885721983130816,510,70476.43486094475,130.9794436954295,1761.5241674207832,3.036274366765749,candidate_exploratory_not_formal_manifest,False,False
IMG-0401,dd38794546463483bbf387462a587d8125970eabb8ce34669d8bdca0751ad766,清代姑苏版画（候选，待确认）,gusu_qing_candidate,清代姑苏版画（候选）,1,2557,4000,461,722,1.3753000298556004,0.9947724556707037,0.11585321967657437,0.09944017451449748,0.09503962219278957,0.11208937853468144,0.15281111442840004,0.12001436515565028,0.09593571095463237,0.0959886800660071,0.11282773447676735,0.506980790690855,1.6448452495232129,0.9997824603541421,6,28111,0.08445749034076229,407,52805.64146506786,91.52953608820093,1222.8024107534504,2.8305378982119658,candidate_exploratory_not_formal_manifest,False,False
IMG-0124,de08a97122d4515e90c4d2b61d6f97a17c6c69787618008d80ff6901419b01f6,清代姑苏版画（候选，待确认）,gusu_qing_candidate,清代姑苏版画（候选）,1,2548,4000,459,722,1.7802805517629672,0.9746144553630385,0.12346709209177135,0.07326432801114095,0.07249815206198211,0.10766546873087446,0.19780895019588524,0.10838662343408967,0.08209188595139078,0.08671213143708814,0.14810536808577737,0.5734540351047679,1.8009635067201415,0.9993815033523143,5,63827,0.19259923113597546,995,120950.44790410995,210.103138270496,3002.43212089391,3.1522554499498776,candidate_exploratory_not_formal_manifest,False,False
IMG-0086,de8c3cd5a8f438ba138519786c1ed7141d43c24983979a2ba5ed5c5f16027384,清代姑苏版画（候选，待确认）,gusu_qing_candidate,清代姑苏版画（候选）,1,3400,2733,722,579,1.0789559359174452,0.9986326467657515,0.11988399287971614,0.11380676950786076,0.11573461510037755,0.11840997447172684,0.11845325188900853,0.09954659755937371,0.09606915672897166,0.10298263280395473,0.11511300905901002,0.39520114173233545,1.5660446295462491,0.9993444491108664,6,24935,0.05964768753079864,292,45712.6167447567,70.70143064383944,698.5010932020533,2.978620735287531,candidate_exploratory_not_formal_manifest,False,False
IMG-0392,dffca64734bbc3c13258913ab3d14eafa7e02afb04b11c744a0efb1de3dbcaae,清代姑苏版画（候选，待确认）,gusu_qing_candidate,清代姑苏版画（候选）,1,2145,4000,388,722,1.8946990084580757,0.9715523285163269,0.1314300452116579,0.0985617396471572,0.09256330868151628,0.11282999776879009,0.2105221120508973,0.08790601425617649,0.06663281900508199,0.07000881761126568,0.12954514576745704,0.47972952738630525,1.7161659612720872,0.999479920001687,5,39415,0.1406995173772739,523,74038.66685557365,139.88596032142055,1866.9503384070595,3.187186225967366,candidate_exploratory_not_formal_manifest,False,False
IMG-0004,e0b1e8e52ac0e6659917f611a2f7afdccec851b128a65ea7a9eab63757e354b7,清代姑苏版画（候选，待确认）,gusu_qing_candidate,清代姑苏版画（候选）,1,789,1000,570,722,1.4419044177604303,0.9920240229921053,0.12880286640387162,0.10068695232683665,0.10186341387046922,0.11049026340648425,0.16021160197338113,0.10545017519371272,0.08726983631215687,0.08770162396437761,0.11752326654870991,0.45214071310247994,1.6898746543514418,0.9999004704752206,6,44208,0.10742090683773145,647,81552.18358492851,127.12459059298915,1572.1436555377363,2.9962854632692473,candidate_exploratory_not_formal_manifest,False,False
IMG-0207,e1f07afc3d606c13b8ae59f8ce687eb32c1aec633f7d8b8b03e928e58c2857ea,清代姑苏版画（候选，待确认）,gusu_qing_candidate,清代姑苏版画（候选）,1,2820,2780,722,711,1.068456881776522,0.9994506097144517,0.11871743130850246,0.10786941816650736,0.10241818911880926,0.10794960974629611,0.11820730530278102,0.11275403992479115,0.10608392161996229,0.10918759541349908,0.11681248939885126,0.520170167020489,1.7969331995137063,0.9996634110659003,6,77743,0.15144484573637068,1291,144508.4920603037,201.6926026032022,2514.8926057092544,3.4147307183739057,candidate_exploratory_not_formal_manifest,False,False
IMG-0069,e2a58383f7d1b72ea6c777c0ca0ddc2ce59fbae4aa3fa27b216849d9d077a56a,清代姑苏版画（候选，待确认）,gusu_qing_candidate,清代姑苏版画（候选）,1,1000,934,722,673,1.1837267764526203,0.997890635819014,0.11501542997703024,0.10068549762412961,0.10633824658374497,0.1218903827271268,0.13152519738362448,0.11377617624534386,0.10257341085857112,0.0946410721104207,0.11355458649000823,0.5199142359401968,1.505627771304225,0.9998228082761557,5,31719,0.06527805789597164,407,58380.77207803726,83.75171391021324,837.6105666528094,2.4596661995235096,candidate_exploratory_not_formal_manifest,False,False
IMG-0294,e2a6359566166b1c5cfa77da569f45890694e80b2d8e901b1be1c43cad188dc2,清代姑苏版画（候选，待确认）,gusu_qing_candidate,清代姑苏版画（候选）,1,3143,4000,567,722,1.293118448742773,0.9958363805377071,0.12093255763613735,0.14367982763808587,0.12715475392426365,0.0999691300881108,0.10773956649471415,0.10438688880894674,0.09786302226409624,0.09411155756487671,0.1041626955807684,0.40388744213355254,1.634768658533119,0.9992719423961532,6,32686,0.07984385916057199,364,58828.694875359535,91.94520498523781,889.1624773434561,2.7044266151788903,candidate_exploratory_not_formal_manifest,False,False
IMG-0341,e5469d87f858a19fe16837a827bae1882945b60d6941622f671e8dffb086c5e2,清代姑苏版画（候选，待确认）,gusu_qing_candidate,清代姑苏版画（候选）,1,760,597,722,567,2.1440455943003585,0.9344562359836335,0.2035215691018002,0.06153932211006704,0.05731809116267824,0.08642231326351937,0.136124801121265,0.07828527449949137,0.06413257217459276,0.07442876831099073,0.23822728825559536,0.5248713559948108,1.785689333183911,0.9987678852882208,5,64997,0.15877168554915555,825,124488.70753192902,194.56728993599958,2015.2720983745915,2.5075315626910486,candidate_exploratory_not_formal_manifest,False,False
IMG-0022,e588a82f9379923a3f9fb7c8ac65d383bdabb0f70b4e800f36d94ca61d04656b,清代姑苏版画（候选，待确认）,gusu_qing_candidate,清代姑苏版画（候选）,1,1000,777,722,561,1.510152941645933,0.9911671167268741,0.10884125574012213,0.09504279905320505,0.09254192040154852,0.11781809364575568,0.16779477129399256,0.12333827656231995,0.09300440653465203,0.09280522076830428,0.10881325600009985,0.5983328460773891,1.629217690701173,0.9992547734238199,6,23393,0.05775450447114126,331,43485.543795347214,68.32739697039338,817.199204033162,2.1552825771980624,candidate_exploratory_not_formal_manifest,False,False
IMG-0442,e6362a059752761cc257db5a9f4e66dd64b0f6bde2e1db98dc8c5fcf4092a265,清代姑苏版画（候选，待确认）,gusu_qing_candidate,清代姑苏版画（候选）,1,2415,4000,436,722,1.3344425276620016,0.9886942918008451,0.1476473786719538,0.09169588627241095,0.09080771091866859,0.10280011203030973,0.14827139196244463,0.10381747574426581,0.08542051694149638,0.0884564576046186,0.14108306985383162,0.4775065067166754,1.623790674835125,0.9993780264414022,6,27897,0.08862042237413911,364,52213.20307254791,93.0611666796481,1156.319093242522,2.9879180673127927,candidate_exploratory_not_formal_manifest,False,False
IMG-0333,e71d95daffbb661eddbda87afba094b0d7e5b0a3e4a1efaf0e7af78b980eacd6,清代姑苏版画（候选，待确认）,gusu_qing_candidate,清代姑苏版画（候选）,1,1080,1561,499,722,1.5731487004101794,0.9875046437582837,0.09993924095386227,0.09077816425011039,0.09463792394747585,0.12770702355392122,0.1747943000455755,0.13278186119674554,0.09558759385403032,0.08715247167993023,0.0966214205183489,0.5353041479100171,1.6763816507856364,0.9998210376678114,5,44065,0.12230832856849433,606,82614.77475881577,137.63815789832756,1682.034428968741,3.019552281923502,candidate_exploratory_not_formal_manifest,False,False
IMG-0424,e750c929f7ec423b0dc50ac324a9960561b02304177dfe245e416cd9f3c91ab1,清代姑苏版画（候选，待确认）,gusu_qing_candidate,清代姑苏版画（候选）,1,2462,4000,445,722,1.2459410149092902,0.9960483809883688,0.13524549791546597,0.11093189606472947,0.09794047055732308,0.09538728374334474,0.10469773944093855,0.1004328835140161,0.10227632304643189,0.11465001517227362,0.1384378905454767,0.5048895521609524,1.6358396050032247,0.9995451515676304,6,24556,0.07642939400541567,361,45384.456152915955,80.06791719060624,1123.5955056179776,3.2871841761538154,candidate_exploratory_not_formal_manifest,False,False
IMG-0300,e78d6b929c39ebb849b83593b2b5fbcde6af74c3c2902371ce818a2aaac04074,清代姑苏版画（候选，待确认）,gusu_qing_candidate,清代姑苏版画（候选）,1,4000,2667,722,482,1.5191352205151452,0.9856086414669184,0.1385941215019155,0.09160971925169956,0.09705137957829182,0.11091456853293838,0.16879280227946059,0.09876294885390983,0.07940161542667772,0.08024404255021703,0.1346288020248896,0.587751291212394,1.7869349636745613,0.9996482289209798,6,48630,0.13973977310605626,890,90643.22258579731,153.65376964991262,2557.4418684842703,2.998588924400369,candidate_exploratory_not_formal_manifest,False,False
IMG-0032,e874dc092c3e4d1968234cd81260a69458e864054f44dbeeb7a878a4adb2ef33,清代姑苏版画（候选，待确认）,gusu_qing_candidate,清代姑苏版画（候选）,1,1000,783,722,565,1.227776889035981,0.9965879598224011,0.1240726000936964,0.10122452314763604,0.09097382029998448,0.0937778251834458,0.11311774144545869,0.11296314868688576,0.1094492118688053,0.11800147493675633,0.13641965433733122,0.366459458983059,1.569420093726605,0.9998376903418642,6,25454,0.06239796043438825,363,46860.70121657848,73.36956772576244,889.8585541637045,2.737244850217659,candidate_exploratory_not_formal_manifest,False,False
IMG-0006,ea65d4a36e629b539c9484ea224046500213f8d15ea2e1fa740bee3f6ba25ce0,清代姑苏版画（候选，待确认）,gusu_qing_candidate,清代姑苏版画（候选）,1,834,1000,603,722,1.2670664602590958,0.9948716707167397,0.08870573166084096,0.09232121405380168,0.10952728448180964,0.12943469054877368,0.14078516225101065,0.1234566289647178,0.11482709387564835,0.1057823298117864,0.09515986435161101,0.43643709136299924,1.6661059214911855,0.9999408882187334,6,40005,0.09188820440732624,629,72704.30968689919,110.18764481087935,1444.7614191278144,2.6226309964004497,candidate_exploratory_not_formal_manifest,False,False
IMG-0164,eb06a7222be37247d6ad66bdd0409ef4beec4fc12a35a1903f4c5799fb215f46,清代姑苏版画（候选，待确认）,gusu_qing_candidate,清代姑苏版画（候选）,1,3340,2888,722,624,1.5586950214039021,0.9856995671720212,0.1326481358441069,0.08608599147598682,0.0877321792221352,0.11015452715206635,0.17318833571154468,0.11636652490708585,0.0872664636290633,0.07955527222502812,0.1270025698329828,0.4608820631095655,1.7484674800074034,0.9981900474181261,5,67230,0.14922490943959088,1114,125202.560937047,186.5315583751416,2472.6543078343634,2.190427212115972,candidate_exploratory_not_formal_manifest,False,False
IMG-0241,eb08c2083ea57e6b0cfc460ddd5543aa468228908fc9f22d90f2b0df6ce27ffc,清代姑苏版画（候选，待确认）,gusu_qing_candidate,清代姑苏版画（候选）,1,4000,3000,722,542,1.4009407047045448,0.9893507498405695,0.155660078300505,0.09850338345427878,0.08698984251785329,0.10387061397392293,0.12170876599755057,0.10877987013537843,0.08475051785782586,0.09093105037232099,0.14880587739036424,0.5125327558942393,1.7067610531097395,0.9991489295759736,5,51843,0.13248101317578273,853,96806.07310390472,154.75131975114513,2179.779415522687,2.297081149155476,candidate_exploratory_not_formal_manifest,False,False
IMG-0279,eb242f723b69be94b5fdb5c20f9465093f65b0abc5b948a8727247a7311747cb,清代姑苏版画（候选，待确认）,gusu_qing_candidate,清代姑苏版画（候选）,1,2256,4000,407,722,1.4514110590906384,0.9935641677852715,0.1094764324086951,0.09570078614355304,0.10687007515664383,0.10034076735631886,0.16126789545451536,0.10434495331723889,0.10833269216388568,0.09205154792037977,0.12161485007876956,0.4873061963580989,1.6465941491503577,0.9994358948436524,6,25763,0.08767278988885636,266,46795.471309900284,86.32528529572932,905.211431527221,2.5370639499555785,candidate_exploratory_not_formal_manifest,False,False
IMG-0132,ec0222cba8da53d60e7575e011a8a74aea31dac19136ee8eb131cd5933012e27,清代姑苏版画（候选，待确认）,gusu_qing_candidate,清代姑苏版画（候选）,1,2148,4000,388,722,1.609460653366861,0.9688298244211979,0.16773077254586827,0.08925498141519356,0.08874073132956903,0.10002009374526194,0.17882896148520677,0.08506034567284507,0.0652238988328548,0.06715085096112935,0.15798936401207123,0.5612459946865472,1.578389746711442,0.9976127427349216,5,28862,0.1030285290001999,313,54201.280945420265,102.40592595341218,1117.3144472684696,2.2674874472508746,candidate_exploratory_not_formal_manifest,False,False
IMG-0135,ed1c14e2370743b12dbbc96a80fda5d62852ecc61d292f15357ec36efa942758,清代姑苏版画（候选，待确认）,gusu_qing_candidate,清代姑苏版画（候选）,1,2237,4000,404,722,1.4004099163453947,0.986733348200126,0.1354234774314519,0.0843858949205943,0.08135163572491702,0.1044993451818785,0.15560110181615497,0.10844335279310731,0.08714699465369105,0.09281918628546298,0.15032901119274186,0.5706148476280989,1.859322237758968,0.998683182526395,6,49825,0.17081607745262062,817,93954.79914402962,173.96412103517622,2800.9379885356957,2.689750559207409,candidate_exploratory_not_formal_manifest,False,False
IMG-0104,edb8b8c4fec213a8c7b7cadf1465af944c234262b0ace12cce3f583ef0c3409d,清代姑苏版画（候选，待确认）,gusu_qing_candidate,清代姑苏版画（候选）,1,2162,3400,458,722,1.1284477425063444,0.9983618879477774,0.12305641017070623,0.10588102155019781,0.10034918215087905,0.1084996353817576,0.12538308250070493,0.10803943142394483,0.10068334768112813,0.10463367014790678,0.12347421899277469,0.5978472872368501,1.737114584847889,0.9997431944974359,5,53698,0.16238856161318027,1103,99458.81961107254,172.95852099553736,3335.591334115569,3.168753710595723,candidate_exploratory_not_formal_manifest,False,False
IMG-0308,ee04f064a915c7ea0f7bd9a3bc50d22f44976749f5bd5c42884c241811123740,清代姑苏版画（候选，待确认）,gusu_qing_candidate,清代姑苏版画（候选）,1,1080,1654,471,722,1.397509011258116,0.9928232812648526,0.09312881666425618,0.08762245523681263,0.09876622101371337,0.12766063950401618,0.15527877902867956,0.1260634942855434,0.10852319410813206,0.10085793586276903,0.10209846429607779,0.5756888487074722,1.8308564271778804,0.9995900625691544,3,82641,0.24301744975916156,1439,151886.33213865757,260.45916397786476,4231.5812998806105,3.5036595808239985,candidate_exploratory_not_formal_manifest,False,False
IMG-0322,ee1ee11d857de1de5168ebf28649663397458abb0b9ef1ff300a4f02f9d5028e,清代姑苏版画（候选，待确认）,gusu_qing_candidate,清代姑苏版画（候选）,1,870,1276,492,722,1.4850467671879803,0.9916880182169535,0.1113056446092646,0.08872697954097776,0.08941990006511032,0.11257702299564062,0.16500519635422004,0.12089842442814656,0.09963908702618864,0.09616955883579159,0.1162581861446599,0.6108876812851287,1.9116093982984332,0.9998187554855021,4,97190,0.27360200887327435,1930,179627.2160639763,301.3845526178634,5433.191451028084,3.934090185025804,candidate_exploratory_not_formal_manifest,False,False
IMG-0324,ee3883efd687d3055bc6522a800afada86d878519396b3ea7aa24df43ab60347,清代姑苏版画（候选，待确认）,gusu_qing_candidate,清代姑苏版画（候选）,1,2948,738,722,180,1.5011493380433645,0.9783180110015229,0.16133896302173614,0.0946057145377191,0.08206476979079978,0.10327469856693222,0.16679437089370716,0.09387724756797027,0.07233571508726702,0.07838480267363934,0.14732371786022894,0.5523984306471231,1.7342571108945657,0.9994734289547251,3,27824,0.21409664512157586,557,51825.2018610239,143.75936673581808,4285.934133579563,2.2172877352003173,candidate_exploratory_not_formal_manifest,False,False
IMG-0280,ee786d40a5024f81ea9fcab7e21d99fdf9976498a1a6448d9859325f89493cee,清代姑苏版画（候选，待确认）,gusu_qing_candidate,清代姑苏版画（候选）,1,1885,4000,340,722,1.684773893060691,0.9800285978240761,0.08591219204487727,0.08702099659080237,0.10096021453498503,0.14128047768101384,0.18719709922896566,0.13737419247289706,0.09490379248153262,0.08120843202881589,0.08414260293611019,0.5963152199913324,1.4306048306220815,0.9977323160163424,5,14368,0.058530226495030147,216,26571.72379744053,53.63047854199837,879.9087502036825,2.099619408279803,candidate_exploratory_not_formal_manifest,False,False
IMG-0099,ee7f54ec3d9353aa16809aa1646a2675d314c513acbfb295cdcc3838f72453e1,清代姑苏版画（候选，待确认）,gusu_qing_candidate,清代姑苏版画（候选）,1,1913,3400,406,722,1.8704592983158377,0.9723451184898247,0.12585393557505495,0.08114119968856195,0.08016485866724682,0.12361440118413225,0.20782881092398198,0.10627802399750813,0.07027732405046373,0.07572355054003174,0.12911789537301852,0.576798746397555,1.7279611571566345,0.9992629737840016,4,48320,0.16484041319269135,700,91646.03418040276,169.27080547817098,2388.0026745629957,2.2267485474612942,candidate_exploratory_not_formal_manifest,False,False
IMG-0061,ef0bd4fa31cecfd7217f5b706fb21a029b9c38ffb2f943e704b06b2ae7d60a8c,清代姑苏版画（候选，待确认）,gusu_qing_candidate,清代姑苏版画（候选）,1,1000,985,722,710,1.5412660215454772,0.9816725455927668,0.1712517801717197,0.09532819488813381,0.08973200619391736,0.11482696044170888,0.106236753700245,0.09024215944539805,0.0757812051144326,0.08966415967791906,0.1669367803665254,0.47223135673950634,1.7119050924788588,0.999734971722024,6,55650,0.10855994693925325,652,105885.25545167923,147.88962767125594,1271.897311848933,3.2544735817517734,candidate_exploratory_not_formal_manifest,False,False
IMG-0072,ef91a58f0ea4fe48bfecadcb3e669ed146cab628ef543c4b3884a52de2997337,清代姑苏版画（候选，待确认）,gusu_qing_candidate,清代姑苏版画（候选）,1,1000,792,722,572,1.0966364167968765,0.9990070114708482,0.11204716450245962,0.11312796523314457,0.11927419250981794,0.1218484907552085,0.11837721301106244,0.10570395116422376,0.09965203339332881,0.10290487770497918,0.1070641117257751,0.3972363905352395,1.6070680112702094,0.9989518174125773,6,27941,0.06765637409681731,348,50572.8457750082,78.69565949264856,842.6476570520891,2.533972340941462,candidate_exploratory_not_formal_manifest,False,False
IMG-0163,f178926db55fd22658c3be3f7ad50a58e9b162320840a967480d22745009c648,清代姑苏版画（候选，待确认）,gusu_qing_candidate,清代姑苏版画（候选）,1,3736,2648,722,512,1.6019923258271846,0.9843828457118153,0.1367873686297538,0.0966642155202157,0.08821567803595204,0.10534313513294097,0.17799914731413163,0.10295119083888034,0.07811074966726461,0.08405187865338834,0.12987663620747258,0.5853584018799598,1.8233538671016492,0.9996310465994439,3,81516,0.22051376385041552,1511,152086.76651000977,250.14270807567397,4087.4956717451523,2.7575992314015956,candidate_exploratory_not_formal_manifest,False,False
IMG-0101,f1cf6cdd63f4980b70e68829a2d09f42334ace118cdb4f6ab435da253a7d5832,清代姑苏版画（候选，待确认）,gusu_qing_candidate,清代姑苏版画（候选）,1,1622,3400,344,722,1.8361758887375048,0.9731251513297277,0.0978256214543346,0.08744762234536087,0.1217139122172247,0.14081981597985052,0.2040195431930561,0.11834410894692686,0.07330873715236212,0.0661192261073501,0.09040141260353418,0.5403285877190314,1.6878242820432428,0.999117819235459,3,45255,0.18220946337692456,843,83899.21477532387,168.34881980611885,3394.1570572698574,2.3519117424488933,candidate_exploratory_not_formal_manifest,False,False
IMG-0039,f2467a08d62c55f57e8d1c91e3a460a543cc46671189b3920d4d1eeb49ddc086,清代姑苏版画（候选，待确认）,gusu_qing_candidate,清代姑苏版画（候选）,1,982,1000,708,722,1.11695005575444,0.9992704342978163,0.1077064448597516,0.10584462757849249,0.1117679510490021,0.1171305319940352,0.12410556175049334,0.11460817367915475,0.10458303188685324,0.10332713718957745,0.11092654001263978,0.4376834564383978,1.6265604917142151,0.9999135066779667,6,42199,0.08255278025572406,604,77454.6867812872,108.33342516727336,1181.589119989984,2.7187264810718785,candidate_exploratory_not_formal_manifest,False,False
IMG-0046,f2ebdaa3182628ab613b45aefa67dd5daba4c4e11d70178eb8d68216c821c990,清代姑苏版画（候选，待确认）,gusu_qing_candidate,清代姑苏版画（候选）,1,1000,958,722,692,1.1545007562589968,0.9968032863826016,0.11715364198815523,0.1172814866917196,0.11680626804076653,0.12592592057274157,0.1282778618065552,0.11107044969683427,0.094454322379467,0.08826879713918136,0.10076125168457922,0.48009290787878856,1.6110451632635527,0.9995951980884475,6,33812,0.06767489151842185,546,61674.471232533455,87.2536872257438,1092.8218019951003,1.9448855354155736,candidate_exploratory_not_formal_manifest,False,False
IMG-0432,f32016c4c8c419185122cfa2755155e1123a7ba2bd58de11b3afa3bbab554aa9,清代姑苏版画（候选，待确认）,gusu_qing_candidate,清代姑苏版画（候选）,1,2598,4000,469,722,1.0937905994988637,0.9995467986220471,0.11642400931826578,0.1078605979615206,0.10955930663174455,0.10664760354631217,0.12153228883320707,0.110503985821415,0.11023375850505888,0.10413217364265734,0.11310627573981862,0.6013400784819909,1.7724319909521502,0.9999237708282969,6,49199,0.14529351658801362,960,89376.71668279171,153.59227612150485,2835.053068649629,2.9101996924521067,candidate_exploratory_not_formal_manifest,False,False
IMG-0224,f504a4359ec7c6d047b41b1b2e174c23fa53750877bee8a07ef1fd681478a349,清代姑苏版画（候选，待确认）,gusu_qing_candidate,清代姑苏版画（候选）,1,2872,3544,584,722,1.38593830874338,0.9939898446876455,0.12425831966606293,0.09867152298482104,0.10333692301282768,0.11125077648385685,0.15399314541593112,0.10673418378187932,0.0914211408209452,0.09140005194077003,0.11893393589290581,0.48368143414307074,1.663456257458024,0.9998805006506876,6,39476,0.09362311691268546,479,73229.04462015629,112.77383408447007,1136.0186696011838,3.0787890165140017,candidate_exploratory_not_formal_manifest,False,False
IMG-0018,f595667fefe85ffa4716d5e1cd3041088b877e77844bb3848a90697bcac458b9,清代姑苏版画（候选，待确认）,gusu_qing_candidate,清代姑苏版画（候选）,1,786,1000,568,722,1.4338147379395871,0.9917615323174607,0.11333790222959214,0.0939764032301387,0.09881307081082057,0.12588644247621536,0.15931274865995412,0.117768104799626,0.08996306137691236,0.08488240998364902,0.11605985643309161,0.4612021822217175,1.6683559749056758,0.9999002174564575,5,39997,0.0975308220514221,579,74450.50760412216,116.25854851025551,1411.8645390347626,3.2230252594729016,candidate_exploratory_not_formal_manifest,False,False
IMG-0048,f5f7dd8775422e708a2b9f3c4596fff136cf3ddb57095449f7a959803d8808d0,清代姑苏版画（候选，待确认）,gusu_qing_candidate,清代姑苏版画（候选）,1,1000,956,722,690,2.0438102422490494,0.9668731601099328,0.08921225579722933,0.09216258693189115,0.09625238191630715,0.13608691499437492,0.22709002691656102,0.12736111070470318,0.082206422290087,0.07260683240382224,0.07702146804502415,0.4541381372680128,1.7782487688842645,0.999797858145588,6,75167,0.15088321490224416,1278,139013.10426843166,196.95299865012717,2565.337829700108,2.437975568442272,candidate_exploratory_not_formal_manifest,False,False
IMG-0223,f6ec18e5f9a8bb7708e860fbc435e7489d68ba109bf928203366d4f486e2286c,清代姑苏版画（候选，待确认）,gusu_qing_candidate,清代姑苏版画（候选）,1,3230,2558,722,572,1.1818694084450476,0.9966603206118616,0.13131882316056084,0.12111256444918582,0.11783249991614135,0.11416283557341314,0.11632003617013964,0.09335559490527598,0.09065187505663946,0.09635628757555582,0.11888948319308794,0.42059916269369124,1.555659319402347,0.9994763514024843,5,28910,0.07000271196947097,412,53179.81040871143,82.75231871321135,997.6173411076458,2.8001840487866483,candidate_exploratory_not_formal_manifest,False,False
IMG-0142,f780e0ba2127b15fff2b7dcc74ee83f0ec34b4600c860c5667101b3ce5709c54,清代姑苏版画（候选，待确认）,gusu_qing_candidate,清代姑苏版画（候选）,1,3002,4000,542,722,1.2313845023719954,0.9975518829352031,0.11898514567215888,0.09980379764755132,0.10249116421840347,0.11509045426900212,0.13682050026355505,0.11102497476144489,0.10222921620893992,0.0975855762482546,0.11596917071068967,0.6010964001680457,1.7035037175624894,0.9999064820466689,6,42134,0.10767037033251219,763,77981.73993384838,124.65929857831259,1949.7909660537048,4.764955550827642,candidate_exploratory_not_formal_manifest,False,False
IMG-0096,f918128c97726e2baf0c938b6656e8af7031f3e9e12e996075f50f08e499b838,清代姑苏版画（候选，待确认）,gusu_qing_candidate,清代姑苏版画（候选）,1,2147,3400,455,722,1.3378402380558625,0.9915608627066189,0.14864891533954028,0.10382437277475107,0.10788034896211497,0.10803446974664416,0.13323350736868084,0.09559422269967044,0.08020241277506084,0.08896640364272144,0.1336153466908159,0.5096585369857283,1.547372609177396,0.9992690636185776,5,25884,0.07879212200541841,248,48212.176599383354,84.11674166824528,754.9237466134972,2.690214662203814,candidate_exploratory_not_formal_manifest,False,False
IMG-0214,f990d3cab46daddef114156f4a6ca707933a61bb33c88204fc4d69a24aaa4b10,清代姑苏版画（候选，待确认）,gusu_qing_candidate,清代姑苏版画（候选）,1,3447,2689,722,563,1.724409040446038,0.9830419986267187,0.09894829361320664,0.08357138576656956,0.08745114280459464,0.1273574295418219,0.19160100449400422,0.12610000820228412,0.09291287337624253,0.09003140126138982,0.10202646093988654,0.5050955849990387,1.5826339349641216,0.9995565911344714,6,25080,0.061699541927643264,357,47348.129581809044,74.26428964887799,878.2590298312857,1.9467969803207394,candidate_exploratory_not_formal_manifest,False,False
IMG-0149,fb69011945cbb4940cb8c5d75136828e9d3abd506a168ee13270cbc8975ca5f4,清代姑苏版画（候选，待确认）,gusu_qing_candidate,清代姑苏版画（候选）,1,3774,2602,722,498,1.4484639068974547,0.9846904904428495,0.15608828725575388,0.09223330173441718,0.08586257104856378,0.10645599662295804,0.1609404340997172,0.096568215928444,0.08328613485451185,0.08378982753231486,0.13477523092331914,0.5187689850284309,1.7253063143997704,0.9984160145166474,5,49497,0.13766144912058206,847,93247.52167844772,155.5084626024718,2355.6831202928056,2.3441704269802126,candidate_exploratory_not_formal_manifest,False,False
IMG-0431,fb8d9c77f9ce98c57df5089721cd1897be68f4604fdce77be60fbad72d687d82,清代姑苏版画（候选，待确认）,gusu_qing_candidate,清代姑苏版画（候选）,1,4000,2663,722,481,1.5864747519245175,0.9741641239234345,0.16107192568152776,0.08576975501243818,0.07367943741080221,0.0932449495056727,0.1762749724360575,0.09589765056564752,0.07717391831387321,0.08179073975823273,0.15509665131574807,0.5673165037151224,1.8149351873778503,0.9993197261494312,3,82605,0.23786144977280713,1432,154861.79164278507,262.78655554835575,4123.450106829609,3.2510898306651264,candidate_exploratory_not_formal_manifest,False,False
IMG-0257,fbabc0ef123e5f3c852171f04b61bf6fa956b20191062577cd6bfdebec04a7f4,清代姑苏版画（候选，待确认）,gusu_qing_candidate,清代姑苏版画（候选）,1,1280,1299,711,722,1.5598167946978132,0.9893155938733458,0.09978247561439374,0.08239463919656669,0.0942112106243993,0.12494635554781713,0.1733129771886459,0.11896376997040933,0.10196815364076757,0.09601218105062667,0.10840823716637348,0.5509990077735389,1.7279825978943415,0.9990896747357966,4,85577,0.16670562704785505,1208,158386.1691237688,221.06187817386558,2353.2070237775206,3.011948547526769,candidate_exploratory_not_formal_manifest,False,False
IMG-0098,fbe7499e393407722b55045f707b6f7a5be459889b33c0743f7f6c2a4d74e466,清代姑苏版画（候选，待确认）,gusu_qing_candidate,清代姑苏版画（候选）,1,1879,3400,398,722,1.3523511366551844,0.9922725502150873,0.13480520779400526,0.10701024686705367,0.0922454038677853,0.11941057830243985,0.1502612374061316,0.11173491328675596,0.08813804611782197,0.0835022654594891,0.11289210089851726,0.5235260504348478,1.57466034793197,0.9995819508477214,6,23647,0.08229165216665042,374,44708.815873503685,83.40326123922397,1301.5214577040326,2.3293189858356644,candidate_exploratory_not_formal_manifest,False,False
IMG-0272,fcad17c474d6aa8693d536e5c7ae99256d077015640ec431feabbea3d411aef5,清代姑苏版画（候选，待确认）,gusu_qing_candidate,清代姑苏版画（候选）,1,1433,955,722,482,2.3818787331892888,0.9515886121032614,0.09088117725764636,0.10209168825780897,0.08058700342495902,0.11998711533415071,0.26465319257658765,0.12009391712125204,0.08101191174724703,0.06276176243983071,0.07793223184051763,0.5705701261733206,1.8822249185654514,0.9989822744237595,4,81446,0.23403753979839312,1307,153543.57877480984,260.27924660287295,3755.703957425777,2.801526913540416,candidate_exploratory_not_formal_manifest,False,False
IMG-0071,fde312d7e5eea004a14f59a9d27cd936a253c26965118bbab4fe2c71f50ea4be,清代姑苏版画（候选，待确认）,gusu_qing_candidate,清代姑苏版画（候选）,1,1000,962,722,695,1.5017278740402547,0.9872263975249483,0.13570564698893386,0.09280899536072204,0.09090370417267883,0.11979992216079724,0.16685865267113942,0.11344983072815798,0.08153619152279809,0.07982142523039994,0.11911563116437257,0.5124830861195704,1.7027089560102087,0.9973524070093109,5,61174,0.12191155662727436,863,115058.39967501163,162.42666530534174,1719.8429621953408,2.2226383790448407,candidate_exploratory_not_formal_manifest,False,False
IMG-0447,fe97e5ba8f78e9b1a4b4f5a654c1413d88e3cf5929bb40efb90ec8a0f9e77f33,清代姑苏版画（候选，待确认）,gusu_qing_candidate,清代姑苏版画（候选）,1,2165,4000,392,722,1.535691971115817,0.9794087439044334,0.17063244123509078,0.10135639631468993,0.08281545495149373,0.09896835918713226,0.14331328524609285,0.09049203992171977,0.07009780608117101,0.08565496493093756,0.15666925213167204,0.5584725603624321,1.716286828944551,0.9988410802883714,4,46626,0.1647422126745435,763,88021.7225600481,165.45436571437614,2695.88444796201,2.2941823358972573,candidate_exploratory_not_formal_manifest,False,False
IMG-0376,feade74562183a9550f65489ed9a13bb98d7eab8062c9afab8c83b23d0a1871d,清代姑苏版画（候选，待确认）,gusu_qing_candidate,清代姑苏版画（候选）,1,4000,3715,722,671,1.8390888303459303,0.9766825806954758,0.1331745835466293,0.09014041897876979,0.09054571346671264,0.10567520677900766,0.20434320337177003,0.10234845120905674,0.07479737716658101,0.0766410193759409,0.12233402610553198,0.5129244718075981,1.7922670430248833,0.9994055278293215,6,56044,0.11568296378250513,921,105342.19557130337,151.34654352820726,1901.0778967184217,2.5775085764124475,candidate_exploratory_not_formal_manifest,False,False
IMG-0470,48358aa9adc4a036be87bd8e6adad43cdc1625e01376b11e82cea10da5b8cf4a,20世纪50年代桃花坞年画（候选，待确认）,taohuawu_1950s_candidate,20世纪50年代桃花坞年画（候选）,2,1080,1440,542,722,1.3166400855890947,0.9941948051659796,0.14041631327218287,0.1000455490177651,0.10674966816832783,0.1087911296648311,0.11047863106944933,0.09219925064806773,0.09794875034870593,0.09707736496743741,0.14629334284323275,0.5456047687510956,1.599665582996306,0.9990892516571546,6,28246,0.0721805971522319,540,51025.06928896904,81.56716370868975,1379.9306968138933,1.9103422886466817,candidate_exploratory_not_formal_manifest,False,False
IMG-0478,6d9e521d05d1eacd277182f14aaa5c2ffc1b2149aa9f58fddff7e35deae29c35,20世纪50年代桃花坞年画（候选，待确认）,taohuawu_1950s_candidate,20世纪50年代桃花坞年画（候选）,2,1084,1542,508,722,1.4616413369564782,0.989328420150971,0.1486280912654469,0.09788786273397043,0.08643004294792904,0.09086130154474861,0.10387758058246661,0.10032622046433166,0.09777526211207507,0.11180904535386751,0.16240459299516424,0.4970615879083864,1.8136693327444173,0.9995446301587144,5,65691,0.1791038672105045,1032,121533.86655128002,200.67665812759716,2813.7064584378477,2.958415431572006,candidate_exploratory_not_formal_manifest,False,False
IMG-0476,715c5a73f6b6d6b82e0a69cfcc9c48a5c94d98db802bd2e789e26920452ecab2,20世纪50年代桃花坞年画（候选，待确认）,taohuawu_1950s_candidate,20世纪50年代桃花坞年画（候选）,2,1082,1608,485,722,1.492619799845819,0.9901706147051133,0.11684058867135137,0.09617624591427654,0.10071016331452763,0.12808572475236465,0.16584664442731323,0.1177890578049085,0.08773201504986711,0.08311025286280857,0.10370930720258244,0.49003044088156866,1.8183474128595885,0.9996022623971684,6,55351,0.158068937944427,935,102997.72536969185,174.05566611695733,2670.131650341263,3.681252146896684,candidate_exploratory_not_formal_manifest,False,False
IMG-0471,8ed0e49da7273f816ed5ca104f971e4329b3b171862bc47f3865bcbb8831e5ec,20世纪50年代桃花坞年画（候选，待确认）,taohuawu_1950s_candidate,20世纪50年代桃花坞年画（候选）,2,1076,1546,503,722,1.4838660520541527,0.9890294139718881,0.16487400578379474,0.10935360812046742,0.11461777914999227,0.1020955550070883,0.10784551329515223,0.09563498173931803,0.08305562426617014,0.08293774269755615,0.1395851899404608,0.41246251081132623,1.7855870324081482,0.9998493304704308,5,57583,0.15855834521954149,954,106638.43846964836,176.9543265599898,2626.8978924238504,2.8031117065512854,candidate_exploratory_not_formal_manifest,False,False
IMG-0475,a0ddd895dde1468ab728ce969030aca60e0c3b101ec5438686db453ac2bbea0a,20世纪50年代桃花坞年画（候选，待确认）,taohuawu_1950s_candidate,20世纪50年代桃花坞年画（候选）,2,1080,1200,649,722,1.3837608244082484,0.990438152527898,0.1537512027120276,0.10661206830088592,0.0972344206289618,0.0979068804083033,0.131100513533439,0.09419678877752549,0.08339783969450977,0.0945734646071235,0.14122682133722372,0.42472852232869607,1.7188522675425633,0.9999410372044488,6,60500,0.1291140429128128,1138,112614.36477267742,164.51399329687843,2428.62447660795,3.1636886816403145,candidate_exploratory_not_formal_manifest,False,False
IMG-0477,a236c02a38ad13be811b57174e809296437ccdf9191f0a10c0cf83d8a07a3184,20世纪50年代桃花坞年画（候选，待确认）,taohuawu_1950s_candidate,20世纪50年代桃花坞年画（候选）,2,1082,1464,534,722,1.3686232093198594,0.98828742196799,0.13945041868937916,0.08474158415907618,0.08598966243928514,0.09963356584239966,0.14755630008144005,0.10115047066088848,0.0916330964055931,0.09777565624195392,0.15206924547998438,0.5308427160611966,1.859572620890215,0.9997894222597762,6,82667,0.21441428823389047,1596,152802.35626614094,246.0882194410257,4139.562389118864,2.8400232485609735,candidate_exploratory_not_formal_manifest,False,False
IMG-0473,af3b3d844d7ef215b1635508c470ab951802adbc310fbc31c4b68f677a3dc890,20世纪50年代桃花坞年画（候选，待确认）,taohuawu_1950s_candidate,20世纪50年代桃花坞年画（候选）,2,1080,1440,542,722,1.4959592260835792,0.9852418767610498,0.16621769178706436,0.10847880933298931,0.08632126703975787,0.08378599392381811,0.10776759324732371,0.09004862714938967,0.08879744197673792,0.10909192139211656,0.15949065415080238,0.3262464472096628,1.7101640487729644,0.9997382832271843,6,41426,0.10586112786335619,680,77039.20345914364,123.15258770060147,1737.6905070989767,3.061662429857803,candidate_exploratory_not_formal_manifest,False,False
IMG-0472,c925e5d733c106b18845b11bc9745177ab59ad269895f8b9c161997c5e43b54c,20世纪50年代桃花坞年画（候选，待确认）,taohuawu_1950s_candidate,20世纪50年代桃花坞年画（候选）,2,1080,1440,542,722,1.6585678274793465,0.9770869746313101,0.14529433694821625,0.08645582941262209,0.09541460620534094,0.10711814847293868,0.18428531416437183,0.10175894413715099,0.06774610374939788,0.07243303905782092,0.13949367785214034,0.4060711731549592,1.7679358824608125,0.999822071656213,6,59590,0.15227790782062944,1015,112306.36814951897,179.5296320814713,2593.758624566855,3.3602202426694032,candidate_exploratory_not_formal_manifest,False,False
IMG-0474,ea119fa80283ccbb8bbeab8670fdf1926bc4c3f92981aea990f748a9eb47c732,20世纪50年代桃花坞年画（候选，待确认）,taohuawu_1950s_candidate,20世纪50年代桃花坞年画（候选）,2,1080,1440,542,722,1.6060129567620132,0.9801834579584894,0.1419782751446241,0.08523896089491612,0.0860309940603286,0.1318531902112694,0.17844588408466813,0.10393549492088831,0.07484160037353796,0.07484432832531156,0.12283127198445581,0.45566762707193753,1.8243353946196998,0.999586393795758,6,66682,0.17040099763878525,1210,125360.84116077423,200.3981257861909,3092.06693174965,3.321272414973525,candidate_exploratory_not_formal_manifest,False,False
IMG-0647,066316bde2ead4321aa349ce7c40cb89ae87b33d02b589cb36fcabfde683a26c,清末杨柳青年画（候选，待确认）,yangliuqing_late_qing_candidate,清末杨柳青年画（候选）,3,2020,1080,722,387,1.7529453877443284,0.9814635897712815,0.10150004178989298,0.08538351030106157,0.09174360778483708,0.13240285920347739,0.19477170974936983,0.12272022433177182,0.08550248824898213,0.08461905234593496,0.10135650624467213,0.5496514092990583,1.8482518352269168,0.9998900339846022,5,65767,0.23537474858095872,1228,123334.45287907124,233.32449272770265,4394.912209123379,3.561036983301306,candidate_exploratory_not_formal_manifest,False,False
IMG-0694,0931c432e43660b8afc1603c7d2b639d90d0881bd5a0911b43d50bb3e8f33653,清末杨柳青年画（候选，待确认）,yangliuqing_late_qing_candidate,清末杨柳青年画（候选）,3,1866,1082,722,419,1.6958718035977476,0.9847433739662134,0.10232878291267014,0.08961591596746832,0.09499370550546755,0.12521685956502698,0.18843020039974973,0.12428407985640783,0.08941659737052739,0.08648305076621564,0.09923080765646629,0.5055136191253893,1.8149002622164314,0.9997334426163467,5,61144,0.2021168988291606,1162,113379.58511602879,206.1385672539122,3841.093753098989,3.2764657879884,candidate_exploratory_not_formal_manifest,False,False
IMG-0618,0a1c2c5308a9061e41bbc930e724e7aa20afe85e682567703ae6f09154afcf0b,清末杨柳青年画（候选，待确认）,yangliuqing_late_qing_candidate,清末杨柳青年画（候选）,3,1080,1365,572,722,2.3989044106643824,0.9520414151056287,0.11714151071815136,0.07783843202426852,0.07791533369797041,0.10081577914067207,0.2665449345182647,0.09907610513587099,0.07329910048987798,0.07229469246769449,0.11507411180722958,0.49421645404498904,1.6170239637118278,0.9983340812225902,4,47929,0.11605534354841834,692,89780.17456293106,139.70560561348645,1675.609708850706,2.4618803910558635,candidate_exploratory_not_formal_manifest,False,False
IMG-0606,0b18d914a3c43c0fcbd3de805dce4f69693b391490d784917f43f2887b134059,清末杨柳青年画（候选，待确认）,yangliuqing_late_qing_candidate,清末杨柳青年画（候选）,3,1279,1891,487,722,1.5425524561496577,0.9829637845542035,0.17139471734996198,0.10719765438202793,0.09335104682468977,0.09333585804151044,0.1019042427771198,0.08731142766715363,0.08263328445260147,0.09597485224571095,0.166896916259224,0.5166497215298924,1.7515941569426705,0.9998142474607284,5,42765,0.12162484997753217,699,79716.74970340729,134.43628523799347,1987.9754503518063,2.859203014760194,candidate_exploratory_not_formal_manifest,False,False
IMG-0701,19e246ff92a540cce5ba3c1e1dd323a09607ec7dbce0849584484f030300333a,清末杨柳青年画（候选，待确认）,yangliuqing_late_qing_candidate,清末杨柳青年画（候选）,3,944,1370,497,722,2.015794747877808,0.9333480950100864,0.21672105584247758,0.06726994669388638,0.05673620296608233,0.08172343505830036,0.14476337318965402,0.07447776495673367,0.0600371049090261,0.07429392217519415,0.22397719420864534,0.5168515356472345,1.668817330506901,0.999283775672419,5,42011,0.11707641973726013,527,80415.47494447231,134.24336756893678,1468.6456690280186,2.245459351160521,candidate_exploratory_not_formal_manifest,False,False
IMG-0639,1e4834c2655449ef36a76b95bbb9810adefea86aeaeab24b2584d65b610a4e15,清末杨柳青年画（候选，待确认）,yangliuqing_late_qing_candidate,清末杨柳青年画（候选）,3,1872,1280,722,493,1.430451459461364,0.9820098788468861,0.14718088128000856,0.08218232325588476,0.0769050802673315,0.097832158894861,0.1577405053005057,0.09693458613263203,0.08232374681729338,0.09996166700022036,0.15893905105126266,0.5229365164186373,1.81920055244071,0.9996041623629333,5,65238,0.18328060998016554,1274,121182.33500003815,203.11746046861307,3579.194596933243,2.9981994706193906,candidate_exploratory_not_formal_manifest,False,False
IMG-0643,1f3c960fbc120034bdaf86b003b424b24b87dbcc2da213d59f3b54c07a533f32,清末杨柳青年画（候选，待确认）,yangliuqing_late_qing_candidate,清末杨柳青年画（候选）,3,1835,1080,722,424,1.3806556834401522,0.987374800601895,0.14557739174702639,0.09748538883746814,0.09521944896586104,0.1134196947853917,0.1534061870489058,0.09665788733376866,0.0775875821663751,0.08278384633394574,0.13786257278125746,0.44135516564216404,1.6593418458477696,0.9999671532698132,4,44212,0.14442324779177337,776,82071.39018905163,148.3338479002768,2534.887367375738,2.8776631734837648,candidate_exploratory_not_formal_manifest,False,False
IMG-0667,2664a46a567cba7895136c9948d8157eed4dbc800c8ab41da0dcddb0667d4253,清末杨柳青年画（候选，待确认）,yangliuqing_late_qing_candidate,清末杨柳青年画（候选）,3,1806,1082,722,432,1.3968873217183577,0.99179238176242,0.12288648749653727,0.09132248653731788,0.09902869833249466,0.12083244870541289,0.15520970241315085,0.09671797880904416,0.08692235132611491,0.0957385496001739,0.13134129677975348,0.49438198717906323,1.784420646809284,0.9992243936524192,4,60545,0.1941142146301426,1105,112428.61213052273,201.31047676101159,3542.756745665333,3.8454475580145075,candidate_exploratory_not_formal_manifest,False,False
IMG-0698,268a32e87e511ee6841d119b75c1e125202465fbba98abd7699eb78820010830,清末杨柳青年画（候选，待确认）,yangliuqing_late_qing_candidate,清末杨柳青年画（候选）,3,1440,1080,722,542,1.6703177343379223,0.9797179984897902,0.0829287108092658,0.07640874521195062,0.08820307732904886,0.1330408411828596,0.18559085937088027,0.14512488443178406,0.10960908096509071,0.08998917252799404,0.08910462817112595,0.5918939867286809,1.9110966483404563,0.9997409416433984,4,100853,0.25772250104772515,1946,187055.41006302834,299.02123540096034,4972.86136296266,3.426562554399802,candidate_exploratory_not_formal_manifest,False,False
IMG-0642,278599d26f1ce4eba5314c9b2f9541dd09a641ebb7405c29361f195dd0757a1e,清末杨柳青年画（候选，待确认）,yangliuqing_late_qing_candidate,清末杨柳青年画（候选）,3,2023,1279,722,456,1.4942754416524793,0.9887411163557723,0.14447081991024388,0.1018316396840474,0.09238962603388635,0.09875737597784766,0.1177861100532682,0.08920547460103036,0.0874213426931578,0.10210700641846505,0.16603060462805325,0.540364040526566,1.7213293422286529,0.9995502937266503,5,49469,0.15025574670748895,803,92164.37219655514,160.62459624068836,2439.0095737959855,3.1776119996245837,candidate_exploratory_not_formal_manifest,False,False
IMG-0687,29a98eb9ae33a7e231111b720c2cfe888385578efe21c8a88b2b1f6f9cce1b40,清末杨柳青年画（候选，待确认）,yangliuqing_late_qing_candidate,清末杨柳青年画（候选）,3,1630,1084,722,481,1.173549020896023,0.9974415903583931,0.13039433565511369,0.10747556473382601,0.09755316617973746,0.10367782594804409,0.11797199439072956,0.09836588418711817,0.1023703986302074,0.11211331398335203,0.13007751629187153,0.42544419918788323,1.6835359272225316,0.999886348289525,6,37184,0.10707148657287162,707,68049.05593633652,115.4731378742924,2035.8095150338918,2.7811460656720364,candidate_exploratory_not_formal_manifest,False,False
IMG-0605,2bdc3e9bcac87a5ef136e1a6f93c583588c3d47a638677889d8354d32295bdec,清末杨柳青年画（候选，待确认）,yangliuqing_late_qing_candidate,清末杨柳青年画（候选）,3,1279,1891,487,722,1.5259862689059567,0.9828516596354238,0.1678388965788053,0.10780449140150794,0.09535840857571923,0.09456670142222064,0.09776120899200506,0.08344574881466396,0.08102959580256794,0.10264091853407023,0.16955402987843962,0.5264044907993365,1.7617155168763858,0.999854645433275,6,46332,0.13176949723276093,737,86296.97280490398,145.53333514398872,2096.0485077385997,2.866744040779291,candidate_exploratory_not_formal_manifest,False,False
IMG-0633,2da6210fc1622b24161a507f07c7faf52d9ae2a849e4f752f5a60a68558cd9a0,清末杨柳青年画（候选，待确认）,yangliuqing_late_qing_candidate,清末杨柳青年画（候选）,3,642,1478,314,722,1.450215994570642,0.9870840954920249,0.1169767193446492,0.08414752700754413,0.10492491075076972,0.14766957971311148,0.16113511050784912,0.09474370536809039,0.08134629267685925,0.08659286334600697,0.12246329128511971,0.4955804973886083,1.8032251815401348,0.9990823430006771,4,44976,0.19838735289447218,777,83326.61713135242,175.0049480515459,3427.316195282037,2.891039434924104,candidate_exploratory_not_formal_manifest,False,False
IMG-0631,2e1213b739c02dee51472964badf5f21f23b7ec35a8ec3964973d528aa6e2f37,清末杨柳青年画（候选，待确认）,yangliuqing_late_qing_candidate,清末杨柳青年画（候选）,3,2411,1080,722,324,1.45148073720249,0.9818827679902085,0.14921884594352455,0.08303004791699141,0.0796138670675815,0.10937239638429597,0.16127563746694334,0.10387412413208597,0.07928490771519354,0.08404573440404779,0.15028443896933583,0.5692376524312918,1.846683301368916,0.9994839587473957,5,51416,0.21979412468793816,945,95755.68819904327,197.9809838091467,4039.7045244690676,2.6529332928580454,candidate_exploratory_not_formal_manifest,False,False
IMG-0662,328d27466e6810583b48fc55b6c218b01b1a39037f721f1355de023cc81cda9f,清末杨柳青年画（候选，待确认）,yangliuqing_late_qing_candidate,清末杨柳青年画（候选）,3,1045,2038,370,722,1.7531835242350806,0.9665929006279745,0.1947981693594534,0.09328722925982683,0.07704360814322919,0.08975744401525988,0.1678005991750324,0.0868757257505556,0.0671274152905368,0.07442797114480498,0.14888183786130096,0.5021458808595498,1.8464888031677762,0.9995955001819531,5,54218,0.20295725087968855,871,101968.48455929756,197.28610747563744,3260.4626787452275,2.8529841491748242,candidate_exploratory_not_formal_manifest,False,False
IMG-0627,338a5ceb0ed70ea9709bdaa49421453fae9f33c8da2eb3a603c583c2f7f8bffd,清末杨柳青年画（候选，待确认）,yangliuqing_late_qing_candidate,清末杨柳青年画（候选）,3,846,974,627,722,1.2394859251491877,0.9959299280629778,0.12225789716549972,0.09651761804339652,0.09096183062774268,0.1074848344568715,0.13772065834990974,0.10279560574987993,0.09868627052031327,0.11485181343713831,0.12872347164924836,0.4577214963173487,1.7783348412405944,0.9996976103486881,5,72969,0.1611883523969834,1289,135218.43589186668,200.9710672521266,2847.3980216216696,3.0236478076190725,candidate_exploratory_not_formal_manifest,False,False
IMG-0680,340ac961d052b1043c6e5967634b2f446218f52b0bd20cdca56568c11cf93ab3,清末杨柳青年画（候选，待确认）,yangliuqing_late_qing_candidate,清末杨柳青年画（候选）,3,1438,1078,722,542,1.4328148006795283,0.988501450178372,0.1592016445199476,0.10165064443451573,0.09416174259780663,0.10109597870247243,0.1338517251991335,0.09324823788752656,0.0832069627766462,0.09037531626160167,0.14320774762034966,0.4412801990959754,1.7162542787947241,0.999736376091339,5,54460,0.13916856620089746,1035,100938.0951949358,161.35664781916438,2644.8671688932955,2.996029788723858,candidate_exploratory_not_formal_manifest,False,False
IMG-0685,3571d927a991099e2579f22aafc703c2bb98eda61b96d54048710ce98d892a96,清末杨柳青年画（候选，待确认）,yangliuqing_late_qing_candidate,清末杨柳青年画（候选）,3,1714,1080,722,454,1.421750134141859,0.9911355282436389,0.15797223712687322,0.10951363811170065,0.09422318424832356,0.10117940327513843,0.11813590455560022,0.09650752596166082,0.08634397928944197,0.09563465203341978,0.14048947539784123,0.40469722259216956,1.6951182186972997,0.999969788519841,6,37902,0.11562961426287723,653,70901.17247498035,123.83884471424932,1992.1412620352178,4.085869458624192,candidate_exploratory_not_formal_manifest,False,False
IMG-0688,396ebf51abd5545b5c3a4826e24e2bca22165e7cac5608857f5a3753f82ac1f8,清末杨柳青年画（候选，待确认）,yangliuqing_late_qing_candidate,清末杨柳青年画（候选）,3,764,1230,449,722,1.2914393760299894,0.99284311131954,0.13990253718277804,0.09897819879484047,0.09347320238067582,0.1058368085997891,0.13292413308769302,0.09372708475762445,0.09470558085065583,0.09695919034261115,0.14349326400333215,0.48938139820154414,1.7362296037697662,0.9998946302455355,5,48082,0.14831975026065927,856,88495.24939405918,155.42761690018574,2640.524650037942,2.6570055287296,candidate_exploratory_not_formal_manifest,False,False
IMG-0626,3c73271fae2c4880e34a52369544d07079b8b58e41a6f916eb6726e4b7e3aa83,清末杨柳青年画（候选，待确认）,yangliuqing_late_qing_candidate,清末杨柳青年画（候选）,3,832,958,627,722,1.3882038645381103,0.9934349066449434,0.12070888994873195,0.10155209545476462,0.09640878969387766,0.11555833708932092,0.1542448738375678,0.10105264598034734,0.08718097894181524,0.09758985651644861,0.12570353253712582,0.4514824544670417,1.7365610715908228,0.9990178543555294,5,63473,0.14021171033855098,1058,117934.26493763924,175.28212727638893,2337.1195553729453,2.98982749145334,candidate_exploratory_not_formal_manifest,False,False
IMG-0614,3dd2c4355d63312378e0236f4b830a5e92b3b8d746e1ece035c46011f56a08fe,清末杨柳青年画（候选，待确认）,yangliuqing_late_qing_candidate,清末杨柳青年画（候选）,3,1438,1279,722,643,1.9719541333711843,0.9472757189804175,0.21910601481902048,0.08987246628647053,0.06478616528173853,0.06968955816369454,0.10317750954713781,0.08201850947527588,0.06943480975374852,0.08893690137312352,0.21297806529979021,0.5243524369242384,1.7927825793979315,0.999276139710209,5,83198,0.17921102174278292,1399,157640.92091536522,231.3635173107174,3013.488538404208,2.371303701005065,candidate_exploratory_not_formal_manifest,False,False
IMG-0673,3e7fea5a8be40bb05a391bd2220151b5dffe8a6673b0cb5e8dd33a695dbe423b,清末杨柳青年画（候选，待确认）,yangliuqing_late_qing_candidate,清末杨柳青年画（候选）,3,1846,1078,722,422,1.4498854476297767,0.9796519056416403,0.16109838306997518,0.09278482886219934,0.08634646936132039,0.10062315205279562,0.15495390718823734,0.0857270087564908,0.07501236530716356,0.08494364401382268,0.15851024138799502,0.5054399273512848,1.745526935687808,0.999582586586131,4,52190,0.17129222407477912,1165,97158.11581671238,176.0168561235516,3823.6336663559623,2.3925266747006266,candidate_exploratory_not_formal_manifest,False,False
IMG-0625,4139adc1f15a75c2ca4e170b9dc841803c3c40c640876943d403d5693a9d1b8f,清末杨柳青年画（候选，待确认）,yangliuqing_late_qing_candidate,清末杨柳青年画（候选）,3,858,1032,601,722,1.8059874512663652,0.9782328866352983,0.11946367675193724,0.08568905073515018,0.08953308382376611,0.12321667176055347,0.20066527236292947,0.0990563501682672,0.07350540735986498,0.08382437226459862,0.1250461147729328,0.47425852700195026,1.751911502609359,0.9996754268832042,5,68963,0.15892948502265383,954,130023.83193254471,197.38635450196796,2198.551813459562,2.973598025394047,candidate_exploratory_not_formal_manifest,False,False
IMG-0682,42b79883123f77b2064899a771437dbb8068b98c04811179b5e3b9ad06f9f18d,清末杨柳青年画（候选，待确认）,yangliuqing_late_qing_candidate,清末杨柳青年画（候选）,3,1804,1080,722,432,1.5396141333432187,0.9738209458524186,0.1577449485472208,0.08091208170368029,0.07293336399095703,0.09649766409891075,0.17106823703813542,0.09931757286983535,0.07538468584229321,0.08251495508851059,0.16362649082045647,0.4889349003659327,1.7554360830100657,0.9999392966351155,4,55635,0.1783721914435211,1099,104531.89284408092,187.17090593222702,3523.520057453575,2.743263530704873,candidate_exploratory_not_formal_manifest,False,False
IMG-0629,47281bf47f6e5bfb730a6078a7e7f82616b3d63eb0556ad0c62d39636f494702,清末杨柳青年画（候选，待确认）,yangliuqing_late_qing_candidate,清末杨柳青年画（候选）,3,964,1074,647,722,1.2599646399578206,0.9942883143480684,0.13024822750993975,0.09974054427493888,0.09240644268090237,0.10458037073881515,0.1399960711064245,0.10482007733674771,0.09043363909586845,0.10243440912452846,0.1353402181318346,0.45695990558856625,1.7303392719472561,0.9995666534071834,5,70530,0.15098451407947183,1167,131958.2615607977,193.0704666749027,2498.2125043349447,2.8689644657615623,candidate_exploratory_not_formal_manifest,False,False
IMG-0650,47858fe5180edcc1bc7aaa182e8654e7bfe4b2b2ea46a53d5cbc50f75d9f7b27,清末杨柳青年画（候选，待确认）,yangliuqing_late_qing_candidate,清末杨柳青年画（候选）,3,1775,1080,722,439,1.4953724618163096,0.9761263913400303,0.15343606540812613,0.08091480112028011,0.07349386470587035,0.09734875693863368,0.16615249575736774,0.10274048862833918,0.07733619986527027,0.0841466375915545,0.16443068998455815,0.5092664939457969,1.7611114396879102,0.999717911456263,5,51732,0.16321405359700655,971,97559.5561683178,173.28818659256333,3063.497371891544,3.210178361897666,candidate_exploratory_not_formal_manifest,False,False
IMG-0692,4d7799e5a26950a2f5942e4720aa14ad8966379af4848fc790a1a29af779039e,清末杨柳青年画（候选，待确认）,yangliuqing_late_qing_candidate,清末杨柳青年画（候选）,3,1149,1387,598,722,1.3940677311247667,0.9930977123024146,0.12073515416260362,0.09021751481287939,0.08944271517825134,0.11371069958502604,0.15489641456941852,0.12118283068416472,0.09814878657927911,0.09455691675534843,0.11710896767302881,0.5180669744500934,1.8144905503884936,0.999544214647749,5,84072,0.19472109246889446,1529,155646.4640405178,236.87545858520502,3541.3520599597923,2.6677474860160086,candidate_exploratory_not_formal_manifest,False,False
IMG-0610,4fbe15ed3271e80108040edb1bb589f52732c85d8423ba28268ad7c57ca1f760,清末杨柳青年画（候选，待确认）,yangliuqing_late_qing_candidate,清末杨柳青年画（候选）,3,2181,1279,722,422,1.6011561959848848,0.9801239113633334,0.1692486708361081,0.10043204393373459,0.08286768376586215,0.08585669308000321,0.09974232644737267,0.08743883440107557,0.08752747441692979,0.10898002912059333,0.17790624399832053,0.5125277217010336,1.6157429256539972,0.9993513204516143,5,29762,0.09768153234170485,527,55704.96406650543,100.91810203440686,1729.6608945661735,2.629958668125026,candidate_exploratory_not_formal_manifest,False,False
IMG-0663,51e816f7d7679e6eaa19a5a8f2e4b5520f7aecb869c936fb2d3667ff4377a56e,清末杨柳青年画（候选，待确认）,yangliuqing_late_qing_candidate,清末杨柳青年画（候选）,3,1042,1903,395,722,1.4716255399504559,0.9774365190725022,0.15743861929510922,0.09215030335013438,0.08274243312620222,0.10949544621963125,0.163513948883384,0.08688241635239995,0.06735087253821827,0.08424423531022192,0.15618172492469878,0.4027265910568094,1.705651095424396,0.9996157036631208,5,40060,0.14046775833654757,671,75180.18278586864,140.77846668158523,2352.817419965637,2.687243202615633,candidate_exploratory_not_formal_manifest,False,False
IMG-0678,5334c161acb23780250e62fff241f4a20a92d6e1ab96ad380aecbe33346a5cb1,清末杨柳青年画（候选，待确认）,yangliuqing_late_qing_candidate,清末杨柳青年画（候选）,3,1084,1342,582,722,1.4766893355421686,0.9920938330408317,0.10014511774249141,0.09713492800998472,0.10079622687139914,0.12151607049514361,0.16407659283801873,0.1258320946997629,0.09382462228751086,0.09610024593209661,0.10057410112359196,0.49081864366656736,1.7777142127273915,0.9997388548518132,5,74024,0.1761620546210888,1309,136288.1570085287,210.24613828792442,3115.1535920648066,3.3630908361683605,candidate_exploratory_not_formal_manifest,False,False
IMG-0658,54448fb1177d91055908d4ff4a482c565e7110a02a62d217194713842d7b43f8,清末杨柳青年画（候选，待确认）,yangliuqing_late_qing_candidate,清末杨柳青年画（候选）,3,1410,831,722,425,1.6016770570077359,0.9759646889342039,0.177964117445304,0.10077200257762094,0.09451806133910597,0.10667426463733921,0.13368958595706326,0.07972476245373468,0.06631798878618249,0.07737516999962668,0.1629640468040228,0.5040756959596961,1.793821280197564,0.9998590579723545,6,50239,0.16372494704252893,982,94108.42029678822,169.8890624304815,3200.260713703764,2.6181892769157518,candidate_exploratory_not_formal_manifest,False,False
IMG-0645,56df23e2d3c109ea61bf29a219c0a10110a3bcb30fec6fb98ff205cb9c0d8848,清末杨柳青年画（候选，待确认）,yangliuqing_late_qing_candidate,清末杨柳青年画（候选）,3,1717,1080,722,455,1.4663800424210935,0.9832126051314801,0.16293111582456596,0.09685586571003163,0.09052327357922366,0.09564773439409,0.13663783171154348,0.09007442819396773,0.07683728776437222,0.09063173213302377,0.1598607306891816,0.47106594400970003,1.7097532513047218,0.9999176618590708,5,45734,0.13921646220815195,881,85355.54956936836,148.92152189555978,2681.8057288971413,2.929591346175277,candidate_exploratory_not_formal_manifest,False,False
IMG-0646,57007ace5504c04a933520f0b3ba572f3e79d683f06f2ed5e9e7ff977ff18a94,清末杨柳青年画（候选，待确认）,yangliuqing_late_qing_candidate,清末杨柳青年画（候选）,3,1883,1080,722,414,1.3223483878321949,0.9918663534523408,0.13363755863915736,0.09459196861485672,0.0904153315204921,0.10725816599497505,0.14692759864802166,0.10010861792134974,0.08956688492485454,0.09768515390250786,0.13980871983378493,0.5756714001550371,1.8495331319538857,0.999372661025173,4,65046,0.21761210807338713,1262,119638.32138967514,218.8273200292992,4222.034873606594,2.9592448576031702,candidate_exploratory_not_formal_manifest,False,False
IMG-0651,57284e5c39930baba9a42dd7361ee7f5001344bb11026fa34bbf733e2dd8d306,清末杨柳青年画（候选，待确认）,yangliuqing_late_qing_candidate,清末杨柳青年画（候选）,3,1882,1080,722,415,1.27000912771157,0.9929438738693805,0.14111212530128556,0.09521926358148752,0.08609217422352772,0.10092255145263712,0.13277387723317113,0.11026458794672842,0.09780685162910562,0.09675103749879864,0.13905753113325814,0.5738258298774319,1.8157269720556273,0.999025331168767,4,57740,0.19270433534692788,1002,107113.48744630814,195.6822855971905,3344.1244201181457,3.062034059137029,candidate_exploratory_not_formal_manifest,False,False
IMG-0636,5ac411aecb13b1a798196a83226e17deab4fd0b66dd510868f97f224e2a9f121,清末杨柳青年画（候选，待确认）,yangliuqing_late_qing_candidate,清末杨柳青年画（候选）,3,1697,1080,722,459,1.6835400923625117,0.9854318460180136,0.1245324930431415,0.09284429000608052,0.0881100232019322,0.10626260087163386,0.1870600102625013,0.09931104202336741,0.08668360590249294,0.09367413258373837,0.12152180210511189,0.5332813055215424,1.7163301949208267,0.9999451428460153,3,63445,0.19144653860312977,1036,118292.03469586372,205.48520615407188,3126.1504293930557,3.0161918344873992,candidate_exploratory_not_formal_manifest,False,False
IMG-0696,5cbc1145d8a9560023d12f223766d7f496b138c83ca3993bcb280b74a30a279c,清末杨柳青年画（候选，待确认）,yangliuqing_late_qing_candidate,清末杨柳青年画（候选）,3,1700,1084,722,460,1.8116548914090593,0.9823675487734356,0.10114597676284631,0.08575765082824668,0.08408681222443522,0.1133926923435105,0.20129498793433992,0.11458682965022347,0.09676482452162072,0.09686831420968277,0.10610191152509439,0.5641081931202561,1.8078811997652404,0.9992739840173276,4,69930,0.21055642538841382,1106,129717.49726736546,225.08732830492667,3330.121642779718,4.2647388202099314,candidate_exploratory_not_formal_manifest,False,False
IMG-0619,5ddb79acc5633734b75e02f5c417b91b9a11fbf890e58fb9bfbdbcb38e09c8ec,清末杨柳青年画（候选，待确认）,yangliuqing_late_qing_candidate,清末杨柳青年画（候选）,3,1080,1333,584,722,2.1266993988627965,0.9591347410621865,0.13274323878721436,0.07289223870202657,0.0726729873389421,0.09967730195527708,0.2362999332069774,0.097391799550853,0.07217530389521778,0.07506762767843188,0.14107956888505988,0.49322071149478897,1.7357095334598727,0.9973811903444426,5,56846,0.1348186164763025,899,107026.71170783043,164.82275156465806,2132.1101961825975,2.2791269272601324,candidate_exploratory_not_formal_manifest,False,False
IMG-0649,5e962f61b8855c9a0889bb8eba0a69fd332e00ef16a0e802f6a0a97287adfe3f,清末杨柳青年画（候选，待确认）,yangliuqing_late_qing_candidate,清末杨柳青年画（候选）,3,1883,1080,722,414,1.564892757492623,0.9891460910081338,0.11289577242070505,0.09519423948237125,0.09360738603933812,0.11995526021295834,0.1738769730547359,0.1209159192188156,0.08758931410259888,0.08803146673078395,0.107933668737693,0.519575699938978,1.8010372883069141,0.999572901735692,4,58589,0.19601014358933183,1031,108670.48602855206,198.76633964509702,3449.221834142947,3.3928681908797422,candidate_exploratory_not_formal_manifest,False,False
IMG-0695,60da522a58d70a3ff56e4d2c58336e1c83e69e49e18b6345a7c4c0291fd57931,清末杨柳青年画（候选，待确认）,yangliuqing_late_qing_candidate,清末杨柳青年画（候选）,3,886,1671,383,722,2.9750062717103036,0.8804705441882531,0.06214814961232992,0.055168121310449646,0.06631006200230002,0.20653939239914637,0.33055625241225595,0.10739368606898171,0.056760753140255485,0.05142516281631029,0.06369842023797079,0.45990800277080834,1.81175962027561,0.999830831050499,5,49420,0.1787173719650232,771,95786.50881564617,182.153012784392,2788.1645848853273,2.4181512053041816,candidate_exploratory_not_formal_manifest,False,False
IMG-0620,60effe74674b8810b6ea91b8e90ea08471a5a5f3f0189fb60ca8701d3bb86ba1,清末杨柳青年画（候选，待确认）,yangliuqing_late_qing_candidate,清末杨柳青年画（候选）,3,1646,1044,722,457,1.4224866415244728,0.9863644906985667,0.14285795384355685,0.09111613030782342,0.081855281845939,0.11050977095520642,0.15805407128049698,0.09936681150908955,0.08020894087878934,0.09366907327881918,0.14236196610027924,0.48072303051911935,1.7097521908375037,0.9993008514122097,5,48960,0.1483843202385787,954,91716.80035555363,159.6695850505836,2891.312122295835,2.6232952049923415,candidate_exploratory_not_formal_manifest,False,False
IMG-0622,61d8bc7cf3e2ffee626f18622d41d08f849679d9a833d69d8f0d354186d6c5b6,清末杨柳青年画（候选，待确认）,yangliuqing_late_qing_candidate,清末杨柳青年画（候选）,3,1440,1080,722,542,1.1564215745888007,0.9972096226353507,0.12838904567276702,0.10557954912602077,0.10760867393251072,0.11274288799433434,0.12419537186454405,0.10010940345189084,0.0951353172242711,0.09774846466823885,0.1284912860654223,0.4764823618486219,1.74350147212772,0.9995574341642162,6,57407,0.14669941020739846,1116,105379.219337821,168.45609726747008,2851.8567734153794,3.213639083196031,candidate_exploratory_not_formal_manifest,False,False
IMG-0699,6b9a2bacf0227ab6dfbf46b55fd61871e13e1767ded40fb8ae1da0f30817176f,清末杨柳青年画（候选，待确认）,yangliuqing_late_qing_candidate,清末杨柳青年画（候选）,3,1440,1080,722,542,1.303444398734512,0.9961786111662495,0.10200013878127089,0.09312726254119269,0.1018914589371105,0.12482388343456478,0.14482715541494576,0.11641318360030774,0.10644295317276434,0.1027334503369826,0.10774051378086082,0.5348103637939448,1.8352902202756762,0.9998377818567253,5,82701,0.21133638621704776,1616,151572.98690485954,242.30008521235987,4129.570381576392,4.481959823295382,candidate_exploratory_not_formal_manifest,False,False
IMG-0672,71a3f2acadbcacaf63153c9b10b06e1714a476145d10af3df500b45f3b00c418,清末杨柳青年画（候选，待确认）,yangliuqing_late_qing_candidate,清末杨柳青年画（候选）,3,1840,1078,722,422,1.2972845722385333,0.9897093605961257,0.14414273024872593,0.09446498252537805,0.09037622280381631,0.11565303058780967,0.14243829971943456,0.10301457920432781,0.08247454716786103,0.08732429501226428,0.1401113127303824,0.4954890046577528,1.733336029084613,0.9994688853494931,5,45469,0.1492333040133384,772,85065.03936159611,154.1083899022957,2533.7726956453243,3.0125922547854223,candidate_exploratory_not_formal_manifest,False,False
IMG-0644,73d1c39ff77007b95e7af702d82d543754b78e87fe3983ae100cb82f664c362a,清末杨柳青年画（候选，待确认）,yangliuqing_late_qing_candidate,清末杨柳青年画（候选）,3,1895,1080,722,412,1.4883975254032626,0.9902447744263501,0.12507121057728543,0.09211624119643011,0.09145256473148267,0.1062150041500795,0.16537750282258473,0.10228268037166288,0.08920143840056852,0.09681251108393862,0.13147084666596753,0.5155579940745141,1.7979373182391338,0.999417658371719,5,53015,0.17822324718285237,845,98049.71810054779,179.77493590167907,2840.6798805905923,3.2459601103258056,candidate_exploratory_not_formal_manifest,False,False
IMG-0637,74b42c8a5a15ea66514e77d405e7e0bc8ce424bca92620076968b224a2fc2fd2,清末杨柳青年画（候选，待确认）,yangliuqing_late_qing_candidate,清末杨柳青年画（候选）,3,2209,1279,722,419,2.0099707880364726,0.9597975471553621,0.13856366694546285,0.07190504260050373,0.08204993774979587,0.10954295776547142,0.22333008755960806,0.08642144737104408,0.0638642384387712,0.07223694753143338,0.15208567403790932,0.498570984932425,1.7985346959751471,0.9994548043644814,5,55135,0.18225361796653422,936,103844.86570072174,188.8032295259777,3094.0307684170857,3.751780439401151,candidate_exploratory_not_formal_manifest,False,False
IMG-0628,7c5f402923eec0b8659870d92233ac08ba75af27d347bb2358356ed5e068191d,清末杨柳青年画（候选，待确认）,yangliuqing_late_qing_candidate,清末杨柳青年画（候选）,3,1080,1225,637,722,1.3641755771895487,0.994464950206169,0.12301245051525168,0.10879054670892033,0.10109394998241515,0.11603971605808269,0.1515750641321721,0.10405893110535848,0.08781126606084985,0.09369666134146541,0.11392141409548433,0.4843553805517108,1.753374057986859,0.9992669510655914,5,69492,0.15109781393912775,1160,129291.7417896986,190.64809552691523,2522.210674169519,2.588635969374248,candidate_exploratory_not_formal_manifest,False,False
IMG-0664,7e6288b67c21ba6a2230f30e6ddae2d9aaa2e04576cf56e6dedbaffe4bbb297d,清末杨柳青年画（候选，待确认）,yangliuqing_late_qing_candidate,清末杨柳青年画（候选）,3,1031,1903,392,722,2.012085226684793,0.9470419382201144,0.22356502518719923,0.08809418598345703,0.0758181616990408,0.08567225963818623,0.15992059782853427,0.07528443389260837,0.05403935589562459,0.06439572193185467,0.17321025794349473,0.498902499615297,1.8099428453796935,0.9995664427185313,5,54863,0.1938457515970377,880,103896.77112424374,195.29468256436792,3109.276951777941,2.679824723187808,candidate_exploratory_not_formal_manifest,False,False
IMG-0681,7ecae48cec2fa35f3b1ec1ace5b56bd0e68dd1b43dbe20dc26a82c2a2e938d55,清末杨柳青年画（候选，待确认）,yangliuqing_late_qing_candidate,清末杨柳青年画（候选）,3,1530,1076,722,508,1.2791727081648647,0.9942745350226975,0.12454427836727512,0.09166040155808185,0.08653783027882288,0.1047678204942562,0.14213030090720719,0.11043641335647393,0.0975870484777982,0.10942581445664569,0.13291009210343896,0.4767024108408525,1.7914317958843433,0.9996349182687218,5,63492,0.17310838222784478,1053,117461.83381426334,193.95291976035048,2870.962113115362,2.98919025322483,candidate_exploratory_not_formal_manifest,False,False
IMG-0632,8589e6e601e6373f80a5471842066e47c26a22bacc7303ae91aac47a0aa30331,清末杨柳青年画（候选，待确认）,yangliuqing_late_qing_candidate,清末杨柳青年画（候选）,3,988,990,720,722,1.5111295803787013,0.9847159246331425,0.08230736669873011,0.0818915033110135,0.09153463749877522,0.12107298759547963,0.16790328670874458,0.14881862302666807,0.12363068004231828,0.09642706799052854,0.0864138471277422,0.559639538179469,1.54838967439185,0.9997545922890624,6,32336,0.062203755001538935,433,59571.61127996445,82.62367347845009,832.9485995690982,2.999267753638493,candidate_exploratory_not_formal_manifest,False,False
IMG-0665,8a0e98b87cfc93984a59376d8a91ded1049636a17ee0e09a3aa234255da0938d,清末杨柳青年画（候选，待确认）,yangliuqing_late_qing_candidate,清末杨柳青年画（候选）,3,1004,768,722,551,1.5613790222990316,0.981079881159488,0.17348655803322574,0.09677254711727669,0.07674027774511104,0.09080583963869442,0.12756755634547545,0.09814008626275388,0.08522561234690362,0.08926601557200253,0.16199550693855672,0.4461535105479719,1.63177346339358,0.9988043327053289,6,31867,0.0801036644529463,397,59259.19902551174,93.953157231368,997.9337492647466,1.9007231727263723,candidate_exploratory_not_formal_manifest,False,False
IMG-0624,8ca6f77540411f3f49517a499f8832c9369929c76d08eaf68e96da7d94f2f43a,清末杨柳青年画（候选，待确认）,yangliuqing_late_qing_candidate,清末杨柳青年画（候选）,3,1080,1182,660,722,1.5413708248090527,0.9897097498293409,0.11836864218087212,0.10621345451757366,0.10148449744195756,0.12145890939404033,0.17126342497878363,0.09906991922158478,0.07995251323401692,0.09121295380377818,0.11097568522739266,0.4599901289199111,1.7399240172896508,0.9995784106414376,5,74807,0.15698606564257533,1224,139581.41063022614,202.2027307751347,2568.622513220851,2.7142496722011717,candidate_exploratory_not_formal_manifest,False,False
IMG-0702,8dad74ea07e07767e0842b4016805eecff3f30db7d57fa36d1f3c0f7d7ce29fc,清末杨柳青年画（候选，待确认）,yangliuqing_late_qing_candidate,清末杨柳青年画（候选）,3,993,1248,575,722,1.9081390285740965,0.931494673416486,0.1945013042238393,0.06282289212888699,0.05854246815052151,0.08367264931318776,0.21201544761934404,0.08160864716692183,0.05658540592786386,0.060248651041948,0.19000253442748669,0.5757059036965533,1.616559858690426,0.9989010609759541,5,35574,0.08568950981572926,480,67876.61014580727,105.3458966006438,1156.2085993014573,1.9519333245968,candidate_exploratory_not_formal_manifest,False,False
IMG-0690,8fdcd870b5f716dd10fdf99790ae382d62adb0b52591e4aca6b66eea5e28c04a,清末杨柳青年画（候选，待确认）,yangliuqing_late_qing_candidate,清末杨柳青年画（候选）,3,1080,1104,705,722,1.5386379565374617,0.986584260798694,0.1305430285871879,0.08392538192129881,0.08233834059307063,0.10942222755629145,0.17095977294860687,0.11389382222320729,0.09117400985408211,0.08725665242093147,0.13048676389532363,0.5483628786311936,1.785445530338254,0.9991440339445633,5,88768,0.17439343038447183,1546,165155.97391319275,231.48941107014974,3037.26842301723,2.888556928241854,candidate_exploratory_not_formal_manifest,False,False
IMG-0661,94801921f415a3051963f598e74e7692e94fc60fedeaffd893c9aad420fc40da,清末杨柳青年画（候选，待确认）,yangliuqing_late_qing_candidate,清末杨柳青年画（候选）,3,1033,1915,390,722,1.4653137582680056,0.9846171971624303,0.12634867873030192,0.08957060110081166,0.07290228370729279,0.08724559800058648,0.16281263980755617,0.114452639301175,0.08761595291609045,0.10633402884561549,0.15271757759056995,0.48374301775028383,1.7490484948317553,0.9998477470491832,5,47459,0.16854535123233183,793,88376.0295920372,166.5457613142287,2816.2511542012926,2.7343119360663484,candidate_exploratory_not_formal_manifest,False,False
IMG-0611,95e2593cb1c2949e6d1ac42a023e42273deedb349912b7e18b0a40d0ec7b426b,清末杨柳青年画（候选，待确认）,yangliuqing_late_qing_candidate,清末杨柳青年画（候选）,3,2370,1279,722,390,1.890307366101403,0.969979318612178,0.13820836757607563,0.07769805427312577,0.07582332832328187,0.10903582059110761,0.21003415178904478,0.1089723321158783,0.07289077294977479,0.07486769934819064,0.13246947303352058,0.5825602678181833,1.7429679435411713,0.9991711014999264,4,51837,0.18409333049222246,817,97941.377120018,184.57178141986915,2901.484480431849,3.428762813370071,candidate_exploratory_not_formal_manifest,False,False
IMG-0675,982ab09704a9d269489e697ad3416a4b32ab5b6c500242986617034036e25fcb,清末杨柳青年画（候选，待确认）,yangliuqing_late_qing_candidate,清末杨柳青年画（候选）,3,1084,1162,674,722,1.3761422381299775,0.9915059497376949,0.12909563835668633,0.09949483271555756,0.10316877830194758,0.1142353002533009,0.15290469312555305,0.09605988483717434,0.07985598022984879,0.0932961519977174,0.13188874018221394,0.5303215959527015,1.8627006367195136,0.9997014451373286,6,104450,0.21464034128738996,1611,194402.5340770483,278.67844252726456,3310.5370015699878,3.627285443422153,candidate_exploratory_not_formal_manifest,False,False
IMG-0623,9892e7c5d412ce4bf1df061cc54c791d4ce9aa69fc05c41c6c1e60ab6f85f076,清末杨柳青年画（候选，待确认）,yangliuqing_late_qing_candidate,清末杨柳青年画（候选）,3,378,436,626,722,1.558678857278298,0.9898913734746353,0.11709654126713438,0.09242914522096654,0.0893668531288313,0.11152595425142764,0.17318653969758865,0.10829452004717863,0.09049518040226434,0.09746258635221532,0.12014267963239326,0.5064216136243636,1.7383677378927633,0.9990664006307779,5,65815,0.14561742762826016,1073,122189.97177374363,181.75225133255532,2374.040869788394,2.5670589387865648,candidate_exploratory_not_formal_manifest,False,False
IMG-0616,98d9b2c69ca19fe5d2db96358b81b381e0cbc71cd0b5a20765b3ab60e83116b9,清末杨柳青年画（候选，待确认）,yangliuqing_late_qing_candidate,清末杨柳青年画（候选）,3,1279,2152,428,722,1.189629297119124,0.9974171085602462,0.132181033013236,0.10537145459692548,0.10199912641752454,0.1103875681124624,0.1237105088449222,0.10459254432063766,0.09799910632836778,0.09868246200197381,0.1250761963639499,0.5185606254852745,1.8167722348745043,0.9994293134029184,5,55367,0.1791719522613716,969,102282.28622961044,183.9966617117637,3135.7599606492868,2.780983981513275,candidate_exploratory_not_formal_manifest,False,False
IMG-0630,9bbe4604a8b5aca7b06a38b5a8559d0c6f19c86a82192d286039cce008946045,清末杨柳青年画（候选，待确认）,yangliuqing_late_qing_candidate,清末杨柳青年画（候选）,3,1080,1128,691,722,1.484530604908111,0.9870059481893801,0.12344678289097503,0.10123155287114152,0.10795203489114287,0.13791185324688607,0.16494784498979012,0.1029476819299318,0.07421371214932992,0.07719943029959529,0.11014910673120733,0.44883841027523086,1.7468819068811503,0.9992065096426603,5,74315,0.14895710981314966,1286,138700.5987778902,196.36799846444768,2577.660542551443,2.702001320358752,candidate_exploratory_not_formal_manifest,False,False
IMG-0689,9e5246999b057d90f3912d71c64375ead7dd175c8304df8eb88258a44fae0acb,清末杨柳青年画（候选，待确认）,yangliuqing_late_qing_candidate,清末杨柳青年画（候选）,3,661,1050,455,722,1.5689427083584804,0.9785791960962656,0.14654290208094176,0.07800691393967954,0.0751911870294745,0.09795970713434762,0.152672855787739,0.09416984773413604,0.0793886449165523,0.1017409737817424,0.1743269675953867,0.4398937045322707,1.6135980164514347,0.9996447515180243,6,23598,0.07183342972816657,335,43852.106949448586,76.50964158963546,1019.7558674012967,2.047420290302698,candidate_exploratory_not_formal_manifest,False,False
IMG-0635,9f4d0ceac8abefb2d7e7465d8cfe48961275d5a88e0be36f22d3fdf947887d6b,清末杨柳青年画（候选，待确认）,yangliuqing_late_qing_candidate,清末杨柳青年画（候选）,3,682,1574,313,722,1.4366975715928114,0.9834665336587461,0.15278059654063894,0.09516641475318129,0.0869854395017036,0.10241083568269327,0.15963306351031237,0.09984192571030441,0.07374936864434903,0.08498859091155858,0.1444437647452586,0.5152019814395851,1.8517581474683509,0.9993813611355638,5,45950,0.2033311798075987,805,85866.26563370228,180.62664198537928,3562.1675679024365,2.4783216325898563,candidate_exploratory_not_formal_manifest,False,False
IMG-0674,a2c94e2972785a7cf876b3a822042017e53c278e4d7b5fcc8e2e0a9c35df8c14,清末杨柳青年画（候选，待确认）,yangliuqing_late_qing_candidate,清末杨柳青年画（候选）,3,1080,1616,483,722,1.5187021832987797,0.9841402292165089,0.1434195576957837,0.08061091424145533,0.08008420256641774,0.10459580606704391,0.16874468703319775,0.1054316358489825,0.08789885907362952,0.09035541441601179,0.13885892305747782,0.5215120321379025,1.824396788151702,0.9995206278782356,5,70262,0.20148196578402527,1275,131312.75857067108,222.36414490730783,3656.165585588686,3.7798955261401934,candidate_exploratory_not_formal_manifest,False,False
IMG-0677,a55efcdbcb8b3d661ed539df3da21aa9a706d4e1022c72a09ff65d96acd37b8a,清末杨柳青年画（候选，待确认）,yangliuqing_late_qing_candidate,清末杨柳青年画（候选）,3,1074,1338,580,722,1.4037757743526356,0.9892964347139338,0.15597508603918173,0.103151849319244,0.10553257470261398,0.11832334593139975,0.12116162872795017,0.09235042438800042,0.07778913183563896,0.08474162540071219,0.14097433365525874,0.4846741816360738,1.7672204796817357,0.999769037954321,5,64753,0.15463033718597766,1044,120046.88817834854,185.51042112670237,2493.074792243767,2.933835112966796,candidate_exploratory_not_formal_manifest,False,False
IMG-0679,a609313ba0d1ae0d6f8d6ddf12328dbcb6ae994bae104e17b1e241250058b01d,清末杨柳青年画（候选，待确认）,yangliuqing_late_qing_candidate,清末杨柳青年画（候选）,3,1448,1086,722,542,1.1883806472629532,0.9962486754066879,0.12810646906625095,0.11324761249227504,0.11003937657666286,0.11636283521783894,0.13204229414032814,0.1003405263610305,0.08912284964682757,0.09153612764915534,0.11920190884963071,0.533521714058951,1.8428939813957719,0.9994681209807852,4,85044,0.21732375218489028,1610,157301.5293083191,251.45756334117786,4114.23781827846,3.1821310157117013,candidate_exploratory_not_formal_manifest,False,False
IMG-0659,a6beabb9642e6190cff0c8a5d4415a59b5ca0f0222ab2bb8c42f03b08ac1a75c,清末杨柳青年画（候选，待确认）,yangliuqing_late_qing_candidate,清末杨柳青年画（候选）,3,1349,802,722,429,1.5542487853947036,0.9818597514891034,0.14719365324636036,0.09148867468250138,0.0832281943819735,0.10502482762380724,0.1726943094883004,0.10289972636760882,0.07334907219478792,0.08519313720702075,0.13892840480763954,0.5495378713019219,1.8792828212393702,0.9997989902912856,5,69630,0.22480289793309183,1277,129606.40168559551,232.8783998997745,4122.839302894705,2.6806273802234184,candidate_exploratory_not_formal_manifest,False,False
IMG-0693,ade0d7b37fcf45bdc037617fe3ea3057d5952a109962732ba07c014025fd5f2a,清末杨柳青年画（候选，待确认）,yangliuqing_late_qing_candidate,清末杨柳青年画（候选）,3,1606,1078,722,486,1.2890237707592747,0.9959013682038635,0.11944904890218502,0.09900874669338951,0.09983578187921996,0.1162066713005834,0.1432248634176972,0.11394660243252117,0.09418401956335586,0.09435280504487704,0.11979146076617082,0.5215316042789404,1.8124884977906128,0.9998230203561593,4,77994,0.22227352005745357,1758,144330.52938568592,243.65283623715484,5010.088574262167,3.6956941796160008,candidate_exploratory_not_formal_manifest,False,False
IMG-0660,aea15ad1c175f017f3047216a9a9b786c728a5370d2e410895f5ba7961b63542,清末杨柳青年画（候选，待确认）,yangliuqing_late_qing_candidate,清末杨柳青年画（候选）,3,1884,1084,722,416,1.657828311237752,0.9777083199145553,0.1279971943659626,0.07743114122862028,0.0701323986399246,0.09725099824655493,0.18420314569308358,0.14277690903345372,0.08470782416526783,0.08521640265114401,0.13028398597598845,0.4792423250705624,1.7503398754828503,0.9999131935857487,6,44570,0.1483925527381206,837,83968.8091198206,153.21550952487922,2786.73023652248,2.3272618357487262,candidate_exploratory_not_formal_manifest,False,False
IMG-0617,b101814964e314d7c8f30cc757330ae218b516dc9fe0778af13d0238fbc348f4,清末杨柳青年画（候选，待确认）,yangliuqing_late_qing_candidate,清末杨柳青年画（候选）,3,1346,1080,722,580,1.7077845917532233,0.9569962453181143,0.1814664160418318,0.07953459640205045,0.06992166118087988,0.07897034992252489,0.18975384352813593,0.07956297778008194,0.06834779605211867,0.0798331152517224,0.17260924384065393,0.45480930690941634,1.6241772179333904,0.9992856189960575,5,45227,0.10800219696246059,616,85467.88665759563,132.07492411718712,1471.009647530805,2.725478171003828,candidate_exploratory_not_formal_manifest,False,False
IMG-0704,b25da652e21b4b368d8c9f10d9b0d4472a3d9243039b158e16d27306b82975d0,清末杨柳青年画（候选，待确认）,yangliuqing_late_qing_candidate,清末杨柳青年画（候选）,3,711,1205,425,722,1.2302552695683446,0.9973899386619381,0.11424909423278617,0.0974447086145436,0.0935763239645788,0.11707011177084975,0.1366950299520383,0.11344826465949871,0.1041000292294897,0.10700416309521782,0.11641227448099703,0.47536866903571795,1.6332421383152136,0.998687913012597,6,25837,0.08420074955189832,589,47120.60960447788,85.06439871811021,1919.5046439628481,2.104025602425642,candidate_exploratory_not_formal_manifest,False,False
IMG-0669,b3838458ed6f5d64a8c5d18d2fd425635f563614b5aa14420904f87064d382a5,清末杨柳青年画（候选，待确认）,yangliuqing_late_qing_candidate,清末杨柳青年画（候选）,3,1840,1076,722,423,1.7465632140281304,0.976757451083318,0.14224789607731522,0.09627597666612285,0.08642342731492181,0.10514348677938622,0.19406257933645893,0.09236806828537784,0.07102102091948202,0.07830994685972045,0.1341475977612147,0.5112828307065729,1.8093048529402258,0.9993062860056375,4,63266,0.2071537559838379,1257,117937.9483423233,213.41000993060405,4115.832694839001,2.998525809435399,candidate_exploratory_not_formal_manifest,False,False
IMG-0609,b8c6cf94688561eabd42d9f7c59e2e7d9a4860029373a0cb3f36b2ff322994b0,清末杨柳青年画（候选，待确认）,yangliuqing_late_qing_candidate,清末杨柳青年画（候选）,3,2446,1279,722,378,1.4958036628066957,0.9914978949288276,0.10313832830974728,0.0886522283553041,0.10148778210016678,0.12772479414121213,0.16620040697852176,0.11435987600422268,0.10155352134610396,0.09124291010559397,0.10564015265912728,0.5357873209909645,1.857994802710347,0.9993156776490242,4,63087,0.23115903794574155,1159,116450.70562434196,222.90901138453083,4246.727930938458,3.3091742105765607,candidate_exploratory_not_formal_manifest,False,False
IMG-0612,b9c759be72e44d22f0e97c032817b70938bf5d4bfea15215ffffbd6d332d9657,清末杨柳青年画（候选，待确认）,yangliuqing_late_qing_candidate,清末杨柳青年画（候选）,3,2288,1280,722,404,1.4255189266550687,0.984966070438263,0.15798099490297227,0.09340588623613662,0.0897834048513065,0.09863030906377471,0.13738527306133488,0.09130921299036882,0.08089919559777049,0.09221473144577257,0.15839099185056318,0.4534281984042807,1.6981643991272803,0.9999158265611954,6,37190,0.1274992457694523,633,69711.40609359741,129.0757214925038,2170.126984997669,3.581332008914449,candidate_exploratory_not_formal_manifest,False,False
IMG-0641,ba2d4f47076f1f75141a254bf956c98faf8c6d814bf3653251b1e297e0a5ad95,清末杨柳青年画（候选，待确认）,yangliuqing_late_qing_candidate,清末杨柳青年画（候选）,3,1834,1279,722,504,1.3810400078990939,0.9917781469564136,0.15344888976656598,0.10566819949145742,0.09834945295685958,0.10458961399953208,0.1131881168834959,0.09559965939762159,0.0866394935361871,0.09722065157763644,0.14529592239064393,0.5057188492313108,1.7352209167334438,0.9990355919953503,5,51613,0.1418375983819197,996,95631.90186607838,158.532725402116,2737.1059227014907,2.6019300680674995,candidate_exploratory_not_formal_manifest,False,False
IMG-0607,be3e6e5ae5634c4776d323eb506bbf9ac26b0e304e8f1ff4bb335ee3f5fb9f1b,清末杨柳青年画（候选，待确认）,yangliuqing_late_qing_candidate,清末杨柳青年画（候选）,3,1279,1773,520,722,1.337124192328178,0.9917543346627348,0.14855249467880943,0.089253376590715,0.09322190699967607,0.10692598011144136,0.11914829230846632,0.10210557345772672,0.09468241959185444,0.09754060155817972,0.1485693547031309,0.4976110105606557,1.7288347725538857,0.9998498253867654,6,50381,0.13419188152567654,770,93793.86198878288,153.07495760362545,2050.926912422757,2.4985590125115325,candidate_exploratory_not_formal_manifest,False,False
IMG-0655,bea33c65261cc1e39128a269588818d16ea7733c4a2e412249731cc1bd0ba7e8,清末杨柳青年画（候选，待确认）,yangliuqing_late_qing_candidate,清末杨柳青年画（候选）,3,785,1320,429,722,1.5220983452239107,0.9904973684910656,0.11943697924115775,0.1013161217194703,0.09839997639260822,0.10904190980122652,0.1691220383582123,0.10284973973825826,0.08499231110298328,0.0909475082758193,0.12389341537026397,0.49606927420043045,1.7469815399558197,0.9998720739352241,6,42742,0.1379940465813042,674,79013.85526096821,141.97308114242406,2176.032646946774,2.8848046285659463,candidate_exploratory_not_formal_manifest,False,False
IMG-0638,bed05f492c361332417bcd05f319a076bd92bdba7d3d3992ec78ba4a927a49e5,清末杨柳青年画（候选，待确认）,yangliuqing_late_qing_candidate,清末杨柳青年画（候选）,3,2060,1280,722,449,1.5727145395126105,0.9772983610115291,0.16904727975566192,0.0942238730289108,0.07261818694200049,0.08672682013731725,0.13464304231126492,0.09481664559305168,0.08400256183100303,0.0891755304549443,0.1747460599458456,0.5205411428540612,1.7745177240463226,0.9998045131403722,5,57050,0.17598356458488854,910,108086.74282085896,189.836911813677,2807.099803194541,4.155237814543665,candidate_exploratory_not_formal_manifest,False,False
IMG-0668,bf3dd230e40529a8337bd56860ad032e73bab09b600343b01b7788ca8d671498,清末杨柳青年画（候选，待确认）,yangliuqing_late_qing_candidate,清末杨柳青年画（候选）,3,1926,1078,722,404,1.6566038560351088,0.9770703595393763,0.1840670951150121,0.09768403079607961,0.0805385104358941,0.09491716710866827,0.12499463844879546,0.09152802298367536,0.07418119125168116,0.08726053122484304,0.16482881263535096,0.5636423109105376,1.816861133905291,0.9994486725235886,4,62666,0.2148391431940978,1218,117507.16450977325,217.57303272972354,4175.694577768026,3.2186431192894296,candidate_exploratory_not_formal_manifest,False,False
IMG-0621,c21512073fc00c6827a991d848862cc2fae9c7006c3fd1f4593765641037db8f,清末杨柳青年画（候选，待确认）,yangliuqing_late_qing_candidate,清末杨柳青年画（候选）,3,1440,1080,722,542,1.46037718737107,0.9869153509828648,0.15174175990331998,0.0996620996551935,0.09036402031210597,0.09778273444181908,0.12786379585136032,0.09180753017257896,0.08146605875076163,0.09704786898274165,0.1622641319301189,0.4885119073852833,1.7508565472483997,0.9998350248004562,5,61581,0.15736576340832661,1226,113867.66002452374,182.02546700615005,3132.953767210802,3.2278531148710172,candidate_exploratory_not_formal_manifest,False,False
IMG-0684,c5283cb6583c136eed8d5f2a1de70852011bea539cb5956796ed43017982814b,清末杨柳青年画（候选，待确认）,yangliuqing_late_qing_candidate,清末杨柳青年画（候选）,3,2057,1120,722,392,1.7306577135930379,0.9808952656067264,0.12595932714426925,0.08204964026412677,0.08467961456694856,0.11424690477121935,0.19229530151033755,0.11298765094482846,0.0862392470831576,0.07829872643044287,0.1232435872846696,0.5070692998851523,1.792715500587785,0.9999253841402961,6,54003,0.19080714003052746,1074,100442.84440875053,188.80233911419273,3794.7311888744416,4.05263419409869,candidate_exploratory_not_formal_manifest,False,False
IMG-0676,c57ae4b48c3ebeaa40dfb8f42c5e61978dfea46e4c6cd0e40dd2dfe1ab7e121c,清末杨柳青年画（候选，待确认）,yangliuqing_late_qing_candidate,清末杨柳青年画（候选）,3,1082,1168,669,722,1.7606694201055253,0.975350217434093,0.13176980020720755,0.08517626366673706,0.09666613843293863,0.12223029988687058,0.1956299355672806,0.09710834759795063,0.0638623073583831,0.07499718809869865,0.13255971918393325,0.5257755831527262,1.8468066518053037,0.9998236268653249,5,102998,0.21323843003780396,1749,192603.48700797558,277.1293275228063,3620.983068953952,3.7163003741094904,candidate_exploratory_not_formal_manifest,False,False
IMG-0697,c8eb1b1d6285d12b5e8f0f95eb49f3d573bb30eab088e0ddad5f94ce6a1605ef,清末杨柳青年画（候选，待确认）,yangliuqing_late_qing_candidate,清末杨柳青年画（候选）,3,1440,1080,722,542,1.5319595117410096,0.9915493841768462,0.11544450239371885,0.10228568984104301,0.09805743263856909,0.1092142190372346,0.17021772352677886,0.10303468070643887,0.08802761815835142,0.09784909369993101,0.11586903999793433,0.5574985291136403,1.8815251677006877,0.99962555122369,4,95531,0.24412251740245935,1869,176875.52768433094,282.74797709696963,4776.093467305865,4.107945336408576,candidate_exploratory_not_formal_manifest,False,False
IMG-0613,ca74e4c2bab4837f0654dd3609b5bf0066903ac08cc0927d3cfd7b58d9a551e7,清末杨柳青年画（候选，待确认）,yangliuqing_late_qing_candidate,清末杨柳青年画（候选）,3,1440,854,722,427,1.4554663765942872,0.9850238364319891,0.1433322981466922,0.08817865754075017,0.08645579207027618,0.11632391340388731,0.16171848628825414,0.10353320679109432,0.0768143668253284,0.08459449620173717,0.1390487827319801,0.48436135227540766,1.7507585705546775,0.9997849534444817,5,48535,0.15743089388700396,765,91070.9816980362,164.02025463030475,2481.3976269405175,3.0847585839812,candidate_exploratory_not_formal_manifest,False,False
IMG-0683,ca96d5389e1792c858545bad253abb1dbffc69c0a4d196e26b5fad802072ab75,清末杨柳青年画（候选，待确认）,yangliuqing_late_qing_candidate,清末杨柳青年画（候选）,3,2139,1131,722,382,1.4885365946596063,0.990388171317154,0.12594425868925627,0.09250378875360521,0.09281401700378579,0.11796387008510366,0.16539295496217848,0.10693993295121434,0.08845051447095047,0.08950148413102027,0.12048917895288541,0.5397238559456752,1.821212131973381,0.9996826857862477,4,55938,0.20281794317703877,1040,103537.83773243427,197.15092123704454,3770.793752084814,3.514220760415201,candidate_exploratory_not_formal_manifest,False,False
IMG-0615,d2a80819592e9c7c803e926ce2f0796fe88dd276c3034726993453505175e8e5,清末杨柳青年画（候选，待确认）,yangliuqing_late_qing_candidate,清末杨柳青年画（候选）,3,1280,2148,430,722,1.1883577257685276,0.9973302162894074,0.12841939886224285,0.101153785386088,0.09739212504184208,0.10755468688871891,0.12161929888052304,0.1068870955771836,0.09979733449529907,0.10513652756048827,0.13203974730761417,0.5347177800465603,1.8195429791915048,0.9997349565677558,5,57999,0.18681633704825099,958,107386.67464017868,192.72922168199815,3085.7437351027506,3.4153131882443777,candidate_exploratory_not_formal_manifest,False,False
IMG-0657,d7a3d51ba22b4264a85c4ed69c55a0de6fa0c33fce21bd005856e9284bc7d5eb,清末杨柳青年画（候选，待确认）,yangliuqing_late_qing_candidate,清末杨柳青年画（候选）,3,842,1435,423,722,1.5537162300890357,0.9726478038107906,0.17263513667655953,0.09036902105883746,0.07521390325733912,0.087699041593374,0.15493560864181424,0.08777123109987044,0.074217513650803,0.0859810421274966,0.1711775018939057,0.5004971602977086,1.7147622556382525,0.9999214473843855,5,45218,0.14805864979731898,768,84910.23276782036,153.64599666931494,2514.685369639103,2.5095290033203264,candidate_exploratory_not_formal_manifest,False,False
IMG-0648,d93bccc4194e26f28c82eeae6122c7f826baf2a08912a70a409f5c4ecffa82ec,清末杨柳青年画（候选，待确认）,yangliuqing_late_qing_candidate,清末杨柳青年画（候选）,3,1913,1080,722,408,1.2722837799244329,0.9962717142684309,0.1200889789771159,0.1000396507560135,0.09768865179406638,0.11446471503229705,0.1413648644360481,0.11483251346957508,0.09555763665254216,0.09619389253293296,0.11976909634940887,0.545707570191825,1.8316529573753846,0.9997826640933196,5,62974,0.2137784476671555,1349,116673.54536759853,214.9679498831404,4579.463364293086,3.633643711577015,candidate_exploratory_not_formal_manifest,False,False
IMG-0640,d9c8e504be00720ba549e129beabeff32d85e59f6c3adf0ffb2360f5d75cc5dd,清末杨柳青年画（候选，待确认）,yangliuqing_late_qing_candidate,清末杨柳青年画（候选）,3,1905,1279,722,486,1.3556370088329763,0.9923427391506738,0.14225660622118536,0.1022003531844064,0.09469878386310353,0.10117025833857939,0.12138085897209604,0.09407095150523509,0.08898346051730707,0.10461239308331195,0.15062633431477515,0.5355804025808778,1.7798211369788162,0.9996685486004603,4,70264,0.20024394970532244,1337,130810.77419161797,220.82934412992392,3810.2892057955155,4.191209015809575,candidate_exploratory_not_formal_manifest,False,False
IMG-0653,da9448ec5727008914ce75a248583dbcc2b1f75eadba0bbf4a5ef728e764859b,清末杨柳青年画（候选，待确认）,yangliuqing_late_qing_candidate,清末杨柳青年画（候选）,3,807,1459,399,722,1.251450225742951,0.9952511697133662,0.1390500250825501,0.09925908549164955,0.09385373146426018,0.10149614718129055,0.12033822021989908,0.10218221328595227,0.10163147436062156,0.10319867204792268,0.13899043086585422,0.4911291613579384,1.668140596686194,0.9999660167505916,6,32771,0.11375738515263227,610,60712.161365032196,113.11511659257873,2117.4820708280395,3.5021249442743185,candidate_exploratory_not_formal_manifest,False,False
IMG-0666,ddd13085bb40615649de7815b5065a74e47a98e60cff47bdb1ab215b254e3416,清末杨柳青年画（候选，待确认）,yangliuqing_late_qing_candidate,清末杨柳青年画（候选）,3,1742,1080,722,448,1.6642205241294616,0.9586497589360988,0.1849133915699402,0.07837282011007835,0.07181342173024696,0.08838922291289311,0.18119438668176086,0.08699652902510821,0.06488506698359278,0.07193339591216312,0.1715017650742165,0.5417636306835941,1.7765181960160426,0.9996701817795651,4,60062,0.18568831618519985,1126,113110.598133564,198.88209822785177,3481.1535417491095,2.632822511655582,candidate_exploratory_not_formal_manifest,False,False
IMG-0700,e0d7ebe070bb2887b8b803c1ec86f9e1835e87050fe55e308ae9c0599c3db9a3,清末杨柳青年画（候选，待确认）,yangliuqing_late_qing_candidate,清末杨柳青年画（候选）,3,1440,1080,722,542,1.4564490022020058,0.9932033348062961,0.11064880087279393,0.09810289117470108,0.10125769392164562,0.12039557310502974,0.161827666911334,0.11487969195770054,0.0955421835034158,0.09148071644545643,0.10586478210792291,0.5169965230693798,1.8475710143611042,0.9991960770021555,4,87635,0.22394486410238063,1741,161334.94352185726,257.90525977834363,4448.998783616645,3.460955423488257,candidate_exploratory_not_formal_manifest,False,False
IMG-0703,e44de1aefa31a2b7bed3806fcc5b991540ea46ab3f9afa17b8667917d529dd34,清末杨柳青年画（候选，待确认）,yangliuqing_late_qing_candidate,清末杨柳青年画（候选）,3,438,754,420,722,1.6366033654632777,0.9800606374009233,0.18184481838480862,0.10688546274238649,0.0864918408993639,0.08987050731375423,0.11667816849070499,0.08526053550611269,0.078711968240462,0.09373483394539887,0.1605218644770081,0.4923989293711606,1.7426320568714047,0.9995535960872284,5,46157,0.1522127687640153,681,86166.54815161228,156.4751769653743,2245.7459438068854,2.634953691561099,candidate_exploratory_not_formal_manifest,False,False
IMG-0691,e71c9ed6d9aa6ad1491aaaf7b150e96caf56f236786d3de9a14e37308422b904,清末杨柳青年画（候选，待确认）,yangliuqing_late_qing_candidate,清末杨柳青年画（候选）,3,1132,1338,610,722,2.0337924496063633,0.9672863949132359,0.10655005097959308,0.07732017643064028,0.09993494030652288,0.13246656296477713,0.22597693884515146,0.11719534415818202,0.07339342880959801,0.06767408713291358,0.09948847037262147,0.527286811262669,1.8055717092148327,0.9995432152612267,4,91579,0.20793560692066665,1630,170209.73369562626,256.47844736348077,3701.012669724354,3.6566531994156017,candidate_exploratory_not_formal_manifest,False,False
IMG-0670,ea4916d3970f8a85946a1b448fbb328e1eb559772cb16482bc564ddb5909ce31,清末杨柳青年画（候选，待确认）,yangliuqing_late_qing_candidate,清末杨柳青年画（候选）,3,1764,1078,722,441,1.3696161504627329,0.9898180110600927,0.1406872945822998,0.0956313031084122,0.09073464672462159,0.10545899666578544,0.152179572273637,0.10017097697287637,0.08454611939037301,0.09259629933562263,0.13799479094637207,0.5361103544870303,1.784965295607414,0.9994299723176523,4,63455,0.19929208987380734,1077,117738.7870029211,208.65637769033597,3382.5164414796386,4.098467501122688,candidate_exploratory_not_formal_manifest,False,False
IMG-0634,ead3192796f0747047f01018370caf42ff85ae3be4afbb5bcb22eafdbf5aaa15,清末杨柳青年画（候选，待确认）,yangliuqing_late_qing_candidate,清末杨柳青年画（候选）,3,670,1592,303,722,1.579416447522174,0.9877145381947372,0.1181925813577502,0.08381671664663044,0.07942105257823201,0.10424935137996402,0.17549071639135266,0.11379845069219847,0.10068264824486473,0.09926196110547855,0.1250865216035289,0.49857859063520815,1.7631849966358468,0.9998128583628013,4,41973,0.19186253805435946,755,77503.92302918434,165.70429784283365,3451.1761425450027,3.219702117325652,candidate_exploratory_not_formal_manifest,False,False
IMG-0654,ebb010dc27dab3af1e30089ec965056a336aa4a39ec3c6eeb83fa7b26d3d8e8f,清末杨柳青年画（候选，待确认）,yangliuqing_late_qing_candidate,清末杨柳青年画（候选）,3,806,1455,399,722,1.3564659093089655,0.9925485495281939,0.15071843436766283,0.10872367747204759,0.10843173397719254,0.10335013296496365,0.11208585835016963,0.09344614896348362,0.08572373242552417,0.09562070897555455,0.14189957250340132,0.4813537095340785,1.666275343331706,0.999819293255442,6,31376,0.10891494664639438,560,57886.650151968,107.85080013417182,1943.9179666618068,3.5228871128575783,candidate_exploratory_not_formal_manifest,False,False
IMG-0608,edbd47da07dfc3ae55cc330a190ee83a208f15a922a1f1588c6f8a9c17c9b342,清末杨柳青年画（候选，待确认）,yangliuqing_late_qing_candidate,清末杨柳青年画（候选）,3,2216,1280,722,418,1.9433884551094933,0.972060843537086,0.1219334050741649,0.08115946484148873,0.07608460801455032,0.11415521673982715,0.21593205056772147,0.10960891354525377,0.07566848470658356,0.0813539504918932,0.12410390601851694,0.5392576154294801,1.8109378631808222,0.9993541037970641,5,60386,0.2000888017071134,1110,113635.0502653122,206.85002071227598,3677.981152831714,2.9565960192596394,candidate_exploratory_not_formal_manifest,False,False
IMG-0671,f4c960f8591f9c511a824e042073d2d3a41b771e6013d65236907cfafdaef31f,清末杨柳青年画（候选，待确认）,yangliuqing_late_qing_candidate,清末杨柳青年画（候选）,3,1822,1082,722,428,1.2462270257810695,0.9947614839030269,0.13846966953122994,0.10489645347098855,0.09828589022795525,0.10383551557264506,0.12915316105444988,0.10068774989415406,0.09166199357107312,0.09714423569708204,0.13586533098042197,0.5395064553685524,1.7986637430074572,0.9995191997150591,4,64548,0.20888238796696612,1228,118786.96968579292,213.6871073450351,3973.9042638568876,3.5520218444692238,candidate_exploratory_not_formal_manifest,False,False
IMG-0686,f9809452b1bd37e5761264a56001d9625022512efd057204042fd77b81af3647,清末杨柳青年画（候选，待确认）,yangliuqing_late_qing_candidate,清末杨柳青年画（候选）,3,1770,1078,722,440,1.2574574212954874,0.9966038515019588,0.10875389534905332,0.10649291398542306,0.11163419948440721,0.12058251628670702,0.13971749125505417,0.12167951205738396,0.10003426117460427,0.09121456586931502,0.09989064453805187,0.4669416169971977,1.7419331213192952,0.9998799269045409,6,46264,0.14563082347015865,704,85486.75885426998,151.67147647888729,2216.0664819944595,3.4584946262750984,candidate_exploratory_not_formal_manifest,False,False
IMG-0656,fc3f5ac62830fb034bf5141cd32ffb19dc781c154966b5a379a29c8f7768c56b,清末杨柳青年画（候选，待确认）,yangliuqing_late_qing_candidate,清末杨柳青年画（候选）,3,382,222,722,420,2.0090294099240684,0.9668278069968833,0.08566586110797975,0.07823398470852722,0.08988088912970095,0.13774443725342952,0.22322548999156316,0.13778472200181377,0.08799418050112007,0.07644279950293056,0.08302763580293507,0.5864433138559466,1.695234582885121,0.999466094195555,5,39965,0.13179329903706635,642,74318.63600027561,134.9598187397132,2117.134942619707,2.3964280960963666,candidate_exploratory_not_formal_manifest,False,False
IMG-0652,fd6a10ac2097270fe3db31c957db6ff8d137a71c1245d23a1c8066adc5840432,清末杨柳青年画（候选，待确认）,yangliuqing_late_qing_candidate,清末杨柳青年画（候选）,3,822,1478,401,722,2.1036045609406644,0.9497595190816487,0.23373384010451825,0.10745895783327138,0.0821499167752417,0.07993401683530554,0.08013821322857466,0.06743674611145935,0.06802096467072266,0.09022246906040533,0.19090487538050113,0.4468502491255376,1.6411544614232851,0.9999555137592615,6,31024,0.10715593288247525,479,58471.39343702793,108.66824633779213,1654.4511297932454,2.445378127265713,candidate_exploratory_not_formal_manifest,False,False
