sample_id,sha256,group_id,group_label,group_order,analysis_width,analysis_height,raw_lsd_segment_count,filtered_long_segment_count,automatic_vp_candidate_count,primary_vp_x_normalized,primary_vp_y_normalized,primary_vp_inside_image,primary_support_line_count,primary_support_length_ratio_all,primary_median_angular_residual_degrees,primary_automatic_confidence_score_not_probability,automatic_status,manual_review_status,analysis_scope
IMG-0145,003dfdbe3ab762f0f256c3958dbd4ca73fe8997eb915f5fa92f702fcc9df32ea,gusu_qing_candidate,姑苏版画（候选）,1,629,1024,2678,46,2,0.022079913260701876,0.8943485809539312,True,13,0.35044166976540186,0.80715202655779,0.2340695420084125,automatic_candidate_detected_needs_manual_review,pending,candidate_screening_not_human_verified
IMG-0103,00878b718c8f9a6bb07e1b972a4536cf1502b13ba5f12eaf69e80c46a69b6a27,gusu_qing_candidate,姑苏版画（候选）,1,629,1024,2221,5,0,,,,0,0.0,,0.0,no_candidate_detected_under_fixed_parameters_not_proof_of_absence,pending,candidate_screening_not_human_verified
IMG-0102,00a6bc04f7cc55bc2e7e5b4e0b3b050fb72b4c09546fd2de0697ae516ed199e4,gusu_qing_candidate,姑苏版画（候选）,1,562,1024,1854,87,2,-3.0428647031021243,0.7187187467175812,False,16,0.18334086714292394,1.0530121129734948,0.1082930551307456,automatic_candidate_detected_needs_manual_review,pending,candidate_screening_not_human_verified
IMG-0106,0133e106380fcd4dafd1763bd3273312b8667082c1fe5c029aaaf5b056d2d200,gusu_qing_candidate,姑苏版画（候选）,1,1024,738,4991,93,0,,,,0,0.0,,0.0,no_candidate_detected_under_fixed_parameters_not_proof_of_absence,pending,candidate_screening_not_human_verified
IMG-0095,0240cf3c69b5cf6cc3237352284cb4a3555c076d13d865743583f437175cf7a4,gusu_qing_candidate,姑苏版画（候选）,1,581,1024,1607,42,2,0.8985247811375409,0.941226481269091,True,14,0.41897149186395083,0.5404148225011135,0.31976791525887627,automatic_candidate_detected_needs_manual_review,pending,candidate_screening_not_human_verified
IMG-0323,030377a155d19c68d70b46acb726fdf813b7e07e1cecf6a012a3b8d5b899581e,gusu_qing_candidate,姑苏版画（候选）,1,921,1024,5538,50,2,-2.8243898443004563,0.6776459227130371,False,15,0.36729204413284555,0.5132178365091924,0.2841631013751239,automatic_candidate_detected_needs_manual_review,pending,candidate_screening_not_human_verified
IMG-0111,031ba8810d4e7e66cf9304c83e7c28c921163f2429aed1353776287225f9082b,gusu_qing_candidate,姑苏版画（候选）,1,585,1024,3736,66,2,0.030648250712185077,0.9665545021901777,True,19,0.3198190790261989,0.6455748298866981,0.2315898786577872,automatic_candidate_detected_needs_manual_review,pending,candidate_screening_not_human_verified
IMG-0202,0360d8871387ba330490e82105456f4d602a4fdcc923cac793aaff0703555b73,gusu_qing_candidate,姑苏版画（候选）,1,1024,1019,4946,36,2,0.0379979025251557,0.0630172359798767,True,14,0.42689134870213824,0.9521310404578726,0.26519462965391877,automatic_candidate_detected_needs_manual_review,pending,candidate_screening_not_human_verified
IMG-0219,036e0ee78242384bae46433d8df0fc24bc8f85968068b31e350ba13d974ef263,gusu_qing_candidate,姑苏版画（候选）,1,1024,817,2106,30,2,0.9711861471533387,0.979537555359975,True,12,0.43775561802026725,1.1113190070687546,0.2511376766754197,automatic_candidate_detected_needs_manual_review,pending,candidate_screening_not_human_verified
IMG-0378,03c578e9239cb75b6f95e1dd922474168d6fa81868890e4c1bd228a7642be391,gusu_qing_candidate,姑苏版画（候选）,1,1024,943,2631,87,2,0.30630332154951306,0.8829333026797953,True,22,0.2517592124999323,1.3876649978033373,0.12579336820058784,automatic_candidate_detected_needs_manual_review,pending,candidate_screening_not_human_verified
IMG-0008,03fafb01f7df498d4679adcaf0736920f25eb18b632d6a7dfdf2bcf0dbbe822a,gusu_qing_candidate,姑苏版画（候选）,1,1024,828,2711,3,0,,,,0,0.0,,0.0,insufficient_long_lines_under_fixed_parameters,pending,candidate_screening_not_human_verified
IMG-0428,049b5ade562a45d2f6b52c3965dec4e8e93def839e80abf2c2789d6c0c3534f9,gusu_qing_candidate,姑苏版画（候选）,1,509,1024,1156,19,1,0.7991032525175793,0.5388788142129634,True,8,0.4087664476611012,1.6452175560709712,0.11970975135315656,automatic_candidate_detected_needs_manual_review,pending,candidate_screening_not_human_verified
IMG-0339,04d998d6c0f025f8e02a8c73caea201b1110f1f58ce259ce10e3140e91859a20,gusu_qing_candidate,姑苏版画（候选）,1,607,1024,2643,16,1,0.4917298345028949,0.8644160942416315,True,5,0.3467140312535894,0.9802783460636336,0.08849025317782842,automatic_candidate_detected_needs_manual_review,pending,candidate_screening_not_human_verified
IMG-0369,05495455e874ea183fcbc2ff9138744ae2a90905242be11bd3db19ab8c01d3ff,gusu_qing_candidate,姑苏版画（候选）,1,784,1024,2098,41,2,0.5223238138848431,0.7530271412574671,True,10,0.24853067991828232,0.7106886880256743,0.14516926371003389,automatic_candidate_detected_needs_manual_review,pending,candidate_screening_not_human_verified
IMG-0040,060c937bc028a282b69ea3f6ced837498acc67a1d9475a72df532a878c4e0da6,gusu_qing_candidate,姑苏版画（候选）,1,1002,1024,3384,51,2,1.4479284735389568,0.3399418423651838,False,8,0.16465593844873788,1.2581831522411109,0.058516068459769366,automatic_candidate_detected_needs_manual_review,pending,candidate_screening_not_human_verified
IMG-0290,0628f0b9a2bbeb717aa799aeb375897443a4dec323c753748ba9a4058843f667,gusu_qing_candidate,姑苏版画（候选）,1,1024,806,2311,74,2,1.7393004474057,0.8785787847370323,False,17,0.3035083734202815,1.1414053813545424,0.17152113736702915,automatic_candidate_detected_needs_manual_review,pending,candidate_screening_not_human_verified
IMG-0059,079a41128ffc90bf069f686c58f086bf03035daac1c9ec4f3ca08ae75f822b96,gusu_qing_candidate,姑苏版画（候选）,1,1024,930,2949,16,1,0.7598098105039574,0.6955269080333829,True,12,0.8299498667770268,0.1856033615329813,0.7563949169653187,automatic_candidate_detected_needs_manual_review,pending,candidate_screening_not_human_verified
IMG-0005,07a7349044de755cbd3bb1ce0d49083d521bd3055143c7c21f271ff968b8171f,gusu_qing_candidate,姑苏版画（候选）,1,1024,801,2371,8,0,,,,0,0.0,,0.0,no_candidate_detected_under_fixed_parameters_not_proof_of_absence,pending,candidate_screening_not_human_verified
IMG-0212,0849f861546a105a31a74a16a4a6cec106a3faeb5c9bf0d1021749e93cdd4162,gusu_qing_candidate,姑苏版画（候选）,1,1024,822,2264,32,2,0.9832769698361471,0.9569325353708181,True,17,0.55880352503164,0.6800068062606176,0.3977384118147071,automatic_candidate_detected_needs_manual_review,pending,candidate_screening_not_human_verified
IMG-0416,08d485b8b4495aef4cd0c74ab398a2988000223551ccd5d6a3c3e209b3313151,gusu_qing_candidate,姑苏版画（候选）,1,813,1024,3678,133,2,-0.3925233005321656,0.06337000827440148,False,37,0.27108998508607374,0.9571365578900115,0.16798631791539284,automatic_candidate_detected_needs_manual_review,pending,candidate_screening_not_human_verified
IMG-0152,09064ca1efb88cc4d4b08a7ee705c233df9d541bee7f3df7cea4d936cd530c9c,gusu_qing_candidate,姑苏版画（候选）,1,604,1024,1982,36,2,0.080436956166502,0.03171248596904916,True,15,0.4150081097305561,0.8770781110250038,0.2676711048223683,automatic_candidate_detected_needs_manual_review,pending,candidate_screening_not_human_verified
IMG-0387,0a0812b08a289a966b2485f1fa20c0d1758acb0bc696fddf1692dcab3c980cb3,gusu_qing_candidate,姑苏版画（候选）,1,555,1024,1850,55,2,0.25752361342250485,-2.08484961955613,False,23,0.3883697822542629,1.2241247139964972,0.21058630641423418,automatic_candidate_detected_needs_manual_review,pending,candidate_screening_not_human_verified
IMG-0374,0a253d1598ff260549caef0afc9581619f0350d8ac1bed0e6adf2d156231c541,gusu_qing_candidate,姑苏版画（候选）,1,1024,954,2781,45,2,0.8586328401008771,0.13363549891926052,True,14,0.3386553968910678,0.5836634356483243,0.25293975660713086,automatic_candidate_detected_needs_manual_review,pending,candidate_screening_not_human_verified
IMG-0393,0b45ff734034df3e1639dc35c3d59dd0273c26ef50c63f608496ebcb9d0173f7,gusu_qing_candidate,姑苏版画（候选）,1,1024,570,3676,31,2,-0.8289611035866435,0.5283752196013972,False,10,0.31765861261589906,0.9999423960985507,0.16056269768007744,automatic_candidate_detected_needs_manual_review,pending,candidate_screening_not_human_verified
IMG-0282,0c07c48f1503d18d1a2ed56cef8b12302d915e4b8d4a079048acf3f950ab66d7,gusu_qing_candidate,姑苏版画（候选）,1,1024,802,2651,9,0,,,,0,0.0,,0.0,no_candidate_detected_under_fixed_parameters_not_proof_of_absence,pending,candidate_screening_not_human_verified
IMG-0366,0ca295811239d9d18951f8ae25edbe1e85d07afad93d3016c9d5948abd875e91,gusu_qing_candidate,姑苏版画（候选）,1,695,1024,2436,88,2,4.772657912601896,0.6440106509542232,False,27,0.3452684324308963,0.6090533284803038,0.25462592702145903,automatic_candidate_detected_needs_manual_review,pending,candidate_screening_not_human_verified
IMG-0381,0d5e978c2967fb96fb824ebefb49f5415fd3e10a0eb1455abaa523a8acbcf1bd,gusu_qing_candidate,姑苏版画（候选）,1,1024,947,2824,48,2,0.11027794477018461,0.8463976672451301,True,15,0.3589187375982789,0.6952921976501744,0.25352182306705,automatic_candidate_detected_needs_manual_review,pending,candidate_screening_not_human_verified
IMG-0405,0d756469edf6b465919bdd6723c219f7748a461c0d12a69d0e7a419652cb9707,gusu_qing_candidate,姑苏版画（候选）,1,547,1024,3380,52,2,-5.68035500285932,0.7589496560141336,False,19,0.3513416374489613,0.8826613973036448,0.22597590476510604,automatic_candidate_detected_needs_manual_review,pending,candidate_screening_not_human_verified
IMG-0262,0d8c9d7e8279320e3c1b001be2d618d8e0dbd037b39eba67886f0a3e8f594427,gusu_qing_candidate,姑苏版画（候选）,1,1024,1008,4216,50,2,0.036524945279096596,0.05065143088411978,True,16,0.475733479852659,0.3532382645369006,0.39871171975464426,automatic_candidate_detected_needs_manual_review,pending,candidate_screening_not_human_verified
IMG-0015,0e0d88fdadac8417f6c4f446b53d935da658a5207de37918dd98fcc65629c861,gusu_qing_candidate,姑苏版画（候选）,1,1024,815,1859,10,1,0.5616419822476874,0.9775905447512803,True,7,0.7727351384422516,0.1399807786240874,0.420291895321018,automatic_candidate_detected_needs_manual_review,pending,candidate_screening_not_human_verified
IMG-0382,0e4286ddc9525719e361eb1ebcf1c1806f27e0a984b076838e02270e4d8bf71f,gusu_qing_candidate,姑苏版画（候选）,1,1024,948,2842,39,2,0.12399516582274454,0.12577967972086546,True,8,0.31786395265417905,1.4359090616712984,0.10335853130803853,automatic_candidate_detected_needs_manual_review,pending,candidate_screening_not_human_verified
IMG-0289,0e99d46cfcd5777feab6409ee42ed788b7526349ca478eecd88ac3ac5b3727a7,gusu_qing_candidate,姑苏版画（候选）,1,1024,765,2740,108,2,1.8634116997880061,0.8841358670116586,False,25,0.3034638944403784,0.9195544775227491,0.1916144730855659,automatic_candidate_detected_needs_manual_review,pending,candidate_screening_not_human_verified
IMG-0049,0ed4199dd4f0c878bb7e8bd2f2ff4d22f4aa66316ff7bb96b44eff5b935a89d0,gusu_qing_candidate,姑苏版画（候选）,1,1024,892,3325,97,2,2.609077347511369,0.20233273450822134,False,40,0.4266988833206337,1.3144600434296558,0.221151624827872,automatic_candidate_detected_needs_manual_review,pending,candidate_screening_not_human_verified
IMG-0153,0ef5ac619f794477b19301949d7ee62f9c9820974e4ac94c16236f8e93d11916,gusu_qing_candidate,姑苏版画（候选）,1,1024,976,5009,194,2,-0.9981771437422089,0.10998508976905684,False,40,0.2650224659187323,1.3722297419265672,0.13344637723276204,automatic_candidate_detected_needs_manual_review,pending,candidate_screening_not_human_verified
IMG-0347,100c9bbb1213e6bd0367575dda5f7690a41ca88d505db5146a371717bf637867,gusu_qing_candidate,姑苏版画（候选）,1,1024,759,2342,30,2,-0.25068019611009884,0.42365963590466205,False,10,0.3642956499520485,1.4856413900024075,0.14443412356355068,automatic_candidate_detected_needs_manual_review,pending,candidate_screening_not_human_verified
IMG-0045,10c54f6f8eb38b93382bf04cd51f1737bfd80f231b34a7025845db8962ff9808,gusu_qing_candidate,姑苏版画（候选）,1,1024,805,2152,12,1,-0.42620856438597016,0.9758085375325124,False,7,0.7830564949491574,0.9172514068697828,0.2887561733385855,automatic_candidate_detected_needs_manual_review,pending,candidate_screening_not_human_verified
IMG-0035,11a6a20086a14a5a6ac73651b7167eb3adfa8cf99e1270b5593070baea236482,gusu_qing_candidate,姑苏版画（候选）,1,1024,955,4901,41,2,-0.3958711355457561,0.9771670405516567,False,11,0.4854290095280752,0.15863527647858564,0.4110455519901702,automatic_candidate_detected_needs_manual_review,pending,candidate_screening_not_human_verified
IMG-0278,11d83f3441b156050d49dc54acef6dbabfbfa20455e6956ebb529b8fd5a0c15c,gusu_qing_candidate,姑苏版画（候选）,1,1024,848,5063,107,2,-2.8944939408986476,0.7926875343055285,False,60,0.5504250556676216,1.1960485314055402,0.3026770944995912,automatic_candidate_detected_needs_manual_review,pending,candidate_screening_not_human_verified
IMG-0275,11f00cbe597edb51a92496a4bedb43f1aa2713e20e9ab821c1f2d2d2e74768f2,gusu_qing_candidate,姑苏版画（候选）,1,752,1024,4890,72,2,0.7830710565140151,0.04947145719403345,True,35,0.49431503890557643,1.0356703634234043,0.29451733469148944,automatic_candidate_detected_needs_manual_review,pending,candidate_screening_not_human_verified
IMG-0180,12086cbd11aaa66b5bebcf800877e4cd73a503e26370cce9c9b1c09b1ba72f2e,gusu_qing_candidate,姑苏版画（候选）,1,603,1024,3185,97,1,0.9560803261901452,0.9349131830964702,True,19,0.21102250513148507,1.0071631762161568,0.1275340259347165,automatic_candidate_detected_needs_manual_review,pending,candidate_screening_not_human_verified
IMG-0346,1383515160327beb08b2f56082cb0827921661d7cfee3481b4bd23087b5f8701,gusu_qing_candidate,姑苏版画（候选）,1,750,1024,3008,15,1,0.9213610016070695,0.03711829353326724,True,6,0.3908011463433707,0.1822775591979576,0.17837942688243436,automatic_candidate_detected_needs_manual_review,pending,candidate_screening_not_human_verified
IMG-0159,1389d8b138952cb3b3a62cbcb63e785795c7f63d6330b4dacdb15575980502e0,gusu_qing_candidate,姑苏版画（候选）,1,1024,734,5084,101,2,-1.1776173576898357,0.920359007275183,False,26,0.23728803708935972,0.8305163460639208,0.15665040088948323,automatic_candidate_detected_needs_manual_review,pending,candidate_screening_not_human_verified
IMG-0009,13b4b8e234347cc05358b6f27bfd48b4d930705313fa79282905c0a5e917508e,gusu_qing_candidate,姑苏版画（候选）,1,1024,813,2173,0,0,,,,0,0.0,,0.0,insufficient_long_lines_under_fixed_parameters,pending,candidate_screening_not_human_verified
IMG-0210,1406fb9d6ed3b4c16626e2477b7ee0388506fa53f3df251fafb68920b925138e,gusu_qing_candidate,姑苏版画（候选）,1,1024,821,1917,19,2,0.9785463161915088,0.8959710841292863,True,6,0.4749815836476326,0.1258203681965006,0.2230104580301503,automatic_candidate_detected_needs_manual_review,pending,candidate_screening_not_human_verified
IMG-0129,14be47305a1cea2d242987ebae97eb2f0d83d2560d5efe7b1abf8f4b0b12df33,gusu_qing_candidate,姑苏版画（候选）,1,539,1024,1904,52,2,0.9365234221010134,1.4006381447613847,False,16,0.35557088893105504,1.5161056999002434,0.16661267140437558,automatic_candidate_detected_needs_manual_review,pending,candidate_screening_not_human_verified
IMG-0258,155c77c206cb7e2e2d1b32d2a329424ddea0aa9f560302c71cf9ff7f6f565ed2,gusu_qing_candidate,姑苏版画（候选）,1,1002,1024,6828,23,2,0.654748095978793,0.9342186737474669,True,8,0.34309736476438346,1.0263213570896372,0.13691885930458753,automatic_candidate_detected_needs_manual_review,pending,candidate_screening_not_human_verified
IMG-0247,156fabb73a144c78b1daed6fcf0e66cd468a7929504e9d675265b66686b6817b,gusu_qing_candidate,姑苏版画（候选）,1,553,1024,3696,5,0,,,,0,0.0,,0.0,no_candidate_detected_under_fixed_parameters_not_proof_of_absence,pending,candidate_screening_not_human_verified
IMG-0116,1579951a99796aacf16afe744b9792430a1ed1d7d3ad4f0bcd7859a9a50efad7,gusu_qing_candidate,姑苏版画（候选）,1,1024,768,2284,185,0,,,,0,0.0,,0.0,no_candidate_detected_under_fixed_parameters_not_proof_of_absence,pending,candidate_screening_not_human_verified
IMG-0140,15fb21ebb8e58d760df7d6f5f11fd6947d9241905b697e5f74f8376dc2893029,gusu_qing_candidate,姑苏版画（候选）,1,616,1024,2174,85,2,0.9238334080595421,-0.9091754879641226,False,25,0.30394993648538066,1.1996439584494363,0.16684096044679006,automatic_candidate_detected_needs_manual_review,pending,candidate_screening_not_human_verified
IMG-0317,1728a2b412b8f7250b531a8412951217fb74cddce43c41c845cd12434c992e53,gusu_qing_candidate,姑苏版画（候选）,1,1024,785,5481,89,0,,,,0,0.0,,0.0,no_candidate_detected_under_fixed_parameters_not_proof_of_absence,pending,candidate_screening_not_human_verified
IMG-0354,17e021d4cb00439f7ec48bd02b7423cc07fe198694918e8e068acf5008de09a7,gusu_qing_candidate,姑苏版画（候选）,1,571,1024,2588,65,2,0.25626323357094166,0.2929947603204768,True,14,0.3033594646313977,0.6829559002247896,0.21560337742666508,automatic_candidate_detected_needs_manual_review,pending,candidate_screening_not_human_verified
IMG-0191,18712d9b9baf2a250c4994f1c852c7f5a0a9c2d0f6282a5f6304cd0bd58a5730,gusu_qing_candidate,姑苏版画（候选）,1,493,1024,833,35,0,,,,0,0.0,,0.0,no_candidate_detected_under_fixed_parameters_not_proof_of_absence,pending,candidate_screening_not_human_verified
IMG-0448,18d4cc24b98f3a397b28dc7270ab81a36c3922b7c1d80bfb77202b21593226c6,gusu_qing_candidate,姑苏版画（候选）,1,765,1024,2529,21,0,,,,0,0.0,,0.0,no_candidate_detected_under_fixed_parameters_not_proof_of_absence,pending,candidate_screening_not_human_verified
IMG-0013,190d558c0bb4f65bcdfbb51024684dc60a8889b4ab77a4e3120c7a989eae23ee,gusu_qing_candidate,姑苏版画（候选）,1,1024,809,2216,8,0,,,,0,0.0,,0.0,no_candidate_detected_under_fixed_parameters_not_proof_of_absence,pending,candidate_screening_not_human_verified
IMG-0222,191d291f195141cc9b8b602a7c80671eef0adc8f8bd1aae8104c463632f3765e,gusu_qing_candidate,姑苏版画（候选）,1,774,1024,1653,32,2,0.9574754342004039,0.021184386746915508,True,11,0.4870837626947235,0.6457194293602784,0.3232949336737265,automatic_candidate_detected_needs_manual_review,pending,candidate_screening_not_human_verified
IMG-0309,19255c53cf86d2b18565ebc8ac8d2354322c574598afcb58ab2fa5d70e592768,gusu_qing_candidate,姑苏版画（候选）,1,613,1024,4716,17,1,-4.328876120391883,0.24036140796589717,False,11,0.7159824542842059,0.5202325132078593,0.5059956274652843,automatic_candidate_detected_needs_manual_review,pending,candidate_screening_not_human_verified
IMG-0003,196352214a5d4a574412f9d53aa5720907449bf490732213487bc14df5ef2fc1,gusu_qing_candidate,姑苏版画（候选）,1,776,1024,2788,23,1,4.290196463622461,0.7493201169856732,False,10,0.5140292494136222,0.27558852830399583,0.37321861545295937,automatic_candidate_detected_needs_manual_review,pending,candidate_screening_not_human_verified
IMG-0370,199f895f09fc7d8d68b40f5c25f3734afc139ec187dada785ec9a21fa21c2897,gusu_qing_candidate,姑苏版画（候选）,1,702,1024,1830,2,0,,,,0,0.0,,0.0,insufficient_long_lines_under_fixed_parameters,pending,candidate_screening_not_human_verified
IMG-0292,1a488605dac22d61b9c550a2069ea820464ad3887d2e3a5c73127cb4fb082ed6,gusu_qing_candidate,姑苏版画（候选）,1,1024,544,2440,98,2,2.1612216678759846,0.9403839447640264,False,20,0.21882694227131366,1.0647471391562768,0.12849726626573743,automatic_candidate_detected_needs_manual_review,pending,candidate_screening_not_human_verified
IMG-0010,1ae152d8deae47f3e98ffdba991135a74e60a8dc11deda2b9a2d5119d7d66f83,gusu_qing_candidate,姑苏版画（候选）,1,1024,816,2114,8,1,-3.312846434092377,0.975469295716994,False,8,1.0,0.0670011613777753,0.6447028997823501,automatic_candidate_detected_needs_manual_review,pending,candidate_screening_not_human_verified
IMG-0042,1cefcdf264a3f7a925557502ca0070ed41900716222d89b256db5c88e1ec9ff0,gusu_qing_candidate,姑苏版画（候选）,1,1007,1024,2675,14,1,0.793984947101919,1.105949190925865,False,5,0.33977577260242325,1.0804588327956461,0.0824826323287858,automatic_candidate_detected_needs_manual_review,pending,candidate_screening_not_human_verified
IMG-0330,1d13c60bd7f8e059855a4986e5816b97ddc5fa88829ab19c80c2e44665bc45cf,gusu_qing_candidate,姑苏版画（候选）,1,1024,968,4563,89,2,0.5953497833757566,4.55841402794761,False,36,0.41737365703204,1.5898247367358582,0.18849462883491597,automatic_candidate_detected_needs_manual_review,pending,candidate_screening_not_human_verified
IMG-0001,1d149231e57eae7758126e3a0adc40326548c46787ce9eb067fcf0217774ac78,gusu_qing_candidate,姑苏版画（候选）,1,816,1024,2699,22,1,0.6774337732255029,1.7317228472495367,False,13,0.6698428083389447,0.3920888389746778,0.5505945260960329,automatic_candidate_detected_needs_manual_review,pending,candidate_screening_not_human_verified
IMG-0373,1eba206819dee4cc788537034ec9386940793e5d2732c1f0ae519c0d4e0d7b1a,gusu_qing_candidate,姑苏版画（候选）,1,1024,768,4012,11,1,0.9701241950522335,0.025057343900180714,True,5,0.46883129157152625,0.49486901381925663,0.1525267117925821,automatic_candidate_detected_needs_manual_review,pending,candidate_screening_not_human_verified
IMG-0206,1f3ac7866d6dda358672ce986dabf650ab66eb4666e726d483c8b98ca4094afa,gusu_qing_candidate,姑苏版画（候选）,1,884,1024,2916,128,0,,,,0,0.0,,0.0,no_candidate_detected_under_fixed_parameters_not_proof_of_absence,pending,candidate_screening_not_human_verified
IMG-0306,1f67809dc6b63a51f8be7df599c33442a48362d06e9514f61791578829561be5,gusu_qing_candidate,姑苏版画（候选）,1,722,1024,2834,52,2,0.2282645116795398,-2.007843491366463,False,24,0.49807815978771686,1.4453472984333848,0.24179333237888126,automatic_candidate_detected_needs_manual_review,pending,candidate_screening_not_human_verified
IMG-0415,20f5dfcfc0971157ddcf20ec28d6e8ce7d555f9e406f1a87f15f7f1efacc1ea3,gusu_qing_candidate,姑苏版画（候选）,1,1024,802,2285,2,0,,,,0,0.0,,0.0,insufficient_long_lines_under_fixed_parameters,pending,candidate_screening_not_human_verified
IMG-0175,21ed6ed3a19e6f545c59cf1b74181d45d589926cc3eb73b35cf256aabebae943,gusu_qing_candidate,姑苏版画（候选）,1,554,1024,3017,59,2,0.03231812813914371,0.022504107776329007,True,13,0.3736770467568234,0.5433660778256607,0.28477769948889475,automatic_candidate_detected_needs_manual_review,pending,candidate_screening_not_human_verified
IMG-0108,2226d967dd810c245df55b7eff33d06aae0c7da05fe5dbab2a895a84c54144ba,gusu_qing_candidate,姑苏版画（候选）,1,1024,164,1350,62,1,0.3562677335114133,0.6696907540636432,True,15,0.24527144557511918,1.3033614033075134,0.1278279011151257,automatic_candidate_detected_needs_manual_review,pending,candidate_screening_not_human_verified
IMG-0319,2363a9f4ce4ff21b9cf793dfcdaaa535517a6d5c7ebfcc0a3cadbee2ee252e65,gusu_qing_candidate,姑苏版画（候选）,1,600,1024,3305,156,2,0.8404089304779663,-2.5416222031585387,False,56,0.38063862882572264,1.0515011168453414,0.224999883817841,automatic_candidate_detected_needs_manual_review,pending,candidate_screening_not_human_verified
IMG-0383,23afa02aefd3140a347f662d2f41f093174f00940a297ff100ad0c8f82fc1b00,gusu_qing_candidate,姑苏版画（候选）,1,1024,944,2819,36,2,0.8752125315246816,0.1299996455488063,True,9,0.4325415148482964,1.3783401950291407,0.16284944764065992,automatic_candidate_detected_needs_manual_review,pending,candidate_screening_not_human_verified
IMG-0128,2491990a1362b097fdd2f1a784f2034146f8e728bef3c2b27c5dd044ff82dd68,gusu_qing_candidate,姑苏版画（候选）,1,1024,827,1652,38,2,0.08747966723879431,0.5176302966021595,True,9,0.2731552972727238,0.4950954686403902,0.15994190909549155,automatic_candidate_detected_needs_manual_review,pending,candidate_screening_not_human_verified
IMG-0419,2529b7f42d1fb8814b3c5a722f00a9fdfbbcf1b2f7be7f80266b80c478e2c16c,gusu_qing_candidate,姑苏版画（候选）,1,1024,843,2857,35,2,0.7911357660002211,0.9888364005485488,True,7,0.2133612536494042,0.7268540666168878,0.08653623444663351,automatic_candidate_detected_needs_manual_review,pending,candidate_screening_not_human_verified
IMG-0020,2559c604f0c890e42f80832688db4073e55180d093d360fb5b2d3b4efc96a4ce,gusu_qing_candidate,姑苏版画（候选）,1,1024,822,2216,4,0,,,,0,0.0,,0.0,insufficient_long_lines_under_fixed_parameters,pending,candidate_screening_not_human_verified
IMG-0056,260503708f0c8440ef36354cf7ddce013e6542f5665b46c9b01badc9d26bce1f,gusu_qing_candidate,姑苏版画（候选）,1,1024,1008,5082,13,1,-1.9591217393652143,0.5174906114072587,False,5,0.40539602481713694,0.28474146913688736,0.14649993085326973,automatic_candidate_detected_needs_manual_review,pending,candidate_screening_not_human_verified
IMG-0058,26a6596b2e9d23c72e513f7050f5f586d0c08e87587bfb9ae1faa36904fb2a88,gusu_qing_candidate,姑苏版画（候选）,1,724,1024,2507,6,0,,,,0,0.0,,0.0,no_candidate_detected_under_fixed_parameters_not_proof_of_absence,pending,candidate_screening_not_human_verified
IMG-0070,26bfb9bb5c60afb604cdc05299fb7d824304854f3bfb7be3a91ad6c412add305,gusu_qing_candidate,姑苏版画（候选）,1,1024,983,4060,88,2,0.06328029694270375,0.890666901539746,True,17,0.2455644094944399,0.8211484614322746,0.16287532691147869,automatic_candidate_detected_needs_manual_review,pending,candidate_screening_not_human_verified
IMG-0299,27061167a4821b171a9f321dbc3150083c57601a0a10d460afcea8d3dd60462d,gusu_qing_candidate,姑苏版画（候选）,1,1024,306,1020,48,1,0.5853358308726333,0.1394642983883704,True,20,0.4097067949082589,0.7096307903751025,0.28732856143134183,automatic_candidate_detected_needs_manual_review,pending,candidate_screening_not_human_verified
IMG-0041,2712975b12729e877cbeef0d7b28b38ea41b00929abd145ef3ec451ee8e2ce38,gusu_qing_candidate,姑苏版画（候选）,1,979,1024,2756,11,0,,,,0,0.0,,0.0,no_candidate_detected_under_fixed_parameters_not_proof_of_absence,pending,candidate_screening_not_human_verified
IMG-0455,27b66761f77d21e2caa73837e84f9d8d32e922c30243acd72ccc06b3086460c5,gusu_qing_candidate,姑苏版画（候选）,1,839,1024,1437,29,2,0.3529534235378177,-1.1338427228305525,False,13,0.4356981887378566,0.7705266769462991,0.29639304774930564,automatic_candidate_detected_needs_manual_review,pending,candidate_screening_not_human_verified
IMG-0312,27eab1f5a2b9d48eeac6ab433c4dde3e5cf56b5b9367b7e518ae6e15de044952,gusu_qing_candidate,姑苏版画（候选）,1,831,1024,2589,21,2,-2.2399752055692903,0.593148287095989,False,10,0.5556492691877974,0.5273299828336301,0.35572243016291283,automatic_candidate_detected_needs_manual_review,pending,candidate_screening_not_human_verified
IMG-0407,28a9d064e83dd73c949167993a9ae470645fa0adcc2e5fbd23582fbc56c5fff3,gusu_qing_candidate,姑苏版画（候选）,1,834,1024,2229,41,2,-2.0513068562469714,0.5766902297562361,False,23,0.5982596185392954,0.7543594101072915,0.4102821523176085,automatic_candidate_detected_needs_manual_review,pending,candidate_screening_not_human_verified
IMG-0273,299edf692d32adfe4291f827ae8ea81412a766f6133b303adfd3ead1ef9a0513,gusu_qing_candidate,姑苏版画（候选）,1,1024,682,4326,192,2,2.8070442547274785,0.7009866636499807,False,102,0.44718362797963707,1.562593597539792,0.20472600257786652,automatic_candidate_detected_needs_manual_review,pending,candidate_screening_not_human_verified
IMG-0327,29a74dacf370fd4cade0eeee96ea8bd1d0d87023b7df298ea751bafb6f70c183,gusu_qing_candidate,姑苏版画（候选）,1,569,1024,3069,36,2,0.6895544324795463,0.43012604078142525,True,7,0.18847970261452496,1.9105052021240287,0.04229805994677865,automatic_candidate_detected_needs_manual_review,pending,candidate_screening_not_human_verified
IMG-0384,2ad05719072d73e9db3db372a157a3f583476b980921e93fa23391cd2a2ae3ad,gusu_qing_candidate,姑苏版画（候选）,1,1024,948,2410,45,2,0.8853022216307083,0.8890623158201291,True,9,0.28962924984591903,1.0266743409031098,0.13000623532673491,automatic_candidate_detected_needs_manual_review,pending,candidate_screening_not_human_verified
IMG-0060,2b4eccb412a5cc5fcfef601bae199572a56fd5f430a07399f3f9867e14a7d0e1,gusu_qing_candidate,姑苏版画（候选）,1,1024,876,3452,59,1,0.23949239195273758,4.641872558593772,False,16,0.2511711418085357,1.0561058763113902,0.14812871748261738,automatic_candidate_detected_needs_manual_review,pending,candidate_screening_not_human_verified
IMG-0007,2b7f80008573437a37e8bbd2e3f93c38965f5cb9532da6cbf2dcb7acad3d30f1,gusu_qing_candidate,姑苏版画（候选）,1,863,1024,2099,18,1,0.9763631602120397,1.2473812079575248,False,12,0.8415421082274351,0.22104088738648695,0.7534898957119368,automatic_candidate_detected_needs_manual_review,pending,candidate_screening_not_human_verified
IMG-0154,2c308b24eec6e4b263932ce1138a14a09e58384f0274978b5e09f6259c61b2ab,gusu_qing_candidate,姑苏版画（候选）,1,1024,902,2932,101,2,-2.999958607494782,0.6843161259258818,False,40,0.383625699172271,1.3957707133099002,0.19090615626012822,automatic_candidate_detected_needs_manual_review,pending,candidate_screening_not_human_verified
IMG-0073,2c457ab4a529696b303b572db8ed58a69169145b1ce82f25b59e7e65b241eddb,gusu_qing_candidate,姑苏版画（候选）,1,1024,817,2130,4,0,,,,0,0.0,,0.0,insufficient_long_lines_under_fixed_parameters,pending,candidate_screening_not_human_verified
IMG-0139,2ccd1ce621179ec9a2372bfea6b3739075cafeb37c07e859598dc4801b93fbae,gusu_qing_candidate,姑苏版画（候选）,1,647,1024,3377,86,1,0.9609635526683719,0.9597721482460551,True,14,0.2551120122369013,0.6601170473346517,0.183395346998335,automatic_candidate_detected_needs_manual_review,pending,candidate_screening_not_human_verified
IMG-0081,2e8f646af5b33f5ed3939f2530e5aa65ffebc489cbe64718b49f91fa779c40e4,gusu_qing_candidate,姑苏版画（候选）,1,1024,928,2788,118,1,0.03915109911843068,0.9173024827307721,True,21,0.24242467895838907,0.9736810377415172,0.148985731710282,automatic_candidate_detected_needs_manual_review,pending,candidate_screening_not_human_verified
IMG-0011,2ee9f6768461c73c495e2a80eebb29c13264e423b0df05bc3a8060e6b4b331d3,gusu_qing_candidate,姑苏版画（候选）,1,1024,797,3092,2,0,,,,0,0.0,,0.0,insufficient_long_lines_under_fixed_parameters,pending,candidate_screening_not_human_verified
IMG-0361,2f21991a839b9426df79c2ca97098f794ef2539c2b90ac38a8c0bdeacb422146,gusu_qing_candidate,姑苏版画（候选）,1,652,1024,3643,71,2,0.8572976240707579,0.276480928457749,True,16,0.1895000449691346,0.7183803395037973,0.13231680593951634,automatic_candidate_detected_needs_manual_review,pending,candidate_screening_not_human_verified
IMG-0244,301c8ffbae14325bbff70a3665abab603532eb72ac3c663f9da4ea4f295497f0,gusu_qing_candidate,姑苏版画（候选）,1,1024,768,2508,41,2,-1.9007526692638224,0.30926216059457107,False,22,0.5430526569070755,0.4735492267657339,0.4285603961279898,automatic_candidate_detected_needs_manual_review,pending,candidate_screening_not_human_verified
IMG-0349,302e048b3c83df2cc10a7a8c07b029effdc230a93220ec51e39a0697ae05497f,gusu_qing_candidate,姑苏版画（候选）,1,1024,667,3543,53,2,-0.7505300150988717,0.8303400027449168,False,23,0.45382147423293934,1.1907629637831032,0.2502154658955681,automatic_candidate_detected_needs_manual_review,pending,candidate_screening_not_human_verified
IMG-0345,315f639eee863b3731d99524d3355ee25ade2a0b0f174afac77bb7551d222a5b,gusu_qing_candidate,姑苏版画（候选）,1,623,1024,2790,79,2,0.030330535773785864,0.6208421694474782,True,17,0.27369369051154113,0.4321757542122814,0.22050529012695982,automatic_candidate_detected_needs_manual_review,pending,candidate_screening_not_human_verified
IMG-0450,318e56cef2c1f63be37161083c11b651aa2268ef2713ea259a9cea80eab68915,gusu_qing_candidate,姑苏版画（候选）,1,871,1024,3379,47,2,0.24858520729035438,3.4806994053728992,False,23,0.5068263662222396,1.0567139277226167,0.2988110722031406,automatic_candidate_detected_needs_manual_review,pending,candidate_screening_not_human_verified
IMG-0438,31ef988ff77dc19a077b1e4937ec6732479a6a162162dd3fc401627ab8d7fcbc,gusu_qing_candidate,姑苏版画（候选）,1,526,1024,2048,23,2,0.7521314608475161,0.9993899721446277,True,7,0.33576721172458895,1.1150656073277567,0.11215577948962199,automatic_candidate_detected_needs_manual_review,pending,candidate_screening_not_human_verified
IMG-0380,327b73cf1afd94bc10ee45c43f87df04d45079748c4b7cd8f476636dc0c1e0d4,gusu_qing_candidate,姑苏版画（候选）,1,1024,952,2953,70,2,0.8862215721366639,0.8989769949861196,True,17,0.30471322433578973,0.5268632651074682,0.2341447359068928,automatic_candidate_detected_needs_manual_review,pending,candidate_screening_not_human_verified
IMG-0400,3303dbeda94e8ffb62a6edd8864d24ddbd42fcedbae1060aa564d7c567e04b8b,gusu_qing_candidate,姑苏版画（候选）,1,573,1024,2151,24,2,0.6855824262809134,0.2927241358806119,True,5,0.26749953111323105,0.9506259271254304,0.06929246101184461,automatic_candidate_detected_needs_manual_review,pending,candidate_screening_not_human_verified
IMG-0137,33a531e8586fe6ed5aad4dce7fdf8b0c6ffb4a56bd306cefc821df4858cfa098,gusu_qing_candidate,姑苏版画（候选）,1,1024,788,2863,81,1,0.9586393688067768,0.1979110891627929,True,15,0.22804427450201759,0.680916926628038,0.16224074838210933,automatic_candidate_detected_needs_manual_review,pending,candidate_screening_not_human_verified
IMG-0211,33ec28e68850b45ec9c4448c1f7f511f70250b9981e59653ee16e46c5094698a,gusu_qing_candidate,姑苏版画（候选）,1,796,1024,2431,52,2,0.02971707294023085,0.985794830255031,True,14,0.3040037611031561,0.4660662236975231,0.24080969193658452,automatic_candidate_detected_needs_manual_review,pending,candidate_screening_not_human_verified
IMG-0158,3449eddf87f885b8015330f6dc568cd8231b7b880c91c50727a79866534f7775,gusu_qing_candidate,姑苏版画（候选）,1,1024,694,3148,165,2,2.0244612897545373,0.9154120181718031,False,37,0.2889331096446256,0.607603756971841,0.2132346768209914,automatic_candidate_detected_needs_manual_review,pending,candidate_screening_not_human_verified
IMG-0357,3454659dc96f92cafbe034807a7faf70031655c4c4551cd86fa4192d38f4b6f7,gusu_qing_candidate,姑苏版画（候选）,1,813,1024,2545,79,2,0.9641224860656659,0.03992172869859149,True,31,0.46439535752107386,0.783343435789354,0.31389688339859384,automatic_candidate_detected_needs_manual_review,pending,candidate_screening_not_human_verified
IMG-0316,3467e3d15a7cb14586891a2330c293c7860fca1d6beb911d1152e366c3e4d866,gusu_qing_candidate,姑苏版画（候选）,1,671,1024,3261,115,2,4.5532523967775465,0.337859517269425,False,18,0.17726924983893969,0.7160313601955896,0.12392221646130039,automatic_candidate_detected_needs_manual_review,pending,candidate_screening_not_human_verified
IMG-0454,3502e3f90d07fac53b406cd75eb31f3ea9a1b5b8ae1c9f77132e799ac11e3a1a,gusu_qing_candidate,姑苏版画（候选）,1,560,1024,2169,94,0,,,,0,0.0,,0.0,no_candidate_detected_under_fixed_parameters_not_proof_of_absence,pending,candidate_screening_not_human_verified
IMG-0119,375081d83ca138406c9db47266b62ad1feff0ac952254f5816f3bf86c52d3097,gusu_qing_candidate,姑苏版画（候选）,1,768,1024,2329,83,2,0.7544892612303523,-0.5727546093973709,False,17,0.22687242269815394,1.470386330550666,0.10876555341724628,automatic_candidate_detected_needs_manual_review,pending,candidate_screening_not_human_verified
IMG-0444,3795bfa7f5133cb71baf720c73df92c7e9335f2ad2abea0d094492a94978e2b9,gusu_qing_candidate,姑苏版画（候选）,1,558,1024,2256,23,2,0.024860729134088416,0.4654575602640245,True,10,0.4570263851834561,0.359312354057848,0.31822649925041413,automatic_candidate_detected_needs_manual_review,pending,candidate_screening_not_human_verified
IMG-0063,379a950abb3dc6f5c1221bbed8502b66174c60a72b4bd63ccea6c3df3307d104,gusu_qing_candidate,姑苏版画（候选）,1,729,1024,3049,12,1,0.2557777581738475,0.4250573779655408,True,7,0.6047663737478037,0.9100979565265006,0.223809836110645,automatic_candidate_detected_needs_manual_review,pending,candidate_screening_not_human_verified
IMG-0288,37df4b9173e1560202492b66c16706764c84fd630dc8b6abf335d2eca64d34c1,gusu_qing_candidate,姑苏版画（候选）,1,1024,793,2820,72,2,-1.332577341311475,0.886565977791621,False,25,0.3689432985958253,1.7812948605386725,0.15141062844390854,automatic_candidate_detected_needs_manual_review,pending,candidate_screening_not_human_verified
IMG-0037,37f501bef86aac5b453a1e6ff1f407bc8c962aac9a2bbdd979c901d2e83e9e77,gusu_qing_candidate,姑苏版画（候选）,1,1024,938,4246,2,0,,,,0,0.0,,0.0,insufficient_long_lines_under_fixed_parameters,pending,candidate_screening_not_human_verified
IMG-0190,3a9d3f7f293c6a14e8ec31fb44d942087c365a974ffe4d9c0419a4d573041307,gusu_qing_candidate,姑苏版画（候选）,1,450,1024,1528,80,2,0.9032420059596357,0.9354918323974467,True,14,0.30378070054766837,1.0613238121000055,0.17868851587289747,automatic_candidate_detected_needs_manual_review,pending,candidate_screening_not_human_verified
IMG-0198,3b27246dc3d62863752ba77199da2527cc041d874c71559473cec150a6c71fe1,gusu_qing_candidate,姑苏版画（候选）,1,662,1024,2023,54,2,0.060862145604264686,0.9736788146665387,True,14,0.33388139625423224,0.8437346255223418,0.21896644877012775,automatic_candidate_detected_needs_manual_review,pending,candidate_screening_not_human_verified
IMG-0344,3b4a926713a876b50721af8be1634808ed32fc814f3f80d895a7b5f657cca0d6,gusu_qing_candidate,姑苏版画（候选）,1,576,1024,1533,62,2,0.8558014744222094,0.8484927420149856,True,13,0.20507485389046232,1.486050983528776,0.09754848745861586,automatic_candidate_detected_needs_manual_review,pending,candidate_screening_not_human_verified
IMG-0133,3b6a492b071b1addcb17c9102649453708cab9ee3273c00bc04321a2eb077ffc,gusu_qing_candidate,姑苏版画（候选）,1,595,1024,2289,49,2,0.03131669442008569,0.9500024593060897,True,14,0.29989379216507633,0.8077555931797198,0.20024679669033515,automatic_candidate_detected_needs_manual_review,pending,candidate_screening_not_human_verified
IMG-0017,3b7d3264fa0ca3805328b6b4f7c6909ba58a276863a64321844f863836d9f9f2,gusu_qing_candidate,姑苏版画（候选）,1,1024,793,2202,7,1,0.5247755674815207,0.9784428693601679,True,6,0.8967860576361212,0.054926557157096254,0.4362462448586394,automatic_candidate_detected_needs_manual_review,pending,candidate_screening_not_human_verified
IMG-0303,3c1b8525e790fc4fd8722058e6a9d1dd0edc6511db0fac6d1b912c161d858300,gusu_qing_candidate,姑苏版画（候选）,1,806,1024,2661,14,1,0.7335484434902312,0.383755030334053,True,8,0.5915232144413302,1.8459832021835982,0.15668606541667168,automatic_candidate_detected_needs_manual_review,pending,candidate_screening_not_human_verified
IMG-0177,3c74b494be0ecd10d31e6158fa6bfff0ba6747f808bae5b2107c22ab5d54fdb5,gusu_qing_candidate,姑苏版画（候选）,1,583,1024,3704,123,2,-1.1764313821289738,0.18287880349848734,False,27,0.22087143743812482,0.5630914453551024,0.16667321158946363,automatic_candidate_detected_needs_manual_review,pending,candidate_screening_not_human_verified
IMG-0067,3cbb288798d4dec6b8d8c5413241419892ab6db2c928151e7959ec22d4862059,gusu_qing_candidate,姑苏版画（候选）,1,833,1024,1894,61,2,0.04229361462776246,0.03678629981872933,True,20,0.4918872125468843,0.9025251621320335,0.31324538666936913,automatic_candidate_detected_needs_manual_review,pending,candidate_screening_not_human_verified
IMG-0246,3cc0f7e4b12eb61fe328390827df3a3d6ab67d6ccd1438283c58d98a89b0479a,gusu_qing_candidate,姑苏版画（候选）,1,1024,768,2962,64,0,,,,0,0.0,,0.0,no_candidate_detected_under_fixed_parameters_not_proof_of_absence,pending,candidate_screening_not_human_verified
IMG-0138,3cd97f041d90ac01c4cc6e4bf33f197aded08f90cc4b2bdc0885573cd5a797ef,gusu_qing_candidate,姑苏版画（候选）,1,612,1024,3143,23,1,0.07250652436348863,0.04025774235857701,True,8,0.39822214663577726,0.7436400470238163,0.18304369143004628,automatic_candidate_detected_needs_manual_review,pending,candidate_screening_not_human_verified
IMG-0256,3cf8b05c24aef2d3819f76131607d3e5a547a4b37a1984d01e992fcc4e285574,gusu_qing_candidate,姑苏版画（候选）,1,1024,983,5232,114,0,,,,0,0.0,,0.0,no_candidate_detected_under_fixed_parameters_not_proof_of_absence,pending,candidate_screening_not_human_verified
IMG-0199,3dbd0da73200f2968af96c225812cd83b3f8b43e7b57cdb9bdaea39ad80cb933,gusu_qing_candidate,姑苏版画（候选）,1,991,1024,3354,31,2,0.033573429121646764,0.03342345938394676,True,10,0.3730509786982698,0.17729416447009175,0.2845037525293828,automatic_candidate_detected_needs_manual_review,pending,candidate_screening_not_human_verified
IMG-0225,3ea0719022cb06e5ce06998626e52844d8bc9f3f4b1665caa48c449791757053,gusu_qing_candidate,姑苏版画（候选）,1,830,1024,2059,53,2,0.9772900292550925,0.8380916866328487,True,17,0.3769651636822999,1.0587455679499973,0.22202278132263173,automatic_candidate_detected_needs_manual_review,pending,candidate_screening_not_human_verified
IMG-0251,3fb700e3ae68c9b2abe4ad921eca471487cee1b0297a5a6525167b1caab74e17,gusu_qing_candidate,姑苏版画（候选）,1,1024,642,4864,60,1,0.3722683231551306,0.18259503241749722,True,10,0.18530496797683504,1.9461446180679396,0.05835873674738367,automatic_candidate_detected_needs_manual_review,pending,candidate_screening_not_human_verified
IMG-0342,4129652a9e792f0a7299b678446eaad4002a0734f7d24c4b6501971c7f1d4ca0,gusu_qing_candidate,姑苏版画（候选）,1,552,1024,1400,84,2,0.905430468472113,0.9526701491885932,True,16,0.29894116344585253,0.45922306610765795,0.23761108565577685,automatic_candidate_detected_needs_manual_review,pending,candidate_screening_not_human_verified
IMG-0429,428ff4066dd64fccbd5fa0673df6b51bb8ef10e0dd030b8af56c47fe0f79e41e,gusu_qing_candidate,姑苏版画（候选）,1,510,1024,1148,33,2,0.11378155942844713,0.5119870930493879,True,9,0.28793827877943007,0.7071398939329498,0.15163770074685984,automatic_candidate_detected_needs_manual_review,pending,candidate_screening_not_human_verified
IMG-0085,42a643251f01fa2b192bb5b33aeebdd1f84e45dadb4a92c785638467e599ee47,gusu_qing_candidate,姑苏版画（候选）,1,354,1024,694,57,2,0.8888386924523607,0.02671477032755472,True,20,0.33889853429386874,0.9512677428834168,0.21062238429862154,automatic_candidate_detected_needs_manual_review,pending,candidate_screening_not_human_verified
IMG-0332,43ff9661221e4ce53eb46e95ef47f27af9773d89600247f531780f27470bc082,gusu_qing_candidate,姑苏版画（候选）,1,681,1024,2876,72,2,0.6787842347282346,0.9276387600041208,True,21,0.297160197960373,1.1339461984640924,0.16856109762074278,automatic_candidate_detected_needs_manual_review,pending,candidate_screening_not_human_verified
IMG-0443,4499cb10c0d0a0eca3a01b991b90185ac5b3c37b7101c6f2670d7b477a268a94,gusu_qing_candidate,姑苏版画（候选）,1,656,1024,2393,38,2,0.9761707605494069,0.11184160529930905,True,14,0.387285876805845,0.6855811561811852,0.27489041902787026,automatic_candidate_detected_needs_manual_review,pending,candidate_screening_not_human_verified
IMG-0245,45039520424d591ec31d7585ce93de107ceda7b90510a242da741f900c681a3b,gusu_qing_candidate,姑苏版画（候选）,1,1024,768,2294,31,1,-1.7526420205918443,0.5152812414544332,False,26,0.878684779099605,0.6274818350503784,0.6420622764229345,automatic_candidate_detected_needs_manual_review,pending,candidate_screening_not_human_verified
IMG-0220,45644fa7137ec7004a5fa8b9befd4871a8d54dc0dc9da2dcd7e4b7980b55c48a,gusu_qing_candidate,姑苏版画（候选）,1,1024,846,2555,53,2,0.9728525232493923,0.02823804300783941,True,15,0.30749786111943017,1.2846562773626693,0.1617642442433386,automatic_candidate_detected_needs_manual_review,pending,candidate_screening_not_human_verified
IMG-0427,456a80c2ad5085d90fb7ae7763c6b7b2c31c25616ec9171185ea41c7b78e1b81,gusu_qing_candidate,姑苏版画（候选）,1,626,1024,1567,65,2,0.7441549685266697,3.2692885772776528,False,20,0.30566480524142325,1.4873565612285296,0.14530148826562514,automatic_candidate_detected_needs_manual_review,pending,candidate_screening_not_human_verified
IMG-0298,45dd2beb79d8f102b08537ae275d718523abc6f8aa2ba71e9b9ff7eb6940ae13,gusu_qing_candidate,姑苏版画（候选）,1,1024,544,2383,125,2,0.09866319532775347,-5.383219953075802,False,44,0.3821171083793667,0.44817463193174467,0.3054053199043459,automatic_candidate_detected_needs_manual_review,pending,candidate_screening_not_human_verified
IMG-0188,4632483c9d25a3aef26d3563c0972ef97b066506cebd2a6d2d55f4643f2e2bdb,gusu_qing_candidate,姑苏版画（候选）,1,642,1024,2836,120,2,0.021806650514627827,0.07427343605550693,True,14,0.23741801845062294,0.5104488809115664,0.1839378516822037,automatic_candidate_detected_needs_manual_review,pending,candidate_screening_not_human_verified
IMG-0155,46d3312be6940296fc4a03a6f67f63073a1392f31a7c992e6d09cf1a95213e21,gusu_qing_candidate,姑苏版画（候选）,1,1024,680,3676,37,2,0.9742271601891359,0.9750772442277156,True,19,0.5140283583732475,0.43458576619771083,0.4136356660889259,automatic_candidate_detected_needs_manual_review,pending,candidate_screening_not_human_verified
IMG-0239,474f610ff6db792f76f2a7637dd573ff1093b33852effe57add91dddbcf3141a,gusu_qing_candidate,姑苏版画（候选）,1,1024,768,1771,75,2,-1.1699416434910732,0.5117147417867093,False,27,0.4111140237131546,1.0792324221248164,0.2396679431019767,automatic_candidate_detected_needs_manual_review,pending,candidate_screening_not_human_verified
IMG-0297,47577c34624d937361c1ab312ce3f5a6bb172880be01e58642b37f7f283881b2,gusu_qing_candidate,姑苏版画（候选）,1,799,1024,1959,11,0,,,,0,0.0,,0.0,no_candidate_detected_under_fixed_parameters_not_proof_of_absence,pending,candidate_screening_not_human_verified
IMG-0131,47ceb36067224e48004cefa27741e96bd6f4f38bc6070b7f5e58c3475078ed0a,gusu_qing_candidate,姑苏版画（候选）,1,640,1024,2382,109,0,,,,0,0.0,,0.0,no_candidate_detected_under_fixed_parameters_not_proof_of_absence,pending,candidate_screening_not_human_verified
IMG-0253,489ee65e1000573217e3a9f83ab52f9f729c1237bf25da7be61b49ec801554b7,gusu_qing_candidate,姑苏版画（候选）,1,1024,661,5338,49,0,,,,0,0.0,,0.0,no_candidate_detected_under_fixed_parameters_not_proof_of_absence,pending,candidate_screening_not_human_verified
IMG-0260,48d028cd606de4f517895a3836699cecea084bf8c8125c05c588c8a01df8366e,gusu_qing_candidate,姑苏版画（候选）,1,1024,917,3952,76,2,0.04752544136990335,0.05102761276463298,True,27,0.43977323370880195,0.9153716158255977,0.2782648639712078,automatic_candidate_detected_needs_manual_review,pending,candidate_screening_not_human_verified
IMG-0117,48db2021dc63c84f6fdd2038220fa82adb1f703a61aee900a2d397647097cf78,gusu_qing_candidate,姑苏版画（候选）,1,768,1024,2327,146,2,0.8198713663942218,0.08857224811991096,True,36,0.2446425290016337,1.2070936721667098,0.13378730244673093,automatic_candidate_detected_needs_manual_review,pending,candidate_screening_not_human_verified
IMG-0189,48de989ffda553de1c0f92737b3210f18114bc293ce1cf050bf0130f3fb0c04c,gusu_qing_candidate,姑苏版画（候选）,1,465,1024,944,20,2,0.05370566336648515,0.02998368408988539,True,10,0.5064406027819748,0.5276869587104998,0.32416155262494784,automatic_candidate_detected_needs_manual_review,pending,candidate_screening_not_human_verified
IMG-0270,4991d4b46297ce4a3972a652ae4adb9fe402f6d44cf307bb0b97d5b34ea29ab8,gusu_qing_candidate,姑苏版画（候选）,1,1024,654,4169,74,2,-1.197057015637055,0.26778564592021714,False,25,0.3348727087829495,1.3535647255343493,0.17019896296231316,automatic_candidate_detected_needs_manual_review,pending,candidate_screening_not_human_verified
IMG-0097,4a4c81ef17d4ef8f6665bab13df6bf09cfbfdaa2a2a0461596be4b8b3b941ed7,gusu_qing_candidate,姑苏版画（候选）,1,637,1024,2768,45,2,0.47511642997212444,0.6779825617693681,True,10,0.23319346971149016,0.37047268444206644,0.16146857668427714,automatic_candidate_detected_needs_manual_review,pending,candidate_screening_not_human_verified
IMG-0176,4af2b7b3c0e9b14a0fe18cfab288e7fdf9c905b3a3753547e0b3223189be4ec8,gusu_qing_candidate,姑苏版画（候选）,1,1024,586,3910,57,2,-1.0161117962038666,0.8160904851095617,False,27,0.4569307785759049,1.4734748055630333,0.21872046685070448,automatic_candidate_detected_needs_manual_review,pending,candidate_screening_not_human_verified
IMG-0182,4b86a2d6310d63ef1695135725a48449caaa3331df0b23f5bd6109dc80c7f90f,gusu_qing_candidate,姑苏版画（候选）,1,566,1024,2200,116,2,0.7240011630537609,-2.5162927177288683,False,53,0.548855223850062,1.6271897781358657,0.24328651158851125,automatic_candidate_detected_needs_manual_review,pending,candidate_screening_not_human_verified
IMG-0146,4b8cedcf18b8750ca0380fcb2223d64f273e19df2bfd8e9fd9ee22a3c8f7b6a5,gusu_qing_candidate,姑苏版画（候选）,1,660,1024,2099,31,2,0.025329686918330815,0.08198512971573993,True,6,0.37735043658242895,0.34805218169726504,0.1585390641224487,automatic_candidate_detected_needs_manual_review,pending,candidate_screening_not_human_verified
IMG-0420,4b97c5973305499a9a27db3da98fa465a1b027a5dc8e928efd480788d06bac23,gusu_qing_candidate,姑苏版画（候选）,1,679,1024,2255,4,0,,,,0,0.0,,0.0,insufficient_long_lines_under_fixed_parameters,pending,candidate_screening_not_human_verified
IMG-0433,4bb698a73d15dc392612581c4324b4cca0c2094ce7f509991736a85aa4341cd6,gusu_qing_candidate,姑苏版画（候选）,1,559,1024,3949,114,1,-1.3049922737125188,0.19666771139411438,False,25,0.2293496486545267,0.9281642273422896,0.14419485944838945,automatic_candidate_detected_needs_manual_review,pending,candidate_screening_not_human_verified
IMG-0334,4d044e3e68d48601caf3ffd1be45fb43fbfcf34db0217f8b195db3d5c91a13fe,gusu_qing_candidate,姑苏版画（候选）,1,714,1024,3954,45,2,0.44032540915921037,-1.066559806035149,False,11,0.2538937446547558,1.2013448025092706,0.1276423322223359,automatic_candidate_detected_needs_manual_review,pending,candidate_screening_not_human_verified
IMG-0394,4d65861aeacd03ecc19366b73ab9c34cc46fcc815c5e8e09c734e9c2ccfdac3c,gusu_qing_candidate,姑苏版画（候选）,1,680,1024,2118,69,2,0.6412560512910204,2.5259361931695214,False,25,0.38859665790802694,1.3877724054332436,0.19415479122922352,automatic_candidate_detected_needs_manual_review,pending,candidate_screening_not_human_verified
IMG-0386,4dbb590edaf5a8023ff2070ec15a0413a65696a95582b16f27aae0ed4b931a25,gusu_qing_candidate,姑苏版画（候选）,1,503,1024,2011,78,1,0.5742224418518981,0.7538621692799239,True,12,0.22760994016855768,0.38722850275273807,0.18754505760602483,automatic_candidate_detected_needs_manual_review,pending,candidate_screening_not_human_verified
IMG-0027,4e7a27ba38da0a33eaf6387ba4d7aaceeb87bfcf96f8fc99fa2ffb09f23f7deb,gusu_qing_candidate,姑苏版画（候选）,1,1024,1020,4490,61,1,-0.9343080424304769,0.9535921544610517,False,31,0.6342261542218468,0.8943636323138683,0.4055417326584021,automatic_candidate_detected_needs_manual_review,pending,candidate_screening_not_human_verified
IMG-0143,4ee666c715a7a5b72d54afc07919ac0b94e485714c4866d458a18e7a361ad95b,gusu_qing_candidate,姑苏版画（候选）,1,666,1024,2748,61,2,0.9173528942682292,-1.1774403029537452,False,16,0.23151254261942888,1.3138819712740568,0.12002416124256159,automatic_candidate_detected_needs_manual_review,pending,candidate_screening_not_human_verified
IMG-0295,4ff4bc142e032ed0396c48a1c9ad841a4bc22709b3e91556b6d6b15841d81ae3,gusu_qing_candidate,姑苏版画（候选）,1,1024,544,2029,120,2,0.08955847161393782,6.6542170247216035,False,21,0.23284180821062578,0.4041504019355371,0.1902395537653169,automatic_candidate_detected_needs_manual_review,pending,candidate_screening_not_human_verified
IMG-0012,4ffa56d08bb9c5d5ae11f25269fa07bb7f49d7d155d0f66ba27012953aae4ce8,gusu_qing_candidate,姑苏版画（候选）,1,1024,756,1847,1,0,,,,0,0.0,,0.0,insufficient_long_lines_under_fixed_parameters,pending,candidate_screening_not_human_verified
IMG-0457,501c5a03847a14318cc545a7bee713d72326859a0b507596f39d94d03480f45d,gusu_qing_candidate,姑苏版画（候选）,1,610,1024,3360,133,2,0.8169381735954875,3.647383717099707,False,40,0.309700533963831,1.2223457375876876,0.1680788042460833,automatic_candidate_detected_needs_manual_review,pending,candidate_screening_not_human_verified
IMG-0150,507d1c56c552d1a5350426325f29c8fdfec3fb18223a7d6de374a7818b8a3b0a,gusu_qing_candidate,姑苏版画（候选）,1,1024,703,2917,83,2,0.04081229316418802,0.032256672413150445,True,20,0.33629948053457864,0.6010141306993297,0.24901048617895752,automatic_candidate_detected_needs_manual_review,pending,candidate_screening_not_human_verified
IMG-0031,52b399a2d6ea675549bc7ab0ce27a760f4b638a5b30ff12d5413783899cbdb48,gusu_qing_candidate,姑苏版画（候选）,1,1024,732,2770,6,0,,,,0,0.0,,0.0,no_candidate_detected_under_fixed_parameters_not_proof_of_absence,pending,candidate_screening_not_human_verified
IMG-0242,53169a27132099d9ed3741ba5636a73bc8da770921ecede11944aab14ab795d2,gusu_qing_candidate,姑苏版画（候选）,1,1024,768,1951,49,2,-1.0489716344673943,0.5930651974803345,False,16,0.4065612922886645,1.0137715167115378,0.2448997491847285,automatic_candidate_detected_needs_manual_review,pending,candidate_screening_not_human_verified
IMG-0368,537c908c7387680773c0d98f4cbb07b6863e2c2dfac95e205d297c0d43ddb9b8,gusu_qing_candidate,姑苏版画（候选）,1,611,1024,3455,25,2,3.838317896967993,0.1070753944629359,False,11,0.5003452296456875,1.2519148959553181,0.2452626052035831,automatic_candidate_detected_needs_manual_review,pending,candidate_screening_not_human_verified
IMG-0399,53cdb2c1910b44698ac8459deb1ac41e7787047a519bcb5ad93f375c8f0067e4,gusu_qing_candidate,姑苏版画（候选）,1,1024,755,4721,148,2,0.14148181992953027,0.3480355598278145,True,30,0.19783041030097706,0.9083955860813551,0.12561382969448193,automatic_candidate_detected_needs_manual_review,pending,candidate_screening_not_human_verified
IMG-0302,541cf3aa90576ed4eecb56d13b2e734a2112a633b47dbb081beac888031323aa,gusu_qing_candidate,姑苏版画（候选）,1,998,1024,3021,14,0,,,,0,0.0,,0.0,no_candidate_detected_under_fixed_parameters_not_proof_of_absence,pending,candidate_screening_not_human_verified
IMG-0254,5448e0bbcc4f7a54c018d6511fa2020973d15634741b2263a531d2f93360cf71,gusu_qing_candidate,姑苏版画（候选）,1,1024,654,4687,21,1,0.027571288661245048,0.019641023637086023,True,17,0.8743815725459866,0.7510107294973681,0.6006494566076469,automatic_candidate_detected_needs_manual_review,pending,candidate_screening_not_human_verified
IMG-0062,5493710e166ca0ac78bcb602a08dfdc22f02dd38e9c70db7392e872884ac7688,gusu_qing_candidate,姑苏版画（候选）,1,1024,977,3942,0,0,,,,0,0.0,,0.0,insufficient_long_lines_under_fixed_parameters,pending,candidate_screening_not_human_verified
IMG-0170,54c785b14d14c0c78af81f506a2478d51be787679ff5562274c0c0abd467a3d3,gusu_qing_candidate,姑苏版画（候选）,1,1024,745,2946,70,2,2.202851529935662,0.2196943779579711,False,26,0.43941215286613156,0.37279786815097726,0.3646867928268558,automatic_candidate_detected_needs_manual_review,pending,candidate_screening_not_human_verified
IMG-0066,54cddfef601e1c4de09619bda05ddecc13cc75b4c138d19b04b6b2800b8894bc,gusu_qing_candidate,姑苏版画（候选）,1,627,1024,2607,85,2,4.159719317239051,0.9151068841910946,False,16,0.21326650923638907,0.9356647076216441,0.13358129540549293,automatic_candidate_detected_needs_manual_review,pending,candidate_screening_not_human_verified
IMG-0269,550d5e0226b227f221a9e328ba951211c7b2dc3fc1800ccb56a88ffa3f0c317c,gusu_qing_candidate,姑苏版画（候选）,1,1024,986,3285,34,2,0.9640055387737875,0.03829525217221559,True,13,0.503469337552619,0.39103117327243153,0.4140584821428391,automatic_candidate_detected_needs_manual_review,pending,candidate_screening_not_human_verified
IMG-0453,559973c09aa44999019a5928516b6bf8f71d692539e83b3d3a5027f1e8ede06b,gusu_qing_candidate,姑苏版画（候选）,1,844,1024,1982,50,2,0.3611562134901808,1.813819312606124,False,14,0.3237875993124841,0.9438676317694652,0.20197701973836926,automatic_candidate_detected_needs_manual_review,pending,candidate_screening_not_human_verified
IMG-0194,562a70f473cc4d95cc00dba44995d1d2b5293f3b38c567bb51035bd06b0992fe,gusu_qing_candidate,姑苏版画（候选）,1,1024,649,4300,73,2,0.9687010418948205,0.9576666813088262,True,22,0.280130039495854,1.251883430860731,0.14980166812425583,automatic_candidate_detected_needs_manual_review,pending,candidate_screening_not_human_verified
IMG-0090,5632e52bf62473f3f110942966419d2db1e5bcbd3fe8ae54763f93a1264c81e0,gusu_qing_candidate,姑苏版画（候选）,1,616,1024,3603,140,2,1.1630528939157248,0.05346968754434634,False,44,0.3355773499066419,1.2344242986148457,0.18102593923148425,automatic_candidate_detected_needs_manual_review,pending,candidate_screening_not_human_verified
IMG-0087,57a1ea2eb7f6068540e761ea186c0b5fed00b246085bf37e3c16832d46cbd902,gusu_qing_candidate,姑苏版画（候选）,1,1024,879,2296,59,2,2.8614755964610437,0.9654934490423747,False,22,0.36651298256628684,1.1024874662003026,0.21119675997765594,automatic_candidate_detected_needs_manual_review,pending,candidate_screening_not_human_verified
IMG-0178,582ac1e876d959a0671c1d9269e4931c7065094f4ee55128cba5020b509727d7,gusu_qing_candidate,姑苏版画（候选）,1,570,1024,2669,95,2,0.047879405947820274,0.8529562070399295,True,25,0.29752842317492806,1.5398986831055614,0.1377665269855902,automatic_candidate_detected_needs_manual_review,pending,candidate_screening_not_human_verified
IMG-0183,58abd9299e052baf05dd873b7e6afaa3b32a7d4ffa145ae2151114c967b391d4,gusu_qing_candidate,姑苏版画（候选）,1,577,1024,2686,88,2,0.9616072411622674,0.023319879051986167,True,14,0.3239318379859841,0.6004129973135076,0.23992505852087134,automatic_candidate_detected_needs_manual_review,pending,candidate_screening_not_human_verified
IMG-0141,58afc683ecf95aef591055e6797579f117ad28254d849b7f072e7d4e6010c71e,gusu_qing_candidate,姑苏版画（候选）,1,591,1024,2205,43,2,0.0426744568668434,0.9562668604682163,True,16,0.44957451004223936,1.2093822661953817,0.24557698169209355,automatic_candidate_detected_needs_manual_review,pending,candidate_screening_not_human_verified
IMG-0080,59211be5360ee5e37ba7f60f67f18596142189eabde14aa22e10eba0ea1f66e3,gusu_qing_candidate,姑苏版画（候选）,1,1024,1021,4415,155,2,0.3651990887586098,0.9372592210209209,True,23,0.2140890273384803,0.9887697020086155,0.13058274578009194,automatic_candidate_detected_needs_manual_review,pending,candidate_screening_not_human_verified
IMG-0123,592ca77fba6df1df61380a834afb958479f1dac3714a62e9c738bf84e24e8670,gusu_qing_candidate,姑苏版画（候选）,1,768,1024,3129,76,2,0.2973043526246923,-3.1875644005502797,False,31,0.45452032426100947,0.9269793758029,0.28593169183698375,automatic_candidate_detected_needs_manual_review,pending,candidate_screening_not_human_verified
IMG-0028,593516cd909539c1e1e02ca0089b5fe207bdd7532bfbe874ca1949ec574c583c,gusu_qing_candidate,姑苏版画（候选）,1,1002,1024,4465,14,1,0.013072339592906455,0.9637294811963129,True,7,0.70388629043715,0.18581360450806705,0.37417122775319467,automatic_candidate_detected_needs_manual_review,pending,candidate_screening_not_human_verified
IMG-0359,599de3e0be9a9a92772d1a42b1d21b1ec2de29ad853b81799a1b77144a572717,gusu_qing_candidate,姑苏版画（候选）,1,829,1024,2510,56,2,0.03876333853689494,0.03273553036815107,True,29,0.48991722443868246,0.6612618155511101,0.3519909761534918,automatic_candidate_detected_needs_manual_review,pending,candidate_screening_not_human_verified
IMG-0074,5bbf6f407ee0a494bcfe6bad98e7b797477384229fdce6deaabcc94f4a20de0b,gusu_qing_candidate,姑苏版画（候选）,1,777,1024,955,37,2,0.7017737192657202,0.9100716120685152,True,11,0.3850063543893099,0.6473503440213617,0.2553342037625976,automatic_candidate_detected_needs_manual_review,pending,candidate_screening_not_human_verified
IMG-0417,5bec59946a6a8f529ed2e436736f3d92b3d98b1cadb59ce9f3709d217ad34144,gusu_qing_candidate,姑苏版画（候选）,1,684,1024,1823,68,1,0.8072440388502862,1.8338314896766368,False,11,0.20192231287434872,0.8070598003793253,0.12363599898203514,automatic_candidate_detected_needs_manual_review,pending,candidate_screening_not_human_verified
IMG-0360,5c0ae807df0341eb5cb0ea6aec7200dac1c436371c55e41637a406991311f5c1,gusu_qing_candidate,姑苏版画（候选）,1,722,1024,1679,24,2,4.700721536447083,0.6351889751836732,False,6,0.2763178610364092,1.0923789865716371,0.08001508661880935,automatic_candidate_detected_needs_manual_review,pending,candidate_screening_not_human_verified
IMG-0307,5c28dff7c27b9fd667d51efb15e18450a46fda9f7ad236d690bd2f2a1d357f67,gusu_qing_candidate,姑苏版画（候选）,1,686,1024,2817,55,2,0.6628232583097623,-0.596779762345112,False,19,0.3824376873158469,1.1959342155923616,0.21031336299431339,automatic_candidate_detected_needs_manual_review,pending,candidate_screening_not_human_verified
IMG-0434,5c6d699f9973627d098b5b23b4400fa475adb8da25c64d20345a94c283703b31,gusu_qing_candidate,姑苏版画（候选）,1,492,1024,2929,44,2,0.450036002274983,-0.9914396304133932,False,11,0.24803076324856937,0.5912821772813359,0.1691693557530831,automatic_candidate_detected_needs_manual_review,pending,candidate_screening_not_human_verified
IMG-0363,5d15f3baf0e591530b9fad8b1c6fb69ac3a13cdca57e404fc385d446ce7680de,gusu_qing_candidate,姑苏版画（候选）,1,1024,612,3523,71,2,1.0898651531498407,0.12078079036903981,False,22,0.27961945070924843,1.2321539728171162,0.15101098578786165,automatic_candidate_detected_needs_manual_review,pending,candidate_screening_not_human_verified
IMG-0435,5d2573b934eacb2e683f3e6c58d3b55826130f7f7030d824d205e9066c43388b,gusu_qing_candidate,姑苏版画（候选）,1,572,1024,3704,49,2,-0.5262548636129537,0.388474781142656,False,15,0.3081405753659578,1.288542349046351,0.1617876896284422,automatic_candidate_detected_needs_manual_review,pending,candidate_screening_not_human_verified
IMG-0187,5eb198cb1d1bc40f30b51d5dc41e6a3e19fff7959aa0cb474cb797494beb213b,gusu_qing_candidate,姑苏版画（候选）,1,693,1024,3207,71,2,0.9591103110485623,0.04807415608492158,True,21,0.3291946444970035,1.0623717323554709,0.19353595985691932,automatic_candidate_detected_needs_manual_review,pending,candidate_screening_not_human_verified
IMG-0281,5ed0bbbb2ea075960e31d87c2c23ea0056d92079ca22930cb033b9b800ae0db0,gusu_qing_candidate,姑苏版画（候选）,1,410,1024,2178,32,2,0.7977795250443039,0.276038022478307,True,6,0.38564729269686915,0.44239457577045127,0.15455943791915044,automatic_candidate_detected_needs_manual_review,pending,candidate_screening_not_human_verified
IMG-0077,5edda4770a52dd8b105da532e7659f62fb2f0bd5ea77544467a6d1cefbf76a7e,gusu_qing_candidate,姑苏版画（候选）,1,540,1024,2265,81,2,0.05194482854447249,0.9647459576131734,True,16,0.3920192092353463,0.6640477975521158,0.2812620910417348,automatic_candidate_detected_needs_manual_review,pending,candidate_screening_not_human_verified
IMG-0228,5f0255ee641afa9adc2cd74ae7b1198fc9778e620ca5c88b9f75fbed071a79fe,gusu_qing_candidate,姑苏版画（候选）,1,501,1024,1128,90,2,0.15988156808486378,3.3012824210385525,False,45,0.4761683245287961,0.9179011564956482,0.3009128946830191,automatic_candidate_detected_needs_manual_review,pending,candidate_screening_not_human_verified
IMG-0075,60b7fb1781563d49e76b846ad3cfbc604812d7a3dd063af749d615bb0dbe3aae,gusu_qing_candidate,姑苏版画（候选）,1,670,1024,2979,57,2,0.9326922073524267,0.035736440645161446,True,28,0.4864985929382004,1.4724913772845325,0.23298831935052255,automatic_candidate_detected_needs_manual_review,pending,candidate_screening_not_human_verified
IMG-0078,61c118e6383fdc4e4e315086ffa9f9c56e697a9c56273720417a8b8ac90c114d,gusu_qing_candidate,姑苏版画（候选）,1,1024,705,3909,50,2,0.023374972892088397,0.9415610172276107,True,22,0.4000208689507811,0.9180817687538789,0.252768950855618,automatic_candidate_detected_needs_manual_review,pending,candidate_screening_not_human_verified
IMG-0121,620c177fd54b1e459c59c606587234f874300e7d4259f9c0390fead1f6623d96,gusu_qing_candidate,姑苏版画（候选）,1,768,1024,3470,63,2,0.7685547130851563,2.0856277418953884,False,26,0.41736259869111725,0.7840124199582474,0.2820118736556,automatic_candidate_detected_needs_manual_review,pending,candidate_screening_not_human_verified
IMG-0409,625d44cbce8d093190ef6e3e7138f265a94575e6fe1f40de2c21aba6e7e55d02,gusu_qing_candidate,姑苏版画（候选）,1,555,1024,3097,36,2,0.04932247521725287,0.6617033185217308,True,6,0.2729043073530213,0.7727228141119051,0.09272263556393841,automatic_candidate_detected_needs_manual_review,pending,candidate_screening_not_human_verified
IMG-0052,6333dfe5e62dcccac57f89df574f2f0e57b1e2e17de3dfde0107489f7b42f283,gusu_qing_candidate,姑苏版画（候选）,1,1024,911,4271,59,2,-1.1017203517719352,0.9775923694254556,False,26,0.5136265228308037,0.5081472497075518,0.3983865508421622,automatic_candidate_detected_needs_manual_review,pending,candidate_screening_not_human_verified
IMG-0115,63a27a6f7f5383687bd3529899d6d2a1f37a3f4358ef528ae1a8070a6cba14de,gusu_qing_candidate,姑苏版画（候选）,1,528,1024,3817,28,2,4.799169506555755,0.16340625553883173,False,21,0.8057590232267642,0.5698030742247242,0.6060019367761185,automatic_candidate_detected_needs_manual_review,pending,candidate_screening_not_human_verified
IMG-0184,63debe805dca727edf59ee59113f692dedd07bb99aabc654f27cb967a4eb7bcb,gusu_qing_candidate,姑苏版画（候选）,1,577,1024,2647,89,2,0.04568832607845355,0.026769730055281393,True,11,0.31099286370840595,0.7231330502468772,0.19858000435331566,automatic_candidate_detected_needs_manual_review,pending,candidate_screening_not_human_verified
IMG-0120,6528f66151e8a326376c01b85081cf95b508e3ae576d429a57df7f17c69bdb80,gusu_qing_candidate,姑苏版画（候选）,1,1024,768,2685,92,2,3.635143539502074,0.69345013910756,False,54,0.5710885395051782,1.324295247009203,0.2945346445050828,automatic_candidate_detected_needs_manual_review,pending,candidate_screening_not_human_verified
IMG-0367,667f1af7e2da0b2e6246af57b923013882bb9622cbf28649d7b458456399ac8b,gusu_qing_candidate,姑苏版画（候选）,1,650,1024,2316,82,2,-0.14402058531139691,0.7234512982447573,False,15,0.26826412800043303,0.8571182385983198,0.1747598818677205,automatic_candidate_detected_needs_manual_review,pending,candidate_screening_not_human_verified
IMG-0167,6690635a5d1bb15c5fb071d7c0844d330ed69dae07e1a433cf076069f7443ee8,gusu_qing_candidate,姑苏版画（候选）,1,1024,715,4008,164,2,3.2292866658359096,0.5614853623456131,False,41,0.22694515216386082,0.5078164778952902,0.17605564835808368,automatic_candidate_detected_needs_manual_review,pending,candidate_screening_not_human_verified
IMG-0326,66a0cf1387d39ac31143fa2f4069a6f7363b655f40477250218417b48111f962,gusu_qing_candidate,姑苏版画（候选）,1,568,1024,3487,87,2,0.2617056900082865,1.2392933991604627,False,26,0.38575576968458686,1.6261560802530448,0.171079165936187,automatic_candidate_detected_needs_manual_review,pending,candidate_screening_not_human_verified
IMG-0091,67141518413484e8d67b10cab808dd0bc9aeaa44aab5bcab861ec43b3b358f60,gusu_qing_candidate,姑苏版画（候选）,1,606,1024,1404,19,2,0.7122995393082335,1.168481853235941,False,7,0.3709181593687329,0.33288535649464296,0.18319337054418883,automatic_candidate_detected_needs_manual_review,pending,candidate_screening_not_human_verified
IMG-0000,67612b935a3296511a285a638769219733ad3906426a0a66145a050b851b73c6,gusu_qing_candidate,姑苏版画（候选）,1,597,1024,1901,38,2,0.9386045875710542,1.289130300840028,False,18,0.5632958267417452,0.4659834407681755,0.44622049662383584,automatic_candidate_detected_needs_manual_review,pending,candidate_screening_not_human_verified
IMG-0195,6795cb4cae7225bec01c3f5f7a1bd0365214f285a2c2993c8dbacaba7ede647d,gusu_qing_candidate,姑苏版画（候选）,1,579,1024,2067,193,0,,,,0,0.0,,0.0,no_candidate_detected_under_fixed_parameters_not_proof_of_absence,pending,candidate_screening_not_human_verified
IMG-0328,684bce4922f05641caaded383f468e73090647cf48a5f1baace06c2843652022,gusu_qing_candidate,姑苏版画（候选）,1,582,1024,3441,63,0,,,,0,0.0,,0.0,no_candidate_detected_under_fixed_parameters_not_proof_of_absence,pending,candidate_screening_not_human_verified
IMG-0418,698679fbf48efec851abc3cff7db058086235f68da31f18e7a9e7feaf5d06923,gusu_qing_candidate,姑苏版画（候选）,1,1024,745,2340,6,0,,,,0,0.0,,0.0,no_candidate_detected_under_fixed_parameters_not_proof_of_absence,pending,candidate_screening_not_human_verified
IMG-0304,6a51b667e799cd1d9f17e7ead62a951e34b001c8d3e7b0ead0f5e50403bbfa73,gusu_qing_candidate,姑苏版画（候选）,1,1024,940,2099,86,2,-1.4560776273184906,0.7651379725791007,False,24,0.28936761992313204,1.0734930832209062,0.16917799396403285,automatic_candidate_detected_needs_manual_review,pending,candidate_screening_not_human_verified
IMG-0218,6b8de04e61edc298a778dfe36b4c6cdefd11efea4c036a57d71240bfda83734b,gusu_qing_candidate,姑苏版画（候选）,1,1024,813,1823,33,2,0.9768732038931497,0.034657752347985384,True,17,0.5383970050338246,0.577601056053333,0.40334637639635906,automatic_candidate_detected_needs_manual_review,pending,candidate_screening_not_human_verified
IMG-0283,6d110fbcabdbe9c0db08f51eec40939c38c5afe4b34e77b0620e9a97994207ba,gusu_qing_candidate,姑苏版画（候选）,1,1018,1024,1834,52,2,0.13907697767203572,0.915328372830102,True,14,0.30954577327081406,1.5100414391275319,0.14548678472831278,automatic_candidate_detected_needs_manual_review,pending,candidate_screening_not_human_verified
IMG-0452,6d5c71f3523e654a681f841b4142076d4a487f166a0d27f91ae99de162d376f3,gusu_qing_candidate,姑苏版画（候选）,1,1024,540,2486,13,0,,,,0,0.0,,0.0,no_candidate_detected_under_fixed_parameters_not_proof_of_absence,pending,candidate_screening_not_human_verified
IMG-0423,6fcd29ec66ae734ff31dc8da6a632e6b0f37383390298fd6d0ca35ad7dcd90a9,gusu_qing_candidate,姑苏版画（候选）,1,629,1024,1607,0,0,,,,0,0.0,,0.0,insufficient_long_lines_under_fixed_parameters,pending,candidate_screening_not_human_verified
IMG-0122,708b991eca93d73dfda540ede950d2578642c3b3b2562b06d945299e625d86cd,gusu_qing_candidate,姑苏版画（候选）,1,768,1024,3450,73,2,0.23887888184374925,4.143683185968797,False,28,0.42320721763599883,0.17868500575725987,0.38703666588296953,automatic_candidate_detected_needs_manual_review,pending,candidate_screening_not_human_verified
IMG-0320,710f16a7b937e8b45c1eb3691aad55ee5894ecf157e3033dd122bbd04156b4ee,gusu_qing_candidate,姑苏版画（候选）,1,768,1024,3443,134,2,-0.6026091213456681,0.8670433599420065,False,22,0.17862688864471132,1.6024462220073856,0.08016412522730218,automatic_candidate_detected_needs_manual_review,pending,candidate_screening_not_human_verified
IMG-0362,719c3d4571e0ebc656fbc13245ecf3ac2d68a72306a2522ede9ccea648e850ac,gusu_qing_candidate,姑苏版画（候选）,1,768,1024,3399,61,2,0.02811878057463633,0.058288729409738706,True,26,0.49710378317722415,0.7220544840095748,0.34646145849968374,automatic_candidate_detected_needs_manual_review,pending,candidate_screening_not_human_verified
IMG-0083,72a7eb4e53071dbfba789ba985bbde3ac327f29b1094b7133938c575421fd2c1,gusu_qing_candidate,姑苏版画（候选）,1,1024,768,2178,13,1,0.9442111035336381,0.9644907700110864,True,7,0.533586859355483,1.094630964011605,0.1800635573876654,automatic_candidate_detected_needs_manual_review,pending,candidate_screening_not_human_verified
IMG-0203,72e06be8037894ab7bb1872160b978054f8340e1cfec747c7db65bceb8ebb361,gusu_qing_candidate,姑苏版画（候选）,1,769,1024,2615,31,2,0.8628140462572865,0.9552155270297378,True,11,0.5110799632124682,0.49864393884478947,0.3651078229608503,automatic_candidate_detected_needs_manual_review,pending,candidate_screening_not_human_verified
IMG-0088,72f9cc348361c7845e66fc9f2b84defc8253204ffa3958545c86f53db34998bc,gusu_qing_candidate,姑苏版画（候选）,1,1024,820,2368,20,1,0.5685414315294763,0.9740587444177595,True,13,0.7067871418858327,0.8277932065322354,0.46723528123359187,automatic_candidate_detected_needs_manual_review,pending,candidate_screening_not_human_verified
IMG-0437,735d367d4f4e14f0bdcbc3c3bd7943d14b09bc0ed9e5877294ca8d8604fc37be,gusu_qing_candidate,姑苏版画（候选）,1,659,1024,2066,7,0,,,,0,0.0,,0.0,no_candidate_detected_under_fixed_parameters_not_proof_of_absence,pending,candidate_screening_not_human_verified
IMG-0160,74f8e399c4a7af4cffb0e57b8778f0e75d6761ad48c969227de6baa85f8d81a6,gusu_qing_candidate,姑苏版画（候选）,1,1024,699,4718,78,2,0.9154624871903302,0.11048133431401391,True,24,0.3203436113141575,0.8890251123744295,0.20538405159135414,automatic_candidate_detected_needs_manual_review,pending,candidate_screening_not_human_verified
IMG-0390,75125641e2aab246727a23273b10c597eafe952e761ba486371960dbe1d37b72,gusu_qing_candidate,姑苏版画（候选）,1,556,1024,1845,10,1,1.5180934399302013,0.9787962235740381,False,6,0.659981611734433,0.16137404389580776,0.3044106983651216,automatic_candidate_detected_needs_manual_review,pending,candidate_screening_not_human_verified
IMG-0084,758192fb9308529281f9668866359a9204dce06a8ff18d9fdf6a997b05d9646c,gusu_qing_candidate,姑苏版画（候选）,1,461,1024,1657,78,2,0.07010069325866704,-2.553999504734728,False,15,0.22896083917286056,0.8486910499343137,0.14978567754300073,automatic_candidate_detected_needs_manual_review,pending,candidate_screening_not_human_verified
IMG-0014,758489cefa7507b545b40065382cc0f9547a2f801e7c18c2a9b1197d39b7cf66,gusu_qing_candidate,姑苏版画（候选）,1,1024,798,3688,9,1,1.0181119150087938,0.9777366465061641,False,5,0.609378874328094,1.2301561409926514,0.13726225853208363,automatic_candidate_detected_needs_manual_review,pending,candidate_screening_not_human_verified
IMG-0379,75861c4062e1ad9bba1d2716effa5930c5a8d3ed64ef52b26206d8b1451ee4a4,gusu_qing_candidate,姑苏版画（候选）,1,1024,948,2777,62,2,0.4809734935019471,1.835620909584076,False,20,0.3921053960808506,1.9882400466972858,0.14509818451529174,automatic_candidate_detected_needs_manual_review,pending,candidate_screening_not_human_verified
IMG-0215,7650e9efda7e2c3be030591fffc0c675314de6c868599daa919e38e47f25232a,gusu_qing_candidate,姑苏版画（候选）,1,1024,782,2346,12,1,0.9869132187044314,0.9789159657190294,True,11,0.9543081199515328,0.33115685163417424,0.7412936187106044,automatic_candidate_detected_needs_manual_review,pending,candidate_screening_not_human_verified
IMG-0388,7674cb0b18ffeb412a12d95d6df9792f8893e36fa015fa44308b0be0fb926c89,gusu_qing_candidate,姑苏版画（候选）,1,655,1024,1796,61,0,,,,0,0.0,,0.0,no_candidate_detected_under_fixed_parameters_not_proof_of_absence,pending,candidate_screening_not_human_verified
IMG-0002,76e46c95b82f6ccd1faaf618d3cd839021ba38878ed672757f38d72da334b3e0,gusu_qing_candidate,姑苏版画（候选）,1,1024,834,2767,2,0,,,,0,0.0,,0.0,insufficient_long_lines_under_fixed_parameters,pending,candidate_screening_not_human_verified
IMG-0236,77b1d29efc2108eb22ca0a696ea9ae7fd6d98126af989df52f4fc493eb639282,gusu_qing_candidate,姑苏版画（候选）,1,1024,768,3363,88,2,-1.4780168601372108,0.3866189206935074,False,43,0.5395287868751777,0.6090405917224837,0.3978901037192452,automatic_candidate_detected_needs_manual_review,pending,candidate_screening_not_human_verified
IMG-0171,78168237855848292f36ed3aebb6b603ea7b5924b229573a34fb187260439854,gusu_qing_candidate,姑苏版画（候选）,1,467,1024,2527,57,2,0.8700470545820014,-1.6776497443582614,False,19,0.3649781118296946,1.180573100362098,0.20225935995721425,automatic_candidate_detected_needs_manual_review,pending,candidate_screening_not_human_verified
IMG-0412,78bef02f36a4fcffebdefb54a57d02be71678b6186609e324970b59604b0cc9f,gusu_qing_candidate,姑苏版画（候选）,1,1024,822,2380,0,0,,,,0,0.0,,0.0,insufficient_long_lines_under_fixed_parameters,pending,candidate_screening_not_human_verified
IMG-0233,7a9ba1baf16e75f6027683bff9ed7b6e587ac34d01c2187f24940b523796a049,gusu_qing_candidate,姑苏版画（候选）,1,891,1024,2917,64,2,0.05238565287039338,0.7451019194132468,True,14,0.24033755086994768,0.6964657239709096,0.16966256202003,automatic_candidate_detected_needs_manual_review,pending,candidate_screening_not_human_verified
IMG-0185,7b2ad3d75f6df86340cf23619c43ce2f0a1ded9d00629ab497f0490f1cfcad26,gusu_qing_candidate,姑苏版画（候选）,1,577,1024,2691,65,2,0.9515834430371415,0.023156730944444398,True,18,0.33061450637088147,1.1101590223642999,0.18978152690320318,automatic_candidate_detected_needs_manual_review,pending,candidate_screening_not_human_verified
IMG-0296,7b31d0546f6d3a2dfb92b48275ffae004e39cd689acc80178bcccd06944f80b3,gusu_qing_candidate,姑苏版画（候选）,1,1024,578,2146,89,2,-2.3084882487146188,0.1946434050185902,False,27,0.2586798433318113,0.9983857547757293,0.15702394247239684,automatic_candidate_detected_needs_manual_review,pending,candidate_screening_not_human_verified
IMG-0425,7c224349ccd605806390df297de464e28d7da797de8072ef4138526bd06adb4c,gusu_qing_candidate,姑苏版画（候选）,1,578,1024,3823,151,2,3.4856616604827284,0.24233604444439547,False,42,0.3205590039474855,1.2812826600342695,0.16891996604940143,automatic_candidate_detected_needs_manual_review,pending,candidate_screening_not_human_verified
IMG-0217,7c49c94615c67651633b5c52774f4bba1397aaccdeb8fd6ce2f000d1a582ac05,gusu_qing_candidate,姑苏版画（候选）,1,1024,767,1553,34,2,0.019892728043388548,0.9602058523175002,True,16,0.5557539831207979,0.4649783511855651,0.4404674477940787,automatic_candidate_detected_needs_manual_review,pending,candidate_screening_not_human_verified
IMG-0402,7cb65e96ee3518e793032ee9db263ec3bb7b096f2169cf9d029dca9425ff77ba,gusu_qing_candidate,姑苏版画（候选）,1,573,1024,1659,61,2,0.6458468258657705,2.259726252572828,False,18,0.2953433497378388,0.6847713911165276,0.20971571623804516,automatic_candidate_detected_needs_manual_review,pending,candidate_screening_not_human_verified
IMG-0126,7cf1fbdaf015fc885f7385be5b6cb6adc142f1e8fc7c0f3d7f619753ae578524,gusu_qing_candidate,姑苏版画（候选）,1,705,1024,2623,39,2,0.08186295762946959,0.3137769224769854,True,10,0.269831780174493,0.5882587892079559,0.16756105244146813,automatic_candidate_detected_needs_manual_review,pending,candidate_screening_not_human_verified
IMG-0144,7f18d8220429f9c8bce91c4eb00f40f0fcdc2fd7cbba1bdb738e26293b98b768,gusu_qing_candidate,姑苏版画（候选）,1,650,1024,3177,61,2,0.9717994152061036,0.7702010937095941,True,11,0.23318263306892648,0.26673627521865,0.18706243999617544,automatic_candidate_detected_needs_manual_review,pending,candidate_screening_not_human_verified
IMG-0186,7f8f9c436a1d782259e161db4868f94fd3a78cd639516bff3cbddda1021fce57,gusu_qing_candidate,姑苏版画（候选）,1,595,1024,2888,121,2,0.05134042346559903,0.01919215182821114,True,22,0.25233137907429776,0.9307939453677334,0.15843529036969609,automatic_candidate_detected_needs_manual_review,pending,candidate_screening_not_human_verified
IMG-0024,7f93e20c0854a2fb3fdabc512f6ea6745c0fe83be15e67f8b9559572593268b6,gusu_qing_candidate,姑苏版画（候选）,1,1024,813,1749,27,2,-2.53400540435772,0.9759099940420524,False,11,0.4552165300984615,0.6527013393152417,0.3010905799154196,automatic_candidate_detected_needs_manual_review,pending,candidate_screening_not_human_verified
IMG-0050,7fba1bdcd18a4d2ebe2b06dd0562be304b52c7f2164853b925d2754cd5443bb4,gusu_qing_candidate,姑苏版画（候选）,1,994,1024,2253,27,2,0.9766252934900299,0.025555903568000547,True,11,0.5830634964307936,0.29557748394314354,0.4610451487347324,automatic_candidate_detected_needs_manual_review,pending,candidate_screening_not_human_verified
IMG-0196,7fd00f10bedc1f63921afed129594dd98591764e71354bf300697cd0316fc143,gusu_qing_candidate,姑苏版画（候选）,1,574,1024,3232,76,2,0.037589763131474364,0.9605410351047028,True,18,0.3502047094487013,0.9571711958859376,0.2170075769392399,automatic_candidate_detected_needs_manual_review,pending,candidate_screening_not_human_verified
IMG-0293,7fd9f4c933e5ae63380e37850bb44f7dba1deec25fcb61adbbc2e61aaf55e345,gusu_qing_candidate,姑苏版画（候选）,1,1024,544,2096,100,2,0.964630047735769,0.6862640408583596,True,16,0.2142542879465619,0.9405634120155544,0.13387169818183461,automatic_candidate_detected_needs_manual_review,pending,candidate_screening_not_human_verified
IMG-0335,802894065c07dc295e1bf54471f66a84a8330386aa2bc3b4dc9be621199846e5,gusu_qing_candidate,姑苏版画（候选）,1,582,1024,2842,15,1,1.0651163410082882,0.7402586340789324,False,7,0.500161900983984,0.40921105076171516,0.23777618257586247,automatic_candidate_detected_needs_manual_review,pending,candidate_screening_not_human_verified
IMG-0263,81032da06751552b3ed29f686b8e0670c6949afea10853279907e99302f5e6ff,gusu_qing_candidate,姑苏版画（候选）,1,1024,1012,4493,147,2,0.050236567604407874,0.05223212606457974,True,27,0.25156431860567524,1.182783984289592,0.1392549888423903,automatic_candidate_detected_needs_manual_review,pending,candidate_screening_not_human_verified
IMG-0456,811dc20830809970582075ee4424abaae7d6c24227def31027809d72ddb2d932,gusu_qing_candidate,姑苏版画（候选）,1,1024,563,3566,19,2,-1.7806243904324994,0.667828941787717,False,8,0.44848878829275357,0.5649405947322153,0.22541615632100376,automatic_candidate_detected_needs_manual_review,pending,candidate_screening_not_human_verified
IMG-0134,81e65cc4a930808b292839d1a93f92d72718b7ad656f1af327fe3e1f7384e2fd,gusu_qing_candidate,姑苏版画（候选）,1,705,1024,2375,62,0,,,,0,0.0,,0.0,no_candidate_detected_under_fixed_parameters_not_proof_of_absence,pending,candidate_screening_not_human_verified
IMG-0021,828b1b8ae2e066d86ea40388262a1049c97cc0ade80ff45484ce09661cc1862c,gusu_qing_candidate,姑苏版画（候选）,1,1024,809,2446,6,0,,,,0,0.0,,0.0,no_candidate_detected_under_fixed_parameters_not_proof_of_absence,pending,candidate_screening_not_human_verified
IMG-0291,836bc30773f5753afcb4cf55eea567fc89caccf50e88d694105b295d4d174cb4,gusu_qing_candidate,姑苏版画（候选）,1,1024,771,2379,53,2,0.13429280886044004,0.8949063041540757,True,12,0.33717582121780115,1.5748464367522401,0.1534203132956184,automatic_candidate_detected_needs_manual_review,pending,candidate_screening_not_human_verified
IMG-0173,83acf21302b00fca106e7399b9fab86aff0c9fb31c773e05ccb95f622135247d,gusu_qing_candidate,姑苏版画（候选）,1,628,1024,1948,52,2,0.989782543061914,0.02710512059985558,True,13,0.3535386326257686,1.0843917892444763,0.20557210962681718,automatic_candidate_detected_needs_manual_review,pending,candidate_screening_not_human_verified
IMG-0227,84f380ed12a8f194c26e9da6da580d52355e8f25936258201b2c5592a19bfd41,gusu_qing_candidate,姑苏版画（候选）,1,510,1024,2445,95,1,1.5854271238900453,0.8065213823879535,False,12,0.15045436541744703,1.2332598609861256,0.08120930936089668,automatic_candidate_detected_needs_manual_review,pending,candidate_screening_not_human_verified
IMG-0093,851136c1d37609280528903c7c2a9eefea2946624a21339c314bb0c1f54c269b,gusu_qing_candidate,姑苏版画（候选）,1,542,1024,2414,164,2,-2.5072148289511995,0.4849595915190255,False,62,0.4126850441308074,1.1122083911676026,0.2366495846994226,automatic_candidate_detected_needs_manual_review,pending,candidate_screening_not_human_verified
IMG-0033,8533ab10d9aaf505c3acbbccba55537a93464ba33802fe4c98f32dc10e9fc182,gusu_qing_candidate,姑苏版画（候选）,1,1024,793,2474,6,0,,,,0,0.0,,0.0,no_candidate_detected_under_fixed_parameters_not_proof_of_absence,pending,candidate_screening_not_human_verified
IMG-0068,8661546dbd09704ec9699d1852d85dd92d2058003e2bc8bbc3c4d6ffdfa942aa,gusu_qing_candidate,姑苏版画（候选）,1,1024,971,4011,57,2,0.05350769511234384,0.9211455465975135,True,10,0.3152558619477267,1.1801702387855548,0.14561670962499762,automatic_candidate_detected_needs_manual_review,pending,candidate_screening_not_human_verified
IMG-0125,86f0a37fb981ee60a6bbabc9afab776c7cddb4b067483d69246091abc86b495b,gusu_qing_candidate,姑苏版画（候选）,1,622,1024,3227,131,2,0.9171070769876759,0.9440104760069237,True,33,0.26981944767147714,0.8887545795550655,0.17301455660875606,automatic_candidate_detected_needs_manual_review,pending,candidate_screening_not_human_verified
IMG-0396,87a09fbc101be24292eb5d91fe774415bfc82b9674a884d3ff56745c42e7e79b,gusu_qing_candidate,姑苏版画（候选）,1,729,1024,2646,14,0,,,,0,0.0,,0.0,no_candidate_detected_under_fixed_parameters_not_proof_of_absence,pending,candidate_screening_not_human_verified
IMG-0172,87b64ee5e47862570b50960519c3e93a3405d6ca7201ca1bcf033bf352c40bbb,gusu_qing_candidate,姑苏版画（候选）,1,616,1024,2682,37,2,0.9662261847605879,0.02506470474111605,True,13,0.39366547746967956,0.3667554449312558,0.3277082674942707,automatic_candidate_detected_needs_manual_review,pending,candidate_screening_not_human_verified
IMG-0441,896c8dbba822f3fdf488203e12c582336b0782625acfabd28608c8ffc66d2d27,gusu_qing_candidate,姑苏版画（候选）,1,582,1024,1509,86,0,,,,0,0.0,,0.0,no_candidate_detected_under_fixed_parameters_not_proof_of_absence,pending,candidate_screening_not_human_verified
IMG-0030,897ac8883ba2511bc9df641da21df8778d2158d37744c2b9cdc998fbafce9099,gusu_qing_candidate,姑苏版画（候选）,1,1024,895,2256,42,2,1.7188961671444416,0.6731234878365477,False,19,0.473393048584681,1.0768011615865416,0.2763105549248442,automatic_candidate_detected_needs_manual_review,pending,candidate_screening_not_human_verified
IMG-0265,89d5d6d4285644ec3e69fdede904b5943516852588b1116385e46e23422b6ff2,gusu_qing_candidate,姑苏版画（候选）,1,1024,991,3753,94,2,-0.6964157010755279,0.9434973681723916,False,28,0.35460911410065443,0.2931464396485874,0.3062625914550562,automatic_candidate_detected_needs_manual_review,pending,candidate_screening_not_human_verified
IMG-0411,8a43b4c17b2b6cc6835a68dd41369eb7c4a4584f709a66a61ce314c98ee44cc7,gusu_qing_candidate,姑苏版画（候选）,1,1021,1024,6087,108,2,-0.2690942655215774,0.7244317967709129,False,39,0.35489907946821675,1.4227972987851232,0.17424020164701567,automatic_candidate_detected_needs_manual_review,pending,candidate_screening_not_human_verified
IMG-0148,8a70d4773fc30f9cd92fa919863d4f9f580c47f348a2b9fd0378940446b9ecbf,gusu_qing_candidate,姑苏版画（候选）,1,1024,749,4403,111,2,0.940546395580854,0.9583911475317473,True,20,0.22383440503285942,0.3142042678371365,0.19129263602036364,automatic_candidate_detected_needs_manual_review,pending,candidate_screening_not_human_verified
IMG-0079,8a910d03e3dc007f76b5d5e39d694c90155631ae9a2be424c3f55b7928b251bf,gusu_qing_candidate,姑苏版画（候选）,1,939,1024,1648,61,2,0.9379656347896901,0.9330240215501464,True,21,0.3948923302011938,0.3937689294085456,0.3243193508958558,automatic_candidate_detected_needs_manual_review,pending,candidate_screening_not_human_verified
IMG-0337,8ae7ffaabb1e822d81e588b9c3b57f0171df036171280a9ceb823983600636d5,gusu_qing_candidate,姑苏版画（候选）,1,608,1024,3792,110,2,1.9826607392220559,-0.5374757414958149,False,74,0.6427355428282191,1.5315978393112117,0.29884780593637805,automatic_candidate_detected_needs_manual_review,pending,candidate_screening_not_human_verified
IMG-0044,8b89018de0cb38daab0ffa3339515c1ec0bb9eff0b50971c605383c9654be4d6,gusu_qing_candidate,姑苏版画（候选）,1,1002,1024,3237,6,1,0.7634284506685513,0.9705798754108854,True,5,0.8385589659726091,0.41677765250210264,0.2836744671658671,automatic_candidate_detected_needs_manual_review,pending,candidate_screening_not_human_verified
IMG-0250,8bc8de633c483e804ba5a17574bd7911c64a3927b2b36586a5648c2feaadb0b6,gusu_qing_candidate,姑苏版画（候选）,1,724,1024,1595,63,2,0.24557247920843261,0.04040173845809937,True,22,0.3233690756489005,0.7401976758902569,0.22334004645497324,automatic_candidate_detected_needs_manual_review,pending,candidate_screening_not_human_verified
IMG-0284,8ce7e7a854d03ab619f5fb7593beb6f3d767a671bc4884a5aeccf9cebae2c528,gusu_qing_candidate,姑苏版画（候选）,1,788,1024,1541,74,2,0.12687013222156063,2.806987368519609,False,17,0.3394030321359176,0.6445219987730914,0.24590057490599382,automatic_candidate_detected_needs_manual_review,pending,candidate_screening_not_human_verified
IMG-0019,8e18dbfaea4654e188dfe1d0c76032b06b925e145d5f10f0f64242eda76e0334,gusu_qing_candidate,姑苏版画（候选）,1,1024,772,2790,2,0,,,,0,0.0,,0.0,insufficient_long_lines_under_fixed_parameters,pending,candidate_screening_not_human_verified
IMG-0422,8e7e4645c199b4a3f24233713f61f2e9197a395c66c1d5d225869b9348cdee33,gusu_qing_candidate,姑苏版画（候选）,1,529,1024,2892,46,2,4.549539780053769,0.28903090700392786,False,15,0.3766664030566652,0.7445870037420116,0.2595803844532818,automatic_candidate_detected_needs_manual_review,pending,candidate_screening_not_human_verified
IMG-0449,8f6205393e85578180baa6b9e53d00e65a933231b4015e26016aa2aad76e8ae8,gusu_qing_candidate,姑苏版画（候选）,1,732,1024,2769,13,0,,,,0,0.0,,0.0,no_candidate_detected_under_fixed_parameters_not_proof_of_absence,pending,candidate_screening_not_human_verified
IMG-0348,8fb8595b171829a5edf9003edb5542a2ea3d2cf1a9ba0db0fd2a0449adb6de33,gusu_qing_candidate,姑苏版画（候选）,1,1024,663,3627,115,2,1.5239268744830552,0.5317116800772063,False,42,0.31241574178618065,1.0321542775941905,0.18646763175344455,automatic_candidate_detected_needs_manual_review,pending,candidate_screening_not_human_verified
IMG-0092,90d57f37847ebd251dd175e03631c2b6ff62ab417ab2b6c090e3c4c9431a6d21,gusu_qing_candidate,姑苏版画（候选）,1,452,1024,1871,11,0,,,,0,0.0,,0.0,no_candidate_detected_under_fixed_parameters_not_proof_of_absence,pending,candidate_screening_not_human_verified
IMG-0053,910364504cb3d11d1c221ce3f654b655302b33d7ae7bf7c422bd5ce4713f337e,gusu_qing_candidate,姑苏版画（候选）,1,977,1024,1656,28,2,0.9745061643514595,0.02606730056203137,True,12,0.4875498211583209,0.32590327793518276,0.4142380644652793,automatic_candidate_detected_needs_manual_review,pending,candidate_screening_not_human_verified
IMG-0162,9120d08ffc126cc5be902ede4edc63d2220b66715d33ae0471a6850388725fca,gusu_qing_candidate,姑苏版画（候选）,1,1024,720,4620,41,1,3.2699723500331457,0.07288125284645267,False,14,0.39949831664671415,0.566304104885278,0.3009841179600703,automatic_candidate_detected_needs_manual_review,pending,candidate_screening_not_human_verified
IMG-0174,9170c8c9e46c6ffbd66539521afc359e894268be5cf6c5ceb3d8cbfffc863d5c,gusu_qing_candidate,姑苏版画（候选）,1,557,1024,1665,39,2,0.03541087203774342,0.7819617358286052,True,19,0.4871261300767529,0.45594526103481836,0.3878235441383477,automatic_candidate_detected_needs_manual_review,pending,candidate_screening_not_human_verified
IMG-0268,92cbf16b3bc947eb4380310aff578241e8d4b3f544a78c991364ca611c46de2b,gusu_qing_candidate,姑苏版画（候选）,1,987,1024,2177,41,2,0.03881326626117595,0.04882996458237172,True,15,0.4926829123219991,0.372172799050498,0.4090262715973646,automatic_candidate_detected_needs_manual_review,pending,candidate_screening_not_human_verified
IMG-0403,9397b05a6033717d575f3a71e101e80ceedd39d311f3f9055189a9b3066f5af9,gusu_qing_candidate,姑苏版画（候选）,1,575,1024,1617,12,1,-1.7505050207891413,0.6456462905439461,False,8,0.6957871939864058,0.6371895432693563,0.33730378992560606,automatic_candidate_detected_needs_manual_review,pending,candidate_screening_not_human_verified
IMG-0029,9466c150cc6a92aecb0ab1b48a6e3eb7d868d419b3f45a53ac5b260d03278407,gusu_qing_candidate,姑苏版画（候选）,1,1024,869,2787,1,0,,,,0,0.0,,0.0,insufficient_long_lines_under_fixed_parameters,pending,candidate_screening_not_human_verified
IMG-0105,94d53841315850a42f0ede4b2f5b06ba329f0b3b71537a01970af3f2fa69df05,gusu_qing_candidate,姑苏版画（候选）,1,1024,744,4425,53,2,0.45056920098023573,0.028927715231697043,True,14,0.31335928933901147,0.5028113063146504,0.24370165904032018,automatic_candidate_detected_needs_manual_review,pending,candidate_screening_not_human_verified
IMG-0034,952a2c682f0548d68bb3e59e4fb4fc2670998355351a6b14f3edda959cf61af2,gusu_qing_candidate,姑苏版画（候选）,1,962,1024,6070,47,1,0.9824258683652722,0.9611032008523672,True,21,0.5484944238341648,0.7671740740596904,0.37375110320679317,automatic_candidate_detected_needs_manual_review,pending,candidate_screening_not_human_verified
IMG-0025,95688611c09dbfb115ede8bd872aa3533e2db0d3984d4a55ad35f9044fa49fe9,gusu_qing_candidate,姑苏版画（候选）,1,1024,1020,5875,23,2,0.9864851231925785,0.9767948978576658,True,13,0.7773620885995877,0.27000691602673726,0.6791912772959258,automatic_candidate_detected_needs_manual_review,pending,candidate_screening_not_human_verified
IMG-0353,96aaa267ae3886f84bb1c84ce1b38f0f145f4fdde2ba42cae6c70e5d6e9e44b8,gusu_qing_candidate,姑苏版画（候选）,1,586,1024,2018,47,2,0.05633705477431814,0.4378910349044394,True,14,0.3010934245453202,0.6357286980844321,0.2191061352137578,automatic_candidate_detected_needs_manual_review,pending,candidate_screening_not_human_verified
IMG-0329,976aa3b2dd4bbca1eba2c483a27e053ae02e94dc9b77b900de0ad4c75ccf0eea,gusu_qing_candidate,姑苏版画（候选）,1,562,1024,3373,56,0,,,,0,0.0,,0.0,no_candidate_detected_under_fixed_parameters_not_proof_of_absence,pending,candidate_screening_not_human_verified
IMG-0413,97cd21d783953673699cb2b945d8039fe349a53bb8807a7ebc65ca8f755d49af,gusu_qing_candidate,姑苏版画（候选）,1,1024,815,2022,3,0,,,,0,0.0,,0.0,insufficient_long_lines_under_fixed_parameters,pending,candidate_screening_not_human_verified
IMG-0168,98641ecec94a38bc4279af8f363a952d7c6cf04bd67cbff37279f213a1725415,gusu_qing_candidate,姑苏版画（候选）,1,1024,584,2886,74,2,2.6848069531739003,0.11979494873911052,False,14,0.2603305252540215,1.365483038895796,0.13152678974813733,automatic_candidate_detected_needs_manual_review,pending,candidate_screening_not_human_verified
IMG-0336,98765fe88870f27885e8041aa06c7d91106512dc134241b1d6100ffe4c379032,gusu_qing_candidate,姑苏版画（候选）,1,549,1024,2399,23,2,2.5532937009505132,1.145849385419873,False,5,0.22097629692365595,1.3901240181308365,0.045948660430240644,automatic_candidate_detected_needs_manual_review,pending,candidate_screening_not_human_verified
IMG-0201,98e3e9a442823f1b7ab494f4c96c3bdca7b65d63ad1944a02d5e3301541fbd87,gusu_qing_candidate,姑苏版画（候选）,1,1024,541,1254,68,2,0.08410395239387612,0.9507392215273224,True,8,0.26995189625957994,0.7134646771589656,0.12597032135897815,automatic_candidate_detected_needs_manual_review,pending,candidate_screening_not_human_verified
IMG-0064,997bcd20ce946829aafb3392e265414716d2499bb79d661e9b50698cc3d4234a,gusu_qing_candidate,姑苏版画（候选）,1,1024,995,2847,85,2,0.9811685171481709,0.9399984167019818,True,20,0.3167461584512744,0.6889949860899336,0.2244388300388612,automatic_candidate_detected_needs_manual_review,pending,candidate_screening_not_human_verified
IMG-0023,99fed0b3bf4b0f8a052355dfcdc9cd30d066dd46634c521e980835469abc2e3e,gusu_qing_candidate,姑苏版画（候选）,1,1024,834,1932,14,1,3.0331459082980468,0.7132817052185331,False,8,0.5908102981198833,0.8616080043796768,0.25601239749268934,automatic_candidate_detected_needs_manual_review,pending,candidate_screening_not_human_verified
IMG-0458,9a994d0537b8df9a2204c278a2c98825f82d50d1adf2b2662f1931c69110caf0,gusu_qing_candidate,姑苏版画（候选）,1,632,1024,3307,153,1,0.8932708804872235,-1.2189426453636913,False,41,0.288937299908304,0.964772489199697,0.17836347535714547,automatic_candidate_detected_needs_manual_review,pending,candidate_screening_not_human_verified
IMG-0249,9b6c35f7c6743acdd671104be7dba00fc5435ed63c2a8aabbd7fe5f101b9e2ab,gusu_qing_candidate,姑苏版画（候选）,1,724,1024,2383,67,2,0.09297033873680895,0.31862749311927113,True,21,0.3316995026483153,1.1662672901304199,0.18513694629741692,automatic_candidate_detected_needs_manual_review,pending,candidate_screening_not_human_verified
IMG-0421,9b7502e5416ab56a0ead3501ad559f8272af60958d296507f6dc793075b6e2e9,gusu_qing_candidate,姑苏版画（候选）,1,679,1024,1543,69,1,1.7292523902833306,0.6906459756165704,False,16,0.23213804278524341,0.9241319527559952,0.14624250403607397,automatic_candidate_detected_needs_manual_review,pending,candidate_screening_not_human_verified
IMG-0364,9bde9492bad2fb3d9cc2e38b4df23d1217ef990bc628f94314eb430531cdbc05,gusu_qing_candidate,姑苏版画（候选）,1,679,1024,4967,41,2,0.7812992156354658,0.3184724283076423,True,9,0.30047345421982186,0.6201450801583405,0.16527401589274568,automatic_candidate_detected_needs_manual_review,pending,candidate_screening_not_human_verified
IMG-0055,9c03188b236bb48a2a11e40a5c46c49d23c2a283168bb8d2b0865250d33c6039,gusu_qing_candidate,姑苏版画（候选）,1,1024,900,3892,105,2,0.9579081394337005,0.0369434191327581,True,32,0.36576874510440044,0.8894802693232842,0.23445440993567782,automatic_candidate_detected_needs_manual_review,pending,candidate_screening_not_human_verified
IMG-0277,9ccded69487eaa18b1a9771db712ae968558468bfaf09f1a3ff522fd30e1d59d,gusu_qing_candidate,姑苏版画（候选）,1,1024,586,4321,65,1,-0.17383427037478308,0.8016808836177601,False,32,0.5040085224483102,1.2729744439395532,0.26669507260041697,automatic_candidate_detected_needs_manual_review,pending,candidate_screening_not_human_verified
IMG-0113,9d4911a4fbc30c9c5adad43f912703d676de1d428422750616e53ff2c0852331,gusu_qing_candidate,姑苏版画（候选）,1,1024,718,4476,92,2,-1.210014850133595,0.12474778497951407,False,30,0.3325865407315128,1.1475854577834446,0.18737414066144248,automatic_candidate_detected_needs_manual_review,pending,candidate_screening_not_human_verified
IMG-0271,9d4c57268468459939eb76998267284c4a623f3bd339194d15d3b68ff522a963,gusu_qing_candidate,姑苏版画（候选）,1,1024,682,4334,147,2,2.2699032096301357,0.6621956584008859,False,50,0.2755621738978871,1.606862519876991,0.12339394223321162,automatic_candidate_detected_needs_manual_review,pending,candidate_screening_not_human_verified
IMG-0181,9eb0a0802ad759ea4a5fe2a8a60caf1b5139dfec4c1f4a9d2d91a869b069bb17,gusu_qing_candidate,姑苏版画（候选）,1,616,1024,2016,49,2,0.027508399283616654,0.05538210824959251,True,7,0.20257855125243515,0.5408859487807557,0.09016923050282917,automatic_candidate_detected_needs_manual_review,pending,candidate_screening_not_human_verified
IMG-0043,9ed15a25fa9701e4b352926f6fd82824b39795fe922dc9216518e08ad8295fdc,gusu_qing_candidate,姑苏版画（候选）,1,1024,964,3405,13,0,,,,0,0.0,,0.0,no_candidate_detected_under_fixed_parameters_not_proof_of_absence,pending,candidate_screening_not_human_verified
IMG-0430,9fa15d7b6f31dce355605a1151ea2b14b929a48aec73bb7f26110aa74ffbad46,gusu_qing_candidate,姑苏版画（候选）,1,693,1024,2714,16,0,,,,0,0.0,,0.0,no_candidate_detected_under_fixed_parameters_not_proof_of_absence,pending,candidate_screening_not_human_verified
IMG-0076,9fc320e627eba81c44b3445beb4e045b5881e2f611bb239d89f004ef3ba65234,gusu_qing_candidate,姑苏版画（候选）,1,686,1024,2798,49,2,0.9302257203572755,0.969398224298163,True,21,0.5152021856964321,0.9954868463095212,0.3131918662806123,automatic_candidate_detected_needs_manual_review,pending,candidate_screening_not_human_verified
IMG-0397,a130a35344e907b58732f0ad29c0a8d651f7aa6b16b1660a3afeab0e5815b91b,gusu_qing_candidate,姑苏版画（候选）,1,471,1024,2147,93,2,4.721794729571906,-0.6737339875222323,False,45,0.5094235876424615,0.3030143181701115,0.4378046065799255,automatic_candidate_detected_needs_manual_review,pending,candidate_screening_not_human_verified
IMG-0375,a1595dd438a3e0a2c6556ee51e577a4f3a1791122808d9ef5523574f407d8a18,gusu_qing_candidate,姑苏版画（候选）,1,1024,948,2447,38,2,-0.4441483793617967,0.8842596308360123,False,13,0.3826680682708676,1.0536459631046187,0.2259570573249246,automatic_candidate_detected_needs_manual_review,pending,candidate_screening_not_human_verified
IMG-0205,a1de357a3f2904ab2e75ef17a41e5450039de0bca2ecb698f9308d78cdf7e969,gusu_qing_candidate,姑苏版画（候选）,1,889,1024,1319,92,2,0.9226394383909335,-2.3691860455073774,False,39,0.460097591036671,0.6196758314002545,0.33751187865532295,automatic_candidate_detected_needs_manual_review,pending,candidate_screening_not_human_verified
IMG-0204,a2208d0e168ff5c511afd809439ba61c62c561caecefcf0e3b19c4e554991240,gusu_qing_candidate,姑苏版画（候选）,1,688,1024,1920,80,2,0.9282805932285766,0.3529911930620846,True,17,0.2297307871345944,0.6848737960778575,0.16311757089044845,automatic_candidate_detected_needs_manual_review,pending,candidate_screening_not_human_verified
IMG-0156,a2ff1009bf46a8f612cf61330a6ddc1b960f204fd3b562e843f3aba56a955e39,gusu_qing_candidate,姑苏版画（候选）,1,843,1024,2040,118,2,0.08279612756166452,-2.999736931551163,False,32,0.31302441915091195,0.6721714130257583,0.22367531135739954,automatic_candidate_detected_needs_manual_review,pending,candidate_screening_not_human_verified
IMG-0313,a35a905bfeede5702d30eabcde2190eadcd11388c841339a085d15d24ab18e0e,gusu_qing_candidate,姑苏版画（候选）,1,1024,770,2538,1,0,,,,0,0.0,,0.0,insufficient_long_lines_under_fixed_parameters,pending,candidate_screening_not_human_verified
IMG-0114,a5a6e3f5174e248f1afcdb43f52fb619da874be25dae9d0fb7674d471a17c5d3,gusu_qing_candidate,姑苏版画（候选）,1,1024,718,4553,86,2,1.3705366500523155,0.11933478533901527,False,20,0.2842645285803606,0.8844728497694508,0.1826677298153342,automatic_candidate_detected_needs_manual_review,pending,candidate_screening_not_human_verified
IMG-0057,a66849e69cdbd4aaecb0fe0edc89d6457ffeae9c107848d6842ea43b16dd9544,gusu_qing_candidate,姑苏版画（候选）,1,798,1024,2852,9,1,0.9781501934719576,0.19518332523134713,True,5,0.6696175547012658,0.3900304847731621,0.22957338891487358,automatic_candidate_detected_needs_manual_review,pending,candidate_screening_not_human_verified
IMG-0161,a81c9679e1cad0984325ddbafeffab1a6a5cec430c9bc86c17cf5546a069ebf0,gusu_qing_candidate,姑苏版画（候选）,1,1024,685,4665,98,2,0.9335591311699619,0.8864750511899259,True,26,0.2722842915008074,0.6895308087525823,0.19288252125856845,automatic_candidate_detected_needs_manual_review,pending,candidate_screening_not_human_verified
IMG-0036,a9000aaafb7f90abc0c84c917e19258df6dbd254fff3bec2c6f05437f7e04df6,gusu_qing_candidate,姑苏版画（候选）,1,1024,884,2889,12,1,1.6442777837720184,4.79147027390615,False,8,0.6759206564831578,0.6069539344011425,0.33266421629823384,automatic_candidate_detected_needs_manual_review,pending,candidate_screening_not_human_verified
IMG-0385,abc3193e08dc0a6bdfcb3ba2001276e3d6365e6913c27ba481ff3485ddbed0e8,gusu_qing_candidate,姑苏版画（候选）,1,1024,945,2517,65,2,0.49337965380805743,1.4528579315311,False,24,0.30858612570802757,0.9709468310562155,0.18990568697329,automatic_candidate_detected_needs_manual_review,pending,candidate_screening_not_human_verified
IMG-0112,abf0cd8922d1fc1580b4f4b8e37371e1495a95366840a4b32e149a5208385c4f,gusu_qing_candidate,姑苏版画（候选）,1,464,1024,2489,103,1,-3.453651304742874,0.2202648615023132,False,29,0.30536363579392317,1.2148489528101116,0.16634747750081608,automatic_candidate_detected_needs_manual_review,pending,candidate_screening_not_human_verified
IMG-0355,ac239fb4d0b658282fae3cc914f92ad050104bac0dc668cbe609009ca8f03f37,gusu_qing_candidate,姑苏版画（候选）,1,639,1024,3000,84,0,,,,0,0.0,,0.0,no_candidate_detected_under_fixed_parameters_not_proof_of_absence,pending,candidate_screening_not_human_verified
IMG-0094,ac44abab0947340caa39542bacddb01fefd066f2dc2e81336cc6237290310e8b,gusu_qing_candidate,姑苏版画（候选）,1,456,1024,1638,55,2,0.9746474415100733,0.9566926657700674,True,14,0.31189386527188895,1.2339214571591135,0.168292279372481,automatic_candidate_detected_needs_manual_review,pending,candidate_screening_not_human_verified
IMG-0331,acea00bba99722b2c947e838d55aa3e0ea49e4e0761a371d4501a3c828e87359,gusu_qing_candidate,姑苏版画（候选）,1,694,1024,3065,59,2,0.5483014435562142,2.8279941878550363,False,24,0.41834933866946183,1.2876726511696845,0.21974779367347763,automatic_candidate_detected_needs_manual_review,pending,candidate_screening_not_human_verified
IMG-0130,ae3608133f4d6338ae1ef598f151eafe8dcfd908cdd8d9be08001d182bad5324,gusu_qing_candidate,姑苏版画（候选）,1,578,1024,1762,51,2,0.9616865277674398,0.9493839278383005,True,14,0.3756054087336324,1.071396023567006,0.21982705766640653,automatic_candidate_detected_needs_manual_review,pending,candidate_screening_not_human_verified
IMG-0127,ae96c23ca3843d5b5e1ea00dfad1e4953423c69da6ceac0fac53e99510e363ca,gusu_qing_candidate,姑苏版画（候选）,1,1024,806,2865,34,2,-0.14000977006976495,0.4967244606982071,False,15,0.40658224298786333,0.8124585176156325,0.27084778103947865,automatic_candidate_detected_needs_manual_review,pending,candidate_screening_not_human_verified
IMG-0266,af26b77e593d94b9d8da12d3ad3bd027a64de94759778393aa2809ed749f7f57,gusu_qing_candidate,姑苏版画（候选）,1,1024,976,3186,64,2,0.9514321679208256,0.9441617488727937,True,20,0.4131741036246993,0.8890008168929279,0.2649043067312823,automatic_candidate_detected_needs_manual_review,pending,candidate_screening_not_human_verified
IMG-0136,afd8fb147fe6a0c1b7dd71eb1adc01327a6a9f346f87c79ca88c2a82c262985f,gusu_qing_candidate,姑苏版画（候选）,1,621,1024,2567,72,2,0.11679832641004885,0.026959728895391943,True,13,0.2434703456454283,0.3593153319875009,0.20343315724828986,automatic_candidate_detected_needs_manual_review,pending,candidate_screening_not_human_verified
IMG-0276,afe37b7e0496eb1fd64f4632e4d21db3f48eddf9bbf3a6b24cdc7bbc2a65fde8,gusu_qing_candidate,姑苏版画（候选）,1,709,1024,4699,73,2,-2.7808501531924867,0.8551283520148434,False,29,0.48200903653092697,0.5813773966183041,0.3604214941116127,automatic_candidate_detected_needs_manual_review,pending,candidate_screening_not_human_verified
IMG-0237,b0134dc849e560a2e9fd662aeb100e1d463d78a1e10ff91de097e11745551b67,gusu_qing_candidate,姑苏版画（候选）,1,1024,768,2174,84,2,-1.0251595260764397,0.4649295456318507,False,28,0.3978274694161253,0.5504677106469591,0.3021079977965398,automatic_candidate_detected_needs_manual_review,pending,candidate_screening_not_human_verified
IMG-0235,b0ab6eb28e88422b116827a61768b21aca156b3af4028d02e703547fa64ed2f2,gusu_qing_candidate,姑苏版画（候选）,1,1024,768,3008,91,2,-0.9489336300465991,0.1882560980131179,False,43,0.5357622900532668,0.7671120954480648,0.36508657829752983,automatic_candidate_detected_needs_manual_review,pending,candidate_screening_not_human_verified
IMG-0267,b0b70c42e8e1098f82107f7d7e6c903ec65200fe1179df04c25b5f027a9ca6e6,gusu_qing_candidate,姑苏版画（候选）,1,979,1024,1609,48,2,0.9568311817604772,0.04320332348010249,True,20,0.45222217696668765,0.38913015936084583,0.3722659511731779,automatic_candidate_detected_needs_manual_review,pending,candidate_screening_not_human_verified
IMG-0243,b1a1fdad1bba32c4a0274dcd3b3f85856623ddd8dd1a844096db19bc36f5ac0c,gusu_qing_candidate,姑苏版画（候选）,1,1024,768,2078,66,2,-3.0051060142637662,0.35283893650545256,False,45,0.6569261285409905,0.536107909209888,0.5024607965256377,automatic_candidate_detected_needs_manual_review,pending,candidate_screening_not_human_verified
IMG-0054,b1e81034b740364f44f2747033b5fc85438dbe179ed3727d31c19a80917722d5,gusu_qing_candidate,姑苏版画（候选）,1,1024,903,2336,12,0,,,,0,0.0,,0.0,no_candidate_detected_under_fixed_parameters_not_proof_of_absence,pending,candidate_screening_not_human_verified
IMG-0439,b2723a3e44f6b5a79d5f70703089fcd1fb1fca89fd525dc6afebb467f87c0b61,gusu_qing_candidate,姑苏版画（候选）,1,610,1024,2553,60,2,0.973689500918567,0.5937916794555036,True,19,0.3359109728497505,0.9329433751003074,0.21068718029323483,automatic_candidate_detected_needs_manual_review,pending,candidate_screening_not_human_verified
IMG-0213,b3cd33da926ca73751733bcddd59d7b76b908ea32a5189208bde3433fc17195b,gusu_qing_candidate,姑苏版画（候选）,1,1024,850,1501,29,2,0.01604105320680676,0.942878546650307,True,14,0.5533388937068091,0.8748420460137248,0.3572906579646366,automatic_candidate_detected_needs_manual_review,pending,candidate_screening_not_human_verified
IMG-0147,b46a4d5940850a60d22d9810cc7b6aef2f24335d1f095bedf632ca306b6b9881,gusu_qing_candidate,姑苏版画（候选）,1,1024,902,5236,34,2,-0.5038215594765086,0.9435148403784539,False,12,0.3945047280262411,1.1166015918963568,0.22572790846951266,automatic_candidate_detected_needs_manual_review,pending,candidate_screening_not_human_verified
IMG-0232,b46ae53eec282ec8f1ae9e324a02c6a9050465cb834c4350f95aa462e6801b95,gusu_qing_candidate,姑苏版画（候选）,1,707,1024,1616,72,2,0.021912491586519648,0.780528829108041,True,26,0.35755797671317,1.0399806373187608,0.21257762227303492,automatic_candidate_detected_needs_manual_review,pending,candidate_screening_not_human_verified
IMG-0109,b5baa958fe3f48ac1276f96b8d7623b8af9555f0552dd2ec0c5c756beef00c25,gusu_qing_candidate,姑苏版画（候选）,1,534,1024,3397,138,1,0.8841337088542986,0.010454460558787088,True,42,0.2833176621454364,0.9831508814094599,0.1732946471550755,automatic_candidate_detected_needs_manual_review,pending,candidate_screening_not_human_verified
IMG-0318,b6bb4ae47d5a340e2fb68106c4efbea65b673fa11e0059336bffb6139d61e656,gusu_qing_candidate,姑苏版画（候选）,1,555,1024,3867,26,0,,,,0,0.0,,0.0,no_candidate_detected_under_fixed_parameters_not_proof_of_absence,pending,candidate_screening_not_human_verified
IMG-0338,b6fcc57251e2729bf7013dff6f17cc6125f16a16026719c153b2a7a596bb8281,gusu_qing_candidate,姑苏版画（候选）,1,644,1024,3122,6,0,,,,0,0.0,,0.0,no_candidate_detected_under_fixed_parameters_not_proof_of_absence,pending,candidate_screening_not_human_verified
IMG-0445,b7603d3d9d56036200b99d396c9e33da896dc8b0b6cb6fb0e6d605dd6add275d,gusu_qing_candidate,姑苏版画（候选）,1,1024,842,2941,6,0,,,,0,0.0,,0.0,no_candidate_detected_under_fixed_parameters_not_proof_of_absence,pending,candidate_screening_not_human_verified
IMG-0179,b7ac7523bb8cd5de28717a1189ac264116b5a599490c856e67cf093488e06bce,gusu_qing_candidate,姑苏版画（候选）,1,647,1024,2005,82,2,0.6027333349858556,-0.20798059809646646,False,36,0.4423567600557491,1.039663796763139,0.2630343961781391,automatic_candidate_detected_needs_manual_review,pending,candidate_screening_not_human_verified
IMG-0165,b7edda828317680998232986be9543c0f061d8282d4be6da628d2ef31133fe24,gusu_qing_candidate,姑苏版画（候选）,1,1024,994,3596,250,2,2.420714895897258,0.8324728068686165,False,75,0.3150630795971185,1.4745701972597425,0.1507296406623234,automatic_candidate_detected_needs_manual_review,pending,candidate_screening_not_human_verified
IMG-0440,b88eed33eddc84b277533977a1bb29e9c44f8e33126dd077c779cc3bc251dbb2,gusu_qing_candidate,姑苏版画（候选）,1,568,1024,3039,80,2,0.04076452909722764,0.9788129880570139,True,20,0.2771090893787922,1.3187365089309853,0.14331471248224525,automatic_candidate_detected_needs_manual_review,pending,candidate_screening_not_human_verified
IMG-0216,b95e56c7b74a5686d3f698a6fc60730ec4cdc56b0a053951355a01b89aa51641,gusu_qing_candidate,姑苏版画（候选）,1,1024,810,2461,51,2,0.03553155190971476,0.9798683087191049,True,18,0.49158909251861144,0.3361796849383755,0.4155293905862312,automatic_candidate_detected_needs_manual_review,pending,candidate_screening_not_human_verified
IMG-0305,babfa56fc02427e7be3c46cdd905cacc1fb51677cc4c2d400c5841d424d4a992,gusu_qing_candidate,姑苏版画（候选）,1,562,1024,1995,15,1,0.5180537483028308,0.1513979746204178,True,6,0.45533576011082744,0.884142679614692,0.14632300788300343,automatic_candidate_detected_needs_manual_review,pending,candidate_screening_not_human_verified
IMG-0311,bb6a7347c586225760dd3daee07573d1981be07c48669c8044dc1b030851d322,gusu_qing_candidate,姑苏版画（候选）,1,521,1024,3349,16,1,4.855902152905804,0.9339347886925015,False,6,0.3659858799988516,1.1286627409106946,0.10407545890127445,automatic_candidate_detected_needs_manual_review,pending,candidate_screening_not_human_verified
IMG-0082,bbe2e3aad2af69896ef8b44584c1efbc33fb6c09744c234ed8b9e16c271152a0,gusu_qing_candidate,姑苏版画（候选）,1,1024,956,4104,177,0,,,,0,0.0,,0.0,no_candidate_detected_under_fixed_parameters_not_proof_of_absence,pending,candidate_screening_not_human_verified
IMG-0100,bc1662499d29cdde0bd7954437f7a9e315de884ccd89dab086b5bf81afcc44ad,gusu_qing_candidate,姑苏版画（候选）,1,576,1024,2763,104,1,0.35785152602679104,-1.349414357768232,False,33,0.313150064627898,0.6164102115408879,0.23009158137938002,automatic_candidate_detected_needs_manual_review,pending,candidate_screening_not_human_verified
IMG-0255,bc2a393f66506fb24da57b67c837dcd7c609c01a6dea0d4150608df9f338a8a3,gusu_qing_candidate,姑苏版画（候选）,1,1024,1011,5694,54,2,0.032808150646412536,0.9596731485385047,True,16,0.46078891316988596,0.28121067173371156,0.4003482179442481,automatic_candidate_detected_needs_manual_review,pending,candidate_screening_not_human_verified
IMG-0200,bd6757a3c2ac6ede5abb7d22116dc7cf06c60f12abef06b6427c87d505fed3f0,gusu_qing_candidate,姑苏版画（候选）,1,581,1024,1379,50,1,0.9582628269252497,-0.37579214539230454,False,13,0.33467587624269585,1.251046077923059,0.1790454153854047,automatic_candidate_detected_needs_manual_review,pending,candidate_screening_not_human_verified
IMG-0208,be5d3e3366a76bdbdce8379e6c5e526318af87ad302797ec6c80777bb6423e9e,gusu_qing_candidate,姑苏版画（候选）,1,1024,977,2764,81,2,-0.4340118292430267,0.07702092822877928,False,17,0.261415679557985,1.1169753998218386,0.149548997631199,automatic_candidate_detected_needs_manual_review,pending,candidate_screening_not_human_verified
IMG-0169,be8c5826147db48c05231d58ecf2f7ca7c4db97db4d68e058fad0eb6a05f0429,gusu_qing_candidate,姑苏版画（候选）,1,971,1024,3335,174,0,,,,0,0.0,,0.0,no_candidate_detected_under_fixed_parameters_not_proof_of_absence,pending,candidate_screening_not_human_verified
IMG-0446,bea1f73dc1d441b1cffec14b188867a109e34caf084af76611d598f0ff445a70,gusu_qing_candidate,姑苏版画（候选）,1,554,1024,3031,65,2,0.356766073331749,-1.948574447774035,False,28,0.4099649897110982,0.6930105968503804,0.2899088220089438,automatic_candidate_detected_needs_manual_review,pending,candidate_screening_not_human_verified
IMG-0252,bfebfaa78d5d176bf7d7635600bc33422e783e8735360a9bf054ee39a71b381e,gusu_qing_candidate,姑苏版画（候选）,1,1024,611,5009,27,2,-0.016522445390874607,0.038771232851760415,False,9,0.4108068237803676,0.7736376521888778,0.20926935253485127,automatic_candidate_detected_needs_manual_review,pending,candidate_screening_not_human_verified
IMG-0301,c00807567c898b4903cfe931a41675ac33b621b35b258b279a6ec961a4ad1bf9,gusu_qing_candidate,姑苏版画（候选）,1,1024,544,2050,80,2,0.09733973817356639,0.95157944067671,True,16,0.3002439924308388,1.1176677319623103,0.17170220091940863,automatic_candidate_detected_needs_manual_review,pending,candidate_screening_not_human_verified
IMG-0192,c128c4e6c80e1c9ad75f4b801ecb8bff662ea64c33543817bd3e1384ee37c8f8,gusu_qing_candidate,姑苏版画（候选）,1,615,1024,3283,75,2,0.9718338788721798,0.6539451340736874,True,17,0.2589818401253317,1.118966415678469,0.14800924470790366,automatic_candidate_detected_needs_manual_review,pending,candidate_screening_not_human_verified
IMG-0340,c13e06ee61c6c9a940f93efadf114f984a067cb27d0cdec418dee6756f5c57e2,gusu_qing_candidate,姑苏版画（候选）,1,669,1024,3712,108,2,-3.2012575918893806,0.779237916998041,False,32,0.2917563576718995,1.6703567183365517,0.12656306269384576,automatic_candidate_detected_needs_manual_review,pending,candidate_screening_not_human_verified
IMG-0157,c1680816675e039fb3fb4cb83d3cd8b49f6abdccac4f1f6ccff30dde36b40c40,gusu_qing_candidate,姑苏版画（候选）,1,1024,689,3435,75,2,0.934440624080324,0.9583561248064327,True,27,0.36674802418222,1.1087734017635653,0.21066903105060655,automatic_candidate_detected_needs_manual_review,pending,candidate_screening_not_human_verified
IMG-0264,c1a0da50f842bb5ec735fc01486569876368927b3d93786f7c668bdc952ce428,gusu_qing_candidate,姑苏版画（候选）,1,1024,996,4190,116,2,0.7560351342545778,0.04518838317022626,True,25,0.26355448482263294,1.3484544352345198,0.13429419822842958,automatic_candidate_detected_needs_manual_review,pending,candidate_screening_not_human_verified
IMG-0410,c1f2a8034804406d5f1468e02126f9915a89ac504ac4cac738ba9635f477560f,gusu_qing_candidate,姑苏版画（候选）,1,524,1024,1672,39,2,0.7970252762401449,0.3088002677431718,True,11,0.2820020735662039,0.8109524573794706,0.1723326840623537,automatic_candidate_detected_needs_manual_review,pending,candidate_screening_not_human_verified
IMG-0065,c2478c397bc085fe6017e4ad35ad780a3fa0580150f3d47974936793e4abad4e,gusu_qing_candidate,姑苏版画（候选）,1,816,1024,1764,30,2,0.9503757092390088,0.9719171882906342,True,17,0.5578974115467462,0.4519266976630103,0.4450611757764842,automatic_candidate_detected_needs_manual_review,pending,candidate_screening_not_human_verified
IMG-0166,c2c0caa52a18407f74b6179ef47ca0dc872af4d25f95f39bbdc344c70e8fdbe0,gusu_qing_candidate,姑苏版画（候选）,1,1024,907,2584,55,2,0.1206117375728056,0.9661752969706376,True,16,0.34374063595782556,1.0538597722521075,0.20294956941134976,automatic_candidate_detected_needs_manual_review,pending,candidate_screening_not_human_verified
IMG-0358,c2c4594237efa38a609562cf94850b6a4b1eb63a896f4d24863335c4ca2ce519,gusu_qing_candidate,姑苏版画（候选）,1,504,1024,2273,95,2,1.7238225682667243,0.35795026081560183,False,40,0.4184066667935714,0.8826175456622958,0.26911668904429753,automatic_candidate_detected_needs_manual_review,pending,candidate_screening_not_human_verified
IMG-0391,c2fdd4957e039235ca18a1d62800bd617fdc01804cea3d32127c37d9622001a0,gusu_qing_candidate,姑苏版画（候选）,1,1024,672,4571,91,2,-0.5410765297525486,0.604312040618174,False,38,0.3672663596698927,0.9919680385382554,0.22365469923244466,automatic_candidate_detected_needs_manual_review,pending,candidate_screening_not_human_verified
IMG-0287,c32bc9705c828440ffadec50cf0ae1eca9f69b76a058b2257833fd3ced7ca2fc,gusu_qing_candidate,姑苏版画（候选）,1,1024,733,2692,204,1,1.4249338836107464,0.6722585804589575,False,38,0.200850563837114,1.9850097711756236,0.0744446787527081,automatic_candidate_detected_needs_manual_review,pending,candidate_screening_not_human_verified
IMG-0377,c3fe6083be46e9ba8361e0b137827abbac2961361aa37c1824d14e882155d5e5,gusu_qing_candidate,姑苏版画（候选）,1,1024,944,2013,90,1,-2.6630258394422697,0.6123456333016124,False,24,0.247818437928411,1.0792816152809308,0.1444676439643148,automatic_candidate_detected_needs_manual_review,pending,candidate_screening_not_human_verified
IMG-0240,c505b3b174bfaa25538ba7e7d2cc1bda718a68f7064e77a594c32c66e4c5d4c1,gusu_qing_candidate,姑苏版画（候选）,1,1024,768,1729,114,1,-1.117359406426529,0.1683904371303051,False,54,0.5404527766345403,0.4161995659193578,0.43891574969538966,automatic_candidate_detected_needs_manual_review,pending,candidate_screening_not_human_verified
IMG-0118,c58c7fca24d0e5f2f0b0577535112ec26510a871063d450a752d44de167f0a94,gusu_qing_candidate,姑苏版画（候选）,1,768,1024,2445,126,2,-0.9357064160859871,0.7879443568294736,False,28,0.2506177257356788,0.9755631454013456,0.15387601803087042,automatic_candidate_detected_needs_manual_review,pending,candidate_screening_not_human_verified
IMG-0372,c5eaa91d4c2eca8f0231369513b28454c0f3ff2e32badf2c561d18a27f711292,gusu_qing_candidate,姑苏版画（候选）,1,550,1024,3536,82,2,-4.179545733978614,0.6294913592262859,False,34,0.4274825857343663,0.907692426448185,0.2715285632548167,automatic_candidate_detected_needs_manual_review,pending,candidate_screening_not_human_verified
IMG-0343,c6a62613d89231b096d30959d51878cfe2eb70662494070d799023aeed41246f,gusu_qing_candidate,姑苏版画（候选）,1,528,1024,669,34,2,0.10000858669432817,0.9423337668478002,True,12,0.46956970403167914,0.525430463570816,0.3610807148684917,automatic_candidate_detected_needs_manual_review,pending,candidate_screening_not_human_verified
IMG-0404,c81f4dc2d85b81de17c825ed794271be127de1f86bbc7d6e1706bf1400f9f75c,gusu_qing_candidate,姑苏版画（候选）,1,1024,709,3531,50,0,,,,0,0.0,,0.0,no_candidate_detected_under_fixed_parameters_not_proof_of_absence,pending,candidate_screening_not_human_verified
IMG-0259,c8ac606bfb0188a1738083d8dbd6ebbea8f92b5ebd304b75617780534cc491d4,gusu_qing_candidate,姑苏版画（候选）,1,1024,988,4024,97,2,0.961594908507281,0.9463943434029658,True,32,0.3403785575239868,0.6668817782812966,0.24386566333498155,automatic_candidate_detected_needs_manual_review,pending,candidate_screening_not_human_verified
IMG-0110,c92b61635f7abf8077f95fa312009cacd2e46dc05de3cf2ef85d304dd93116f9,gusu_qing_candidate,姑苏版画（候选）,1,544,1024,3231,250,2,3.111197330839038,-0.6423491276100414,False,119,0.47796844649549275,0.47256313652513254,0.3773839674827464,automatic_candidate_detected_needs_manual_review,pending,candidate_screening_not_human_verified
IMG-0248,c947f9bf18b77499bce8f4d9433c7e08ef5bf186c6f76345f9b4564e1493f8bf,gusu_qing_candidate,姑苏版画（候选）,1,1024,724,2230,97,2,0.14815834354005245,0.8868955471790574,True,18,0.3157494713133931,1.5735342938627808,0.1437652757206258,automatic_candidate_detected_needs_manual_review,pending,candidate_screening_not_human_verified
IMG-0389,c94cfdfc1228f6d27d4197698d1276dbea7ca6745ae93d0b6db47584c60347c3,gusu_qing_candidate,姑苏版画（候选）,1,1024,656,3476,111,0,,,,0,0.0,,0.0,no_candidate_detected_under_fixed_parameters_not_proof_of_absence,pending,candidate_screening_not_human_verified
IMG-0406,c9d8013919d82ecb0c219f8303c00f47f380cbd4ebd06df177ac547a1634d410,gusu_qing_candidate,姑苏版画（候选）,1,1024,637,1976,49,2,0.9345902209006797,0.8835890973297875,True,10,0.2015175542847203,1.0137867261312343,0.1011557669440891,automatic_candidate_detected_needs_manual_review,pending,candidate_screening_not_human_verified
IMG-0261,ca93b7372376ae11aaad65e20c526159b3daabfd64574e7a55f97dd2feb639b8,gusu_qing_candidate,姑苏版画（候选）,1,999,1024,4858,89,2,0.958820870017824,0.04227985978656166,True,23,0.3663806347112226,0.4256630213360615,0.296142651173301,automatic_candidate_detected_needs_manual_review,pending,candidate_screening_not_human_verified
IMG-0226,caecfafd7cd99c0ad58aeb6b3654590e3bf2097e6bbe949df0204bd3b32b9fc5,gusu_qing_candidate,姑苏版画（候选）,1,592,1024,2621,135,2,1.1076324415652232,0.3710091019973478,False,38,0.28240779517757914,0.4311412414644581,0.22764365458261285,automatic_candidate_detected_needs_manual_review,pending,candidate_screening_not_human_verified
IMG-0234,cb6689893349b60ef7f76efec6d8d8e431e29629042876c2f4cab48d6112b135,gusu_qing_candidate,姑苏版画（候选）,1,768,1024,1938,68,2,0.45570082797478184,3.5759096063949163,False,24,0.4407909230000109,0.3225905095642594,0.3751310421790773,automatic_candidate_detected_needs_manual_review,pending,candidate_screening_not_human_verified
IMG-0325,cb7a8f03518463c3c75a0ffcb9e1237a9b4435afa3b6a63e76e4d484e4536462,gusu_qing_candidate,姑苏版画（候选）,1,579,1024,3222,95,2,0.4519480129889524,2.6478157164261042,False,29,0.30694495634681296,1.181681119596713,0.1700050047675888,automatic_candidate_detected_needs_manual_review,pending,candidate_screening_not_human_verified
IMG-0209,cc6b8661ec588cee9b11d5ce072bfd6783eaaf74048179c0513335b3ed9abaf6,gusu_qing_candidate,姑苏版画（候选）,1,1024,840,2034,64,2,0.9667245315456896,0.9107993353510406,True,24,0.3641100444174678,0.9331229860421147,0.22835345019440503,automatic_candidate_detected_needs_manual_review,pending,candidate_screening_not_human_verified
IMG-0371,cd654e1b3ff946a84c31776e41f91777d4f8a5c8be0450ce0b7af1037d5d2c29,gusu_qing_candidate,姑苏版画（候选）,1,1024,758,4382,80,2,0.8539940862777936,0.3263527936450646,True,23,0.356503605052104,0.9293478566691888,0.22400545938594957,automatic_candidate_detected_needs_manual_review,pending,candidate_screening_not_human_verified
IMG-0398,ce45e0a0423fec7b2dc3777c58702ee35b6704e337c2082a2bdcc87351ce48b2,gusu_qing_candidate,姑苏版画（候选）,1,562,1024,1932,37,2,0.6222316196234918,0.9755783758660636,True,9,0.3024997677190867,0.3131631559693695,0.1939919879848527,automatic_candidate_detected_needs_manual_review,pending,candidate_screening_not_human_verified
IMG-0426,ce69c0054ccc69c52473cd053bfbf8d661d18a244659b8f3cbd8b998614ba79a,gusu_qing_candidate,姑苏版画（候选）,1,514,1024,1989,34,1,0.17360980748117613,0.8959764914910637,True,11,0.307154694646485,0.8979551966462291,0.17971325209330968,automatic_candidate_detected_needs_manual_review,pending,candidate_screening_not_human_verified
IMG-0436,d03c7c6baf0456ec54c0e9540220ad30ab60ae03fac687de7d62f602551ff9f3,gusu_qing_candidate,姑苏版画（候选）,1,769,1024,2403,152,2,4.941070578863391,0.7204864887956226,False,37,0.2362848238911389,0.8534002909630213,0.1542134702072256,automatic_candidate_detected_needs_manual_review,pending,candidate_screening_not_human_verified
IMG-0408,d08a5276f95b629a7b872f4c610c56f8b385881c5c0625701317253e70c322a3,gusu_qing_candidate,姑苏版画（候选）,1,1024,566,2785,47,2,2.041069858076158,0.6712271054951813,False,16,0.4261044616115728,0.41886848196734094,0.3455890285305817,automatic_candidate_detected_needs_manual_review,pending,candidate_screening_not_human_verified
IMG-0016,d1104a165366337df7d216ef185200353a4a736e54512b7d39ba0d1fb6a714db,gusu_qing_candidate,姑苏版画（候选）,1,1024,802,3050,4,0,,,,0,0.0,,0.0,insufficient_long_lines_under_fixed_parameters,pending,candidate_screening_not_human_verified
IMG-0350,d113f7f8a9efea05638abdc8f64ed20f1ff4f86cbe31ad6729f7981846a4b95f,gusu_qing_candidate,姑苏版画（候选）,1,1024,653,3659,230,2,2.3250630261679626,0.6727847675308426,False,108,0.47452788457003364,1.4470445238572467,0.23016538612200463,automatic_candidate_detected_needs_manual_review,pending,candidate_screening_not_human_verified
IMG-0038,d166c6c1bf26e8eb729287a707879e4690486bd138114cb1b0c35626cdf51462,gusu_qing_candidate,姑苏版画（候选）,1,1024,1020,3471,10,1,0.3346009811302174,1.054348176326272,False,5,0.46750465892790866,0.964503580537073,0.12026393509982779,automatic_candidate_detected_needs_manual_review,pending,candidate_screening_not_human_verified
IMG-0395,d1701dfba9a1e792fde51932aec6d2860e6a18c5393642811797f47792db10ed,gusu_qing_candidate,姑苏版画（候选）,1,541,1024,2819,69,2,0.21556583613091723,0.28585096388990533,True,18,0.3645799503978113,0.9980164055701182,0.22134834167162268,automatic_candidate_detected_needs_manual_review,pending,candidate_screening_not_human_verified
IMG-0151,d19c1dc7cc486df53758187cc20b28215d96c837f68d6eab5178c3642f0ccc2c,gusu_qing_candidate,姑苏版画（候选）,1,1024,733,2592,58,2,0.035929966555866444,0.038222615474559095,True,20,0.4161924592784049,0.7902470299457686,0.2803459232440913,automatic_candidate_detected_needs_manual_review,pending,candidate_screening_not_human_verified
IMG-0229,d1d9a17adce0df009d510b19d6fdc8084a990576f6ec466475f7e27ffb9c70f9,gusu_qing_candidate,姑苏版画（候选）,1,768,1024,3537,44,2,0.10461804278901687,0.9276410299155656,True,15,0.37988105004234274,0.4481110853106433,0.3036278077959437,automatic_candidate_detected_needs_manual_review,pending,candidate_screening_not_human_verified
IMG-0238,d1ff2b9eae4a2dce4e5b175cf297cdbeecabad32373f62de4061a7522714b149,gusu_qing_candidate,姑苏版画（候选）,1,1024,768,1945,129,2,-0.9940320765753647,0.4567589015211533,False,57,0.4573094371566243,0.7613787993360444,0.3125207501553962,automatic_candidate_detected_needs_manual_review,pending,candidate_screening_not_human_verified
IMG-0356,d246405ad4ffb1c269dcc86f206ef994d2aea3cadda1056bb6cb3bddfb5a0999,gusu_qing_candidate,姑苏版画（候选）,1,575,1024,3418,38,2,0.4006269944366848,0.3751066936815545,True,11,0.3037800787379304,0.8715274269917778,0.18010300260474313,automatic_candidate_detected_needs_manual_review,pending,candidate_screening_not_human_verified
IMG-0047,d2527cf71e87fdd7b12cdce027b04ea076ec3895ad7e640f4af7edcb8685e05c,gusu_qing_candidate,姑苏版画（候选）,1,1024,913,3492,64,2,0.7926638804852076,0.6518769781529282,True,29,0.46670491409519665,1.0056210210262293,0.2822763828044013,automatic_candidate_detected_needs_manual_review,pending,candidate_screening_not_human_verified
IMG-0310,d305287d0a70d347702338eebe5e65ad1c3299432b924d039d6d4a463f1b6c2c,gusu_qing_candidate,姑苏版画（候选）,1,579,1024,4380,19,1,-5.377455803043256,0.5580730778939692,False,7,0.3688041952631797,0.5380862370526295,0.1643874674731607,automatic_candidate_detected_needs_manual_review,pending,candidate_screening_not_human_verified
IMG-0314,d47a2881e6b44a6cce807b2c8f4ac533a02826f671e20f6902ba23bd33e665f5,gusu_qing_candidate,姑苏版画（候选）,1,1024,472,3196,65,2,0.25151160583923365,0.052306935207020566,True,12,0.273458638221392,0.7239877228752077,0.190405596940627,automatic_candidate_detected_needs_manual_review,pending,candidate_screening_not_human_verified
IMG-0286,d4f1e161facebe89b1b14a9fe324590982e046728a19718dc829adf3e0b68fe1,gusu_qing_candidate,姑苏版画（候选）,1,1024,720,2502,113,2,0.9646340970952041,0.5478883213440024,True,30,0.2113678654060675,1.3925106803164875,0.10535596013279877,automatic_candidate_detected_needs_manual_review,pending,candidate_screening_not_human_verified
IMG-0197,d5986649b05ad82d6e299b9bcd28cf9d7f6436834a666aabb5a1d98d173f3ae2,gusu_qing_candidate,姑苏版画（候选）,1,651,1024,2338,86,2,0.02782841890147855,0.1561610402723347,True,14,0.3115806222415536,0.43265593225602117,0.2509691838294324,automatic_candidate_detected_needs_manual_review,pending,candidate_screening_not_human_verified
IMG-0089,d5dbf8810d23dcf2b85249dca96c41628213f82a276e448a017b756b723fccea,gusu_qing_candidate,姑苏版画（候选）,1,832,1024,2127,36,2,0.205867899897538,0.9438537794274883,True,11,0.3105203811414211,0.7662816207147642,0.1940464089059611,automatic_candidate_detected_needs_manual_review,pending,candidate_screening_not_human_verified
IMG-0285,d61d39937d47ad908d62a14fd2369053703afe766ed6a1bbeba65b88ccad71f5,gusu_qing_candidate,姑苏版画（候选）,1,1024,541,1596,70,2,0.9465886220639484,0.9172907473633745,True,10,0.2442076358779943,0.9839613790510523,0.12442667465671356,automatic_candidate_detected_needs_manual_review,pending,candidate_screening_not_human_verified
IMG-0414,d66d0218e585b05d1b8394f3ccb15291994141eda29bc3b83f0cde4d8785f514,gusu_qing_candidate,姑苏版画（候选）,1,1024,838,2702,12,1,0.4938751805391371,0.9151172002590703,True,5,0.438056307597843,0.7683856423443355,0.12429849613205324,automatic_candidate_detected_needs_manual_review,pending,candidate_screening_not_human_verified
IMG-0107,d773adf1895c28e7a7efddf2b47054da3f56ec837de3d694b72ac93ca29fc970,gusu_qing_candidate,姑苏版画（候选）,1,1024,717,3770,54,2,-1.0552678414194825,0.8646277311618753,False,26,0.5083149700165883,0.9453862628077473,0.3168435578681111,automatic_candidate_detected_needs_manual_review,pending,candidate_screening_not_human_verified
IMG-0026,d7edcc46120e4efb9fb2d57368729cdcc337df97a127d7479a758f3548e23b04,gusu_qing_candidate,姑苏版画（候选）,1,989,1024,5395,72,1,0.02372355011957649,0.9758632619420932,True,15,0.38084823152646274,0.44655057633993883,0.3046384504660071,automatic_candidate_detected_needs_manual_review,pending,candidate_screening_not_human_verified
IMG-0230,d8509a8d131b315d2893db07e87ec49a841513f3d5a440f8ef8e5f345aa96d42,gusu_qing_candidate,姑苏版画（候选）,1,768,1024,2218,31,2,0.8272442778138761,0.9707509252430762,True,8,0.4237733585062997,1.2078794626213964,0.15443818837988554,automatic_candidate_detected_needs_manual_review,pending,candidate_screening_not_human_verified
IMG-0274,d8797420d05ec88e3943c67842e56f8a973f527587f96a0a79a3881eadcd5984,gusu_qing_candidate,姑苏版画（候选）,1,1024,683,3909,96,2,1.8400165731331242,0.5225434210084015,False,35,0.30561794946873844,1.1184113140816965,0.17471046773649093,automatic_candidate_detected_needs_manual_review,pending,candidate_screening_not_human_verified
IMG-0321,d9190a11a3d526e173792c2d8b0ef14aaa45f54ea072be1969b0eb9e6c082082,gusu_qing_candidate,姑苏版画（候选）,1,582,1024,3394,29,1,0.238016378920327,0.6902443036824908,True,5,0.21052550507487813,1.3952475969116616,0.043663576909160826,automatic_candidate_detected_needs_manual_review,pending,candidate_screening_not_human_verified
IMG-0451,d9c79e6e38467f6c8de85a6bafb56ec530e4758ecfd2a93876392cb632054497,gusu_qing_candidate,姑苏版画（候选）,1,513,1024,2191,11,0,,,,0,0.0,,0.0,no_candidate_detected_under_fixed_parameters_not_proof_of_absence,pending,candidate_screening_not_human_verified
IMG-0315,d9fc95e95e1def436aa4ea2fa2790ffcaf99013b77ba0a3ce0f5a2515adce285,gusu_qing_candidate,姑苏版画（候选）,1,768,1024,6199,81,2,0.26992804893086925,0.8129807369774006,True,19,0.2648873654631004,0.3437937466223403,0.22305264645021228,automatic_candidate_detected_needs_manual_review,pending,candidate_screening_not_human_verified
IMG-0051,da21deccc467719e84b452d61e295aad10ac1f4ca0547dd8359baf4546b51d35,gusu_qing_candidate,姑苏版画（候选）,1,605,1024,3106,47,2,0.982299830169721,0.022544060592439123,True,8,0.3415322358495199,1.3479975199667158,0.1160450179200755,automatic_candidate_detected_needs_manual_review,pending,candidate_screening_not_human_verified
IMG-0221,da27fff3377c8f865c2fceafe94ae7e655bd01c314afa15e3b1b4342f06827bd,gusu_qing_candidate,姑苏版画（候选）,1,1024,783,2374,21,2,0.5031086499457493,0.9830536207034782,True,10,0.4942598690259683,1.2221219907616234,0.22355978604320506,automatic_candidate_detected_needs_manual_review,pending,candidate_screening_not_human_verified
IMG-0231,da64c9cff3c375068d67c5083b8decc20ad8e3dfc422194e7e8c8b95f2fc29a9,gusu_qing_candidate,姑苏版画（候选）,1,889,1024,1914,70,2,0.0865450096090953,-2.5880803803453305,False,14,0.28504455417963354,0.4198568507446397,0.2310691631150636,automatic_candidate_detected_needs_manual_review,pending,candidate_screening_not_human_verified
IMG-0365,dbcf7765e3b46cbe0f2cf640b8b5d48ad6a9e3d32ec1c8a576006b5433a64a8a,gusu_qing_candidate,姑苏版画（候选）,1,1024,713,6075,20,2,0.6272613737110604,0.6988893856576076,True,7,0.3731782790242439,1.5491693161968054,0.10033103877597525,automatic_candidate_detected_needs_manual_review,pending,candidate_screening_not_human_verified
IMG-0351,dbe9fa0df73b78182cf3426263457b5d258cb97d2e80c7d47f20daaa8324644e,gusu_qing_candidate,姑苏版画（候选）,1,1020,1024,6017,104,2,-0.2569882304128627,0.7043813357435511,False,29,0.2790739809587815,1.0554315324171677,0.16463997910782827,automatic_candidate_detected_needs_manual_review,pending,candidate_screening_not_human_verified
IMG-0193,dbf09f5af43cb985ca6a5cd17b2357bcc606971105feeba81d82d9e7b2d2e526,gusu_qing_candidate,姑苏版画（候选）,1,1024,630,3614,64,2,1.8601969505827884,0.914597110767477,False,23,0.3899596698492819,0.8618561417576062,0.25343699513907414,automatic_candidate_detected_needs_manual_review,pending,candidate_screening_not_human_verified
IMG-0352,dc68789524c33dc21f03ba867d37e1d0c8ff71ba51804eba4f2e93c03b6bb7c6,gusu_qing_candidate,姑苏版画（候选）,1,569,1024,2159,105,0,,,,0,0.0,,0.0,no_candidate_detected_under_fixed_parameters_not_proof_of_absence,pending,candidate_screening_not_human_verified
IMG-0401,dd38794546463483bbf387462a587d8125970eabb8ce34669d8bdca0751ad766,gusu_qing_candidate,姑苏版画（候选）,1,655,1024,2050,32,2,-0.8205125566064742,0.7123179950196256,False,11,0.38367602894806985,1.0436117796133644,0.20871741486327425,automatic_candidate_detected_needs_manual_review,pending,candidate_screening_not_human_verified
IMG-0124,de08a97122d4515e90c4d2b61d6f97a17c6c69787618008d80ff6901419b01f6,gusu_qing_candidate,姑苏版画（候选）,1,652,1024,3889,100,2,0.9634674536416198,0.9433730694984807,True,15,0.21999933331426297,0.8640562051366998,0.14282161634146806,automatic_candidate_detected_needs_manual_review,pending,candidate_screening_not_human_verified
IMG-0086,de8c3cd5a8f438ba138519786c1ed7141d43c24983979a2ba5ed5c5f16027384,gusu_qing_candidate,姑苏版画（候选）,1,1024,823,1896,2,0,,,,0,0.0,,0.0,insufficient_long_lines_under_fixed_parameters,pending,candidate_screening_not_human_verified
IMG-0392,dffca64734bbc3c13258913ab3d14eafa7e02afb04b11c744a0efb1de3dbcaae,gusu_qing_candidate,姑苏版画（候选）,1,549,1024,2288,93,2,-0.6113455136914424,0.5070111992534845,False,17,0.2239250927503499,1.3430079265044486,0.11441218955363491,automatic_candidate_detected_needs_manual_review,pending,candidate_screening_not_human_verified
IMG-0004,e0b1e8e52ac0e6659917f611a2f7afdccec851b128a65ea7a9eab63757e354b7,gusu_qing_candidate,姑苏版画（候选）,1,808,1024,2896,36,2,0.8383468668390553,0.545973099092392,True,8,0.2865627420728456,1.359518996948538,0.09680831609019094,automatic_candidate_detected_needs_manual_review,pending,candidate_screening_not_human_verified
IMG-0207,e1f07afc3d606c13b8ae59f8ce687eb32c1aec633f7d8b8b03e928e58c2857ea,gusu_qing_candidate,姑苏版画（候选）,1,1024,1009,2783,43,2,0.10962880033956056,0.8204746659697011,True,8,0.17582630353189097,0.7542168479313021,0.08039267490565173,automatic_candidate_detected_needs_manual_review,pending,candidate_screening_not_human_verified
IMG-0069,e2a58383f7d1b72ea6c777c0ca0ddc2ce59fbae4aa3fa27b216849d9d077a56a,gusu_qing_candidate,姑苏版画（候选）,1,1024,956,2834,29,2,0.028659525272171096,0.026560816555056883,True,17,0.653903924677928,0.6915682781089606,0.4627450698856566,automatic_candidate_detected_needs_manual_review,pending,candidate_screening_not_human_verified
IMG-0294,e2a6359566166b1c5cfa77da569f45890694e80b2d8e901b1be1c43cad188dc2,gusu_qing_candidate,姑苏版画（候选）,1,805,1024,2493,25,2,0.6523795231048902,0.34315008478078374,True,9,0.3673852801976435,1.4988781504709,0.13022841661150755,automatic_candidate_detected_needs_manual_review,pending,candidate_screening_not_human_verified
IMG-0341,e5469d87f858a19fe16837a827bae1882945b60d6941622f671e8dffb086c5e2,gusu_qing_candidate,姑苏版画（候选）,1,1024,804,4338,250,0,,,,0,0.0,,0.0,no_candidate_detected_under_fixed_parameters_not_proof_of_absence,pending,candidate_screening_not_human_verified
IMG-0022,e588a82f9379923a3f9fb7c8ac65d383bdabb0f70b4e800f36d94ca61d04656b,gusu_qing_candidate,姑苏版画（候选）,1,1024,796,1732,30,2,1.2542539108941149,0.7512671625574697,False,14,0.4649917848554279,0.8840986504798396,0.29885855857197513,automatic_candidate_detected_needs_manual_review,pending,candidate_screening_not_human_verified
IMG-0442,e6362a059752761cc257db5a9f4e66dd64b0f6bde2e1db98dc8c5fcf4092a265,gusu_qing_candidate,姑苏版画（候选）,1,618,1024,1952,59,2,0.0358823151069973,0.6808979700550312,True,13,0.2544874443113116,1.0788780462279066,0.14838533082065813,automatic_candidate_detected_needs_manual_review,pending,candidate_screening_not_human_verified
IMG-0333,e71d95daffbb661eddbda87afba094b0d7e5b0a3e4a1efaf0e7af78b980eacd6,gusu_qing_candidate,姑苏版画（候选）,1,708,1024,3959,39,0,,,,0,0.0,,0.0,no_candidate_detected_under_fixed_parameters_not_proof_of_absence,pending,candidate_screening_not_human_verified
IMG-0424,e750c929f7ec423b0dc50ac324a9960561b02304177dfe245e416cd9f3c91ab1,gusu_qing_candidate,姑苏版画（候选）,1,630,1024,1502,4,0,,,,0,0.0,,0.0,insufficient_long_lines_under_fixed_parameters,pending,candidate_screening_not_human_verified
IMG-0300,e78d6b929c39ebb849b83593b2b5fbcde6af74c3c2902371ce818a2aaac04074,gusu_qing_candidate,姑苏版画（候选）,1,1024,683,2108,58,2,0.8604074857659416,0.7847446245501791,True,20,0.389227905489202,1.1207738042265734,0.22224450401365684,automatic_candidate_detected_needs_manual_review,pending,candidate_screening_not_human_verified
IMG-0032,e874dc092c3e4d1968234cd81260a69458e864054f44dbeeb7a878a4adb2ef33,gusu_qing_candidate,姑苏版画（候选）,1,1024,802,2139,4,0,,,,0,0.0,,0.0,insufficient_long_lines_under_fixed_parameters,pending,candidate_screening_not_human_verified
IMG-0006,ea65d4a36e629b539c9484ea224046500213f8d15ea2e1fa740bee3f6ba25ce0,gusu_qing_candidate,姑苏版画（候选）,1,854,1024,2501,23,2,0.988321450493928,0.030204449269812104,True,11,0.710673542012617,0.222537234762539,0.5828519311810247,automatic_candidate_detected_needs_manual_review,pending,candidate_screening_not_human_verified
IMG-0164,eb06a7222be37247d6ad66bdd0409ef4beec4fc12a35a1903f4c5799fb215f46,gusu_qing_candidate,姑苏版画（候选）,1,1024,885,3814,121,2,0.9269503720948785,0.948590788932226,True,33,0.26561058921179553,0.8804956555507344,0.17102050439424865,automatic_candidate_detected_needs_manual_review,pending,candidate_screening_not_human_verified
IMG-0241,eb08c2083ea57e6b0cfc460ddd5543aa468228908fc9f22d90f2b0df6ce27ffc,gusu_qing_candidate,姑苏版画（候选）,1,1024,768,3924,63,2,0.8587371955805161,5.3442551760150385,False,23,0.474387294685009,0.9137139030852104,0.30041567949610015,automatic_candidate_detected_needs_manual_review,pending,candidate_screening_not_human_verified
IMG-0279,eb242f723b69be94b5fdb5c20f9465093f65b0abc5b948a8727247a7311747cb,gusu_qing_candidate,姑苏版画（候选）,1,578,1024,1539,77,2,-0.5653157486622499,0.9591858226494782,False,13,0.22381675191428216,0.19562865645723684,0.20296089337522027,automatic_candidate_detected_needs_manual_review,pending,candidate_screening_not_human_verified
IMG-0132,ec0222cba8da53d60e7575e011a8a74aea31dac19136ee8eb131cd5933012e27,gusu_qing_candidate,姑苏版画（候选）,1,550,1024,2199,74,2,0.04779770040281486,0.035936555480963125,True,22,0.3338138569279078,1.2907627337148484,0.17507284705172663,automatic_candidate_detected_needs_manual_review,pending,candidate_screening_not_human_verified
IMG-0135,ed1c14e2370743b12dbbc96a80fda5d62852ecc61d292f15357ec36efa942758,gusu_qing_candidate,姑苏版画（候选）,1,573,1024,2852,50,2,0.06016187755855257,-1.9758133536792464,False,12,0.33033712051947195,0.38108211072028486,0.2730275361118747,automatic_candidate_detected_needs_manual_review,pending,candidate_screening_not_human_verified
IMG-0104,edb8b8c4fec213a8c7b7cadf1465af944c234262b0ace12cce3f583ef0c3409d,gusu_qing_candidate,姑苏版画（候选）,1,651,1024,2124,15,2,0.9767203745207775,0.8047033230479133,True,9,0.5995699426175615,0.6578889212906902,0.32362521512860676,automatic_candidate_detected_needs_manual_review,pending,candidate_screening_not_human_verified
IMG-0308,ee04f064a915c7ea0f7bd9a3bc50d22f44976749f5bd5c42884c241811123740,gusu_qing_candidate,姑苏版画（候选）,1,669,1024,4648,4,0,,,,0,0.0,,0.0,insufficient_long_lines_under_fixed_parameters,pending,candidate_screening_not_human_verified
IMG-0322,ee1ee11d857de1de5168ebf28649663397458abb0b9ef1ff300a4f02f9d5028e,gusu_qing_candidate,姑苏版画（候选）,1,698,1024,4457,38,0,,,,0,0.0,,0.0,no_candidate_detected_under_fixed_parameters_not_proof_of_absence,pending,candidate_screening_not_human_verified
IMG-0324,ee3883efd687d3055bc6522a800afada86d878519396b3ea7aa24df43ab60347,gusu_qing_candidate,姑苏版画（候选）,1,1024,256,2135,35,2,0.8060176863877576,1.8061400871471718,False,10,0.34800604791198186,1.37477104648705,0.1458403862246446,automatic_candidate_detected_needs_manual_review,pending,candidate_screening_not_human_verified
IMG-0280,ee786d40a5024f81ea9fcab7e21d99fdf9976498a1a6448d9859325f89493cee,gusu_qing_candidate,姑苏版画（候选）,1,483,1024,1799,4,0,,,,0,0.0,,0.0,insufficient_long_lines_under_fixed_parameters,pending,candidate_screening_not_human_verified
IMG-0099,ee7f54ec3d9353aa16809aa1646a2675d314c513acbfb295cdcc3838f72453e1,gusu_qing_candidate,姑苏版画（候选）,1,576,1024,3137,125,1,0.028362800697412396,0.06589299977391114,True,31,0.3071770847366929,1.1990702110767486,0.16866074967011802,automatic_candidate_detected_needs_manual_review,pending,candidate_screening_not_human_verified
IMG-0061,ef0bd4fa31cecfd7217f5b706fb21a029b9c38ffb2f943e704b06b2ae7d60a8c,gusu_qing_candidate,姑苏版画（候选）,1,1024,1009,3940,72,2,0.5608752262061475,2.56508387523854,False,24,0.36646818488229826,0.8606854657954746,0.2383091967929125,automatic_candidate_detected_needs_manual_review,pending,candidate_screening_not_human_verified
IMG-0072,ef91a58f0ea4fe48bfecadcb3e669ed146cab628ef543c4b3884a52de2997337,gusu_qing_candidate,姑苏版画（候选）,1,1024,811,2451,20,2,0.016876410015343502,0.011968502029560036,True,12,0.6669066716678109,0.243878503284441,0.5903472139047687,automatic_candidate_detected_needs_manual_review,pending,candidate_screening_not_human_verified
IMG-0163,f178926db55fd22658c3be3f7ad50a58e9b162320840a967480d22745009c648,gusu_qing_candidate,姑苏版画（候选）,1,1024,726,4680,94,2,0.04927340533731405,0.956374522612141,True,31,0.397116157478292,0.9398222194557624,0.24822056260837252,automatic_candidate_detected_needs_manual_review,pending,candidate_screening_not_human_verified
IMG-0101,f1cf6cdd63f4980b70e68829a2d09f42334ace118cdb4f6ab435da253a7d5832,gusu_qing_candidate,姑苏版画（候选）,1,489,1024,3042,54,2,1.5202770634944232,0.2788255438909996,False,18,0.34548004868623977,0.9260118631764175,0.21744130754555957,automatic_candidate_detected_needs_manual_review,pending,candidate_screening_not_human_verified
IMG-0039,f2467a08d62c55f57e8d1c91e3a460a543cc46671189b3920d4d1eeb49ddc086,gusu_qing_candidate,姑苏版画（候选）,1,1006,1024,2624,8,0,,,,0,0.0,,0.0,no_candidate_detected_under_fixed_parameters_not_proof_of_absence,pending,candidate_screening_not_human_verified
IMG-0046,f2ebdaa3182628ab613b45aefa67dd5daba4c4e11d70178eb8d68216c821c990,gusu_qing_candidate,姑苏版画（候选）,1,1024,981,2713,2,0,,,,0,0.0,,0.0,insufficient_long_lines_under_fixed_parameters,pending,candidate_screening_not_human_verified
IMG-0432,f32016c4c8c419185122cfa2755155e1123a7ba2bd58de11b3afa3bbab554aa9,gusu_qing_candidate,姑苏版画（候选）,1,665,1024,2555,25,0,,,,0,0.0,,0.0,no_candidate_detected_under_fixed_parameters_not_proof_of_absence,pending,candidate_screening_not_human_verified
IMG-0224,f504a4359ec7c6d047b41b1b2e174c23fa53750877bee8a07ef1fd681478a349,gusu_qing_candidate,姑苏版画（候选）,1,830,1024,2508,69,2,0.018743679636098166,0.9711340320144893,True,17,0.4007312672231777,0.9505662576519146,0.24913823854076206,automatic_candidate_detected_needs_manual_review,pending,candidate_screening_not_human_verified
IMG-0018,f595667fefe85ffa4716d5e1cd3041088b877e77844bb3848a90697bcac458b9,gusu_qing_candidate,姑苏版画（候选）,1,805,1024,2458,28,2,0.37618188164007477,1.3589674708733714,False,10,0.3280570468572329,0.9607438647397248,0.16910063776829587,automatic_candidate_detected_needs_manual_review,pending,candidate_screening_not_human_verified
IMG-0048,f5f7dd8775422e708a2b9f3c4596fff136cf3ddb57095449f7a959803d8808d0,gusu_qing_candidate,姑苏版画（候选）,1,1024,979,4392,197,2,0.9835847280741054,0.06960216638016681,True,61,0.3567544431252453,0.8105701156768549,0.237879121761305,automatic_candidate_detected_needs_manual_review,pending,candidate_screening_not_human_verified
IMG-0223,f6ec18e5f9a8bb7708e860fbc435e7489d68ba109bf928203366d4f486e2286c,gusu_qing_candidate,姑苏版画（候选）,1,1024,811,2135,40,2,0.03279559795941784,0.9793419063508589,True,18,0.5587380288843672,0.4638942843365287,0.44307257318444637,automatic_candidate_detected_needs_manual_review,pending,candidate_screening_not_human_verified
IMG-0142,f780e0ba2127b15fff2b7dcc74ee83f0ec34b4600c860c5667101b3ce5709c54,gusu_qing_candidate,姑苏版画（候选）,1,769,1024,1873,15,0,,,,0,0.0,,0.0,no_candidate_detected_under_fixed_parameters_not_proof_of_absence,pending,candidate_screening_not_human_verified
IMG-0096,f918128c97726e2baf0c938b6656e8af7031f3e9e12e996075f50f08e499b838,gusu_qing_candidate,姑苏版画（候选）,1,647,1024,2326,83,2,0.8444519070635094,-1.4183135186303648,False,27,0.33485038255563226,1.3924256484391344,0.16691271124366253,automatic_candidate_detected_needs_manual_review,pending,candidate_screening_not_human_verified
IMG-0214,f990d3cab46daddef114156f4a6ca707933a61bb33c88204fc4d69a24aaa4b10,gusu_qing_candidate,姑苏版画（候选）,1,1024,799,1987,69,2,-1.0235986174770404,0.9060149198445293,False,19,0.26230395539962614,0.5732885145089361,0.19693223980375055,automatic_candidate_detected_needs_manual_review,pending,candidate_screening_not_human_verified
IMG-0149,fb69011945cbb4940cb8c5d75136828e9d3abd506a168ee13270cbc8975ca5f4,gusu_qing_candidate,姑苏版画（候选）,1,1024,706,2600,54,2,0.030637079269684404,0.9615893748619889,True,16,0.4772417596937757,0.649147993271024,0.3449671515485476,automatic_candidate_detected_needs_manual_review,pending,candidate_screening_not_human_verified
IMG-0431,fb8d9c77f9ce98c57df5089721cd1897be68f4604fdce77be60fbad72d687d82,gusu_qing_candidate,姑苏版画（候选）,1,1024,682,5028,112,2,0.7277607555721878,0.08038383825429457,True,17,0.18826171840698339,0.937235341782861,0.11782676387881592,automatic_candidate_detected_needs_manual_review,pending,candidate_screening_not_human_verified
IMG-0257,fbabc0ef123e5f3c852171f04b61bf6fa956b20191062577cd6bfdebec04a7f4,gusu_qing_candidate,姑苏版画（候选）,1,1009,1024,4040,35,2,0.034327696809206075,0.04960021513246913,True,12,0.5161764681676101,0.4185417799200563,0.4187096874078239,automatic_candidate_detected_needs_manual_review,pending,candidate_screening_not_human_verified
IMG-0098,fbe7499e393407722b55045f707b6f7a5be459889b33c0743f7f6c2a4d74e466,gusu_qing_candidate,姑苏版画（候选）,1,566,1024,2192,33,2,0.9576588171852324,1.5136572687202343,False,13,0.45207068192706035,1.0501371009324132,0.26740650549799,automatic_candidate_detected_needs_manual_review,pending,candidate_screening_not_human_verified
IMG-0272,fcad17c474d6aa8693d536e5c7ae99256d077015640ec431feabbea3d411aef5,gusu_qing_candidate,姑苏版画（候选）,1,1024,682,4159,238,2,2.6089948638990923,0.5536499886003691,False,86,0.3380280979398467,1.0283929937438019,0.20213433985786408,automatic_candidate_detected_needs_manual_review,pending,candidate_screening_not_human_verified
IMG-0071,fde312d7e5eea004a14f59a9d27cd936a253c26965118bbab4fe2c71f50ea4be,gusu_qing_candidate,姑苏版画（候选）,1,1024,985,3749,61,2,0.056085614691919514,0.031220624366093137,True,24,0.40888305045802437,0.9572165651908039,0.2533624044302119,automatic_candidate_detected_needs_manual_review,pending,candidate_screening_not_human_verified
IMG-0447,fe97e5ba8f78e9b1a4b4f5a654c1413d88e3cf5929bb40efb90ec8a0f9e77f33,gusu_qing_candidate,姑苏版画（候选）,1,554,1024,3012,57,2,0.47669977747128517,2.451540458879142,False,22,0.39749204144428213,1.1017820043324202,0.22912871278167515,automatic_candidate_detected_needs_manual_review,pending,candidate_screening_not_human_verified
IMG-0376,feade74562183a9550f65489ed9a13bb98d7eab8062c9afab8c83b23d0a1871d,gusu_qing_candidate,姑苏版画（候选）,1,1024,951,2878,77,2,0.8736336617188671,0.8842847479665717,True,14,0.24306559741977432,0.7751636319134336,0.16496767393874798,automatic_candidate_detected_needs_manual_review,pending,candidate_screening_not_human_verified
IMG-0470,48358aa9adc4a036be87bd8e6adad43cdc1625e01376b11e82cea10da5b8cf4a,taohuawu_1950s_candidate,桃花坞年画（候选）,2,768,1024,2136,27,2,0.6641551490121099,-1.0565627241923006,False,13,0.4198199220360377,1.1459214694545352,0.23671695093786488,automatic_candidate_detected_needs_manual_review,pending,candidate_screening_not_human_verified
IMG-0478,6d9e521d05d1eacd277182f14aaa5c2ffc1b2149aa9f58fddff7e35deae29c35,taohuawu_1950s_candidate,桃花坞年画（候选）,2,720,1024,4297,47,2,0.45314564906928073,-1.3140987869686511,False,21,0.4890476235527309,1.3455284348869687,0.24955907406551905,automatic_candidate_detected_needs_manual_review,pending,candidate_screening_not_human_verified
IMG-0476,715c5a73f6b6d6b82e0a69cfcc9c48a5c94d98db802bd2e789e26920452ecab2,taohuawu_1950s_candidate,桃花坞年画（候选）,2,689,1024,3612,35,2,0.4476776033806658,-1.3015568935305903,False,7,0.22851113409963186,1.3053914017979547,0.06940040716514874,automatic_candidate_detected_needs_manual_review,pending,candidate_screening_not_human_verified
IMG-0471,8ed0e49da7273f816ed5ca104f971e4329b3b171862bc47f3865bcbb8831e5ec,taohuawu_1950s_candidate,桃花坞年画（候选）,2,713,1024,3487,77,2,0.4950797648662775,-0.9506503936854186,False,35,0.49416736085462376,1.3943882746012612,0.2460857640854039,automatic_candidate_detected_needs_manual_review,pending,candidate_screening_not_human_verified
IMG-0475,a0ddd895dde1468ab728ce969030aca60e0c3b101ec5438686db453ac2bbea0a,taohuawu_1950s_candidate,桃花坞年画（候选）,2,922,1024,3222,55,2,0.7140483210734557,-3.034518022698671,False,23,0.47964451133860325,0.7603281540235114,0.32795655689840314,automatic_candidate_detected_needs_manual_review,pending,candidate_screening_not_human_verified
IMG-0477,a236c02a38ad13be811b57174e809296437ccdf9191f0a10c0cf83d8a07a3184,taohuawu_1950s_candidate,桃花坞年画（候选）,2,757,1024,4767,79,2,0.6015737994827307,2.4363208483583443,False,32,0.4201829096014225,0.8114917267425895,0.2800433050644482,automatic_candidate_detected_needs_manual_review,pending,candidate_screening_not_human_verified
IMG-0473,af3b3d844d7ef215b1635508c470ab951802adbc310fbc31c4b68f677a3dc890,taohuawu_1950s_candidate,桃花坞年画（候选）,2,768,1024,2568,69,2,0.596745076922871,-1.9384390923059405,False,19,0.2901885401346893,0.821899241042704,0.19240090262259624,automatic_candidate_detected_needs_manual_review,pending,candidate_screening_not_human_verified
IMG-0472,c925e5d733c106b18845b11bc9745177ab59ad269895f8b9c161997c5e43b54c,taohuawu_1950s_candidate,桃花坞年画（候选）,2,768,1024,3360,97,0,,,,0,0.0,,0.0,no_candidate_detected_under_fixed_parameters_not_proof_of_absence,pending,candidate_screening_not_human_verified
IMG-0474,ea119fa80283ccbb8bbeab8670fdf1926bc4c3f92981aea990f748a9eb47c732,taohuawu_1950s_candidate,桃花坞年画（候选）,2,768,1024,3503,96,2,2.4679102075414163,0.3843543365495099,False,29,0.29057185505735483,1.3892009950163138,0.14507493438495628,automatic_candidate_detected_needs_manual_review,pending,candidate_screening_not_human_verified
IMG-0647,066316bde2ead4321aa349ce7c40cb89ae87b33d02b589cb36fcabfde683a26c,yangliuqing_late_qing_candidate,杨柳青年画（候选）,3,1024,547,3502,23,2,3.3346482209877153,0.17185954558833957,False,10,0.4673185663151792,1.5251872082549554,0.18165259041447732,automatic_candidate_detected_needs_manual_review,pending,candidate_screening_not_human_verified
IMG-0694,0931c432e43660b8afc1603c7d2b639d90d0881bd5a0911b43d50bb3e8f33653,yangliuqing_late_qing_candidate,杨柳青年画（候选）,3,1024,594,3330,25,0,,,,0,0.0,,0.0,no_candidate_detected_under_fixed_parameters_not_proof_of_absence,pending,candidate_screening_not_human_verified
IMG-0618,0a1c2c5308a9061e41bbc930e724e7aa20afe85e682567703ae6f09154afcf0b,yangliuqing_late_qing_candidate,杨柳青年画（候选）,3,810,1024,2589,94,2,0.029645385835797934,0.4977418284712152,True,17,0.29356317808914356,1.041443189681663,0.17440344745673753,automatic_candidate_detected_needs_manual_review,pending,candidate_screening_not_human_verified
IMG-0606,0b18d914a3c43c0fcbd3de805dce4f69693b391490d784917f43f2887b134059,yangliuqing_late_qing_candidate,杨柳青年画（候选）,3,693,1024,2839,41,2,0.7081323966211083,2.632823123219946,False,19,0.48824834277164103,1.0854575352421691,0.28375052184891325,automatic_candidate_detected_needs_manual_review,pending,candidate_screening_not_human_verified
IMG-0701,19e246ff92a540cce5ba3c1e1dd323a09607ec7dbce0849584484f030300333a,yangliuqing_late_qing_candidate,杨柳青年画（候选）,3,706,1024,2573,166,2,0.8924216547972349,-2.8459571394278784,False,56,0.3904075181922642,0.37479245132005234,0.3236927898006653,automatic_candidate_detected_needs_manual_review,pending,candidate_screening_not_human_verified
IMG-0639,1e4834c2655449ef36a76b95bbb9810adefea86aeaeab24b2584d65b610a4e15,yangliuqing_late_qing_candidate,杨柳青年画（候选）,3,1024,700,3777,104,2,0.0765900140688543,0.39311048604540094,True,20,0.22335031109053097,1.0269822566382116,0.13365345753438518,automatic_candidate_detected_needs_manual_review,pending,candidate_screening_not_human_verified
IMG-0643,1f3c960fbc120034bdaf86b003b424b24b87dbcc2da213d59f3b54c07a533f32,yangliuqing_late_qing_candidate,杨柳青年画（候选）,3,1024,603,3078,66,2,0.9623909048936529,0.9598776082893905,True,19,0.34297659779375783,1.0328696810082483,0.20463489194180126,automatic_candidate_detected_needs_manual_review,pending,candidate_screening_not_human_verified
IMG-0667,2664a46a567cba7895136c9948d8157eed4dbc800c8ab41da0dcddb0667d4253,yangliuqing_late_qing_candidate,杨柳青年画（候选）,3,1024,613,3674,64,2,0.01438688951859145,0.9812252309918938,True,12,0.27046066455419293,0.6218682710215057,0.19818333460994628,automatic_candidate_detected_needs_manual_review,pending,candidate_screening_not_human_verified
IMG-0698,268a32e87e511ee6841d119b75c1e125202465fbba98abd7699eb78820010830,yangliuqing_late_qing_candidate,杨柳青年画（候选）,3,1024,768,6456,53,2,1.7314101863344304,0.03555255812304044,False,29,0.693986395971868,0.7598050059845102,0.4746367881343382,automatic_candidate_detected_needs_manual_review,pending,candidate_screening_not_human_verified
IMG-0642,278599d26f1ce4eba5314c9b2f9541dd09a641ebb7405c29361f195dd0757a1e,yangliuqing_late_qing_candidate,杨柳青年画（候选）,3,1024,647,3304,51,1,1.065669966181924,5.523204980083563,False,27,0.5197415569310255,1.1182160052700232,0.2971460234694907,automatic_candidate_detected_needs_manual_review,pending,candidate_screening_not_human_verified
IMG-0687,29a98eb9ae33a7e231111b720c2cfe888385578efe21c8a88b2b1f6f9cce1b40,yangliuqing_late_qing_candidate,杨柳青年画（候选）,3,1024,681,1968,7,0,,,,0,0.0,,0.0,no_candidate_detected_under_fixed_parameters_not_proof_of_absence,pending,candidate_screening_not_human_verified
IMG-0605,2bdc3e9bcac87a5ef136e1a6f93c583588c3d47a638677889d8354d32295bdec,yangliuqing_late_qing_candidate,杨柳青年画（候选）,3,693,1024,3177,27,2,0.39430481479520624,-0.09287322120154289,False,11,0.42529339686859874,0.4081099216377547,0.31789239293266863,automatic_candidate_detected_needs_manual_review,pending,candidate_screening_not_human_verified
IMG-0633,2da6210fc1622b24161a507f07c7faf52d9ae2a849e4f752f5a60a68558cd9a0,yangliuqing_late_qing_candidate,杨柳青年画（候选）,3,445,1024,2776,63,2,-2.244405332109956,0.48920048539311356,False,14,0.24063717235684237,0.20291082013919998,0.217420850839002,automatic_candidate_detected_needs_manual_review,pending,candidate_screening_not_human_verified
IMG-0631,2e1213b739c02dee51472964badf5f21f23b7ec35a8ec3964973d528aa6e2f37,yangliuqing_late_qing_candidate,杨柳青年画（候选）,3,1024,459,3070,71,0,,,,0,0.0,,0.0,no_candidate_detected_under_fixed_parameters_not_proof_of_absence,pending,candidate_screening_not_human_verified
IMG-0662,328d27466e6810583b48fc55b6c218b01b1a39037f721f1355de023cc81cda9f,yangliuqing_late_qing_candidate,杨柳青年画（候选）,3,525,1024,3320,145,2,0.8664128803317019,-0.6605203659506205,False,62,0.4216639696427494,1.3127341316107284,0.21873077825958676,automatic_candidate_detected_needs_manual_review,pending,candidate_screening_not_human_verified
IMG-0627,338a5ceb0ed70ea9709bdaa49421453fae9f33c8da2eb3a603c583c2f7f8bffd,yangliuqing_late_qing_candidate,杨柳青年画（候选）,3,889,1024,3619,21,1,-0.9340846323960524,0.831864975161037,False,11,0.5454070813674162,1.1335077134207578,0.2836574137604727,automatic_candidate_detected_needs_manual_review,pending,candidate_screening_not_human_verified
IMG-0680,340ac961d052b1043c6e5967634b2f446218f52b0bd20cdca56568c11cf93ab3,yangliuqing_late_qing_candidate,杨柳青年画（候选）,3,1024,768,3290,62,2,0.6031813286663438,-4.286262795151093,False,23,0.3951851320553157,1.0787054963421394,0.23044255117232482,automatic_candidate_detected_needs_manual_review,pending,candidate_screening_not_human_verified
IMG-0685,3571d927a991099e2579f22aafc703c2bb98eda61b96d54048710ce98d892a96,yangliuqing_late_qing_candidate,杨柳青年画（候选）,3,1024,645,2040,14,1,0.4650174008239502,-1.4188621057323267,False,7,0.5244061978079342,1.5205556525848387,0.14302111027286818,automatic_candidate_detected_needs_manual_review,pending,candidate_screening_not_human_verified
IMG-0688,396ebf51abd5545b5c3a4826e24e2bca22165e7cac5608857f5a3753f82ac1f8,yangliuqing_late_qing_candidate,杨柳青年画（候选）,3,636,1024,3295,37,2,6.012161300788891,0.16742521079233344,False,11,0.3260608791083409,1.738372090367639,0.12532203288303295,automatic_candidate_detected_needs_manual_review,pending,candidate_screening_not_human_verified
IMG-0626,3c73271fae2c4880e34a52369544d07079b8b58e41a6f916eb6726e4b7e3aa83,yangliuqing_late_qing_candidate,杨柳青年画（候选）,3,889,1024,3956,24,2,-2.1902306092659196,0.4117283472579338,False,9,0.39333555061843894,0.5819063503074448,0.22052869408731351,automatic_candidate_detected_needs_manual_review,pending,candidate_screening_not_human_verified
IMG-0614,3dd2c4355d63312378e0236f4b830a5e92b3b8d746e1ece035c46011f56a08fe,yangliuqing_late_qing_candidate,杨柳青年画（候选）,3,1024,911,4524,129,0,,,,0,0.0,,0.0,no_candidate_detected_under_fixed_parameters_not_proof_of_absence,pending,candidate_screening_not_human_verified
IMG-0673,3e7fea5a8be40bb05a391bd2220151b5dffe8a6673b0cb5e8dd33a695dbe423b,yangliuqing_late_qing_candidate,杨柳青年画（候选）,3,1024,598,3016,86,2,0.04539732926066383,0.06991320817575833,True,27,0.3436209677264129,1.3780125494257678,0.17252340996162907,automatic_candidate_detected_needs_manual_review,pending,candidate_screening_not_human_verified
IMG-0625,4139adc1f15a75c2ca4e170b9dc841803c3c40c640876943d403d5693a9d1b8f,yangliuqing_late_qing_candidate,杨柳青年画（候选）,3,851,1024,3730,117,2,3.095025966491871,0.5454971336715925,False,51,0.4424857856480465,1.5161008880118527,0.20733957271455586,automatic_candidate_detected_needs_manual_review,pending,candidate_screening_not_human_verified
IMG-0682,42b79883123f77b2064899a771437dbb8068b98c04811179b5e3b9ad06f9f18d,yangliuqing_late_qing_candidate,杨柳青年画（候选）,3,1024,613,2803,96,2,0.9322246621128717,0.3226316444667675,True,18,0.19881611399286034,0.9315815685418672,0.12478466390014234,automatic_candidate_detected_needs_manual_review,pending,candidate_screening_not_human_verified
IMG-0629,47281bf47f6e5bfb730a6078a7e7f82616b3d63eb0556ad0c62d39636f494702,yangliuqing_late_qing_candidate,杨柳青年画（候选）,3,919,1024,4168,30,1,-1.0782172646028931,0.8650951429845478,False,16,0.5648633723804258,1.7409923534424978,0.23653299368574784,automatic_candidate_detected_needs_manual_review,pending,candidate_screening_not_human_verified
IMG-0650,47858fe5180edcc1bc7aaa182e8654e7bfe4b2b2ea46a53d5cbc50f75d9f7b27,yangliuqing_late_qing_candidate,杨柳青年画（候选）,3,1024,623,2912,94,2,1.0115013504363928,0.30854837334285173,False,15,0.158771328882956,1.0890262568768518,0.0921070838875543,automatic_candidate_detected_needs_manual_review,pending,candidate_screening_not_human_verified
IMG-0692,4d7799e5a26950a2f5942e4720aa14ad8966379af4848fc790a1a29af779039e,yangliuqing_late_qing_candidate,杨柳青年画（候选）,3,848,1024,5839,15,1,0.7999125735868298,0.18286679679620105,True,5,0.34755881974520075,0.23389816300071187,0.1288328847263032,automatic_candidate_detected_needs_manual_review,pending,candidate_screening_not_human_verified
IMG-0610,4fbe15ed3271e80108040edb1bb589f52732c85d8423ba28268ad7c57ca1f760,yangliuqing_late_qing_candidate,杨柳青年画（候选）,3,1024,601,2745,18,1,0.4221025726065178,-5.419059426040443,False,11,0.6100516281495996,0.6400241846291758,0.406067791821392,automatic_candidate_detected_needs_manual_review,pending,candidate_screening_not_human_verified
IMG-0663,51e816f7d7679e6eaa19a5a8f2e4b5520f7aecb869c936fb2d3667ff4377a56e,yangliuqing_late_qing_candidate,杨柳青年画（候选）,3,561,1024,2636,59,1,0.42332548494627276,2.460703642100637,False,14,0.21776114291147178,1.7785277365859435,0.0894907187769887,automatic_candidate_detected_needs_manual_review,pending,candidate_screening_not_human_verified
IMG-0678,5334c161acb23780250e62fff241f4a20a92d6e1ab96ad380aecbe33346a5cb1,yangliuqing_late_qing_candidate,杨柳青年画（候选）,3,827,1024,4287,34,2,2.7218845657294075,0.7214632486746618,False,15,0.5186427425919831,1.3369579837330035,0.26579791367826555,automatic_candidate_detected_needs_manual_review,pending,candidate_screening_not_human_verified
IMG-0658,54448fb1177d91055908d4ff4a482c565e7110a02a62d217194713842d7b43f8,yangliuqing_late_qing_candidate,杨柳青年画（候选）,3,1024,604,2944,71,2,0.14479494093421663,0.04899251586547045,True,13,0.20929668256265732,1.3221494838760937,0.10805907164084415,automatic_candidate_detected_needs_manual_review,pending,candidate_screening_not_human_verified
IMG-0645,56df23e2d3c109ea61bf29a219c0a10110a3bcb30fec6fb98ff205cb9c0d8848,yangliuqing_late_qing_candidate,杨柳青年画（候选）,3,1024,644,2740,63,2,0.9114764476742866,0.9542255675841443,True,20,0.3229068727793201,1.1122828870734764,0.18516040779351917,automatic_candidate_detected_needs_manual_review,pending,candidate_screening_not_human_verified
IMG-0646,57007ace5504c04a933520f0b3ba572f3e79d683f06f2ed5e9e7ff977ff18a94,yangliuqing_late_qing_candidate,杨柳青年画（候选）,3,1024,587,4054,52,0,,,,0,0.0,,0.0,no_candidate_detected_under_fixed_parameters_not_proof_of_absence,pending,candidate_screening_not_human_verified
IMG-0651,57284e5c39930baba9a42dd7361ee7f5001344bb11026fa34bbf733e2dd8d306,yangliuqing_late_qing_candidate,杨柳青年画（候选）,3,1024,588,3802,34,2,0.6431923737893491,5.718894777602816,False,8,0.30535603699018105,1.5074332418550629,0.09580325880584432,automatic_candidate_detected_needs_manual_review,pending,candidate_screening_not_human_verified
IMG-0636,5ac411aecb13b1a798196a83226e17deab4fd0b66dd510868f97f224e2a9f121,yangliuqing_late_qing_candidate,杨柳青年画（候选）,3,1024,652,3300,68,2,0.9716574660803685,0.039472844867734634,True,19,0.49350458278506304,0.48369379919712935,0.38748814141447646,automatic_candidate_detected_needs_manual_review,pending,candidate_screening_not_human_verified
IMG-0696,5cbc1145d8a9560023d12f223766d7f496b138c83ca3993bcb280b74a30a279c,yangliuqing_late_qing_candidate,杨柳青年画（候选）,3,1024,653,3912,84,2,-0.16623733210847874,0.9571269246285824,False,33,0.5758420868440274,0.932438863520668,0.3612658220622003,automatic_candidate_detected_needs_manual_review,pending,candidate_screening_not_human_verified
IMG-0619,5ddb79acc5633734b75e02f5c417b91b9a11fbf890e58fb9bfbdbcb38e09c8ec,yangliuqing_late_qing_candidate,杨柳青年画（候选）,3,830,1024,3540,90,2,0.971114141214893,0.48316639647950216,True,16,0.372801448360232,1.1205627370601254,0.21288765800416723,automatic_candidate_detected_needs_manual_review,pending,candidate_screening_not_human_verified
IMG-0649,5e962f61b8855c9a0889bb8eba0a69fd332e00ef16a0e802f6a0a97287adfe3f,yangliuqing_late_qing_candidate,杨柳青年画（候选）,3,1024,587,3865,28,2,-1.8389492700160315,0.2938175930085415,False,11,0.3864976284094486,1.6877461125971842,0.1523592621286036,automatic_candidate_detected_needs_manual_review,pending,candidate_screening_not_human_verified
IMG-0695,60da522a58d70a3ff56e4d2c58336e1c83e69e49e18b6345a7c4c0291fd57931,yangliuqing_late_qing_candidate,杨柳青年画（候选）,3,543,1024,3241,131,2,-3.3453583595082756,0.948659525037717,False,46,0.35226762342855455,0.9377749373234904,0.22041314386034477,automatic_candidate_detected_needs_manual_review,pending,candidate_screening_not_human_verified
IMG-0620,60effe74674b8810b6ea91b8e90ea08471a5a5f3f0189fb60ca8701d3bb86ba1,yangliuqing_late_qing_candidate,杨柳青年画（候选）,3,1024,649,3300,31,2,3.683228903180677,0.06457016819849411,False,11,0.5752518847510376,0.9568515011688217,0.3268073579043029,automatic_candidate_detected_needs_manual_review,pending,candidate_screening_not_human_verified
IMG-0622,61d8bc7cf3e2ffee626f18622d41d08f849679d9a833d69d8f0d354186d6c5b6,yangliuqing_late_qing_candidate,杨柳青年画（候选）,3,1024,768,3240,15,2,0.09367194452290985,0.29555994032402116,True,5,0.33184194313757853,0.7598866913747018,0.09456114834087133,automatic_candidate_detected_needs_manual_review,pending,candidate_screening_not_human_verified
IMG-0699,6b9a2bacf0227ab6dfbf46b55fd61871e13e1767ded40fb8ae1da0f30817176f,yangliuqing_late_qing_candidate,杨柳青年画（候选）,3,1024,768,4676,16,2,-0.010798390199606565,0.02502938414605042,False,8,0.5804228284723261,0.14851492911353967,0.35925566000023706,automatic_candidate_detected_needs_manual_review,pending,candidate_screening_not_human_verified
IMG-0672,71a3f2acadbcacaf63153c9b10b06e1714a476145d10af3df500b45f3b00c418,yangliuqing_late_qing_candidate,杨柳青年画（候选）,3,1024,600,2599,38,2,0.4462760147581408,-3.7230412271284044,False,10,0.2601751151936174,0.6160315865923954,0.1593363814672637,automatic_candidate_detected_needs_manual_review,pending,candidate_screening_not_human_verified
IMG-0644,73d1c39ff77007b95e7af702d82d543754b78e87fe3983ae100cb82f664c362a,yangliuqing_late_qing_candidate,杨柳青年画（候选）,3,1024,584,3566,53,2,0.921532571199823,0.05318427189065479,True,25,0.6202193727504233,1.5867029198204665,0.2805415332316452,automatic_candidate_detected_needs_manual_review,pending,candidate_screening_not_human_verified
IMG-0637,74b42c8a5a15ea66514e77d405e7e0bc8ce424bca92620076968b224a2fc2fd2,yangliuqing_late_qing_candidate,杨柳青年画（候选）,3,1024,593,3437,124,0,,,,0,0.0,,0.0,no_candidate_detected_under_fixed_parameters_not_proof_of_absence,pending,candidate_screening_not_human_verified
IMG-0628,7c5f402923eec0b8659870d92233ac08ba75af27d347bb2358356ed5e068191d,yangliuqing_late_qing_candidate,杨柳青年画（候选）,3,903,1024,4325,20,2,0.1445245606048486,0.9672233696370369,True,7,0.3641644570200782,0.8908861024148469,0.13606953184665416,automatic_candidate_detected_needs_manual_review,pending,candidate_screening_not_human_verified
IMG-0664,7e6288b67c21ba6a2230f30e6ddae2d9aaa2e04576cf56e6dedbaffe4bbb297d,yangliuqing_late_qing_candidate,杨柳青年画（候选）,3,555,1024,3471,170,2,0.8222088271354869,-1.4493987366868024,False,88,0.5400843704363602,0.8333013211766973,0.35605125966661444,automatic_candidate_detected_needs_manual_review,pending,candidate_screening_not_human_verified
IMG-0681,7ecae48cec2fa35f3b1ec1ace5b56bd0e68dd1b43dbe20dc26a82c2a2e938d55,yangliuqing_late_qing_candidate,杨柳青年画（候选）,3,1024,720,4297,19,1,0.27027839680296617,0.20964991238359787,True,6,0.3336523612484978,0.5099555027812026,0.12927923590879237,automatic_candidate_detected_needs_manual_review,pending,candidate_screening_not_human_verified
IMG-0632,8589e6e601e6373f80a5471842066e47c26a22bacc7303ae91aac47a0aa30331,yangliuqing_late_qing_candidate,杨柳青年画（候选）,3,1022,1024,2430,12,0,,,,0,0.0,,0.0,no_candidate_detected_under_fixed_parameters_not_proof_of_absence,pending,candidate_screening_not_human_verified
IMG-0665,8a0e98b87cfc93984a59376d8a91ded1049636a17ee0e09a3aa234255da0938d,yangliuqing_late_qing_candidate,杨柳青年画（候选）,3,1024,783,2992,43,2,0.5129291097632253,-1.0940130484125736,False,21,0.6267260581366023,0.8109814277255332,0.4178066736989407,automatic_candidate_detected_needs_manual_review,pending,candidate_screening_not_human_verified
IMG-0624,8ca6f77540411f3f49517a499f8832c9369929c76d08eaf68e96da7d94f2f43a,yangliuqing_late_qing_candidate,杨柳青年画（候选）,3,936,1024,4428,33,0,,,,0,0.0,,0.0,no_candidate_detected_under_fixed_parameters_not_proof_of_absence,pending,candidate_screening_not_human_verified
IMG-0702,8dad74ea07e07767e0842b4016805eecff3f30db7d57fa36d1f3c0f7d7ce29fc,yangliuqing_late_qing_candidate,杨柳青年画（候选）,3,815,1024,2758,82,2,0.0571282678246177,0.04714335338086283,True,21,0.4491787835126146,1.645574747056192,0.19728188937686195,automatic_candidate_detected_needs_manual_review,pending,candidate_screening_not_human_verified
IMG-0690,8fdcd870b5f716dd10fdf99790ae382d62adb0b52591e4aca6b66eea5e28c04a,yangliuqing_late_qing_candidate,杨柳青年画（候选）,3,1002,1024,5916,67,2,0.7019827048336581,-2.885590828454425,False,23,0.3934214205840132,0.950141773505962,0.24464555961040732,automatic_candidate_detected_needs_manual_review,pending,candidate_screening_not_human_verified
IMG-0661,94801921f415a3051963f598e74e7692e94fc60fedeaffd893c9aad420fc40da,yangliuqing_late_qing_candidate,杨柳青年画（候选）,3,552,1024,3076,101,2,0.33588129958057766,-0.23524608701658986,False,25,0.2811672745873834,0.5773276623847281,0.21066852871142197,automatic_candidate_detected_needs_manual_review,pending,candidate_screening_not_human_verified
IMG-0611,95e2593cb1c2949e6d1ac42a023e42273deedb349912b7e18b0a40d0ec7b426b,yangliuqing_late_qing_candidate,杨柳青年画（候选）,3,1024,553,3239,88,2,-0.10171912626435627,0.23732516430411427,False,23,0.36839251370948184,0.8308056147120418,0.24316644694898004,automatic_candidate_detected_needs_manual_review,pending,candidate_screening_not_human_verified
IMG-0675,982ab09704a9d269489e697ad3416a4b32ab5b6c500242986617034036e25fcb,yangliuqing_late_qing_candidate,杨柳青年画（候选）,3,955,1024,6036,61,0,,,,0,0.0,,0.0,no_candidate_detected_under_fixed_parameters_not_proof_of_absence,pending,candidate_screening_not_human_verified
IMG-0623,9892e7c5d412ce4bf1df061cc54c791d4ce9aa69fc05c41c6c1e60ab6f85f076,yangliuqing_late_qing_candidate,杨柳青年画（候选）,3,888,1024,4429,49,2,3.009497159520921,0.3346831281062712,False,22,0.49516320441637796,1.3795889174913853,0.24841306750377992,automatic_candidate_detected_needs_manual_review,pending,candidate_screening_not_human_verified
IMG-0616,98d9b2c69ca19fe5d2db96358b81b381e0cbc71cd0b5a20765b3ab60e83116b9,yangliuqing_late_qing_candidate,杨柳青年画（候选）,3,609,1024,3173,15,1,0.8750385159338093,0.3566022743554834,True,6,0.38140356819011323,0.9580007490812364,0.11812111466266421,automatic_candidate_detected_needs_manual_review,pending,candidate_screening_not_human_verified
IMG-0630,9bbe4604a8b5aca7b06a38b5a8559d0c6f19c86a82192d286039cce008946045,yangliuqing_late_qing_candidate,杨柳青年画（候选）,3,980,1024,4965,41,2,-2.377419005555638,0.32477180278516543,False,11,0.23830371098644754,1.226014061758896,0.11833594238224159,automatic_candidate_detected_needs_manual_review,pending,candidate_screening_not_human_verified
IMG-0689,9e5246999b057d90f3912d71c64375ead7dd175c8304df8eb88258a44fae0acb,yangliuqing_late_qing_candidate,杨柳青年画（候选）,3,645,1024,2398,67,2,0.05828868762659801,0.21777323878569396,True,19,0.30768723738385706,0.6750080297260267,0.21954995436247876,automatic_candidate_detected_needs_manual_review,pending,candidate_screening_not_human_verified
IMG-0635,9f4d0ceac8abefb2d7e7465d8cfe48961275d5a88e0be36f22d3fdf947887d6b,yangliuqing_late_qing_candidate,杨柳青年画（候选）,3,444,1024,2792,76,2,0.6717012543788581,-0.8723732879529501,False,19,0.231269719097981,1.1399287625598769,0.13079356796732025,automatic_candidate_detected_needs_manual_review,pending,candidate_screening_not_human_verified
IMG-0674,a2c94e2972785a7cf876b3a822042017e53c278e4d7b5fcc8e2e0a9c35df8c14,yangliuqing_late_qing_candidate,杨柳青年画（候选）,3,684,1024,4046,67,2,0.641119761199442,-1.606689458648118,False,29,0.4298962968440792,0.7411638132456235,0.29677138735289454,automatic_candidate_detected_needs_manual_review,pending,candidate_screening_not_human_verified
IMG-0677,a55efcdbcb8b3d661ed539df3da21aa9a706d4e1022c72a09ff65d96acd37b8a,yangliuqing_late_qing_candidate,杨柳青年画（候选）,3,822,1024,4052,58,2,0.5132663576980088,2.8937671005420613,False,18,0.3466137763900354,0.9999518906038501,0.2102369395846172,automatic_candidate_detected_needs_manual_review,pending,candidate_screening_not_human_verified
IMG-0679,a609313ba0d1ae0d6f8d6ddf12328dbcb6ae994bae104e17b1e241250058b01d,yangliuqing_late_qing_candidate,杨柳青年画（候选）,3,1024,768,5475,16,1,2.126518654669391,1.0662384860535243,False,6,0.36681499194502093,0.3664036699567099,0.1527050978286601,automatic_candidate_detected_needs_manual_review,pending,candidate_screening_not_human_verified
IMG-0659,a6beabb9642e6190cff0c8a5d4415a59b5ca0f0222ab2bb8c42f03b08ac1a75c,yangliuqing_late_qing_candidate,杨柳青年画（候选）,3,1024,609,4317,129,0,,,,0,0.0,,0.0,no_candidate_detected_under_fixed_parameters_not_proof_of_absence,pending,candidate_screening_not_human_verified
IMG-0693,ade0d7b37fcf45bdc037617fe3ea3057d5952a109962732ba07c014025fd5f2a,yangliuqing_late_qing_candidate,杨柳青年画（候选）,3,1024,687,3393,12,1,1.7212426298895027,0.7246078320954586,False,5,0.4199610425310197,0.7277113376789346,0.12161223058019502,automatic_candidate_detected_needs_manual_review,pending,candidate_screening_not_human_verified
IMG-0660,aea15ad1c175f017f3047216a9a9b786c728a5370d2e410895f5ba7961b63542,yangliuqing_late_qing_candidate,杨柳青年画（候选）,3,1024,589,3185,86,2,-0.5813849214745942,0.19049810576764636,False,25,0.31110494354432794,1.8022915656502105,0.1263409887423651,automatic_candidate_detected_needs_manual_review,pending,candidate_screening_not_human_verified
IMG-0617,b101814964e314d7c8f30cc757330ae218b516dc9fe0778af13d0238fbc348f4,yangliuqing_late_qing_candidate,杨柳青年画（候选）,3,1024,822,1947,83,2,0.5300712637327263,-1.5141417177839442,False,18,0.2915170332907159,0.6595482345677698,0.20962585944339196,automatic_candidate_detected_needs_manual_review,pending,candidate_screening_not_human_verified
IMG-0704,b25da652e21b4b368d8c9f10d9b0d4472a3d9243039b158e16d27306b82975d0,yangliuqing_late_qing_candidate,杨柳青年画（候选）,3,604,1024,2793,34,2,-2.7219735845291013,0.9433557963693515,False,10,0.26985250100954283,1.0543397464080027,0.13273890615433076,automatic_candidate_detected_needs_manual_review,pending,candidate_screening_not_human_verified
IMG-0669,b3838458ed6f5d64a8c5d18d2fd425635f563614b5aa14420904f87064d382a5,yangliuqing_late_qing_candidate,杨柳青年画（候选）,3,1024,599,3539,104,2,0.23053945030811857,0.25887366302934034,True,27,0.2900934955623124,1.3738305912900532,0.1459534848265382,automatic_candidate_detected_needs_manual_review,pending,candidate_screening_not_human_verified
IMG-0609,b8c6cf94688561eabd42d9f7c59e2e7d9a4860029373a0cb3f36b2ff322994b0,yangliuqing_late_qing_candidate,杨柳青年画（候选）,3,1024,535,3116,15,1,0.409187822728877,0.4054163988795889,True,7,0.425850044282679,1.2125430953791811,0.13547934958942134,automatic_candidate_detected_needs_manual_review,pending,candidate_screening_not_human_verified
IMG-0612,b9c759be72e44d22f0e97c032817b70938bf5d4bfea15215ffffbd6d332d9657,yangliuqing_late_qing_candidate,杨柳青年画（候选）,3,1024,573,1890,40,2,0.2034463749968174,-0.8125695053077983,False,11,0.28982124502505124,0.9819546258566281,0.16259714630286776,automatic_candidate_detected_needs_manual_review,pending,candidate_screening_not_human_verified
IMG-0641,ba2d4f47076f1f75141a254bf956c98faf8c6d814bf3653251b1e297e0a5ad95,yangliuqing_late_qing_candidate,杨柳青年画（候选）,3,1024,714,4404,25,0,,,,0,0.0,,0.0,no_candidate_detected_under_fixed_parameters_not_proof_of_absence,pending,candidate_screening_not_human_verified
IMG-0607,be3e6e5ae5634c4776d323eb506bbf9ac26b0e304e8f1ff4bb335ee3f5fb9f1b,yangliuqing_late_qing_candidate,杨柳青年画（候选）,3,739,1024,3322,33,2,0.3211354088798724,-1.1383553544970415,False,9,0.3320458488144478,1.153826952647653,0.13986497731003283,automatic_candidate_detected_needs_manual_review,pending,candidate_screening_not_human_verified
IMG-0655,bea33c65261cc1e39128a269588818d16ea7733c4a2e412249731cc1bd0ba7e8,yangliuqing_late_qing_candidate,杨柳青年画（候选）,3,609,1024,2623,52,2,-4.223975897319886,0.8225078614396781,False,32,0.6886184104359656,1.15269438609047,0.3869672613823384,automatic_candidate_detected_needs_manual_review,pending,candidate_screening_not_human_verified
IMG-0638,bed05f492c361332417bcd05f319a076bd92bdba7d3d3992ec78ba4a927a49e5,yangliuqing_late_qing_candidate,杨柳青年画（候选）,3,1024,636,3231,94,2,2.530902113717949,0.334622347703658,False,21,0.2194714841337237,0.8866259425368804,0.14088012338121067,automatic_candidate_detected_needs_manual_review,pending,candidate_screening_not_human_verified
IMG-0668,bf3dd230e40529a8337bd56860ad032e73bab09b600343b01b7788ca8d671498,yangliuqing_late_qing_candidate,杨柳青年画（候选）,3,1024,573,3551,36,2,0.03501057275221382,0.0618194974358322,True,7,0.47021581946425,0.3767978287019774,0.22719220211345828,automatic_candidate_detected_needs_manual_review,pending,candidate_screening_not_human_verified
IMG-0621,c21512073fc00c6827a991d848862cc2fae9c7006c3fd1f4593765641037db8f,yangliuqing_late_qing_candidate,杨柳青年画（候选）,3,1024,768,3608,20,1,0.4994585949475447,-3.4287268314113564,False,15,0.7941849513019605,0.7317402665951575,0.5508410196684608,automatic_candidate_detected_needs_manual_review,pending,candidate_screening_not_human_verified
IMG-0684,c5283cb6583c136eed8d5f2a1de70852011bea539cb5956796ed43017982814b,yangliuqing_late_qing_candidate,杨柳青年画（候选）,3,1024,558,3126,79,0,,,,0,0.0,,0.0,no_candidate_detected_under_fixed_parameters_not_proof_of_absence,pending,candidate_screening_not_human_verified
IMG-0676,c57ae4b48c3ebeaa40dfb8f42c5e61978dfea46e4c6cd0e40dd2dfe1ab7e121c,yangliuqing_late_qing_candidate,杨柳青年画（候选）,3,949,1024,5560,150,1,-0.3837449093833279,0.6689390007947933,False,29,0.237602492486826,1.155210451212764,0.13335221382353155,automatic_candidate_detected_needs_manual_review,pending,candidate_screening_not_human_verified
IMG-0697,c8eb1b1d6285d12b5e8f0f95eb49f3d573bb30eab088e0ddad5f94ce6a1605ef,yangliuqing_late_qing_candidate,杨柳青年画（候选）,3,1024,768,5449,53,2,1.257402975099206,0.9742147460811849,False,27,0.6307659737481867,0.8612482627027015,0.41006298951284503,automatic_candidate_detected_needs_manual_review,pending,candidate_screening_not_human_verified
IMG-0613,ca74e4c2bab4837f0654dd3609b5bf0066903ac08cc0927d3cfd7b58d9a551e7,yangliuqing_late_qing_candidate,杨柳青年画（候选）,3,1024,607,2921,30,1,-1.4305633004587417,0.4704441506208555,False,14,0.49482428528169514,1.1730381131496197,0.2752510702132078,automatic_candidate_detected_needs_manual_review,pending,candidate_screening_not_human_verified
IMG-0683,ca96d5389e1792c858545bad253abb1dbffc69c0a4d196e26b5fad802072ab75,yangliuqing_late_qing_candidate,杨柳青年画（候选）,3,1024,541,2694,56,2,0.2489081827847215,0.3975242575613924,True,24,0.529999849017688,0.7124043523893954,0.3711753325629581,automatic_candidate_detected_needs_manual_review,pending,candidate_screening_not_human_verified
IMG-0615,d2a80819592e9c7c803e926ce2f0796fe88dd276c3034726993453505175e8e5,yangliuqing_late_qing_candidate,杨柳青年画（候选）,3,610,1024,2989,9,1,0.1768635903816558,0.3130016087997938,True,5,0.6445855274357899,0.04010091066295705,0.2632458336863244,automatic_candidate_detected_needs_manual_review,pending,candidate_screening_not_human_verified
IMG-0657,d7a3d51ba22b4264a85c4ed69c55a0de6fa0c33fce21bd005856e9284bc7d5eb,yangliuqing_late_qing_candidate,杨柳青年画（候选）,3,601,1024,2747,103,2,0.7852895164030431,-2.49911326563013,False,50,0.49510993258831776,1.0720283364668244,0.28967675277997684,automatic_candidate_detected_needs_manual_review,pending,candidate_screening_not_human_verified
IMG-0648,d93bccc4194e26f28c82eeae6122c7f826baf2a08912a70a409f5c4ecffa82ec,yangliuqing_late_qing_candidate,杨柳青年画（候选）,3,1024,578,2875,15,0,,,,0,0.0,,0.0,no_candidate_detected_under_fixed_parameters_not_proof_of_absence,pending,candidate_screening_not_human_verified
IMG-0640,d9c8e504be00720ba549e129beabeff32d85e59f6c3adf0ffb2360f5d75cc5dd,yangliuqing_late_qing_candidate,杨柳青年画（候选）,3,1024,688,4341,18,1,0.4925539468537025,-4.73053120379227,False,7,0.4182339330969479,1.3400795763388351,0.12483646935407386,automatic_candidate_detected_needs_manual_review,pending,candidate_screening_not_human_verified
IMG-0653,da9448ec5727008914ce75a248583dbcc2b1f75eadba0bbf4a5ef728e764859b,yangliuqing_late_qing_candidate,杨柳青年画（候选）,3,566,1024,1761,19,0,,,,0,0.0,,0.0,no_candidate_detected_under_fixed_parameters_not_proof_of_absence,pending,candidate_screening_not_human_verified
IMG-0666,ddd13085bb40615649de7815b5065a74e47a98e60cff47bdb1ab215b254e3416,yangliuqing_late_qing_candidate,杨柳青年画（候选）,3,1024,635,3711,168,1,2.597229483555035,0.9125922772922633,False,35,0.2261286367333256,0.9611890619728418,0.1398414800097138,automatic_candidate_detected_needs_manual_review,pending,candidate_screening_not_human_verified
IMG-0700,e0d7ebe070bb2887b8b803c1ec86f9e1835e87050fe55e308ae9c0599c3db9a3,yangliuqing_late_qing_candidate,杨柳青年画（候选）,3,1024,768,4724,28,2,-0.7769134533628875,0.913540797063778,False,9,0.45537465269611305,0.5725744188946014,0.2565057831505819,automatic_candidate_detected_needs_manual_review,pending,candidate_screening_not_human_verified
IMG-0703,e44de1aefa31a2b7bed3806fcc5b991540ea46ab3f9afa17b8667917d529dd34,yangliuqing_late_qing_candidate,杨柳青年画（候选）,3,595,1024,3425,65,0,,,,0,0.0,,0.0,no_candidate_detected_under_fixed_parameters_not_proof_of_absence,pending,candidate_screening_not_human_verified
IMG-0691,e71c9ed6d9aa6ad1491aaaf7b150e96caf56f236786d3de9a14e37308422b904,yangliuqing_late_qing_candidate,杨柳青年画（候选）,3,866,1024,5739,92,2,0.46770677252569254,0.8506089056112551,True,19,0.2552782495204606,1.1779540320017727,0.14165253308908357,automatic_candidate_detected_needs_manual_review,pending,candidate_screening_not_human_verified
IMG-0670,ea4916d3970f8a85946a1b448fbb328e1eb559772cb16482bc564ddb5909ce31,yangliuqing_late_qing_candidate,杨柳青年画（候选）,3,1024,626,3554,77,0,,,,0,0.0,,0.0,no_candidate_detected_under_fixed_parameters_not_proof_of_absence,pending,candidate_screening_not_human_verified
IMG-0634,ead3192796f0747047f01018370caf42ff85ae3be4afbb5bcb22eafdbf5aaa15,yangliuqing_late_qing_candidate,杨柳青年画（候选）,3,431,1024,2525,52,0,,,,0,0.0,,0.0,no_candidate_detected_under_fixed_parameters_not_proof_of_absence,pending,candidate_screening_not_human_verified
IMG-0654,ebb010dc27dab3af1e30089ec965056a336aa4a39ec3c6eeb83fa7b26d3d8e8f,yangliuqing_late_qing_candidate,杨柳青年画（候选）,3,567,1024,1781,26,1,0.928668107282003,-1.6841368668407393,False,9,0.508774342517356,0.8811673788982948,0.24560850408116536,automatic_candidate_detected_needs_manual_review,pending,candidate_screening_not_human_verified
IMG-0608,edbd47da07dfc3ae55cc330a190ee83a208f15a922a1f1588c6f8a9c17c9b342,yangliuqing_late_qing_candidate,杨柳青年画（候选）,3,1024,591,3683,49,2,1.94187839917532,0.18564679627056765,False,16,0.40651515272237027,0.7949911357765852,0.273178557039701,automatic_candidate_detected_needs_manual_review,pending,candidate_screening_not_human_verified
IMG-0671,f4c960f8591f9c511a824e042073d2d3a41b771e6013d65236907cfafdaef31f,yangliuqing_late_qing_candidate,杨柳青年画（候选）,3,1024,608,3385,15,0,,,,0,0.0,,0.0,no_candidate_detected_under_fixed_parameters_not_proof_of_absence,pending,candidate_screening_not_human_verified
IMG-0686,f9809452b1bd37e5761264a56001d9625022512efd057204042fd77b81af3647,yangliuqing_late_qing_candidate,杨柳青年画（候选）,3,1024,624,2703,13,1,0.6534593847906578,0.7151413069140176,True,6,0.5287830836210163,0.749871982507919,0.18172510371312328,automatic_candidate_detected_needs_manual_review,pending,candidate_screening_not_human_verified
IMG-0656,fc3f5ac62830fb034bf5141cd32ffb19dc781c154966b5a379a29c8f7768c56b,yangliuqing_late_qing_candidate,杨柳青年画（候选）,3,1024,595,3546,58,2,1.581056309846845,0.5404529471038173,False,25,0.40086017116090844,1.3601031205556393,0.2030721035486841,automatic_candidate_detected_needs_manual_review,pending,candidate_screening_not_human_verified
IMG-0652,fd6a10ac2097270fe3db31c957db6ff8d137a71c1245d23a1c8066adc5840432,yangliuqing_late_qing_candidate,杨柳青年画（候选）,3,570,1024,2103,68,2,0.5620465297677598,1.6225028556753003,False,34,0.509388571250085,1.6713943847197976,0.22085666892764305,automatic_candidate_detected_needs_manual_review,pending,candidate_screening_not_human_verified
