sample_id,group_id,group_label,vp_rank,x,y,x_normalized,y_normalized,inside_image,support_line_count,support_length_ratio_active,support_length_ratio_all,median_angular_residual_degrees,center_distance_diagonals,automatic_confidence_score_not_probability,manual_validity
IMG-0145,gusu_qing_candidate,姑苏版画（候选）,1,13.88826544098148,915.8129468968256,0.022079913260701876,0.8943485809539312,True,13,0.35044166976540186,0.35044166976540186,0.80715202655779,0.41890424906127416,0.2340695420084125,
IMG-0145,gusu_qing_candidate,姑苏版画（候选）,2,614.8733340259167,887.7930145185993,0.9775410715833335,0.8669853657408196,True,8,0.4309294793355732,0.2799138330460797,0.4355141609646108,0.40031994993936826,0.23107036328260777,
IMG-0102,gusu_qing_candidate,姑苏版画（候选）,1,-1710.0899631433938,735.9679966388031,-3.0428647031021243,0.7187187467175812,False,16,0.18334086714292394,0.18334086714292394,1.0530121129734948,1.7153278967031134,0.1082930551307456,
IMG-0102,gusu_qing_candidate,姑苏版画（候选）,2,73.82130601631984,3167.828367626606,0.131354637039715,3.0935823902603574,False,15,0.21053666339412275,0.17193668896206643,1.2789394835559997,2.280569928939257,0.11107326949272937,
IMG-0095,gusu_qing_candidate,姑苏版画（候选）,1,522.0428978409112,963.8159168195492,0.8985247811375409,0.941226481269091,True,14,0.41897149186395083,0.41897149186395083,0.5404148225011135,0.4312171616400066,0.31976791525887627,
IMG-0095,gusu_qing_candidate,姑苏版画（候选）,2,58.969656795586026,969.8283422274865,0.10149682753112914,0.9470979904565298,True,14,0.6226533370721509,0.3617793395249644,0.4668450834307901,0.4357633132127279,0.4930286968180095,
IMG-0323,gusu_qing_candidate,姑苏版画（候选）,1,-2601.2630466007204,693.90942485815,-2.8243898443004563,0.6776459227130371,False,15,0.36729204413284555,0.36729204413284555,0.5132178365091924,2.227019538849606,0.2841631013751239,
IMG-0323,gusu_qing_candidate,姑苏版画（候选）,2,748.7194238975079,465.6718069220998,0.8129418283360563,0.4547576239473631,True,12,0.3671094516264096,0.23227307071805756,0.4196347160720145,0.21195796232867364,0.2976274923410218,
IMG-0111,gusu_qing_candidate,姑苏版画（候选）,1,17.92922666662827,989.751810242742,0.030648250712185077,0.9665545021901777,True,19,0.3198190790261989,0.3198190790261989,0.6455748298866981,0.46724435522595664,0.2315898786577872,
IMG-0111,gusu_qing_candidate,姑苏版画（候选）,2,562.8353474705875,487.38342539368176,0.9621117050779274,0.47596037636101735,True,16,0.35385643778866854,0.24068639774760509,1.0638214359809675,0.23017781271045437,0.2078840702841807,
IMG-0202,gusu_qing_candidate,姑苏版画（候选）,1,38.90985218575943,64.21456346349436,0.0379979025251557,0.0630172359798767,True,14,0.42689134870213824,0.42689134870213824,0.9521310404578726,0.4497276767516005,0.26519462965391877,
IMG-0202,gusu_qing_candidate,姑苏版画（候选）,2,987.4497858540999,996.4915016408103,0.9643064314981444,0.9779111890488815,True,8,0.43672732996683417,0.2502922110622087,1.5289201438449527,0.47112462423098234,0.1355558674752862,
IMG-0219,gusu_qing_candidate,姑苏版画（候选）,1,994.4946146850189,800.2821827290995,0.9711861471533387,0.979537555359975,True,12,0.43775561802026725,0.43775561802026725,1.1113190070687546,0.4744520211110539,0.2511376766754197,
IMG-0219,gusu_qing_candidate,姑苏版画（候选）,2,17.646598718805524,14.883767460147443,0.01723300656133352,0.018217585630535424,True,6,0.7462872809036243,0.41959583103099324,0.3397650530667563,0.48238426558002545,0.31484514476414066,
IMG-0378,gusu_qing_candidate,姑苏版画（候选）,1,313.6546012667014,832.606104427047,0.30630332154951306,0.8829333026797953,True,22,0.2517592124999323,0.2517592124999323,1.3876649978033373,0.2959599348309119,0.12579336820058784,
IMG-0378,gusu_qing_candidate,姑苏版画（候选）,2,364.41603297303965,121.06158918645525,0.35587503220023403,0.12837920380323992,True,11,0.23618936009865693,0.17672651279935606,0.9722068970045225,0.27315490836085277,0.1331556881355467,
IMG-0428,gusu_qing_candidate,姑苏版画（候选）,1,406.74355553144784,551.8119057540745,0.7991032525175793,0.5388788142129634,True,8,0.4087664476611012,0.4087664476611012,1.6452175560709712,0.13761173783014571,0.11970975135315656,
IMG-0339,gusu_qing_candidate,姑苏版画（候选）,1,298.4800095432572,885.1620805034306,0.4917298345028949,0.8644160942416315,True,5,0.3467140312535894,0.3467140312535894,0.9802783460636336,0.3135075784289532,0.08849025317782842,
IMG-0369,gusu_qing_candidate,姑苏版画（候选）,1,409.501870085717,771.0997926476463,0.5223238138848431,0.7530271412574671,True,10,0.24853067991828232,0.24853067991828232,0.7106886880256743,0.20136278206189387,0.14516926371003389,
IMG-0369,gusu_qing_candidate,姑苏版画（候选）,2,519.9463893828203,676.2890640239543,0.6631969252331891,0.6604385390858929,True,9,0.3074049844562456,0.23100541465906582,1.5648064418214334,0.16146340456156352,0.105433534801231,
IMG-0040,gusu_qing_candidate,姑苏版画（候选）,1,1450.8243304860348,348.10044658194823,1.4479284735389568,0.3399418423651838,False,8,0.16465593844873788,0.16465593844873788,1.2581831522411109,0.6727669747180148,0.058516068459769366,
IMG-0040,gusu_qing_candidate,姑苏版画（候选）,2,215.19374970739366,205.6412105846112,0.21476422126486394,0.20082149471153438,True,9,0.21002787667014067,0.1754455395366229,1.691934501469259,0.2924415919002195,0.06759884822211472,
IMG-0290,gusu_qing_candidate,姑苏版画（候选）,1,1781.0436581434367,708.134500498048,1.7393004474057,0.8785787847370323,False,17,0.3035083734202815,0.3035083734202815,1.1414053813545424,1.0015789065551326,0.17152113736702915,
IMG-0290,gusu_qing_candidate,姑苏版画（候选）,2,108.20206699791325,-1731.8642944036526,0.10566608105264966,-2.148715005463589,False,17,0.3124367888512604,0.2176096072703585,0.5497283586873221,1.6672747431733048,0.23735050999425977,
IMG-0059,gusu_qing_candidate,姑苏版画（候选）,1,778.0452459560523,646.8400244710461,0.7598098105039574,0.6955269080333829,True,12,0.8299498667770268,0.8299498667770268,0.1856033615329813,0.23296093430832718,0.7563949169653187,
IMG-0212,gusu_qing_candidate,姑苏版画（候选）,1,1006.8756171122146,786.5985440748125,0.9832769698361471,0.9569325353708181,True,17,0.55880352503164,0.55880352503164,0.6800068062606176,0.4731282217087441,0.3977384118147071,
IMG-0212,gusu_qing_candidate,姑苏版画（候选）,2,13.705911429249722,20.351006285472106,0.013384679130126682,0.024757915189138814,True,7,0.6613559161044429,0.2917878988847506,0.25253075626503524,0.48219046730058024,0.340028782032411,
IMG-0416,gusu_qing_candidate,姑苏版画（候选）,1,-319.12144333265064,64.89088847298711,-0.3925233005321656,0.06337000827440148,False,37,0.27108998508607374,0.27108998508607374,0.9571365578900115,0.6518647918596562,0.16798631791539284,
IMG-0416,gusu_qing_candidate,姑苏版画（候选）,2,-1525.304052907746,961.4756122039998,-1.8761427465039926,0.9389410275429686,False,19,0.26135899648530164,0.19050719002599,0.8790138383022734,1.516949509310256,0.1684077308721547,
IMG-0152,gusu_qing_candidate,姑苏版画（候选）,1,48.58392152456721,32.47358563230634,0.080436956166502,0.03171248596904916,True,15,0.4150081097305561,0.4150081097305561,0.8770781110250038,0.45620957880779184,0.2676711048223683,
IMG-0152,gusu_qing_candidate,姑苏版画（候选）,2,559.7965459541696,992.1507166501361,0.9268154734340556,0.9688971842286486,True,10,0.6393042666038317,0.3739878113778961,0.38790928181047246,0.45840533826019686,0.4388265813424564,
IMG-0387,gusu_qing_candidate,姑苏版画（候选）,1,142.9256054494902,-2134.8860104254773,0.25752361342250485,-2.08484961955613,False,23,0.3883697822542629,0.3883697822542629,1.2241247139964972,2.2754629343871318,0.21058630641423418,
IMG-0387,gusu_qing_candidate,姑苏版画（候选）,2,735.2286056980769,221.23076609582972,1.3247362264830214,0.2160456700154587,False,13,0.46035376573363,0.28156627397573014,1.8043125762463497,0.46557918120958197,0.18676272515231124,
IMG-0374,gusu_qing_candidate,姑苏版画（候选）,1,879.2400282632982,127.48826596897453,0.8586328401008771,0.13363549891926052,True,14,0.3386553968910678,0.3386553968910678,0.5836634356483243,0.36224592017515267,0.25293975660713086,
IMG-0374,gusu_qing_candidate,姑苏版画（候选）,2,595.1288894357253,857.95894783204,0.5811805560895755,0.8993280375597904,True,8,0.388231330193989,0.2567546949815963,0.19319510214578817,0.278609579315702,0.23498900236886738,
IMG-0393,gusu_qing_candidate,姑苏版画（候选）,1,-848.856170072723,301.17387517279644,-0.8289611035866435,0.5283752196013972,False,10,0.31765861261589906,0.31765861261589906,0.9999423960985507,1.1612677364212303,0.16056269768007744,
IMG-0393,gusu_qing_candidate,姑苏版画（候选）,2,1768.4767150219363,28.524983338515998,1.7270280420136097,0.05004383041844912,False,7,0.33060152155485034,0.22558310088903133,0.7306527452590954,1.0942287979584333,0.13383275379605894,
IMG-0366,gusu_qing_candidate,姑苏版画（候选）,1,3316.9972492583174,659.4669065771245,4.772657912601896,0.6440106509542232,False,27,0.3452684324308963,0.3452684324308963,0.6090533284803038,2.40239806718456,0.25462592702145903,
IMG-0366,gusu_qing_candidate,姑苏版画（候选）,2,367.6687041524139,1124.1090078481948,0.5290197182049121,1.0977627029767527,False,10,0.1717984298332356,0.11248185527062504,1.111342057643239,0.4948705081219455,0.082132129382288,
IMG-0381,gusu_qing_candidate,姑苏版画（候选）,1,112.92461544466904,801.5385908811382,0.11027794477018461,0.8463976672451301,True,15,0.3589187375982789,0.3589187375982789,0.6952921976501744,0.37037996529623296,0.25352182306705,
IMG-0381,gusu_qing_candidate,姑苏版画（候选）,2,903.1979380333357,849.1881269005266,0.8820292363606794,0.8967139671600071,True,10,0.4002688738424865,0.25660487494305656,1.4676967625502888,0.3888676967552703,0.1601268907052445,
IMG-0405,gusu_qing_candidate,姑苏版画（候选）,1,-3107.1541865640484,777.1644477584728,-5.68035500285932,0.7589496560141336,False,19,0.3513416374489613,0.3513416374489613,0.8826613973036448,2.9209375739226076,0.22597590476510604,
IMG-0405,gusu_qing_candidate,姑苏版画（候选）,2,197.48255537151704,-1237.5798446916071,0.3610284376078922,-1.2085740670816476,False,11,0.35959341277355567,0.2332532743138344,0.885894141042774,1.5084572427052754,0.21166726494107876,
IMG-0262,gusu_qing_candidate,姑苏版画（候选）,1,37.401543965794914,51.05664233119274,0.036524945279096596,0.05065143088411978,True,16,0.475733479852659,0.475733479852659,0.3532382645369006,0.45657766099023844,0.39871171975464426,
IMG-0262,gusu_qing_candidate,姑苏版画（候选）,2,981.8798034102532,962.5029227567343,0.9588669955178254,0.9548640106713634,True,20,0.7798505103614533,0.408849513302327,0.24670766402455246,0.4569014034874256,0.689349511459975,
IMG-0015,gusu_qing_candidate,姑苏版画（候选）,1,575.1213898216319,796.7362939722934,0.5616419822476874,0.9775905447512803,True,7,0.7727351384422516,0.7727351384422516,0.1399807786240874,0.30129828799302116,0.420291895321018,
IMG-0382,gusu_qing_candidate,姑苏版画（候选）,1,126.97104980249041,119.23913637538044,0.12399516582274454,0.12577967972086546,True,8,0.31786395265417905,0.31786395265417905,1.4359090616712984,0.37518230429611976,0.10335853130803853,
IMG-0382,gusu_qing_candidate,姑苏版画（候选）,2,902.5391860709666,852.6068195227898,0.8813859238974283,0.8993742821970356,True,9,0.4278627488846476,0.2918606043306911,0.5918824309520463,0.38979103436783985,0.23869323120948163,
IMG-0289,gusu_qing_candidate,姑苏版画（候选）,1,1908.1335805829183,676.3639382639188,1.8634116997880061,0.8841358670116586,False,25,0.3034638944403784,0.3034638944403784,0.9195544775227491,1.1161968021944033,0.1916144730855659,
IMG-0289,gusu_qing_candidate,姑苏版画（候选）,2,3162.568153160264,199.16707762685172,3.0884454620705704,0.2603491210808519,False,29,0.3988159077497074,0.2777896792192065,1.6374099704748062,2.0786232481731584,0.17587876827859794,
IMG-0049,gusu_qing_candidate,姑苏版画（候选）,1,2671.695203851642,180.48079918133342,2.609077347511369,0.20233273450822134,False,40,0.4266988833206337,0.4266988833206337,1.3144600434296558,1.6022908726615943,0.221151624827872,
IMG-0049,gusu_qing_candidate,姑苏版画（候选）,2,1001.2828436826816,15.783212297860098,0.9778152770338687,0.017694184190426118,True,8,0.3330579473859754,0.19094249315531725,0.28264568606322077,0.47975779394723844,0.19277593190680778,
IMG-0153,gusu_qing_candidate,姑苏版画（候选）,1,-1022.1333951920219,107.34544761459948,-0.9981771437422089,0.10998508976905684,False,40,0.2650224659187323,0.2650224659187323,1.3722297419265672,1.117368532796243,0.13344637723276204,
IMG-0153,gusu_qing_candidate,姑苏版画（候选）,2,1195.949509284475,549.4760699690233,1.16791944266062,0.5629877766076059,False,45,0.3185108435430815,0.23409831436543846,1.7696103991767533,0.48543525450891467,0.131479549249131,
IMG-0347,gusu_qing_candidate,姑苏版画（候选）,1,-256.6965208167412,321.5576636516385,-0.25068019611009884,0.42365963590466205,False,10,0.3642956499520485,0.3642956499520485,1.4856413900024075,0.6047896594302203,0.14443412356355068,
IMG-0347,gusu_qing_candidate,姑苏版画（候选）,2,1171.98246967225,628.9458905854135,1.1445141305393067,0.8286507122337464,False,7,0.35877638461945205,0.2280757083970627,0.9960364437912925,0.5535369955833608,0.12719032513052694,
IMG-0045,gusu_qing_candidate,姑苏版画（候选）,1,-436.43756993123344,785.5258727136725,-0.42620856438597016,0.9758085375325124,False,7,0.7830564949491574,0.7830564949491574,0.9172514068697828,0.7852832774615324,0.2887561733385855,
IMG-0035,gusu_qing_candidate,姑苏版画（候选）,1,-405.37204279885424,933.1945237268321,-0.3958711355457561,0.9771670405516567,False,11,0.4854290095280752,0.4854290095280752,0.15863527647858564,0.7315441226474089,0.4110455519901702,
IMG-0035,gusu_qing_candidate,姑苏版画（候选）,2,-357.0867237930421,608.0258137927838,-0.3487175037041427,0.6366762448091977,False,19,0.6787200014615382,0.34924962340516996,0.6779757027720898,0.6276421567566496,0.48358196370204376,
IMG-0278,gusu_qing_candidate,姑苏版画（候选）,1,-2963.961795480215,672.1990290910882,-2.8944939408986476,0.7926875343055285,False,60,0.5504250556676216,0.5504250556676216,1.1960485314055402,2.621063257115401,0.3026770944995912,
IMG-0278,gusu_qing_candidate,姑苏版画（候选）,2,1177.8189995252733,144.00692115255154,1.1502138667238997,0.16981948249121645,False,17,0.3959799171193131,0.17802264919565508,0.37779980252126466,0.543266842743909,0.3278196450043893,
IMG-0275,gusu_qing_candidate,姑苏版画（候选）,1,588.8694344985394,50.658772166690255,0.7830710565140151,0.04947145719403345,True,35,0.49431503890557643,0.49431503890557643,1.0356703634234043,0.39991970211768435,0.29451733469148944,
IMG-0275,gusu_qing_candidate,姑苏版画（候选）,2,575.9181563219107,-1965.2432518094943,0.7658486121302004,-1.9191828630952092,False,12,0.3881897223287807,0.1963017046330845,0.5319982546166897,1.9562113537376116,0.2975240517331774,
IMG-0180,gusu_qing_candidate,姑苏版画（候选）,1,576.5164366926575,957.3510994907855,0.9560803261901452,0.9349131830964702,True,19,0.21102250513148507,0.21102250513148507,1.0071631762161568,0.44046054256436845,0.1275340259347165,
IMG-0346,gusu_qing_candidate,姑苏版画（候选）,1,691.0207512053021,38.00913257806565,0.9213610016070695,0.03711829353326724,True,6,0.3908011463433707,0.3908011463433707,0.1822775591979576,0.44882158144853174,0.17837942688243436,
IMG-0159,gusu_qing_candidate,姑苏版画（候选）,1,-1205.8801742743917,675.5435113399843,-1.1776173576898357,0.920359007275183,False,26,0.23728803708935972,0.23728803708935972,0.8305163460639208,1.385330071126966,0.15665040088948323,
IMG-0159,gusu_qing_candidate,姑苏版画（候选）,2,287.06445364246815,426.8382856791719,0.2803363805102228,0.5815235499716239,True,18,0.27932410000000046,0.21304383259924833,0.7032981185567062,0.18474473453859266,0.19651203909600867,
IMG-0210,gusu_qing_candidate,姑苏版画（候选）,1,1002.031427780105,735.592260070144,0.9785463161915088,0.8959710841292863,True,6,0.4749815836476326,0.4749815836476326,0.1258203681965006,0.4480516052018647,0.2230104580301503,
IMG-0210,gusu_qing_candidate,姑苏版画（候选）,2,23.600756147717956,808.8360364630569,0.023047613425505816,0.9851839664592654,True,5,0.458818482718482,0.24088815319005355,0.5524066709140043,0.48019011787788984,0.14503608833847736,
IMG-0129,gusu_qing_candidate,姑苏版画（候选）,1,504.7861245124462,1434.253460235658,0.9365234221010134,1.4006381447613847,False,16,0.35557088893105504,0.35557088893105504,1.5161056999002434,0.8225015958878819,0.16661267140437558,
IMG-0129,gusu_qing_candidate,姑苏版画（候选）,2,17.802325663840627,967.3824453494423,0.03302843351361898,0.9447094192865647,True,11,0.35119772790562925,0.22632203960365788,0.23766781411279336,0.4496328934367939,0.2858605510517204,
IMG-0258,gusu_qing_candidate,姑苏版画（候选）,1,656.0575921707506,956.6399219174061,0.654748095978793,0.9342186737474669,True,8,0.34309736476438346,0.34309736476438346,1.0263213570896372,0.32868458486873026,0.13691885930458753,
IMG-0258,gusu_qing_candidate,姑苏版画（候选）,2,2521.16642297106,113.87634877768322,2.5161341546617364,0.11120737185320627,False,6,0.40218392904797357,0.264195682841028,0.9309195726262426,1.4371798035464904,0.12625485868567504,
IMG-0140,gusu_qing_candidate,姑苏版画（候选）,1,569.0813793646779,-930.9956996752616,0.9238334080595421,-0.9091754879641226,False,25,0.30394993648538066,0.30394993648538066,1.1996439584494363,1.2271302545399188,0.16684096044679006,
IMG-0140,gusu_qing_candidate,姑苏版画（候选）,2,-2244.217771370046,47.37360973557559,-3.6432106678085168,0.04626329075739804,False,13,0.2604075439516906,0.1812566875072602,0.6418186682458522,2.170844243367248,0.18892281519205437,
IMG-0354,gusu_qing_candidate,姑苏版画（候选）,1,146.32630636900768,300.0266345681682,0.25626323357094166,0.2929947603204768,True,14,0.3033594646313977,0.3033594646313977,0.6829559002247896,0.21628254362124277,0.21560337742666508,
IMG-0354,gusu_qing_candidate,姑苏版画（候选）,2,424.33319250719364,73.7926167572874,0.7431404422192533,0.07206310230203848,True,19,0.40903538054400285,0.28495062648687414,1.010402376019592,0.39206607905535285,0.24680547340796513,
IMG-0222,gusu_qing_candidate,姑苏版画（候选）,1,741.0859860711126,21.69281202884148,0.9574754342004039,0.021184386746915508,True,11,0.4870837626947235,0.4870837626947235,0.6457194293602784,0.471168295919994,0.3232949336737265,
IMG-0222,gusu_qing_candidate,姑苏版画（候选）,2,19.826416821372373,718.772680924911,0.025615525609008233,0.7019264462157334,True,12,0.5913810809807996,0.30332895887019873,0.8143716688943681,0.3282870430209631,0.39357623399084546,
IMG-0309,gusu_qing_candidate,姑苏版画（候选）,1,-2653.601061800224,246.1300817570787,-4.328876120391883,0.24036140796589717,False,11,0.7159824542842059,0.7159824542842059,0.5202325132078593,2.4902542679217703,0.5059956274652843,
IMG-0003,gusu_qing_candidate,姑苏版画（候选）,1,3329.19245577103,767.3037997933294,4.290196463622461,0.7493201169856732,False,10,0.5140292494136222,0.5140292494136222,0.27558852830399583,2.297801665217885,0.37321861545295937,
IMG-0292,gusu_qing_candidate,姑苏版画（候选）,1,2213.090987905008,511.56886595163036,2.1612216678759846,0.9403839447640264,False,20,0.21882694227131366,0.21882694227131366,1.0647471391562768,1.4815281255778956,0.12849726626573743,
IMG-0292,gusu_qing_candidate,姑苏版画（候选）,2,953.2411607269114,-2513.079531625058,0.9308995710223744,-4.6196314919578265,False,15,0.25865351529907726,0.20205315743845384,0.29621897069953623,2.4318591357595474,0.22304641793109872,
IMG-0010,gusu_qing_candidate,姑苏版画（候选）,1,-3392.354748510594,795.9829453050671,-3.312846434092377,0.975469295716994,False,8,1.0,1.0,0.0670011613777753,2.99655945075719,0.6447028997823501,
IMG-0042,gusu_qing_candidate,姑苏版画（候选）,1,799.5428417316325,1132.4919715080857,0.793984947101919,1.105949190925865,False,5,0.33977577260242325,0.33977577260242325,1.0804588327956461,0.4786967190842482,0.0824826323287858,
IMG-0330,gusu_qing_candidate,姑苏版画（候选）,1,609.6381781767748,4412.544779053287,0.5953497833757566,4.55841402794761,False,36,0.41737365703204,0.41737365703204,1.5898247367358582,2.7888163480442225,0.18849462883491597,
IMG-0330,gusu_qing_candidate,姑苏版画（候选）,2,279.7923791273654,2406.3703657891624,0.27323474524156777,2.4859197993689692,False,17,0.34013000267115584,0.19816869958997793,0.5465300274472271,1.3741578994946677,0.25880189674596626,
IMG-0001,gusu_qing_candidate,姑苏版画（候选）,1,552.7859589520103,1773.2841955835256,0.6774337732255029,1.7317228472495367,False,13,0.6698428083389447,0.6698428083389447,0.3920888389746778,0.9696065727644962,0.5505945260960329,
IMG-0373,gusu_qing_candidate,姑苏版画（候选）,1,993.4071757334871,19.244040115338787,0.9701241950522335,0.025057343900180714,True,5,0.46883129157152625,0.46883129157152625,0.49486901381925663,0.47186450935091645,0.1525267117925821,
IMG-0306,gusu_qing_candidate,姑苏版画（候选）,1,164.80697743262772,-2056.031735159258,0.2282645116795398,-2.007843491366463,False,24,0.49807815978771686,0.49807815978771686,1.4453472984333848,2.0555765769779684,0.24179333237888126,
IMG-0306,gusu_qing_candidate,姑苏版画（候选）,2,-268.1224556581978,385.47143680351076,-0.3713607419088612,0.37643695000342847,False,11,0.4990336018372036,0.2504758637618929,1.0756369814659101,0.5121711411678116,0.2671588870820129,
IMG-0175,gusu_qing_candidate,姑苏版画（候选）,1,17.904242989085617,23.044206362960903,0.03231812813914371,0.022504107776329007,True,13,0.3736770467568234,0.3736770467568234,0.5433660778256607,0.47529150941475223,0.28477769948889475,
IMG-0175,gusu_qing_candidate,姑苏版画（候选）,2,534.8339675063341,65.73173094503353,0.9654042734771374,0.06419114350100931,True,13,0.4590671292489463,0.28752428012806713,0.5201878783535612,0.4426832860073854,0.3539311884315186,
IMG-0108,gusu_qing_candidate,姑苏版画（候选）,1,364.8181591156872,109.82928366643748,0.3562677335114133,0.6696907540636432,True,15,0.24527144557511918,0.24527144557511918,1.3033614033075134,0.144438338809068,0.1278279011151257,
IMG-0319,gusu_qing_candidate,姑苏版画（候选）,1,504.2453582867798,-2602.6211360343436,0.8404089304779663,-2.5416222031585387,False,56,0.38063862882572264,0.38063862882572264,1.0515011168453414,2.629946234963297,0.224999883817841,
IMG-0319,gusu_qing_candidate,姑苏版画（候选）,2,145.2773033623233,-1875.5718422014347,0.2421288389372055,-1.8316131271498386,False,33,0.3478548933146785,0.2154478836930613,1.3789003583316133,2.0159339626553847,0.17457164674067951,
IMG-0383,gusu_qing_candidate,姑苏版画（候选）,1,896.217632281274,122.71966539807316,0.8752125315246816,0.1299996455488063,True,9,0.4325415148482964,0.4325415148482964,1.3783401950291407,0.3728270190445195,0.16284944764065992,
IMG-0383,gusu_qing_candidate,姑苏版画（候选）,2,106.6357871300986,844.3555472193751,0.10413651086923692,0.8944444356137449,True,11,0.4601001912416021,0.2610877575399687,0.3335245769178987,0.3952121850230712,0.3569767334921767,
IMG-0128,gusu_qing_candidate,姑苏版画（候选）,1,89.57917925252538,428.0802552899859,0.08747966723879431,0.5176302966021595,True,9,0.2731552972727238,0.2731552972727238,0.4950954686403902,0.3211194507034366,0.15994190909549155,
IMG-0128,gusu_qing_candidate,姑苏版画（候选）,2,394.9308056563097,11.402312469355312,0.38567461489873994,0.013787560422436895,True,10,0.3761676434402132,0.2734154589719218,0.6990091328430253,0.31817230614935466,0.22101018380498735,
IMG-0419,gusu_qing_candidate,姑苏版画（候选）,1,810.1230243842264,833.5890856624267,0.7911357660002211,0.9888364005485488,True,7,0.2133612536494042,0.2133612536494042,0.7268540666168878,0.38347152040711746,0.08653623444663351,
IMG-0419,gusu_qing_candidate,姑苏版画（候选）,2,769.0754200348505,889.4547636004284,0.7510502148777837,1.055106481139298,False,6,0.2125423475625074,0.16719404583298342,1.025936955328718,0.40254518054920835,0.06362621639834934,
IMG-0056,gusu_qing_candidate,姑苏版画（候选）,1,-2006.1406611099794,521.6305362985167,-1.9591217393652143,0.5174906114072587,False,5,0.40539602481713694,0.40539602481713694,0.28474146913688736,1.7525421080112715,0.14649993085326973,
IMG-0070,gusu_qing_candidate,姑苏版画（候选）,1,64.79902406932864,875.5255642135703,0.06328029694270375,0.890666901539746,True,17,0.2455644094944399,0.2455644094944399,0.8211484614322746,0.4152715202842046,0.16287532691147869,
IMG-0070,gusu_qing_candidate,姑苏版画（候选）,2,779.4587104148283,39.351974208551624,0.7611901468894807,0.040032527170449264,True,20,0.3108968185128521,0.2345516248610436,1.1146828008081513,0.37009186015604933,0.1780598417599527,
IMG-0299,gusu_qing_candidate,姑苏版画（候选）,1,599.3838908135765,42.67607530684134,0.5853358308726333,0.1394642983883704,True,20,0.4097067949082589,0.4097067949082589,0.7096307903751025,0.13168594360152375,0.28732856143134183,
IMG-0455,gusu_qing_candidate,姑苏版画（候选）,1,296.12792234822905,-1161.0549481784858,0.3529534235378177,-1.1338427228305525,False,13,0.4356981887378566,0.4356981887378566,0.7705266769462991,1.267240781916781,0.29639304774930564,
IMG-0455,gusu_qing_candidate,姑苏版画（候选）,2,560.1986081476243,61.89478835019311,0.6676979834894211,0.06044412924823546,True,6,0.4203275254690309,0.23719158394550888,0.3015625579236667,0.35622940611170273,0.18074835687400936,
IMG-0312,gusu_qing_candidate,姑苏版画（候选）,1,-1861.4193958280803,607.3838459862927,-2.2399752055692903,0.593148287095989,False,10,0.5556492691877974,0.5556492691877974,0.5273299828336301,1.7280706682780747,0.35572243016291283,
IMG-0312,gusu_qing_candidate,姑苏版画（候选）,2,635.0498916444475,-1248.5775141468393,0.7641996289343532,-1.2193139786590228,False,6,0.5482730083056694,0.243625511925229,0.7920871922552799,1.3453618423101017,0.1844876597728382,
IMG-0407,gusu_qing_candidate,姑苏版画（候选）,1,-1710.7899181099742,590.5307952703857,-2.0513068562469714,0.5766902297562361,False,23,0.5982596185392954,0.5982596185392954,0.7543594101072915,1.612258427893827,0.4102821523176085,
IMG-0407,gusu_qing_candidate,姑苏版画（候选）,2,245.87801602516228,853.0782815263176,0.2948177650181802,0.8330842593030445,True,6,0.345081631860816,0.13863322641884657,0.810268044440454,0.28894591221377297,0.11506530081165164,
IMG-0273,gusu_qing_candidate,姑苏版画（候选）,1,2874.413316840938,478.07290460928687,2.8070442547274785,0.7009866636499807,False,102,0.44718362797963707,0.44718362797963707,1.562593597539792,1.9233831037422746,0.20472600257786652,
IMG-0273,gusu_qing_candidate,姑苏版画（候选）,2,-1569.708485450531,612.5115618720477,-1.5329184428227842,0.8981107945337942,False,38,0.45672482845169393,0.25248496267628817,0.9511778736661641,1.7063294662786779,0.28386311904615497,
IMG-0327,gusu_qing_candidate,姑苏版画（候选）,1,392.3564720808618,440.44906576017945,0.6895544324795463,0.43012604078142525,True,7,0.18847970261452496,0.18847970261452496,1.9105052021240287,0.11048673420762269,0.04229805994677865,
IMG-0327,gusu_qing_candidate,姑苏版画（候选）,2,1175.1594022318573,608.4074385197736,2.0653065065586245,0.5941478891794664,False,8,0.2777612042719202,0.22540885509289632,0.5982361699919437,0.76473450538319,0.13730140887560663,
IMG-0384,gusu_qing_candidate,姑苏版画（候选）,1,906.5494749498453,842.8310753974823,0.8853022216307083,0.8890623158201291,True,9,0.28962924984591903,0.28962924984591903,1.0266743409031098,0.3870421104109071,0.13000623532673491,
IMG-0384,gusu_qing_candidate,姑苏版画（候选）,2,160.1865107812048,143.9166672426015,0.1564321394347703,0.15181083042468513,True,12,0.3633586013809371,0.2581193222379139,0.3826066268138025,0.3457083523768459,0.3000913462517673,
IMG-0060,gusu_qing_candidate,姑苏版画（候选）,1,245.24020935960328,4066.280361328145,0.23949239195273758,4.641872558593772,False,16,0.2511711418085357,0.2511711418085357,1.0561058763113902,2.6997235352263917,0.14812871748261738,
IMG-0007,gusu_qing_candidate,姑苏版画（候选）,1,842.6014072629903,1277.3183569485054,0.9763631602120397,1.2473812079575248,False,12,0.8415421082274351,0.8415421082274351,0.22104088738648695,0.6487240742834626,0.7534898957119368,
IMG-0154,gusu_qing_candidate,姑苏版画（候选）,1,-3071.9576140746567,617.2531455851454,-2.999958607494782,0.6843161259258818,False,40,0.383625699172271,0.383625699172271,1.3957707133099002,2.6291708239897584,0.19090615626012822,
IMG-0154,gusu_qing_candidate,姑苏版画（候选）,2,29.681932871635176,321.3445805486284,0.028986262569956227,0.3562578498321823,True,14,0.28691883024115206,0.17684939338419994,1.2415457362835502,0.3659934426049628,0.1542271454483381,
IMG-0139,gusu_qing_candidate,姑苏版画（候选）,1,621.7434185764366,982.8066798039604,0.9609635526683719,0.9597721482460551,True,14,0.2551120122369013,0.2551120122369013,0.6601170473346517,0.4601123876084297,0.183395346998335,
IMG-0081,gusu_qing_candidate,姑苏版画（候选）,1,40.09072549727301,851.2567039741565,0.03915109911843068,0.9173024827307721,True,21,0.24242467895838907,0.24242467895838907,0.9736810377415172,0.4417438972669198,0.148985731710282,
IMG-0361,gusu_qing_candidate,姑苏版画（候选）,1,558.9580508941342,283.116470740735,0.8572976240707579,0.276480928457749,True,16,0.1895000449691346,0.1895000449691346,0.7183803395037973,0.2690254326389129,0.13231680593951634,
IMG-0361,gusu_qing_candidate,姑苏版画（候选）,2,70.36873015929386,584.9486787282622,0.10792750024431574,0.5712389440705685,True,11,0.221495803866181,0.17952233907306514,1.1999249404101093,0.2189840256276968,0.11143370030422738,
IMG-0244,gusu_qing_candidate,姑苏版画（候选）,1,-1946.370733326154,237.51333933663057,-1.9007526692638224,0.30926216059457107,False,22,0.5430526569070755,0.5430526569070755,0.4735492267657339,1.9240087564672603,0.4285603961279898,
IMG-0244,gusu_qing_candidate,姑苏版画（候选）,2,728.6387353525168,-2150.7693930441806,0.7115612649926922,-2.800480980526277,False,11,0.6550733994523684,0.2993340494106097,0.27237126875219636,1.9875080178642417,0.524030704104609,
IMG-0349,gusu_qing_candidate,姑苏版画（候选）,1,-768.5427354612447,553.8367818308595,-0.7505300150988717,0.8303400027449168,False,23,0.45382147423293934,0.45382147423293934,1.1907629637831032,1.0632421193159363,0.2502154658955681,
IMG-0349,gusu_qing_candidate,姑苏版画（候选）,2,524.145543401004,137.93416823784747,0.511860882227543,0.2067978534300562,True,8,0.29040354832399756,0.1586121819011243,0.945624464223471,0.16033612280801252,0.1206621101675921,
IMG-0345,gusu_qing_candidate,姑苏版画（候选）,1,18.895923787068593,635.7423815142176,0.030330535773785864,0.6208421694474782,True,17,0.27369369051154113,0.27369369051154113,0.4321757542122814,0.26504821099078096,0.22050529012695982,
IMG-0345,gusu_qing_candidate,姑苏版画（候选）,2,479.4742214640319,-2531.7299614157682,0.7696215432809501,-2.472392540445086,False,21,0.33107587031289243,0.2404624935276365,1.6314201151520145,2.5432125417134284,0.14644318052535638,
IMG-0450,gusu_qing_candidate,姑苏版画（候选）,1,216.51771554989867,3564.236191101849,0.24858520729035438,3.4806994053728992,False,23,0.5068263662222396,0.5068263662222396,1.0567139277226167,2.276291343540003,0.2988110722031406,
IMG-0450,gusu_qing_candidate,姑苏版画（候选）,2,545.6733700732317,3291.9569665959234,0.6264906659853406,3.2148017251913314,False,11,0.4677426688068628,0.23067835164838812,1.3033216612521052,2.0695394740720787,0.2234630518099026,
IMG-0438,gusu_qing_candidate,姑苏版画（候选）,1,395.62114840579346,1023.3753314760987,0.7521314608475161,0.9993899721446277,True,7,0.33576721172458895,0.33576721172458895,1.1150656073277567,0.4589076681024724,0.11215577948962199,
IMG-0438,gusu_qing_candidate,姑苏版画（候选）,2,500.89608387008985,764.2077553729785,0.9522739237073952,0.7462966361064243,True,5,0.31432826231484273,0.20878713811115274,0.904539011050283,0.3011680927642775,0.08332091668742542,
IMG-0380,gusu_qing_candidate,姑苏版画（候选）,1,907.4908898679438,855.8260992267859,0.8862215721366639,0.8989769949861196,True,17,0.30471322433578973,0.30471322433578973,0.5268632651074682,0.3921867129794219,0.2341447359068928,
IMG-0380,gusu_qing_candidate,姑苏版画（候选）,2,681.9928895077799,135.35650199092154,0.6660086811599413,0.14218119957029574,True,8,0.25823455153750086,0.1795470687036023,0.8640197785385662,0.27228733888835727,0.11176442288754695,
IMG-0400,gusu_qing_candidate,姑苏版画（候选）,1,392.8387302589634,299.7495151417466,0.6855824262809134,0.2927241358806119,True,5,0.26749953111323105,0.26749953111323105,0.9506259271254304,0.20231428330248508,0.06929246101184461,
IMG-0400,gusu_qing_candidate,姑苏版画（候选）,2,537.5084945209355,327.81749177719763,0.9380601998620166,0.32013426931366956,True,7,0.3578568798593779,0.26213033229135047,0.9207973526340285,0.2653222486312282,0.13172783691210554,
IMG-0137,gusu_qing_candidate,姑苏版画（候选）,1,981.6467136581394,155.9539382602808,0.9586393688067768,0.1979110891627929,True,15,0.22804427450201759,0.22804427450201759,0.680916926628038,0.40749980352136494,0.16224074838210933,
IMG-0211,gusu_qing_candidate,姑苏版画（候选）,1,23.654790060423757,1009.4539061811518,0.02971707294023085,0.985794830255031,True,14,0.3040037611031561,0.3040037611031561,0.4660662236975231,0.48001095295712853,0.24080969193658452,
IMG-0211,gusu_qing_candidate,姑苏版画（候选）,2,786.0148245325964,24.052083794840925,0.9874558097143171,0.02348836308089934,True,16,0.4314915814896473,0.30031651783244556,0.7406937673025558,0.4806631330639594,0.2979426793438867,
IMG-0158,gusu_qing_candidate,姑苏版画（候选）,1,2073.048360708646,635.2959406112313,2.0244612897545373,0.9154120181718031,False,37,0.2889331096446256,0.2889331096446256,0.607603756971841,1.2832855625473654,0.2132346768209914,
IMG-0158,gusu_qing_candidate,姑苏版画（候选）,2,78.05792123013964,43.267117071940476,0.07622843870130824,0.06234454909501509,True,18,0.24936496425105634,0.17731516969357777,1.4350977488991603,0.4281900823924112,0.12167683889552558,
IMG-0357,gusu_qing_candidate,姑苏版画（候选）,1,783.8315811713863,40.87985018735768,0.9641224860656659,0.03992172869859149,True,31,0.46439535752107386,0.46439535752107386,0.783343435789354,0.4616461050594121,0.31389688339859384,
IMG-0357,gusu_qing_candidate,姑苏版画（候选）,2,24.682992081167207,986.2654150426226,0.0303603838636743,0.9631498193775612,True,28,0.7031136603750127,0.3765909406872076,0.6862358581214183,0.46566972296400866,0.49889748249128985,
IMG-0316,gusu_qing_candidate,姑苏版画（候选）,1,3055.2323582377335,345.9681456838912,4.5532523967775465,0.337859517269425,False,18,0.17726924983893969,0.17726924983893969,0.7160313601955896,2.2256640601304665,0.12392221646130039,
IMG-0316,gusu_qing_candidate,姑苏版画（候选）,2,19.124526415133808,643.6413448733213,0.028501529679782128,0.6285560008528528,True,18,0.20231391094822376,0.1664498757224501,1.117577742799077,0.27989946358731455,0.11570358677480436,
IMG-0119,gusu_qing_candidate,姑苏版画（候选）,1,579.4477526249105,-586.5007200229078,0.7544892612303523,-0.5727546093973709,False,17,0.22687242269815394,0.22687242269815394,1.470386330550666,0.8716816457507186,0.10876555341724628,
IMG-0119,gusu_qing_candidate,姑苏版画（候选）,2,216.46993704933027,-2971.55690901468,0.28186189719964877,-2.9019110439596485,False,21,0.34981405193519555,0.2704508904787999,1.4310333632148298,2.7246742051355355,0.17103787984146587,
IMG-0444,gusu_qing_candidate,姑苏版画（候选）,1,13.872286856821336,476.6285417103611,0.024860729134088416,0.4654575602640245,True,10,0.4570263851834561,0.4570263851834561,0.359312354057848,0.2293645326564978,0.31822649925041413,
IMG-0444,gusu_qing_candidate,姑苏版画（候选）,2,540.4485601135746,942.0644055018795,0.9685458066551516,0.9199847709979292,True,7,0.6724990415123687,0.3651492355306318,0.36543877407241504,0.4315855842057491,0.3267792277684642,
IMG-0063,gusu_qing_candidate,姑苏版画（候选）,1,186.46198570873483,435.25875503671375,0.2557777581738475,0.4250573779655408,True,7,0.6047663737478037,0.6047663737478037,0.9100979565265006,0.15423627444669455,0.223809836110645,
IMG-0288,gusu_qing_candidate,姑苏版画（候选）,1,-1364.5591975029504,703.0468203887555,-1.332577341311475,0.886565977791621,False,25,0.3689432985958253,0.3689432985958253,1.7812948605386725,1.4681125338895202,0.15141062844390854,
IMG-0288,gusu_qing_candidate,姑苏版画（候选）,2,134.6983535854131,131.09620971294234,0.13154136092325497,0.16531678400118832,True,13,0.3585666066385322,0.22627586001900038,0.6857130165529857,0.3561720800782086,0.25448907991704806,
IMG-0190,gusu_qing_candidate,姑苏版画（候选）,1,406.45890268183604,957.9436363749854,0.9032420059596357,0.9354918323974467,True,14,0.30378070054766837,0.30378070054766837,1.0613238121000055,0.43043578320131165,0.17868851587289747,
IMG-0190,gusu_qing_candidate,姑苏版画（候选）,2,43.88566299171814,38.67639555587272,0.09752369553715143,0.037769917535031956,True,24,0.3878764584085331,0.2700470761472403,0.9029185800516646,0.4530931400076593,0.2469602994485555,
IMG-0198,gusu_qing_candidate,姑苏版画（候选）,1,40.290740390023224,997.0471062185356,0.060862145604264686,0.9736788146665387,True,14,0.33388139625423224,0.33388139625423224,0.8437346255223418,0.4637652420107734,0.21896644877012775,
IMG-0198,gusu_qing_candidate,姑苏版画（候选）,2,603.0643955427844,29.816117125230267,0.9109734071643268,0.029117301880107683,True,17,0.40154035998656223,0.26747350394182184,0.21566282622349736,0.4540466195236251,0.3604944777241647,
IMG-0344,gusu_qing_candidate,姑苏版画（候选）,1,492.94164926719264,868.8565678233452,0.8558014744222094,0.8484927420149856,True,13,0.20507485389046232,0.20507485389046232,1.486050983528776,0.3502633633216847,0.09754848745861586,
IMG-0344,gusu_qing_candidate,姑苏版画（候选）,2,93.70196090761098,1161.25484756991,0.1626770154646024,1.1340379370799902,False,9,0.25589513734061897,0.20341747943921173,1.06627867687355,0.5768269428563029,0.11261178017567233,
IMG-0133,gusu_qing_candidate,姑苏版画（候选）,1,18.633433179950984,972.8025183294359,0.03131669442008569,0.9500024593060897,True,14,0.29989379216507633,0.29989379216507633,0.8077555931797198,0.4547900205052525,0.20024679669033515,
IMG-0133,gusu_qing_candidate,姑苏版画（候选）,2,568.163754261989,44.50443076234918,0.9548970659865361,0.04346135816635662,True,12,0.4380953373014627,0.3067132652682888,1.1653007213734314,0.4561248555417334,0.24463962053801755,
IMG-0017,gusu_qing_candidate,姑苏版画（候选）,1,537.3701811010772,775.9051954026131,0.5247755674815207,0.9784428693601679,True,6,0.8967860576361212,0.8967860576361212,0.054926557157096254,0.29359624667590106,0.4362462448586394,
IMG-0303,gusu_qing_candidate,姑苏版画（候选）,1,591.2400454531263,392.9651510620703,0.7335484434902312,0.383755030334053,True,8,0.5915232144413302,0.5915232144413302,1.8459832021835982,0.17090732994616847,0.15668606541667168,
IMG-0177,gusu_qing_candidate,姑苏版画（候选）,1,-685.8594957811918,187.26789478245104,-1.1764313821289738,0.18287880349848734,False,27,0.22087143743812482,0.22087143743812482,0.5630914453551024,0.8740277839793389,0.16667321158946363,
IMG-0177,gusu_qing_candidate,姑苏版画（候选）,2,18.742058657311222,20.34756565467103,0.03214761347737774,0.019870669584639677,True,11,0.17253226340537195,0.1344248143825743,0.3556849372206978,0.4771531978439066,0.13238712659456192,
IMG-0067,gusu_qing_candidate,姑苏版画（候选）,1,35.23058098492613,37.66917101437883,0.04229361462776246,0.03678629981872933,True,20,0.4918872125468843,0.4918872125468843,0.9025251621320335,0.4610284457064467,0.31324538666936913,
IMG-0067,gusu_qing_candidate,姑苏版画（候选）,2,798.6007934133409,964.34892015279,0.9587044338695568,0.941746992336709,True,22,0.7065561530186873,0.35901021640247555,0.611127947151119,0.44857664557890187,0.5205254103371324,
IMG-0138,gusu_qing_candidate,姑苏版画（候选）,1,44.373992910455044,41.223928175182856,0.07250652436348863,0.04025774235857701,True,8,0.39822214663577726,0.39822214663577726,0.7436400470238163,0.45147826021604776,0.18304369143004628,
IMG-0199,gusu_qing_candidate,姑苏版画（候选）,1,33.271268259551945,34.22562240916148,0.033573429121646764,0.03342345938394676,True,10,0.3730509786982698,0.3730509786982698,0.17729416447009175,0.46650401718869455,0.2845037525293828,
IMG-0199,gusu_qing_candidate,姑苏版画（候选）,2,969.0384616609697,996.3468752864577,0.9778390127759533,0.9729949953969314,True,10,0.46975874732639833,0.29451478688421223,0.20887847122661166,0.47534385788269573,0.3526437945770834,
IMG-0225,gusu_qing_candidate,姑苏版画（候选）,1,811.1507242817268,858.2058871120371,0.9772900292550925,0.8380916866328487,True,17,0.3769651636822999,0.3769651636822999,1.0587455679499973,0.3991341247049361,0.22202278132263173,
IMG-0225,gusu_qing_candidate,姑苏版画（候选）,2,1019.8268308339473,324.1165091963875,1.2287070251011414,0.31652002851209715,False,13,0.3887713310390785,0.24221808259894653,1.2347812202426285,0.4804801208388006,0.2096838085974652,
IMG-0251,gusu_qing_candidate,姑苏版画（候选）,1,381.2027629108537,117.22601081203321,0.3722683231551306,0.18259503241749722,True,10,0.18530496797683504,0.18530496797683504,1.9461446180679396,0.20034568325952426,0.05835873674738367,
IMG-0342,gusu_qing_candidate,姑苏版画（候选）,1,499.79761859660636,975.5342327691194,0.905430468472113,0.9526701491885932,True,16,0.29894116344585253,0.29894116344585253,0.45922306610765795,0.4424738456025433,0.23761108565577685,
IMG-0342,gusu_qing_candidate,姑苏版画（候选）,2,54.24794694724785,45.00410939378809,0.09827526620878232,0.04394932557987118,True,20,0.40714398136656094,0.2854318858868647,0.27217496667853786,0.44439835983038845,0.35534153667390445,
IMG-0429,gusu_qing_candidate,姑苏版画（候选）,1,58.02859530850804,524.2747832825733,0.11378155942844713,0.5119870930493879,True,9,0.28793827877943007,0.28793827877943007,0.7071398939329498,0.17251575665048965,0.15163770074685984,
IMG-0429,gusu_qing_candidate,姑苏版画（候选）,2,283.69212037363553,991.8666027198889,0.5562590595561481,0.9686197292186415,True,5,0.2488747506486857,0.1772141833152433,0.08620483465473387,0.42022258314200395,0.09932314304590527,
IMG-0085,gusu_qing_candidate,姑苏版画（候选）,1,314.6488971281357,27.355924815416035,0.8888386924523607,0.02671477032755472,True,20,0.33889853429386874,0.33889853429386874,0.9512677428834168,0.46500210748894055,0.21062238429862154,
IMG-0085,gusu_qing_candidate,姑苏版画（候选）,2,26.672759750726865,994.5461224226099,0.07534677895685556,0.97123644767833,True,16,0.4838803120245794,0.3198939835057896,1.1208618258832734,0.46648541040979297,0.2762777427374665,
IMG-0332,gusu_qing_candidate,姑苏版画（候选）,1,462.25206384992777,949.9020902442197,0.6787842347282346,0.9276387600041208,True,21,0.297160197960373,0.297160197960373,1.1339461984640924,0.36959130532727574,0.16856109762074278,
IMG-0332,gusu_qing_candidate,姑苏版画（候选）,2,64.32560252876101,625.0272940119489,0.09445756612152865,0.6103782168085439,True,13,0.2860142892851947,0.20102222646171086,0.6581850844865683,0.2426534645221924,0.20580913905324308,
IMG-0443,gusu_qing_candidate,姑苏版画（候选）,1,640.3680189204109,114.52580382649246,0.9761707605494069,0.11184160529930905,True,14,0.387285876805845,0.387285876805845,0.6855811561811852,0.41569505850043464,0.27489041902787026,
IMG-0443,gusu_qing_candidate,姑苏版画（候选）,2,15.382714590912826,271.73216809108095,0.02344926004712321,0.26536344540144624,True,14,0.6139585551994141,0.3761810778265593,0.557071366524057,0.3242168996268393,0.46469986376891853,
IMG-0245,gusu_qing_candidate,姑苏版画（候选）,1,-1794.7054290860485,395.7359934370047,-1.7526420205918443,0.5152812414544332,False,26,0.878684779099605,0.878684779099605,0.6274818350503784,1.8021369405685153,0.6420622764229345,
IMG-0220,gusu_qing_candidate,姑苏版画（候选）,1,996.2009838073777,23.88938438463214,0.9728525232493923,0.02823804300783941,True,15,0.30749786111943017,0.30749786111943017,1.2846562773626693,0.47241041941288797,0.1617642442433386,
IMG-0220,gusu_qing_candidate,姑苏版画（候选）,2,38.1096590104022,826.1285714679897,0.037216463877345896,0.97651131379195,True,16,0.48096605037691725,0.333070018614955,0.8131471466027888,0.46840095365843876,0.3202888077480759,
IMG-0427,gusu_qing_candidate,姑苏版画（候选）,1,465.8410102976952,3347.7515031323164,0.7441549685266697,3.2692885772776528,False,20,0.30566480524142325,0.30566480524142325,1.4873565612285296,2.3661848527223297,0.14530148826562514,
IMG-0427,gusu_qing_candidate,姑苏版画（候选）,2,850.5678206293273,-92.04157352224134,1.3587345377465292,-0.0898843491428138,False,12,0.32941489236565125,0.22872435344708003,0.5571702570123446,0.6737334897579793,0.24931892464939898,
IMG-0298,gusu_qing_candidate,姑苏版画（候选）,1,101.03111201561956,-2928.471654473236,0.09866319532775347,-5.383219953075802,False,44,0.3821171083793667,0.3821171083793667,0.44817463193174467,2.7828061196364433,0.3054053199043459,
IMG-0298,gusu_qing_candidate,姑苏版画（候选）,2,983.4214879491609,510.70112387507515,0.9603725468253524,0.9387888306527117,True,14,0.33430474539418437,0.2065611827666582,1.160844040407235,0.4557095773411777,0.18709770520612584,
IMG-0188,gusu_qing_candidate,姑苏版画（候选）,1,13.999869630391064,76.0559985208391,0.021806650514627827,0.07427343605550693,True,14,0.23741801845062294,0.23741801845062294,0.5104488809115664,0.4411630255851388,0.1839378516822037,
IMG-0188,gusu_qing_candidate,姑苏版画（候选）,2,-2778.597056389697,918.3085132504458,-4.328032798114793,0.8967856574711385,False,25,0.24497448479596087,0.18681312804474162,1.2200209083925435,2.5865349168907827,0.13310570769449645,
IMG-0155,gusu_qing_candidate,姑苏版画（候选）,1,997.6086120336752,663.0525260748466,0.9742271601891359,0.9750772442277156,True,19,0.5140283583732475,0.5140283583732475,0.43458576619771083,0.47448747088827203,0.4136356660889259,
IMG-0155,gusu_qing_candidate,姑苏版画（候选）,2,332.68133029513774,18.389391754044222,0.32488411161634545,0.027043223167712092,True,11,0.7599904706188768,0.3693338166273438,0.5764846671756092,0.2995592640526435,0.5222007977655136,
IMG-0239,gusu_qing_candidate,姑苏版画（候选）,1,-1198.020242934859,392.99692169219276,-1.1699416434910732,0.5117147417867093,False,27,0.4111140237131546,0.4111140237131546,1.0792324221248164,1.3359718050801346,0.2396679431019767,
IMG-0239,gusu_qing_candidate,姑苏版画（候选）,2,932.8799392455705,3846.5620897248114,0.9110155656695025,5.008544387662515,False,9,0.2712289471338423,0.1597229233301659,0.46636089285897087,2.7250371974214986,0.1611121600493179,
IMG-0260,gusu_qing_candidate,姑苏版画（候选）,1,48.66605196278103,46.792320905168445,0.04752544136990335,0.05102761276463298,True,27,0.43977323370880195,0.43977323370880195,0.9153716158255977,0.450919308487061,0.2782648639712078,
IMG-0260,gusu_qing_candidate,姑苏版画（候选）,2,982.1899211117343,874.7721408134959,0.959169844835678,0.9539499899820021,True,16,0.5058018052429895,0.28336370973553027,1.1380768526162364,0.4568541615129573,0.28631897227000647,
IMG-0117,gusu_qing_candidate,姑苏版画（候选）,1,629.6612093907623,90.69798207478883,0.8198713663942218,0.08857224811991096,True,36,0.2446425290016337,0.2446425290016337,1.2070936721667098,0.38101044288175745,0.13378730244673093,
IMG-0117,gusu_qing_candidate,姑苏版画（候选）,2,94.25497612101242,2153.4620520875555,0.12272783349090159,2.1029902852417535,False,21,0.20247266771795114,0.1529392422337241,0.8700502726127911,1.3022174052265347,0.13105010970574915,
IMG-0189,gusu_qing_candidate,姑苏版画（候选）,1,24.973133465415593,30.70329250804264,0.05370566336648515,0.02998368408988539,True,10,0.5064406027819748,0.5064406027819748,0.5276869587104998,0.46604648162688184,0.32416155262494784,
IMG-0189,gusu_qing_candidate,姑苏版画（候选）,2,441.1965724372432,998.641877382638,0.9488098331983725,0.9752362083814824,True,8,0.9252630020877199,0.45667224957855573,0.2861347659549275,0.4708235904585754,0.5346142894556466,
IMG-0270,gusu_qing_candidate,姑苏版画（候选）,1,-1225.7863840123443,175.13181243182203,-1.197057015637055,0.26778564592021714,False,25,0.3348727087829495,0.3348727087829495,1.3535647255343493,1.4356956299182024,0.17019896296231316,
IMG-0270,gusu_qing_candidate,姑苏版画（候选）,2,932.5496281382595,41.83169324954002,0.9106929962287691,0.06396283371489299,True,10,0.22234417821810976,0.1478871809760925,1.2732782279015868,0.41819385664392505,0.09802924601811813,
IMG-0097,gusu_qing_candidate,姑苏版画（候选）,1,302.6491658922433,694.2541432518329,0.47511642997212444,0.6779825617693681,True,10,0.23319346971149016,0.23319346971149016,0.37047268444206644,0.15169805135055742,0.16146857668427714,
IMG-0097,gusu_qing_candidate,姑苏版画（候选）,2,588.7041035036475,2283.7697754525493,0.9241822660967779,2.23024392134038,False,9,0.2870028697836457,0.22007567476164233,0.5743353063136507,1.4861618450555305,0.16152218301288765,
IMG-0176,gusu_qing_candidate,姑苏版画（候选）,1,-1040.4984793127594,478.2290242742032,-1.0161117962038666,0.8160904851095617,False,27,0.4569307785759049,0.4569307785759049,1.4734748055630333,1.3252115676085625,0.21872046685070448,
IMG-0176,gusu_qing_candidate,姑苏版画（候选）,2,-3016.4859017777835,73.94914925845623,-2.9457870134548667,0.1261930874717683,False,21,0.731111609593706,0.3970442125961709,0.9441189923106963,2.996459529595739,0.45600630339006015,
IMG-0182,gusu_qing_candidate,姑苏版画（候选）,1,409.7846582884287,-2576.683742954361,0.7240011630537609,-2.5162927177288683,False,53,0.548855223850062,0.548855223850062,1.6271897781358657,2.642092865527573,0.24328651158851125,
IMG-0182,gusu_qing_candidate,姑苏版画（候选）,2,751.3667915091165,121.547772358863,1.3275031652104532,0.11869899644420215,False,14,0.26878028282589916,0.12125882052900727,0.5743349325884473,0.521165507890465,0.20168897580727999,
IMG-0146,gusu_qing_candidate,姑苏版画（候选）,1,16.71759336609834,83.95277282891769,0.025329686918330815,0.08198512971573993,True,6,0.37735043658242895,0.37735043658242895,0.34805218169726504,0.4354080164187725,0.1585390641224487,
IMG-0146,gusu_qing_candidate,姑苏版画（候选）,2,638.2774231796992,235.55164492586727,0.967087004817726,0.23003090324791725,True,7,0.31594807426149535,0.19672493050154247,0.5382859677590897,0.33988892505125606,0.14081379200603975,
IMG-0433,gusu_qing_candidate,姑苏版画（候选）,1,-729.490681005298,201.38773646757312,-1.3049922737125188,0.19666771139411438,False,25,0.2293496486545267,0.2293496486545267,0.9281642273422896,0.9049198114436701,0.14419485944838945,
IMG-0334,gusu_qing_candidate,姑苏版画（候选）,1,314.3923421396762,-1092.1572413799927,0.44032540915921037,-1.066559806035149,False,11,0.2538937446547558,0.2538937446547558,1.2013448025092706,1.2854775777242509,0.1276423322223359,
IMG-0334,gusu_qing_candidate,姑苏版画（候选）,2,-390.4186001468851,189.96009875059426,-0.5468047621104833,0.1855079089361272,False,9,0.2818502110320222,0.2102902055213689,1.7463398203853926,0.6519380376113151,0.08828090039288622,
IMG-0394,gusu_qing_candidate,姑苏版画（候选）,1,436.0541148778938,2586.55866180559,0.6412560512910204,2.5259361931695214,False,25,0.38859665790802694,0.38859665790802694,1.3877724054332436,1.6895146216326,0.19415479122922352,
IMG-0394,gusu_qing_candidate,姑苏版画（候选）,2,643.8732130413193,795.838934050792,0.9468723721195873,0.7771864590339765,True,15,0.33968673714013187,0.2076856063517943,0.7558370412815443,0.33827746830616084,0.23278267917093878,
IMG-0386,gusu_qing_candidate,姑苏版画（候选）,1,288.83388825150473,771.9548613426421,0.5742224418518981,0.7538621692799239,True,12,0.22760994016855768,0.22760994016855768,0.38722850275273807,0.23019450099862612,0.18754505760602483,
IMG-0027,gusu_qing_candidate,姑苏版画（候选）,1,-956.7314354488084,972.6639975502727,-0.9343080424304769,0.9535921544610517,False,31,0.6342261542218468,0.6342261542218468,0.8943636323138683,1.0654182104162493,0.4055417326584021,
IMG-0143,gusu_qing_candidate,姑苏版画（候选）,1,610.9570275826406,-1205.6988702246351,0.9173528942682292,-1.1774403029537452,False,16,0.23151254261942888,0.23151254261942888,1.3138819712740568,1.424479979206205,0.12002416124256159,
IMG-0143,gusu_qing_candidate,姑苏版画（候选）,2,168.19310335891308,963.7208579155363,0.2525421972356052,0.9411336503081409,True,7,0.25039368987056887,0.19242441007277275,0.7354645240797877,0.3936430118659944,0.1011197720292493,
IMG-0295,gusu_qing_candidate,姑苏版画（候选）,1,91.70787493267233,3619.8940614485523,0.08955847161393782,6.6542170247216035,False,21,0.23284180821062578,0.23284180821062578,0.4041504019355371,2.9099460765742347,0.1902395537653169,
IMG-0295,gusu_qing_candidate,姑苏版画（候选）,2,979.20762201491,47.14439270693072,0.9562574433739356,0.08666248659362263,True,13,0.22446570923435744,0.1722007076149491,0.9360216508735302,0.4471642036356019,0.14057091959847082,
IMG-0457,gusu_qing_candidate,姑苏版画（候选）,1,498.3322858932474,3734.9209263101,0.8169381735954875,3.647383717099707,False,40,0.309700533963831,0.309700533963831,1.2223457375876876,2.708832233209545,0.1680788042460833,
IMG-0457,gusu_qing_candidate,姑苏版画（候选）,2,44.51617350108572,59.52106833793256,0.07297733360833725,0.05812604329876227,True,29,0.3312841449568802,0.22868526836998315,1.4465053319706134,0.43803281558226376,0.1607296538742484,
IMG-0150,gusu_qing_candidate,姑苏版画（候选）,1,41.79178820012853,22.67644070644476,0.04081229316418802,0.032256672413150445,True,20,0.33629948053457864,0.33629948053457864,0.6010141306993297,0.4619456270096015,0.24901048617895752,
IMG-0150,gusu_qing_candidate,姑苏版画（候选）,2,256.11571458030716,677.1100496027577,0.2501130025198312,0.963172190046597,True,14,0.3094948784904691,0.20541191162601177,0.9074335113577289,0.33340927470635523,0.19661053428863015,
IMG-0242,gusu_qing_candidate,姑苏版画（候选）,1,-1074.1469536946117,455.4740716648969,-1.0489716344673943,0.5930651974803345,False,16,0.4065612922886645,0.4065612922886645,1.0137715167115378,1.2404347652172916,0.2448997491847285,
IMG-0242,gusu_qing_candidate,姑苏版画（候选）,2,9.28592997062987,480.54740933732165,0.009068290986943232,0.6257127725746375,True,8,0.21501906217148287,0.12760063438834807,1.1724471065331843,0.3999228124189623,0.07976126806900503,
IMG-0368,gusu_qing_candidate,姑苏版画（候选）,1,2345.2122350474438,109.64520393004636,3.838317896967993,0.1070753944629359,False,11,0.5003452296456875,0.5003452296456875,1.2519148959553181,1.743508854647429,0.2452626052035831,
IMG-0368,gusu_qing_candidate,姑苏版画（候选）,2,-2797.3570784078347,296.2624611400439,-4.578325823908076,0.28931880970707413,False,6,0.45207460714742115,0.22588123401726085,0.746645964101262,2.6084043442620657,0.15561376372700844,
IMG-0399,gusu_qing_candidate,姑苏版画（候选）,1,144.877383607839,262.76684766999995,0.14148181992953027,0.3480355598278145,True,30,0.19783041030097706,0.19783041030097706,0.9083955860813551,0.30232696565269,0.12561382969448193,
IMG-0399,gusu_qing_candidate,姑苏版画（候选）,2,402.0890342925104,-3247.0847182212824,0.3926650725512797,-4.300774461220241,False,31,0.24644399040641865,0.19768987466810678,1.4475230807355535,2.8502826838107964,0.11950679215220898,
IMG-0254,gusu_qing_candidate,姑苏版画（候选）,1,28.23299958911493,12.84522945865426,0.027571288661245048,0.019641023637086023,True,17,0.8743815725459866,0.8743815725459866,0.7510107294973681,0.47473992321311975,0.6006494566076469,
IMG-0170,gusu_qing_candidate,姑苏版画（候选）,1,2255.719966654118,163.67231157868846,2.202851529935662,0.2196943779579711,False,26,0.43941215286613156,0.43941215286613156,0.37279786815097726,1.3868224936925406,0.3646867928268558,
IMG-0170,gusu_qing_candidate,姑苏版画（候选）,2,2115.0520234062883,366.4795782846309,2.0654804916077034,0.4919188970263502,False,15,0.3728881255233336,0.20903655150890935,0.4358678125602612,1.2659090951971281,0.29986864740808994,
IMG-0066,gusu_qing_candidate,姑苏版画（候选）,1,2608.144011908885,937.0694494116809,4.159719317239051,0.9151068841910946,False,16,0.21326650923638907,0.21326650923638907,0.9356647076216441,1.943585335980556,0.13358129540549293,
IMG-0066,gusu_qing_candidate,姑苏版画（候选）,2,548.3418923780054,68.95499298608391,0.8745484726921936,0.06733886033797257,True,11,0.21854465418896524,0.17193639867781077,1.2981934196816893,0.41761744295872477,0.10467729888895046,
IMG-0269,gusu_qing_candidate,姑苏版画（候选）,1,987.1416717043584,37.75911864180457,0.9640055387737875,0.03829525217221559,True,13,0.503469337552619,0.503469337552619,0.39103117327243153,0.46290005273661183,0.4140584821428391,
IMG-0269,gusu_qing_candidate,姑苏版画（候选）,2,41.583915218341055,939.8423012038821,0.040609292205411186,0.9531869180566755,True,17,0.9180868962738349,0.4558582947911071,0.3275082340206207,0.45641658219760445,0.7794105488420794,
IMG-0453,gusu_qing_candidate,姑苏版画（候选）,1,304.8158441857126,1857.350976108671,0.3611562134901808,1.813819312606124,False,14,0.3237875993124841,0.3237875993124841,0.9438676317694652,1.0176724937071768,0.20197701973836926,
IMG-0453,gusu_qing_candidate,姑苏版画（候选）,2,644.2993558607526,583.3665515808303,0.7633878623942566,0.5696938980281546,True,9,0.28299484321697743,0.19136462231393947,0.6301496558568837,0.17594219857482274,0.1548832760131318,
IMG-0194,gusu_qing_candidate,姑苏版画（候选）,1,991.9498669002962,621.5256761694282,0.9687010418948205,0.9576666813088262,True,22,0.280130039495854,0.280130039495854,1.251883430860731,0.4655656077232552,0.14980166812425583,
IMG-0194,gusu_qing_candidate,姑苏版画（候选）,2,1260.6683918540696,42.05390268264215,1.2311214764199898,0.0647980010518369,False,23,0.48931636849244364,0.35224415486068766,0.6421536384985633,0.6600233476203764,0.35493420396808995,
IMG-0090,gusu_qing_candidate,姑苏版画（候选）,1,716.4405826520864,54.75296004541065,1.1630528939157248,0.05346968754434634,False,44,0.3355773499066419,0.3355773499066419,1.2344242986148457,0.5130578823226306,0.18102593923148425,
IMG-0090,gusu_qing_candidate,姑苏版画（候选）,2,941.9175240371521,98.17037607936687,1.5290868896707015,0.09586950789000671,False,25,0.2090649993114101,0.1389075208842532,1.0598931472525739,0.6335029677455425,0.12306327222923898,
IMG-0087,gusu_qing_candidate,姑苏版画（候选）,1,2930.1510107761087,848.6687417082474,2.8614755964610437,0.9654934490423747,False,22,0.36651298256628684,0.36651298256628684,1.1024874662003026,1.817324144539427,0.21119675997765594,
IMG-0087,gusu_qing_candidate,姑苏版画（候选）,2,26.83518484262784,723.9584661154436,0.02620623519787875,0.823616002406648,True,9,0.31902346035343365,0.2020972203906792,0.6236264346214859,0.41674441612174684,0.17517217611228708,
IMG-0178,gusu_qing_candidate,姑苏版画（候选）,1,27.291261390257556,873.4271560088878,0.047879405947820274,0.8529562070399295,True,25,0.29752842317492806,0.29752842317492806,1.5398986831055614,0.37876547899485596,0.1377665269855902,
IMG-0178,gusu_qing_candidate,姑苏版画（候选）,2,539.8624101233576,993.312271700364,0.9471270353041361,0.9700315153323867,True,5,0.27530731563229854,0.19339556412369854,1.6155927319330214,0.4647153377355958,0.051142859415640736,
IMG-0183,gusu_qing_candidate,姑苏版画（候选）,1,554.8473781506283,23.879556149233835,0.9616072411622674,0.023319879051986167,True,14,0.3239318379859841,0.3239318379859841,0.6004129973135076,0.47309162863811927,0.23992505852087134,
IMG-0183,gusu_qing_candidate,姑苏版画（候选）,2,34.51787740486058,1248.6200160606772,0.059823011100278295,1.2193554844342551,False,28,0.4100553507194242,0.27722536728489383,0.48180564922131086,0.6629176723315754,0.3222698788979947,
IMG-0141,gusu_qing_candidate,姑苏版画（候选）,1,25.220604008304452,979.2172651194535,0.0426744568668434,0.9562668604682163,True,16,0.44957451004223936,0.44957451004223936,1.2093822661953817,0.4565316224287347,0.24557698169209355,
IMG-0141,gusu_qing_candidate,姑苏版画（候选）,2,572.4635893746947,36.683937587980914,0.9686355150164039,0.03582415780076261,True,12,0.49965871910368487,0.2750248952743128,0.6706848852245525,0.4652941816649508,0.35730253538713075,
IMG-0080,gusu_qing_candidate,姑苏版画（候选）,1,373.9638668888164,956.9416646623602,0.3651990887586098,0.9372592210209209,True,23,0.2140890273384803,0.2140890273384803,0.9887697020086155,0.3231557381932739,0.13058274578009194,
IMG-0080,gusu_qing_candidate,姑苏版画（候选）,2,-251.71510896369537,438.36826930556293,-0.24581553609735876,0.42935187982915074,False,25,0.2312513245645298,0.18174295341777444,1.3335150088596233,0.5304947340426933,0.11871760429895738,
IMG-0123,gusu_qing_candidate,姑苏版画（候选）,1,228.3297428157637,-3264.0659461634864,0.2973043526246923,-3.1875644005502797,False,31,0.45452032426100947,0.45452032426100947,0.9269793758029,2.9525573258480584,0.28593169183698375,
IMG-0123,gusu_qing_candidate,姑苏版画（候选）,2,597.6919834503224,986.1313817252164,0.7782447701176073,0.9630189274660317,True,13,0.3513752263665248,0.19166804454112643,0.3467451006830533,0.4062986981986977,0.2954448312431509,
IMG-0028,gusu_qing_candidate,姑苏版画（候选）,1,13.098484272092268,986.8589887450244,0.013072339592906455,0.9637294811963129,True,7,0.70388629043715,0.70388629043715,0.18581360450806705,0.4752182044634249,0.37417122775319467,
IMG-0359,gusu_qing_candidate,姑苏版画（候选）,1,32.13480764708591,33.5211830969867,0.03876333853689494,0.03273553036815107,True,29,0.48991722443868246,0.48991722443868246,0.6612618155511101,0.46488729900333275,0.3519909761534918,
IMG-0359,gusu_qing_candidate,姑苏版画（候选）,2,802.753556648903,990.1875188851909,0.9683396340758782,0.9669799989113192,True,16,0.8199968180884142,0.41826625292198716,0.8317363102650683,0.4675187756367425,0.5410070470533455,
IMG-0074,gusu_qing_candidate,姑苏版画（候选）,1,545.2781798694646,931.9133307581595,0.7017737192657202,0.9100716120685152,True,11,0.3850063543893099,0.3850063543893099,0.6473503440213617,0.34870003964718127,0.2553342037625976,
IMG-0074,gusu_qing_candidate,姑苏版画（候选）,2,225.3514664248745,83.2237491385168,0.29002762731644083,0.0812731925180828,True,9,0.45507064434458916,0.2798655545758848,0.6037223661197408,0.35689987741338414,0.252373318443635,
IMG-0417,gusu_qing_candidate,姑苏版画（候选）,1,552.1549225735957,1877.843445428876,0.8072440388502862,1.8338314896766368,False,11,0.20192231287434872,0.20192231287434872,0.8070598003793253,1.1222002326077956,0.12363599898203514,
IMG-0360,gusu_qing_candidate,姑苏版画（候选）,1,3393.9209493147937,650.4335105880814,4.700721536447083,0.6351889751836732,False,6,0.2763178610364092,0.2763178610364092,1.0923789865716371,2.423162559772026,0.08001508661880935,
IMG-0360,gusu_qing_candidate,姑苏版画（候选）,2,269.7568335572724,76.27192183662032,0.37362442320951855,0.07448429866857453,True,5,0.3425627079986073,0.24790651325359211,0.4635353965293028,0.3553073018026939,0.11320703317632905,
IMG-0307,gusu_qing_candidate,姑苏版画（候选）,1,454.69675520049697,-611.1024766413947,0.6628232583097623,-0.596779762345112,False,19,0.3824376873158469,0.3824376873158469,1.1959342155923616,0.9156999125638262,0.21031336299431339,
IMG-0307,gusu_qing_candidate,姑苏版画（候选）,2,568.6744515662022,-382.290114881409,0.8289715037408195,-0.373330190313876,False,9,0.3144682410665563,0.19420373421878034,0.818789433953202,0.7483083637451847,0.156617464341155,
IMG-0434,gusu_qing_candidate,姑苏版画（候选）,1,221.41771311929165,-1015.2341815433147,0.450036002274983,-0.9914396304133932,False,11,0.24803076324856937,0.24803076324856937,0.5912821772813359,1.3444954174779817,0.1691693557530831,
IMG-0434,gusu_qing_candidate,姑苏版画（候选）,2,1340.5677746337985,143.74529880934497,2.724731249255688,0.14037626836850095,False,9,0.33686871086947107,0.25331490739795454,1.510873505489244,1.0165410230910252,0.11869704982458844,
IMG-0363,gusu_qing_candidate,姑苏版画（候选）,1,1116.0219168254368,73.91784370585236,1.0898651531498407,0.12078079036903981,False,22,0.27961945070924843,0.27961945070924843,1.2321539728171162,0.5424167681400559,0.15101098578786165,
IMG-0363,gusu_qing_candidate,姑苏版画（候选）,2,97.33623311828616,578.5694469923843,0.09505491515457633,0.9453749133862489,True,14,0.3730077159958981,0.2687075033388137,1.266470080629596,0.41596679721230684,0.19801921381003604,
IMG-0435,gusu_qing_candidate,姑苏版画（候选）,1,-301.0177819866095,397.79817589007973,-0.5262548636129537,0.388474781142656,False,15,0.3081405753659578,0.3081405753659578,1.288542349046351,0.5098551446864126,0.1617876896284422,
IMG-0435,gusu_qing_candidate,姑苏版画（候选）,2,658.6102462941116,528.557256488115,1.151416514500195,0.5161691957891748,False,11,0.30201988684338427,0.20895530513950236,0.7159246061203084,0.3179887814696554,0.19354676940807167,
IMG-0187,gusu_qing_candidate,姑苏版画（候选）,1,664.6634455566536,49.227935830959694,0.9591103110485623,0.04807415608492158,True,21,0.3291946444970035,0.3291946444970035,1.0623717323554709,0.45419493942527556,0.19353595985691932,
IMG-0187,gusu_qing_candidate,姑苏版画（候选）,2,28.183273413789777,983.4546115081034,0.04066850420460286,0.9604048940508823,True,12,0.34047772666152587,0.22839428247403695,1.136031806555481,0.4600679778034597,0.192931230460307,
IMG-0281,gusu_qing_candidate,姑苏版画（候选）,1,327.08960526816463,282.66293501778637,0.7977795250443039,0.276038022478307,True,6,0.38564729269686915,0.38564729269686915,0.44239457577045127,0.23554223646116365,0.15455943791915044,
IMG-0281,gusu_qing_candidate,姑苏版画（候选）,2,81.48329549761064,851.8524780263177,0.19873974511612352,0.8318871855725759,True,12,0.5884130335890964,0.3614931401979094,0.2949696739253611,0.32782606488150196,0.5077272035309329,
IMG-0077,gusu_qing_candidate,姑苏版画（候选）,1,28.050207414015148,987.8998605958895,0.05194482854447249,0.9647459576131734,True,16,0.3920192092353463,0.3920192092353463,0.6640477975521158,0.4611657429020059,0.2812620910417348,
IMG-0077,gusu_qing_candidate,姑苏版画（候选）,2,514.3866419732897,33.50870408415449,0.952567855506092,0.03272334383218212,True,22,0.5447329989555253,0.33118719946058156,0.6464803134696065,0.46411594666112477,0.39427774902746765,
IMG-0228,gusu_qing_candidate,姑苏版画（候选）,1,80.10066561051676,3380.513199143478,0.15988156808486378,3.3012824210385525,False,45,0.4761683245287961,0.4761683245287961,0.9179011564956482,2.520697646646726,0.3009128946830191,
IMG-0228,gusu_qing_candidate,姑苏版画（候选）,2,443.68789745984407,3498.461459962178,0.8856045857481918,3.4164662694943146,False,24,0.6241012584140275,0.3269240078587069,0.6935973363953546,2.6252016476051594,0.44120691486131797,
IMG-0075,gusu_qing_candidate,姑苏版画（候选）,1,624.9037789261259,36.59411522064532,0.9326922073524267,0.035736440645161446,True,28,0.4864985929382004,0.4864985929382004,1.4724913772845325,0.4550293432423856,0.23298831935052255,
IMG-0075,gusu_qing_candidate,姑苏版画（候选）,2,30.272936255368876,989.2022293676421,0.04518348694831176,0.966017802116838,True,12,0.7041890346736743,0.3616020601424222,0.4077328933407283,0.46268844125776054,0.5743163567191227,
IMG-0078,gusu_qing_candidate,姑苏版画（候选）,1,23.93597224149852,663.8005171454655,0.023374972892088397,0.9415610172276107,True,22,0.4000208689507811,0.4000208689507811,0.9180817687538789,0.465637468463567,0.252768950855618,
IMG-0078,gusu_qing_candidate,姑苏版画（候选）,2,998.8003248237451,26.752468640168455,0.9753909422106886,0.037946764028607735,True,14,0.6936625641132776,0.41618306245805764,0.6683734810464147,0.4711430725489913,0.4966069573203139,
IMG-0121,gusu_qing_candidate,姑苏版画（候选）,1,590.2500196494001,2135.6828077008777,0.7685547130851563,2.0856277418953884,False,26,0.41736259869111725,0.41736259869111725,0.7840124199582474,1.2786952737720516,0.2820118736556,
IMG-0121,gusu_qing_candidate,姑苏版画（候选）,2,102.69536063539557,39.98181638115922,0.13371791749400466,0.0390447425597258,True,21,0.6092047939875576,0.35494549803382386,0.9594800875547879,0.4292849433871927,0.37706381607412853,
IMG-0409,gusu_qing_candidate,姑苏版画（候选）,1,27.373973745575345,677.5841981662523,0.04932247521725287,0.6617033185217308,True,6,0.2729043073530213,0.2729043073530213,0.7727228141119051,0.2575429802486708,0.09272263556393841,
IMG-0409,gusu_qing_candidate,姑苏版画（候选）,2,2781.3041719706644,446.8328825297739,5.011358868415612,0.4363602368454823,False,10,0.2897792076391837,0.21069721369310496,0.9627312373360951,2.150410350787632,0.14922154854312933,
IMG-0052,gusu_qing_candidate,姑苏版画（候选）,1,-1128.1616402144616,890.58664854659,-1.1017203517719352,0.9775923694254556,False,26,0.5136265228308037,0.5136265228308037,0.5081472497075518,1.238078137571907,0.3983865508421622,
IMG-0052,gusu_qing_candidate,姑苏版画（候选）,2,-175.79447575634475,184.73229066575993,-0.17167429273080542,0.2027796823992974,False,13,0.4324512208252422,0.210332803978837,1.6132503770140525,0.5393127784719092,0.19302975486082163,
IMG-0115,gusu_qing_candidate,姑苏版画（候选）,1,2533.9614994614385,167.3280056717637,4.799169506555755,0.16340625553883173,False,21,0.8057590232267642,0.8057590232267642,0.5698030742247242,1.9928459607903901,0.6060019367761185,
IMG-0115,gusu_qing_candidate,姑苏版画（候选）,2,971.2773429044558,43.64213144910186,1.83954042216753,0.042619268993263536,False,6,0.8541187247678848,0.1659048553792244,0.5264663229268676,0.7362940903460721,0.3282218868855842,
IMG-0184,gusu_qing_candidate,姑苏版画（候选）,1,26.3621641472677,27.412203576608146,0.04568832607845355,0.026769730055281393,True,11,0.31099286370840595,0.31099286370840595,0.7231330502468772,0.4687409143240569,0.19858000435331566,
IMG-0184,gusu_qing_candidate,姑苏版画（候选）,2,516.1521404440961,2406.1986365730572,0.8945444375114316,2.349803356028376,False,24,0.3915141755219437,0.2697560608939389,0.8706431818104905,1.6231675931503098,0.2533318101681004,
IMG-0120,gusu_qing_candidate,姑苏版画（候选）,1,3722.3869844501237,532.5697068346061,3.635143539502074,0.69345013910756,False,54,0.5710885395051782,0.5710885395051782,1.324295247009203,2.510799130312037,0.2945346445050828,
IMG-0120,gusu_qing_candidate,姑苏版画（候选）,2,961.5824871433987,203.24766597688048,0.9390453976009753,0.2646453984073965,True,10,0.37505235509054063,0.16086425338390614,0.6866054865306274,0.3785604244973789,0.22172576594553142,
IMG-0367,gusu_qing_candidate,姑苏版画（候选）,1,-93.613380452408,740.8141294026315,-0.14402058531139691,0.7234512982447573,False,15,0.26826412800043303,0.26826412800043303,0.8571182385983198,0.39333442697887844,0.1747598818677205,
IMG-0367,gusu_qing_candidate,姑苏版画（候选）,2,-2341.4510515955367,582.7529000531715,-3.6022323870700563,0.5690946289581753,False,15,0.23942012408520102,0.1751922932717291,1.4198417195126063,2.1992211098548102,0.11771883069018459,
IMG-0167,gusu_qing_candidate,姑苏版画（候选）,1,3306.7895458159715,401.46203407711334,3.2292866658359096,0.5614853623456131,False,41,0.22694515216386082,0.22694515216386082,0.5078164778952902,2.2380420162046115,0.17605564835808368,
IMG-0167,gusu_qing_candidate,姑苏版画（候选）,2,977.9302214863242,671.7176374622601,0.9550099819202384,0.9394652272199442,True,27,0.2803825594064259,0.21675109679784188,0.577916266984454,0.44997434961995564,0.21001875174509613,
IMG-0326,gusu_qing_candidate,姑苏版画（候选）,1,148.6488319247067,1269.0364407403138,0.2617056900082865,1.2392933991604627,False,26,0.38575576968458686,0.38575576968458686,1.6261560802530448,0.656748531987605,0.171079165936187,
IMG-0326,gusu_qing_candidate,姑苏版画（候选）,2,476.1626837193898,-1758.0031018739946,0.8383145840130102,-1.7167999041738229,False,17,0.2753445840655017,0.1691288221108316,1.1323754557658394,1.94547926507508,0.1563091252058898,
IMG-0091,gusu_qing_candidate,姑苏版画（候选）,1,431.65352082078954,1196.5254177136035,0.7122995393082335,1.168481853235941,False,7,0.3709181593687329,0.3709181593687329,0.33288535649464296,0.5853624076361743,0.18319337054418883,
IMG-0091,gusu_qing_candidate,姑苏版画（候选）,2,17.136357450508292,98.16005552197002,0.028277817575096193,0.09585942922067385,True,6,0.5101203681780219,0.32090746015692956,0.9591238844984208,0.42270910829989766,0.15789615831376852,
IMG-0000,gusu_qing_candidate,姑苏版画（候选）,1,560.3469387799194,1320.0694280601888,0.9386045875710542,1.289130300840028,False,18,0.5632958267417452,0.5632958267417452,0.4659834407681755,0.7166289823982174,0.44622049662383584,
IMG-0000,gusu_qing_candidate,姑苏版画（候选）,2,13.160112676820816,891.5470150841644,0.022043739827170547,0.8706513819181293,True,10,0.6173510303187705,0.26959977130549034,0.3648236830043447,0.4006020337651299,0.42867728852581255,
IMG-0304,gusu_qing_candidate,姑苏版画（候选）,1,-1491.0234903741343,719.2296942243546,-1.4560776273184906,0.7651379725791007,False,24,0.28936761992313204,0.28936761992313204,1.0734930832209062,1.4521076683943617,0.16917799396403285,
IMG-0304,gusu_qing_candidate,姑苏版画（候选）,2,2085.304810915834,729.9592439530646,2.036430479409994,0.7765523871841113,False,26,0.4249142118968886,0.3019577977287726,1.799766280827101,1.1471982274010586,0.17277741606755997,
IMG-0218,gusu_qing_candidate,姑苏版画（候选）,1,1000.3181607865853,28.176752658912115,0.9768732038931497,0.034657752347985384,True,17,0.5383970050338246,0.5383970050338246,0.577601056053333,0.47244831085980693,0.40334637639635906,
IMG-0218,gusu_qing_candidate,姑苏版画（候选）,2,18.743972759291758,791.6755345736251,0.018304660897745857,0.9737706452320112,True,15,0.9556223687748775,0.44111814748315437,0.3999889418312877,0.47864693715052287,0.7824017475985239,
IMG-0283,gusu_qing_candidate,姑苏版画（候选）,1,141.58036327013235,937.2962537780245,0.13907697767203572,0.915328372830102,True,14,0.30954577327081406,0.30954577327081406,1.5100414391275319,0.38923724432789647,0.14548678472831278,
IMG-0283,gusu_qing_candidate,姑苏版画（候选）,2,3475.8625540728026,139.86584037479525,3.4144032947669967,0.136587734741011,False,10,0.39699037661412506,0.274103683504034,0.7185932356973667,2.070830424768258,0.23097139356770363,
IMG-0122,gusu_qing_candidate,姑苏版画（候选）,1,183.45898125599942,4243.131582432048,0.23887888184374925,4.143683185968797,False,28,0.42320721763599883,0.42320721763599883,0.17868500575725987,2.9191539370201918,0.38703666588296953,
IMG-0122,gusu_qing_candidate,姑苏版画（候选）,2,663.1177287333081,62.50424425971412,0.863434542621495,0.06103930103487707,True,22,0.6115404171395822,0.3527320987299815,0.5494118441906384,0.41336404897908796,0.4646456750213936,
IMG-0320,gusu_qing_candidate,姑苏版画（候选）,1,-462.8038051934731,887.8524005806147,-0.6026091213456681,0.8670433599420065,False,22,0.17862688864471132,0.17862688864471132,1.6024462220073856,0.7238026007002814,0.08016412522730218,
IMG-0320,gusu_qing_candidate,姑苏版画（候选）,2,739.4798121392121,733.4174652985247,0.9628643387229324,0.7162279934555905,True,19,0.20257400450319352,0.16638884035848833,0.7059578189743676,0.3271857751806488,0.14232687725021714,
IMG-0362,gusu_qing_candidate,姑苏版画（候选）,1,21.5952234813207,59.687658915572435,0.02811878057463633,0.058288729409738706,True,26,0.49710378317722415,0.49710378317722415,0.7220544840095748,0.452804086213043,0.34646145849968374,
IMG-0362,gusu_qing_candidate,姑苏版画（候选）,2,725.8954209586741,-288.79596359565215,0.9451763293732736,-0.28202730819887906,False,17,0.5875540195661815,0.29547869361884793,0.30262171444020364,0.6802559827126522,0.5050499487342954,
IMG-0083,gusu_qing_candidate,姑苏版画（候选）,1,966.8721700184454,740.7289113685143,0.9442111035336381,0.9644907700110864,True,7,0.533586859355483,0.533586859355483,1.094630964011605,0.45161670256404773,0.1800635573876654,
IMG-0203,gusu_qing_candidate,姑苏版画（候选）,1,663.5040015718533,978.1406996784515,0.8628140462572865,0.9552155270297378,True,11,0.5110799632124682,0.5110799632124682,0.49864393884478947,0.4242221882106036,0.3651078229608503,
IMG-0203,gusu_qing_candidate,姑苏版画（候选）,2,109.19490187606151,41.69472472899253,0.14199597123024904,0.04071750461815677,True,10,0.6485697617710217,0.3170987517843687,0.15921513211775137,0.42554939942465647,0.499116956058502,
IMG-0088,gusu_qing_candidate,姑苏版画（候选）,1,582.1864258861838,798.7281704225628,0.5685414315294763,0.9740587444177595,True,13,0.7067871418858327,0.7067871418858327,0.8277932065322354,0.3011096086746139,0.46723528123359187,
IMG-0160,gusu_qing_candidate,姑苏版画（候选）,1,937.4335868828981,77.22645268549573,0.9154624871903302,0.11048133431401391,True,24,0.3203436113141575,0.3203436113141575,0.8890251123744295,0.407395239671838,0.20538405159135414,
IMG-0160,gusu_qing_candidate,姑苏版画（候选）,2,732.7606069900656,682.6261779213155,0.715586530263736,0.9765753618330694,True,12,0.23359049432998125,0.15876127180765584,0.28847909968411367,0.32233079487997696,0.20221470080136508,
IMG-0390,gusu_qing_candidate,姑苏版画（候选）,1,844.0599526011919,1002.287332939815,1.5180934399302013,0.9787962235740381,False,6,0.659981611734433,0.659981611734433,0.16137404389580776,0.6426911489272582,0.3044106983651216,
IMG-0084,gusu_qing_candidate,姑苏版画（候选）,1,32.3164195922455,-2615.2954928483614,0.07010069325866704,-2.553999504734728,False,15,0.22896083917286056,0.22896083917286056,0.8486910499343137,2.7903905800487907,0.14978567754300073,
IMG-0084,gusu_qing_candidate,姑苏版画（候选）,2,1880.975704820304,233.56430222926437,4.08020760264708,0.228090138895766,False,16,0.3066466634648375,0.23643658606837056,1.4555562968291043,1.4904882134097193,0.14810448479170038,
IMG-0014,gusu_qing_candidate,姑苏版画（候选）,1,1042.5466009690049,780.2338439119189,1.0181119150087938,0.9777366465061641,False,5,0.609378874328094,0.609378874328094,1.2301561409926514,0.503237415486965,0.13726225853208363,
IMG-0379,gusu_qing_candidate,姑苏版画（候选）,1,492.51685734599386,1740.168622285704,0.4809734935019471,1.835620909584076,False,20,0.3921053960808506,0.3921053960808506,1.9882400466972858,0.9074626393298993,0.14509818451529174,
IMG-0379,gusu_qing_candidate,姑苏版画（候选）,2,112.11886605640586,847.2457298453468,0.10949108013320885,0.8937191243094376,True,11,0.36390517478761,0.221215992091643,0.3303312174040567,0.3919937524941877,0.28279332745771235,
IMG-0215,gusu_qing_candidate,姑苏版画（候选）,1,1010.5991359533377,765.512285192281,0.9869132187044314,0.9789159657190294,True,11,0.9543081199515328,0.9543081199515328,0.33115685163417424,0.48398267805437317,0.7412936187106044,
IMG-0236,gusu_qing_candidate,姑苏版画（候选）,1,-1513.4892647805038,296.9233310926137,-1.4780168601372108,0.3866189206935074,False,43,0.5395287868751777,0.5395287868751777,0.6090405917224837,1.5838751037388707,0.3978901037192452,
IMG-0236,gusu_qing_candidate,姑苏版画（候选）,2,690.448300085265,2845.9590018552535,0.6742659180520166,3.705675783665695,False,19,0.45739378291960414,0.21061667009674173,0.6456245274656397,1.928451325109744,0.3312033130216422,
IMG-0171,gusu_qing_candidate,姑苏版画（候选）,1,406.31197448979464,-1717.9133382228597,0.8700470545820014,-1.6776497443582614,False,19,0.3649781118296946,0.3649781118296946,1.180573100362098,1.9872721431642166,0.20225935995721425,
IMG-0171,gusu_qing_candidate,姑苏版画（候选）,2,19.88823274901765,110.20820222855588,0.042587222160637365,0.1076251974888241,True,11,0.3571044594126043,0.22676914809022822,0.35422214504930477,0.4043190262530664,0.27421319639373987,
IMG-0233,gusu_qing_candidate,姑苏版画（候选）,1,46.675616707520504,762.9843654791647,0.05238565287039338,0.7451019194132468,True,14,0.24033755086994768,0.24033755086994768,0.6964657239709096,0.34716078320389326,0.16966256202003,
IMG-0233,gusu_qing_candidate,姑苏版画（候选）,2,429.02662427580464,860.3094568617495,0.4815113628235742,0.8401459539665522,True,14,0.32151724711081403,0.2442445793777532,0.8587207333423009,0.2568927018996818,0.2092837153924591,
IMG-0185,gusu_qing_candidate,姑苏版画（候选）,1,549.0636466324306,23.712492487111064,0.9515834430371415,0.023156730944444398,True,18,0.33061450637088147,0.33061450637088147,1.1101590223642999,0.4708798452522492,0.18978152690320318,
IMG-0185,gusu_qing_candidate,姑苏版画（候选）,2,22.26886002971727,542.70408551241,0.038594211489977936,0.5299844585082129,True,13,0.31888058770017974,0.2134540396064282,0.9769138842221808,0.22800889686933343,0.1956563408666422,
IMG-0296,gusu_qing_candidate,姑苏版画（候选）,1,-2363.8919666837696,112.50388810074514,-2.3084882487146188,0.1946434050185902,False,27,0.2586798433318113,0.2586798433318113,0.9983857547757293,2.4503673258306717,0.15702394247239684,
IMG-0296,gusu_qing_candidate,姑苏版画（候选）,2,968.1916034952004,516.0737183700375,0.9454996127882817,0.8928611044464316,True,14,0.2899628116636348,0.2149552769704343,0.3594910262287879,0.4333670717109561,0.2422589428794625,
IMG-0425,gusu_qing_candidate,姑苏版画（候选）,1,2014.7124397590171,248.15210951106096,3.4856616604827284,0.24233604444439547,False,42,0.3205590039474855,0.3205590039474855,1.2812826600342695,1.484664575687136,0.16891996604940143,
IMG-0425,gusu_qing_candidate,姑苏版画（候选）,2,-2920.252038447115,151.6961165401116,-5.05233916686352,0.14814073880870274,False,51,0.4973787659523189,0.33793952415401396,1.1462725202435153,2.7464144881975345,0.28039955839616304,
IMG-0217,gusu_qing_candidate,姑苏版画（候选）,1,20.370153516429873,736.4778887275227,0.019892728043388548,0.9602058523175002,True,16,0.5557539831207979,0.5557539831207979,0.4649783511855651,0.47305109676399026,0.4404674477940787,
IMG-0217,gusu_qing_candidate,姑苏版画（候选）,2,1006.9786860630327,32.90927646769374,0.9833776231084304,0.042906488223851035,True,16,0.9298933087901118,0.4131013985526289,0.2741814709796093,0.47409889384944287,0.8107657101830297,
IMG-0402,gusu_qing_candidate,姑苏版画（候选）,1,370.0702312210865,2313.959682634576,0.6458468258657705,2.259726252572828,False,18,0.2953433497378388,0.2953433497378388,0.6847713911165276,1.537303563943275,0.20971571623804516,
IMG-0402,gusu_qing_candidate,姑苏版画（候选）,2,633.2944526716102,796.4139319882268,1.1052259208928625,0.7777479804572527,False,12,0.38249282554314684,0.26952611319654324,0.7390607137320684,0.38222256046776887,0.26432503511719446,
IMG-0126,gusu_qing_candidate,姑苏版画（候选）,1,57.71338512877606,321.30756861643306,0.08186295762946959,0.3137769224769854,True,10,0.269831780174493,0.269831780174493,0.5882587892079559,0.282401652872707,0.16756105244146813,
IMG-0126,gusu_qing_candidate,姑苏版画（候选）,2,691.4328081588491,695.2017773855138,0.9807557562536866,0.6789079857280408,True,6,0.20340393601961337,0.1485190898689424,0.5463841784259238,0.309901978555127,0.07738976717259946,
IMG-0144,gusu_qing_candidate,姑苏版画（候选）,1,631.6696198839674,788.6859199586244,0.9717994152061036,0.7702010937095941,True,11,0.23318263306892648,0.23318263306892648,0.26673627521865,0.340544352004531,0.18706243999617544,
IMG-0144,gusu_qing_candidate,姑苏版画（候选）,2,-2299.4700586689564,344.03279808021676,-3.537646244106087,0.3359695293752117,False,14,0.2774075486097411,0.21272092599172554,1.149837112035342,2.1682616956363,0.15611129205407637,
IMG-0186,gusu_qing_candidate,姑苏版画（候选）,1,30.54755196203142,19.652763472088207,0.05134042346559903,0.01919215182821114,True,22,0.25233137907429776,0.25233137907429776,0.9307939453677334,0.4728996711314678,0.15843529036969609,
IMG-0186,gusu_qing_candidate,姑苏版画（候选）,2,565.1686699266761,998.2611931227763,0.9498633108011363,0.9748644464089612,True,10,0.24154547328223797,0.18059597089977694,0.32278583030228997,0.46867985345132357,0.17128747384687507,
IMG-0024,gusu_qing_candidate,姑苏版画（候选）,1,-2594.821534062305,793.4148251561886,-2.53400540435772,0.9759099940420524,False,11,0.4552165300984615,0.4552165300984615,0.6527013393152417,2.3945176132867307,0.3010905799154196,
IMG-0024,gusu_qing_candidate,姑苏版画（候选）,2,-1245.24789955528,504.8160990519245,-1.216062401909453,0.6209300111339785,False,9,0.6122065089695845,0.3335199862527575,1.025101233823417,1.3460817443293491,0.2750181152650202,
IMG-0050,gusu_qing_candidate,姑苏版画（候选）,1,970.7655417290897,26.16924525363256,0.9766252934900299,0.025555903568000547,True,11,0.5830634964307936,0.5830634964307936,0.29557748394314354,0.47550352558109543,0.4610451487347324,
IMG-0050,gusu_qing_candidate,姑苏版画（候选）,2,17.597721657354004,997.038963243394,0.017703945329329986,0.973670862542377,True,12,0.8372111335128424,0.34906388275605654,0.4434839115632401,0.4778747058544725,0.6707083100958651,
IMG-0196,gusu_qing_candidate,姑苏版画（候选）,1,21.576524037466285,983.5940199472157,0.037589763131474364,0.9605410351047028,True,18,0.3502047094487013,0.3502047094487013,0.9571711958859376,0.46098862864930784,0.2170075769392399,
IMG-0196,gusu_qing_candidate,姑苏版画（候选）,2,554.155909751148,25.0226510326843,0.9654284142006062,0.024436182649105763,True,15,0.42680921826532336,0.27733861999268855,0.5913553960477599,0.47316031085959703,0.31755766367945915,
IMG-0293,gusu_qing_candidate,姑苏版画（候选）,1,987.7811688814274,373.3276382269476,0.964630047735769,0.6862640408583596,True,16,0.2142542879465619,0.2142542879465619,0.9405634120155544,0.41952433611489187,0.13387169818183461,
IMG-0293,gusu_qing_candidate,姑苏版画（候选）,2,80.13831354465171,521.0136815714748,0.07826007182094893,0.957745738182858,True,6,0.2380494226980122,0.18704631314175943,0.3711451452320283,0.4299239399487996,0.09886532370032979,
IMG-0335,gusu_qing_candidate,姑苏版画（候选）,1,619.8977104668237,758.0248412968268,1.0651163410082882,0.7402586340789324,False,7,0.500161900983984,0.500161900983984,0.40921105076171516,0.34871837149843427,0.23777618257586247,
IMG-0263,gusu_qing_candidate,姑苏版画（候选）,1,51.44224522691366,52.8589115773547,0.050236567604407874,0.05223212606457974,True,27,0.25156431860567524,0.25156431860567524,1.182783984289592,0.4487785234377472,0.1392549888423903,
IMG-0263,gusu_qing_candidate,姑苏版画（候选）,2,-1019.4801636554104,951.7639800223179,-0.9955860973197367,0.9404782411287727,False,19,0.27069493539023404,0.2025977484187825,0.7473366115376185,1.1078983856006215,0.1862936479788808,
IMG-0456,gusu_qing_candidate,姑苏版画（候选）,1,-1823.3593758028794,375.9876942264847,-1.7806243904324994,0.667828941787717,False,8,0.44848878829275357,0.44848878829275357,0.5649405947322153,2.000119241602175,0.22541615632100376,
IMG-0456,gusu_qing_candidate,姑苏版画（候选）,2,-1228.5803392864623,577.3964258170562,-1.1997854875844358,1.0255709161937054,False,6,0.5431642551196604,0.29956117649710773,0.9551099446186706,1.5108715973800573,0.16846190092198685,
IMG-0291,gusu_qing_candidate,姑苏版画（候选）,1,137.5158362730906,689.9727605027923,0.13429280886044004,0.8949063041540757,True,12,0.33717582121780115,0.33717582121780115,1.5748464367522401,0.37653289098319853,0.1534203132956184,
IMG-0291,gusu_qing_candidate,姑苏版画（候选）,2,974.3017220756105,119.90315087350311,0.9514665254644634,0.15551640839624267,True,11,0.3188629969717866,0.21135010411185523,0.5883604263571672,0.41594924200051225,0.21779841731605548,
IMG-0173,gusu_qing_candidate,姑苏版画（候选）,1,621.583437042882,27.755643494252112,0.989782543061914,0.02710512059985558,True,13,0.3535386326257686,0.3535386326257686,1.0843917892444763,0.4775698549618511,0.20557210962681718,
IMG-0173,gusu_qing_candidate,姑苏版画（候选）,2,14.958162748565867,996.3430820425388,0.02381873049134692,0.9729912910571668,True,16,0.43233117388870773,0.2794854018306006,1.1020768094010014,0.4738652956498142,0.249174510426795,
IMG-0227,gusu_qing_candidate,姑苏版画（候选）,1,808.5678331839231,825.8778955652643,1.5854271238900453,0.8065213823879535,False,12,0.15045436541744703,0.15045436541744703,1.2332598609861256,0.5562732988845462,0.08120930936089668,
IMG-0093,gusu_qing_candidate,姑苏版画（候选）,1,-1358.9104372915501,496.5986217154821,-2.5072148289511995,0.4849595915190255,False,62,0.4126850441308074,0.4126850441308074,1.1122083911676026,1.4068631769729338,0.2366495846994226,
IMG-0093,gusu_qing_candidate,姑苏版画（候选）,2,-1278.1224173514522,654.1467651217419,-2.3581594416078455,0.638815200314201,False,27,0.30117457794626173,0.17688433395543143,1.1786035643120356,1.342688155719869,0.16706589369859678,
IMG-0068,gusu_qing_candidate,姑苏版画（候选）,1,54.79187979504009,894.4323257461856,0.05350769511234384,0.9211455465975135,True,10,0.3152558619477267,0.3152558619477267,1.1801702387855548,0.43467609355679687,0.14561670962499762,
IMG-0068,gusu_qing_candidate,姑苏版画（候选）,2,907.7445603490996,64.74484093889961,0.8864692972159176,0.06667851795973184,True,7,0.2913213866853088,0.19948061182202478,0.16490244014179795,0.40932058672449495,0.15648800450966815,
IMG-0125,gusu_qing_candidate,姑苏版画（候选）,1,570.4406018863344,966.6667274310898,0.9171070769876759,0.9440104760069237,True,33,0.26981944767147714,0.26981944767147714,0.8887545795550655,0.4369225960334187,0.17301455660875606,
IMG-0125,gusu_qing_candidate,姑苏版画（候选）,2,50.58303818929226,76.6670278175936,0.08132321252297792,0.07487014435311876,True,16,0.2780109134696242,0.2029981623506074,0.39801931499145543,0.42340031178554444,0.22784161408937995,
IMG-0172,gusu_qing_candidate,姑苏版画（候选）,1,595.1953298125221,25.666257654902836,0.9662261847605879,0.02506470474111605,True,13,0.39366547746967956,0.39366547746967956,0.3667554449312558,0.47263677053084113,0.3277082674942707,
IMG-0172,gusu_qing_candidate,姑苏版画（候选）,2,31.462902653436416,3824.783376559295,0.05107614067116301,3.7351400161711865,False,8,0.5920020927010993,0.3589513062148714,1.4323604462331931,2.781838714190253,0.19284077311324047,
IMG-0030,gusu_qing_candidate,姑苏版画（候选）,1,1760.1496751559082,602.4455216137102,1.7188961671444416,0.6731234878365477,False,19,0.473393048584681,0.473393048584681,1.0768011615865416,0.9248015051106656,0.2763105549248442,
IMG-0030,gusu_qing_candidate,姑苏版画（候选）,2,-1225.3924750182282,698.0965505126849,-1.1966723388849885,0.7799961458242289,False,10,0.4573860649874876,0.24086268130290978,1.5741674344266778,1.2907144375989585,0.1734904477047337,
IMG-0265,gusu_qing_candidate,姑苏版画（候选）,1,-713.1296779013405,935.0058918588401,-0.6964157010755279,0.9434973681723916,False,28,0.35460911410065443,0.35460911410065443,0.2931464396485874,0.9133816461169735,0.3062625914550562,
IMG-0265,gusu_qing_candidate,姑苏版画（候选）,2,46.09556273349747,57.46758516008116,0.04501519798193112,0.057989490575258484,True,25,0.48110807078139173,0.31050276401492743,0.35508603753315626,0.4487569216130617,0.40284380472164044,
IMG-0411,gusu_qing_candidate,姑苏版画（候选）,1,-274.7452450975305,741.8181598934148,-0.2690942655215774,0.7244317967709129,False,39,0.35489907946821675,0.35489907946821675,1.4227972987851232,0.5658126624339876,0.17424020164701567,
IMG-0411,gusu_qing_candidate,姑苏版画（候选）,2,3108.64267351142,662.6496622018652,3.044703891783957,0.647118810744009,False,16,0.2342094577660489,0.15108873680212795,0.7486571914763709,1.799753637388635,0.16107776131199147,
IMG-0148,gusu_qing_candidate,姑苏版画（候选）,1,963.1195090747945,717.8349695012787,0.940546395580854,0.9583911475317473,True,20,0.22383440503285942,0.22383440503285942,0.3142042678371365,0.4468469064560781,0.19129263602036364,
IMG-0148,gusu_qing_candidate,姑苏版画（候选）,2,637.551498245356,3120.886290741105,0.6226088850052305,4.166737370815894,False,24,0.24473842349073804,0.1899575440800087,1.6219109901403932,2.1670008468760296,0.10876988304981802,
IMG-0079,gusu_qing_candidate,姑苏版画（候选）,1,880.749731067519,955.4165980673499,0.9379656347896901,0.9330240215501464,True,21,0.3948923302011938,0.3948923302011938,0.3937689294085456,0.43528821160551306,0.3243193508958558,
IMG-0079,gusu_qing_candidate,姑苏版画（候选）,2,63.321154595494086,49.30770004341691,0.06743466943077113,0.048152050823649324,True,21,0.5805370367919743,0.3512874135650953,0.3437816084526283,0.44314414490370474,0.488853472050528,
IMG-0337,gusu_qing_candidate,姑苏版画（候选）,1,1205.45772944701,-550.3751592917145,1.9826607392220559,-0.5374757414958149,False,74,0.6427355428282191,0.6427355428282191,1.5315978393112117,1.1699512691099863,0.29884780593637805,
IMG-0337,gusu_qing_candidate,姑苏版画（候选）,2,393.7164911689843,391.31917095240163,0.64756001837004,0.3821476278832047,True,10,0.29238983202985447,0.10446049462269408,0.37812109579354436,0.1262709286481116,0.20168475275025383,
IMG-0044,gusu_qing_candidate,姑苏版画（候选）,1,764.9553075698883,993.8737924207467,0.7634284506685513,0.9705798754108854,True,5,0.8385589659726091,0.8385589659726091,0.41677765250210264,0.38349821975235976,0.2836744671658671,
IMG-0250,gusu_qing_candidate,姑苏版画（候选）,1,177.7944749469052,41.371380181093755,0.24557247920843261,0.04040173845809937,True,22,0.3233690756489005,0.3233690756489005,0.7401976758902569,0.40299518289036734,0.22334004645497324,
IMG-0250,gusu_qing_candidate,姑苏版画（候选）,2,543.3950308671808,969.5763953736341,0.7505456227447249,0.9468519486070646,True,13,0.40828251917141856,0.27625657834335243,0.36857289380855457,0.39249031222971353,0.3395675637654189,
IMG-0284,gusu_qing_candidate,姑苏版画（候选）,1,99.97366419058977,2874.3550653640796,0.12687013222156063,2.806987368519609,False,17,0.3394030321359176,0.3394030321359176,0.6445219987730914,1.8424148266942,0.24590057490599382,
IMG-0284,gusu_qing_candidate,姑苏版画（候选）,2,630.6991828006354,-1986.0509484866245,0.8003796736048673,-1.9395028793814693,False,14,0.36485677356329893,0.24102327832058743,0.7253592202031508,1.9419872646694103,0.25387074645506685,
IMG-0422,gusu_qing_candidate,姑苏版画（候选）,1,2406.706543648444,295.96764877202213,4.549539780053769,0.28903090700392786,False,15,0.3766664030566652,0.3766664030566652,0.7445870037420116,1.8680621977836858,0.2595803844532818,
IMG-0422,gusu_qing_candidate,姑苏版画（候选）,2,2218.5577084015795,585.2200206535744,4.193870904350812,0.5715039264195062,False,9,0.29718023902100354,0.18524242732944218,1.0143989058714789,1.6965819665669664,0.13421691968733124,
IMG-0348,gusu_qing_candidate,姑苏版画（候选）,1,1560.5011194706485,352.52484389118774,1.5239268744830552,0.5317116800772063,False,42,0.31241574178618065,0.31241574178618065,1.0321542775941905,0.8596735599621217,0.18646763175344455,
IMG-0348,gusu_qing_candidate,姑苏版画（候选）,2,981.9378071588804,47.550049937036945,0.9589236398035942,0.07171953233338905,True,15,0.31627240158709774,0.21746392463876776,0.3016012493433408,0.45008940462644187,0.27200032140175323,
IMG-0053,gusu_qing_candidate,姑苏版画（候选）,1,952.092522571376,26.692915775520124,0.9745061643514595,0.02606730056203137,True,12,0.4875498211583209,0.4875498211583209,0.32590327793518276,0.47420605612764405,0.4142380644652793,
IMG-0053,gusu_qing_candidate,姑苏版画（候选）,2,22.31514254216022,1001.5441768810648,0.022840473431074943,0.9780704852354148,True,7,0.7427198094210705,0.38060689916708534,0.30919841473746695,0.47763660763061255,0.37119337691441634,
IMG-0162,gusu_qing_candidate,姑苏版画（候选）,1,3348.451686433941,52.47450204944592,3.2699723500331457,0.07288125284645267,False,14,0.39949831664671415,0.39949831664671415,0.566304104885278,2.2791968344148876,0.3009841179600703,
IMG-0174,gusu_qing_candidate,姑苏版画（候选）,1,19.723855725023085,800.7288174884917,0.03541087203774342,0.7819617358286052,True,19,0.4871261300767529,0.4871261300767529,0.45594526103481836,0.33261377465612996,0.3878235441383477,
IMG-0174,gusu_qing_candidate,姑苏版画（候选）,2,543.3207036525731,21.988495997616774,0.9754411196635064,0.02147314062267263,True,8,0.6349752116266026,0.3256621940922684,0.25227437747657583,0.4778240740867345,0.3731511869541209,
IMG-0268,gusu_qing_candidate,姑苏版画（候选）,1,38.30869379978066,50.00188373234864,0.03881326626117595,0.04882996458237172,True,15,0.4926829123219991,0.4926829123219991,0.372172799050498,0.4560216178623878,0.4090262715973646,
IMG-0268,gusu_qing_candidate,姑苏版画（候选）,2,941.1775768595768,980.6783768493498,0.9535740393714051,0.9576937273919431,True,18,0.787530620049785,0.3995277406209073,0.4587251342756871,0.45571430408132607,0.6261185219759321,
IMG-0403,gusu_qing_candidate,姑苏版画（候选）,1,-1006.5403869537562,661.1418015170008,-1.7505050207891413,0.6456462905439461,False,8,0.6957871939864058,0.6957871939864058,0.6371895432693563,1.1091734690028188,0.33730378992560606,
IMG-0105,gusu_qing_candidate,姑苏版画（候选）,1,461.3828618037614,21.5222201323826,0.45056920098023573,0.028927715231697043,True,14,0.31335928933901147,0.31335928933901147,0.5028113063146504,0.2797671613687415,0.24370165904032018,
IMG-0105,gusu_qing_candidate,姑苏版画（候选）,2,992.8189580552663,713.4604537655345,0.969549763725846,0.9589522228031377,True,5,0.27217990673851256,0.1868898045905739,0.1857115853670117,0.4659155266113916,0.10335180381642169,
IMG-0034,gusu_qing_candidate,姑苏版画（候选）,1,945.0936853673919,984.169677672824,0.9824258683652722,0.9611032008523672,True,21,0.5484944238341648,0.5484944238341648,0.7671740740596904,0.471219672673868,0.37375110320679317,
IMG-0025,gusu_qing_candidate,姑苏版画（候选）,1,1010.1607661492004,996.3307958148191,0.9864851231925785,0.9767948978576658,True,13,0.7773620885995877,0.7773620885995877,0.27000691602673726,0.4816833417442903,0.6791912772959258,
IMG-0025,gusu_qing_candidate,姑苏版画（候选）,2,230.01779122942833,3499.973880340845,0.2246267492474886,3.431346941510632,False,5,0.48933307831579714,0.10894409453536354,0.4373980213162792,2.0778944809001687,0.16383759312452562,
IMG-0353,gusu_qing_candidate,姑苏版画（候选）,1,33.01351409775043,448.40041974214597,0.05633705477431814,0.4378910349044394,True,14,0.3010934245453202,0.3010934245453202,0.6357286980844321,0.2268590511344039,0.2191061352137578,
IMG-0353,gusu_qing_candidate,姑苏版画（候选）,2,365.96932053360104,979.9343637758828,0.624521024801367,0.9569671521248856,True,11,0.39031663391201926,0.2727948619504472,0.19977792275634562,0.40140879977404126,0.32377795383680874,
IMG-0168,gusu_qing_candidate,姑苏版画（候选）,1,2749.242320050074,69.96025006364054,2.6848069531739003,0.11979494873911052,False,14,0.2603305252540215,0.2603305252540215,1.365483038895796,1.9071794285169472,0.13152678974813733,
IMG-0168,gusu_qing_candidate,姑苏版画（候选）,2,37.12857423699053,561.7293060853533,0.036258373278311065,0.9618652501461529,True,11,0.30537105231398753,0.22587364586771394,0.5175668862874572,0.4632818131902247,0.21609816715769462,
IMG-0336,gusu_qing_candidate,姑苏版画（候选）,1,1401.7582418218317,1173.34977066995,2.5532937009505132,1.145849385419873,False,5,0.22097629692365595,0.22097629692365595,1.3901240181308365,1.1248452615518996,0.045948660430240644,
IMG-0336,gusu_qing_candidate,姑苏版画（候选）,2,1319.8090443312867,807.5443728943867,2.404023760166278,0.7886175516546745,False,5,0.27796282646859904,0.2165396303931352,0.3869281401712722,0.9349341742937921,0.09544542131600219,
IMG-0201,gusu_qing_candidate,姑苏版画（候选）,1,86.12244725132915,514.3499188462814,0.08410395239387612,0.9507392215273224,True,8,0.26995189625957994,0.26995189625957994,0.7134646771589656,0.42374376891288695,0.12597032135897815,
IMG-0201,gusu_qing_candidate,姑苏版画（候选）,2,928.2077498430682,32.95898960085765,0.9064528807061213,0.06092234676683484,True,8,0.3387411424179958,0.24729732868112136,0.5895445621502646,0.4137915283759806,0.16817394569968747,
IMG-0064,gusu_qing_candidate,姑苏版画（候选）,1,1004.716561559727,935.2984246184719,0.9811685171481709,0.9399984167019818,True,20,0.3167461584512744,0.3167461584512744,0.6889949860899336,0.4616335047999991,0.2244388300388612,
IMG-0064,gusu_qing_candidate,姑苏版画（候选）,2,46.97079980095333,25.87514970481468,0.045869921680618486,0.026005175582728322,True,15,0.37044138222293027,0.25310549747243694,0.9219374536086178,0.4638834392605412,0.23362715567144102,
IMG-0023,gusu_qing_candidate,姑苏版画（候选）,1,3105.9414100972,594.8769421522566,3.0331459082980468,0.7132817052185331,False,8,0.5908102981198833,0.5908102981198833,0.8616080043796768,1.968743810224341,0.25601239749268934,
IMG-0458,gusu_qing_candidate,姑苏版画（候选）,1,564.5471964679252,-1248.19726885242,0.8932708804872235,-1.2189426453636913,False,41,0.288937299908304,0.288937299908304,0.964772489199697,1.477284291249909,0.17836347535714547,
IMG-0249,gusu_qing_candidate,姑苏版画（候选）,1,67.31052524544968,326.27455295413364,0.09297033873680895,0.31862749311927113,True,21,0.3316995026483153,0.3316995026483153,1.1662672901304199,0.2777566121615215,0.18513694629741692,
IMG-0249,gusu_qing_candidate,姑苏版画（候选）,2,69.03068211486779,882.2076288223685,0.09534624601501075,0.8615308875218443,True,12,0.27046054126165636,0.1807489142391708,0.8772091837304621,0.37645235206639893,0.17442966987604427,
IMG-0421,gusu_qing_candidate,姑苏版画（候选）,1,1174.1623730023814,707.2214790313681,1.7292523902833306,0.6906459756165704,False,16,0.23213804278524341,0.23213804278524341,0.9241319527559952,0.6976588663174169,0.14624250403607397,
IMG-0364,gusu_qing_candidate,姑苏版画（候选）,1,530.5021674164813,326.1157665870257,0.7812992156354658,0.3184724283076423,True,9,0.30047345421982186,0.30047345421982186,0.6201450801583405,0.2169212604580534,0.16527401589274568,
IMG-0364,gusu_qing_candidate,姑苏版画（候选）,2,261.87420896592323,-2221.3508688497855,0.38567630186439356,-2.1692879578611186,False,13,0.389705964345388,0.2726096671084626,0.8551371674337628,2.2255484866008186,0.25412440573662626,
IMG-0055,gusu_qing_candidate,姑苏版画（候选）,1,980.8979347801093,33.24907721948229,0.9579081394337005,0.0369434191327581,True,32,0.36576874510440044,0.36576874510440044,0.8894802693232842,0.46015900221898104,0.23445440993567782,
IMG-0055,gusu_qing_candidate,姑苏版画（候选）,2,1046.347029259826,80.71853819459174,1.0218232707615489,0.08968726466065749,False,22,0.34664995907854096,0.21985623855589126,0.9486696016944062,0.476444488855873,0.21571987833911377,
IMG-0277,gusu_qing_candidate,姑苏版画（候选）,1,-178.00629286377787,469.78499780000743,-0.17383427037478308,0.8016808836177601,False,32,0.5040085224483102,0.5040085224483102,1.2729744439395532,0.6037311105739931,0.26669507260041697,
IMG-0113,gusu_qing_candidate,姑苏版画（候选）,1,-1239.0552065368013,89.5689096152911,-1.210014850133595,0.12474778497951407,False,30,0.3325865407315128,0.3325865407315128,1.1475854577834446,1.4166047563604114,0.18737414066144248,
IMG-0113,gusu_qing_candidate,姑苏版画（候选）,2,29.2619858663569,685.8504267695907,0.02857615807261416,0.9552234356122433,True,24,0.46932657425382274,0.3132348724493723,0.5308602154966118,0.4661464310891569,0.3599153045924581,
IMG-0271,gusu_qing_candidate,姑苏版画（候选）,1,2324.380886661259,451.6174390294042,2.2699032096301357,0.6621956584008859,False,50,0.2755621738978871,0.2755621738978871,1.606862519876991,1.4758321926064684,0.12339394223321162,
IMG-0271,gusu_qing_candidate,姑苏版画（候选）,2,-1100.9927871692178,325.29219950412636,-1.0751882687199392,0.47696803446352837,False,37,0.3041217373250828,0.22031729025818075,1.585489965693251,1.3110918325041636,0.1376457134446154,
IMG-0181,gusu_qing_candidate,姑苏版画（候选）,1,16.94517395870786,56.71127884758273,0.027508399283616654,0.05538210824959251,True,7,0.20257855125243515,0.20257855125243515,0.5408859487807557,0.4521921303466931,0.09016923050282917,
IMG-0181,gusu_qing_candidate,姑苏版画（候选）,2,595.6992401602113,176.21344471739354,0.967044221039304,0.17208344210682963,True,6,0.2426705443704908,0.19351069706027696,0.5011651838751698,0.37002449207048993,0.09444096841489855,
IMG-0076,gusu_qing_candidate,姑苏版画（候选）,1,638.134844165091,992.6637816813189,0.9302257203572755,0.969398224298163,True,21,0.5152021856964321,0.5152021856964321,0.9954868463095212,0.45762232008737613,0.3131918662806123,
IMG-0076,gusu_qing_candidate,姑苏版画（候选）,2,30.355178323821836,31.629980228687923,0.04424953108428839,0.03088865256707805,True,15,0.8363923637082141,0.4054811898259372,0.3542082954518384,0.4650135716517535,0.7006396404189437,
IMG-0397,gusu_qing_candidate,姑苏版画（候选）,1,2223.9653176283678,-689.9036032227659,4.721794729571906,-0.6737339875222323,False,45,0.5094235876424615,0.5094235876424615,0.3030143181701115,2.061418090843341,0.4378046065799255,
IMG-0397,gusu_qing_candidate,姑苏版画（候选）,2,200.60949114259006,999.966676672717,0.42592248650231435,0.9765299576882002,True,11,0.2886841241941347,0.14162162195173658,0.6791965897994574,0.43403460453276216,0.18842940408448017,
IMG-0375,gusu_qing_candidate,姑苏版画（候选）,1,-454.8079404664798,838.2781300325397,-0.4441483793617967,0.8842596308360123,False,13,0.3826680682708676,0.3826680682708676,1.0536459631046187,0.7403765979302609,0.2259570573249246,
IMG-0375,gusu_qing_candidate,姑苏版画（候选）,2,900.4245355801064,148.6420372971901,0.8793208355274477,0.15679539799281655,True,9,0.47429868517674767,0.2927997235367493,0.7739247065009704,0.3630992174699691,0.24157810453840667,
IMG-0205,gusu_qing_candidate,姑苏版画（候选）,1,820.2264607295399,-2426.0465105995545,0.9226394383909335,-2.3691860455073774,False,39,0.460097591036671,0.460097591036671,0.6196758314002545,2.1842506961653654,0.33751187865532295,
IMG-0205,gusu_qing_candidate,姑苏版画（候选）,2,26.100531965011267,240.16873789995367,0.02935942853207117,0.2345397831054235,True,21,0.39076345334392704,0.21097412979521563,0.7992574057471064,0.36794056284772303,0.26203385039026633,
IMG-0204,gusu_qing_candidate,姑苏版画（候选）,1,638.6570481412607,361.4629816955746,0.9282805932285766,0.3529911930620846,True,17,0.2297307871345944,0.2297307871345944,0.6848737960778575,0.2682129561595361,0.16311757089044845,
IMG-0204,gusu_qing_candidate,姑苏版画（候选）,2,226.59062215905203,-142.46642538016823,0.3293468345335059,-0.13912736853532054,False,13,0.19163718593444784,0.1476122243654685,0.6081429992836842,0.5389765594881463,0.14139147025684257,
IMG-0156,gusu_qing_candidate,姑苏版画（候选）,1,69.79713553448319,-3071.7306179083907,0.08279612756166452,-2.999736931551163,False,32,0.31302441915091195,0.31302441915091195,0.6721714130257583,2.7149138174114653,0.22367531135739954,
IMG-0156,gusu_qing_candidate,姑苏版画（候选）,2,806.1090348030584,33.45462803699458,0.9562384754484679,0.03267053519237752,True,21,0.4129874390547774,0.28371228582803304,0.8553259355183164,0.462881190210643,0.26928066791914773,
IMG-0114,gusu_qing_candidate,姑苏版画（候选）,1,1403.429529653571,85.68237587341297,1.3705366500523155,0.11933478533901527,False,20,0.2842645285803606,0.2842645285803606,0.8844728497694508,0.7455295362126888,0.1826677298153342,
IMG-0114,gusu_qing_candidate,姑苏版画（候选）,2,38.07271973911457,692.8909557180846,0.03718039037022907,0.9650291862368866,True,15,0.2965808490093017,0.21227343377970945,0.6678690366587727,0.46354904495709137,0.21238174532543838,
IMG-0057,gusu_qing_candidate,姑苏版画（候选）,1,780.5638543906222,199.86772503689946,0.9781501934719576,0.19518332523134713,True,5,0.6696175547012658,0.6696175547012658,0.3900304847731621,0.3797256070599607,0.22957338891487358,
IMG-0161,gusu_qing_candidate,姑苏版画（候选）,1,955.964550318041,607.2354100650992,0.9335591311699619,0.8864750511899259,True,26,0.2722842915008074,0.2722842915008074,0.6895308087525823,0.41956781097519286,0.19288252125856845,
IMG-0161,gusu_qing_candidate,姑苏版画（候选）,2,747.8167201700878,72.3768550766344,0.7302897657911014,0.10565964244764146,True,22,0.29988932770360394,0.2182341745811747,0.5210158132564088,0.29105335098283674,0.2311127281898954,
IMG-0036,gusu_qing_candidate,姑苏版画（候选）,1,1683.7404505825468,4235.659722133037,1.6442777837720184,4.79147027390615,False,8,0.6759206564831578,0.6759206564831578,0.6069539344011425,2.9350486266376845,0.33266421629823384,
IMG-0385,gusu_qing_candidate,姑苏版画（候选）,1,505.2207654994508,1372.9507452968896,0.49337965380805743,1.4528579315311,False,24,0.30858612570802757,0.30858612570802757,0.9709468310562155,0.6462376793305593,0.18990568697329,
IMG-0385,gusu_qing_candidate,姑苏版画（候选）,2,122.04429074711827,835.2846253031416,0.11918387768273268,0.8838990743948589,True,13,0.3992661327339269,0.27605814370713727,0.6546215718354104,0.3822371915669782,0.2878148547506209,
IMG-0112,gusu_qing_candidate,姑苏版画（候选）,1,-1602.4942054006935,225.5512181783687,-3.453651304742874,0.2202648615023132,False,29,0.30536363579392317,0.30536363579392317,1.2148489528101116,1.651565002827706,0.16634747750081608,
IMG-0094,gusu_qing_candidate,姑苏版画（候选）,1,444.43923332859345,979.653289748549,0.9746474415100733,0.9566926657700674,True,14,0.31189386527188895,0.31189386527188895,1.2339214571591135,0.45971236626652007,0.168292279372481,
IMG-0094,gusu_qing_candidate,姑苏版画（候选）,2,11.49328396201185,204.52980051211048,0.02520457009213125,0.1997361333126079,True,11,0.4048417074349146,0.27857406247976796,0.9646959940815726,0.33547601300047847,0.22909500140795927,
IMG-0331,gusu_qing_candidate,姑苏版画（候选）,1,380.5212018280127,2895.866048363557,0.5483014435562142,2.8279941878550363,False,24,0.41834933866946183,0.41834933866946183,1.2876726511696845,1.9272984814287601,0.21974779367347763,
IMG-0331,gusu_qing_candidate,姑苏版画（候选）,2,-1576.5870158402508,774.9285162455674,-2.271739215908142,0.7567661291460619,False,15,0.42338648851651906,0.2462630310440477,0.4449060047883532,1.569479369127834,0.33894316685579057,
IMG-0130,gusu_qing_candidate,姑苏版画（候选）,1,555.8548130495802,972.1691421064197,0.9616865277674398,0.9493839278383005,True,14,0.3756054087336324,0.3756054087336324,1.071396023567006,0.45238718708259,0.21982705766640653,
IMG-0130,gusu_qing_candidate,姑苏版画（候选）,2,20.99203336373565,32.51753707353154,0.03631839682307206,0.03175540729837065,True,18,0.547583255333594,0.34190802289832645,0.6156323834644338,0.4671461479890666,0.4025012984974535,
IMG-0127,gusu_qing_candidate,姑苏版画（候选）,1,-143.3700045514393,400.3599153227549,-0.14000977006976495,0.4967244606982071,False,15,0.40658224298786333,0.40658224298786333,0.8124585176156325,0.5029144700834741,0.27084778103947865,
IMG-0127,gusu_qing_candidate,姑苏版画（候选）,2,929.7297108773754,490.76667701566174,0.9079391707786869,0.6088916588283645,True,5,0.2416072774719622,0.14337404867522072,0.47750408737145084,0.3275514646551242,0.07928847679582293,
IMG-0266,gusu_qing_candidate,姑苏版画（候选）,1,974.2665399509254,921.5018668998466,0.9514321679208256,0.9441617488727937,True,20,0.4131741036246993,0.4131741036246993,0.8890008168929279,0.44798606336632335,0.2649043067312823,
IMG-0266,gusu_qing_candidate,姑苏版画（候选）,2,32.12752502354226,52.03465601938253,0.03137453615580299,0.053314196741170626,True,17,0.5624289735303505,0.33004788653938805,0.5668703768172563,0.4583128816587287,0.42361696750678485,
IMG-0136,gusu_qing_candidate,姑苏版画（候选）,1,72.53176070064033,27.60676238888135,0.11679832641004885,0.026959728895391943,True,13,0.2434703456454283,0.2434703456454283,0.3593153319875009,0.4506477767930958,0.20343315724828986,
IMG-0136,gusu_qing_candidate,姑苏版画（候选）,2,549.5539172664913,996.4657117971003,0.884949947289036,0.9731110466768558,True,9,0.2848935156994216,0.2155303929599421,0.3825413843081741,0.45110251054868145,0.17647208702880524,
IMG-0276,gusu_qing_candidate,姑苏版画（候选）,1,-1971.6227586134733,875.6514324631996,-2.7808501531924867,0.8551283520148434,False,29,0.48200903653092697,0.48200903653092697,0.5813773966183041,1.8903145033254238,0.3604214941116127,
IMG-0276,gusu_qing_candidate,姑苏版画（候选）,2,153.2912723586918,3855.4799241169385,0.21620771841846517,3.7651171133954477,False,27,0.6695347008835213,0.3468129247866328,0.34110428078486377,2.6893159943965212,0.5645510731046771,
IMG-0237,gusu_qing_candidate,姑苏版画（候选）,1,-1049.7633547022742,357.0658910452613,-1.0251595260764397,0.4649295456318507,False,28,0.3978274694161253,0.3978274694161253,0.5504677106469591,1.2203090544715902,0.3021079977965398,
IMG-0237,gusu_qing_candidate,姑苏版画（候选）,2,465.08463671444036,3588.400217873027,0.45418421554144567,4.672396117022171,False,16,0.2879679565172986,0.17340639310308895,0.8175433351131436,2.503705969907521,0.1913448972275373,
IMG-0235,gusu_qing_candidate,姑苏版画（候选）,1,-971.7080371677175,144.58068327407454,-0.9489336300465991,0.1882560980131179,False,43,0.5357622900532668,0.5357622900532668,0.7671120954480648,1.1741413368468774,0.36508657829752983,
IMG-0235,gusu_qing_candidate,姑苏版画（候选）,2,522.5278822670699,2961.421575718455,0.5102811350264355,3.8560176767167387,False,20,0.46203999380783983,0.2144963886291543,0.5187525084366377,2.01362740392274,0.35647895284207715,
IMG-0267,gusu_qing_candidate,姑苏版画（候选）,1,936.7377269435071,44.24020324362495,0.9568311817604772,0.04320332348010249,True,20,0.45222217696668765,0.45222217696668765,0.38913015936084583,0.4568131546512932,0.3722659511731779,
IMG-0267,gusu_qing_candidate,姑苏版画（候选）,2,48.05198150263286,980.2596658616125,0.0490827185930877,0.9572848299429809,True,16,0.7596873000592006,0.41613985541248355,0.24243660813700513,0.45425517358474565,0.6729618201838561,
IMG-0243,gusu_qing_candidate,姑苏版画（候选）,1,-3077.2285586060966,270.9803032361876,-3.0051060142637662,0.35283893650545256,False,45,0.6569261285409905,0.6569261285409905,0.536107909209888,2.8054746346893102,0.5024607965256377,
IMG-0243,gusu_qing_candidate,姑苏版画（候选）,2,929.954345013607,344.7167849885228,0.9081585400523506,0.44884998045380575,True,12,0.5956364255397311,0.20434729449192152,0.323872023513346,0.3279659263752164,0.506586173726313,
IMG-0439,gusu_qing_candidate,姑苏版画（候选）,1,593.9505955603258,608.0426797624357,0.973689500918567,0.5937916794555036,True,19,0.3359109728497505,0.3359109728497505,0.9329433751003074,0.25546495262423774,0.21068718029323483,
IMG-0439,gusu_qing_candidate,姑苏版画（候选）,2,-3167.1447742777054,649.5639444037829,-5.192040613570009,0.6343397894568192,False,14,0.364815235030153,0.24226979452076391,0.9602619294782144,2.9153512657434444,0.22571204625949653,
IMG-0213,gusu_qing_candidate,姑苏版画（候选）,1,16.42603848377012,801.446764652761,0.01604105320680676,0.942878546650307,True,14,0.5533388937068091,0.5533388937068091,0.8748420460137248,0.4676364504504082,0.3572906579646366,
IMG-0213,gusu_qing_candidate,姑苏版画（候选）,2,255.57553212134235,25.270318833493942,0.2495854805872484,0.029729786862934048,True,9,0.7299669747584834,0.32604785650311785,0.4513315913843824,0.35685403710558583,0.4368768837785481,
IMG-0147,gusu_qing_candidate,姑苏版画（候选）,1,-515.9132769039448,851.0503860213654,-0.5038215594765086,0.9435148403784539,False,12,0.3945047280262411,0.3945047280262411,1.1166015918963568,0.8082976017143202,0.22572790846951266,
IMG-0147,gusu_qing_candidate,姑苏版画（候选）,2,26.49066754903778,14.57017339536177,0.025869792528357208,0.016153185582440988,True,10,0.5058725300611931,0.3063034251734555,0.39702250358628677,0.47839976132586876,0.34565871384180996,
IMG-0232,gusu_qing_candidate,姑苏版画（候选）,1,15.492131551669392,799.261521006634,0.021912491586519648,0.780528829108041,True,26,0.35755797671317,0.35755797671317,1.0399806373187608,0.3564779739328066,0.21257762227303492,
IMG-0232,gusu_qing_candidate,姑苏版画（候选）,2,690.4557086677846,922.3949539024563,0.9765993050463715,0.9007763221703675,True,12,0.4188820591044468,0.26910743756961425,0.3348694495586676,0.42672796364403276,0.3543037774948016,
IMG-0109,gusu_qing_candidate,姑苏版画（候选）,1,472.1274005281955,10.705367612197978,0.8841337088542986,0.010454460558787088,True,42,0.2833176621454364,0.2833176621454364,0.9831508814094599,0.46900362453360567,0.1732946471550755,
IMG-0179,gusu_qing_candidate,姑苏版画（候选）,1,389.96846773584855,-212.97213245078166,0.6027333349858556,-0.20798059809646646,False,36,0.4423567600557491,0.4423567600557491,1.039663796763139,0.6010305969663131,0.2630343961781391,
IMG-0179,gusu_qing_candidate,姑苏版画（候选）,2,51.75182054649134,2560.042774474016,0.07998735787711181,2.500041771947281,False,14,0.3347881120632246,0.18669232750575557,0.825389407024728,1.7056360477276773,0.2215843050759972,
IMG-0165,gusu_qing_candidate,姑苏版画（候选）,1,2478.812053398792,827.4779700274048,2.420714895897258,0.8324728068686165,False,75,0.3150630795971185,0.3150630795971185,1.4745701972597425,1.3975086743188256,0.1507296406623234,
IMG-0165,gusu_qing_candidate,姑苏版画（候选）,2,-789.5124918800902,127.33585521666583,-0.7710082928516506,0.12810448210932177,False,54,0.32887943099711975,0.2252616646510192,0.7092547463759216,0.948071213579896,0.23068746735469053,
IMG-0440,gusu_qing_candidate,姑苏版画（候选）,1,23.1542525272253,1002.3044997703822,0.04076452909722764,0.9788129880570139,True,20,0.2771090893787922,0.2771090893787922,1.3187365089309853,0.47427938219249655,0.14331471248224525,
IMG-0440,gusu_qing_candidate,姑苏版画（候选）,2,529.2319515992044,2819.6714257643894,0.9317463936605712,2.7535853767230365,False,16,0.2938409514855105,0.21241495299716284,0.7770194586581094,1.981810171863979,0.19924374217667057,
IMG-0216,gusu_qing_candidate,姑苏版画（候选）,1,36.38430915554792,793.693330062475,0.03553155190971476,0.9798683087191049,True,18,0.49158909251861144,0.49158909251861144,0.3361796849383755,0.47045526121606007,0.4155293905862312,
IMG-0216,gusu_qing_candidate,姑苏版画（候选）,2,1019.4938826122761,1107.5748713590426,0.9955994947385509,1.3673763843938798,False,10,0.3792400624375337,0.19280978429716505,0.4099087243755603,0.6638129707783512,0.2574674992689556,
IMG-0305,gusu_qing_candidate,姑苏版画（候选）,1,291.1462065461909,155.03152601130782,0.5180537483028308,0.1513979746204178,True,6,0.45533576011082744,0.45533576011082744,0.884142679614692,0.3057251612308395,0.14632300788300343,
IMG-0311,gusu_qing_candidate,姑苏版画（候选）,1,2529.925021663924,956.3492236211215,4.855902152905804,0.9339347886925015,False,6,0.3659858799988516,0.3659858799988516,1.1286627409106946,2.0127749746297265,0.10407545890127445,
IMG-0100,gusu_qing_candidate,姑苏版画（候选）,1,206.12247899143165,-1381.8003023546696,0.35785152602679104,-1.349414357768232,False,33,0.313150064627898,0.313150064627898,0.6164102115408879,1.6134101128259997,0.23009158137938002,
IMG-0255,gusu_qing_candidate,姑苏版画（候选）,1,33.59554626192644,970.2295531724283,0.032808150646412536,0.9596731485385047,True,16,0.46078891316988596,0.46078891316988596,0.28121067173371156,0.4634957715476547,0.4003482179442481,
IMG-0255,gusu_qing_candidate,姑苏版画（候选）,2,987.399316521197,40.57971014049204,0.9642571450402314,0.04013819004994267,True,14,0.54290013130446,0.29273776984088945,0.25104745008590673,0.4620927797782978,0.47885682929167855,
IMG-0200,gusu_qing_candidate,姑苏版画（候选）,1,556.75070244357,-384.81115688171985,0.9582628269252497,-0.37579214539230454,False,13,0.33467587624269585,0.33467587624269585,1.251046077923059,0.7945853876898383,0.1790454153854047,
IMG-0208,gusu_qing_candidate,姑苏版画（候选）,1,-444.42811314485937,75.24944687951735,-0.4340118292430267,0.07702092822877928,False,17,0.261415679557985,0.261415679557985,1.1169753998218386,0.7361549025586526,0.149548997631199,
IMG-0208,gusu_qing_candidate,姑苏版画（候选）,2,1572.2281495136283,912.1254798056519,1.5353790522594026,0.9335982393097768,False,17,0.300263578872599,0.22176997135510595,1.5652863057547453,0.806697484742157,0.1372792993989936,
IMG-0446,gusu_qing_candidate,姑苏版画（候选）,1,197.64840462578894,-1995.3402345206118,0.356766073331749,-1.948574447774035,False,28,0.4099649897110982,0.4099649897110982,0.6930105968503804,2.1546769780348605,0.2899088220089438,
IMG-0446,gusu_qing_candidate,姑苏版画（候选）,2,449.43953785343984,659.6229316598591,0.8112627037065702,0.6441630191990811,True,11,0.3976848451178662,0.23464798168086065,0.9339501693047263,0.19497226822913974,0.22853134622486462,
IMG-0252,gusu_qing_candidate,姑苏版画（候选）,1,-16.918984080255598,23.689223272425615,-0.016522445390874607,0.038771232851760415,False,9,0.4108068237803676,0.4108068237803676,0.7736376521888778,0.5025942708161737,0.20926935253485127,
IMG-0252,gusu_qing_candidate,姑苏版画（候选）,2,3394.3886162375084,310.42780159947,3.3148326330444418,0.5080651417339934,False,7,0.3771740610978218,0.22222838304588333,1.3444724650448556,2.4172362562355136,0.11233371599551681,
IMG-0301,gusu_qing_candidate,姑苏版画（候选）,1,99.67589188973199,517.6592157281302,0.09733973817356639,0.95157944067671,True,16,0.3002439924308388,0.3002439924308388,1.1176677319623103,0.41392421682217245,0.17170220091940863,
IMG-0301,gusu_qing_candidate,姑苏版画（候选）,2,996.8852085715289,47.33193641221779,0.9735207114956337,0.08700723605187094,True,14,0.28875519030615354,0.2020581791335074,0.9626484447141235,0.46088089321863007,0.17844046468398433,
IMG-0192,gusu_qing_candidate,姑苏版画（候选）,1,597.6778355063906,669.6398172914559,0.9718338788721798,0.6539451340736874,True,17,0.2589818401253317,0.2589818401253317,1.118966415678469,0.27646367597101845,0.14800924470790366,
IMG-0192,gusu_qing_candidate,姑苏版画（候选）,2,22.78893508748466,816.3949895489634,0.037055179004040095,0.7972607319814096,True,13,0.2808747173800881,0.20813326622831044,0.6964482552123854,0.34893062071463066,0.19828087710026282,
IMG-0340,gusu_qing_candidate,姑苏版画（候选）,1,-2141.6413289739958,797.939627005994,-3.2012575918893806,0.779237916998041,False,32,0.2917563576718995,0.2917563576718995,1.6703567183365517,2.0378222537667545,0.12656306269384576,
IMG-0340,gusu_qing_candidate,姑苏版画（候选）,2,1754.1976621952986,55.80608136779126,2.62211907652511,0.05449812633573365,False,23,0.33393234668403776,0.2365054615066729,0.6245643500380834,1.2191242159044757,0.24436334648934507,
IMG-0157,gusu_qing_candidate,姑苏版画（候选）,1,956.8671990582518,660.3073699916322,0.934440624080324,0.9583561248064327,True,27,0.36674802418222,0.36674802418222,1.1087734017635653,0.44203246933168083,0.21066903105060655,
IMG-0157,gusu_qing_candidate,姑苏版画（候选）,2,1010.1584945143006,33.42368725921875,0.9864829047991217,0.04851043143573114,True,14,0.4345656491688874,0.27518955595873407,1.3084084856208729,0.47585366239254,0.22591137622769825,
IMG-0264,gusu_qing_candidate,姑苏版画（候选）,1,774.1799774766877,45.00762963754536,0.7560351342545778,0.04518838317022626,True,25,0.26355448482263294,0.26355448482263294,1.3484544352345198,0.36639536854168564,0.13429419822842958,
IMG-0264,gusu_qing_candidate,姑苏版画（候选）,2,53.03813524709691,951.58014201172,0.05179505395224308,0.955401749007751,True,22,0.2982425714207682,0.2196394041577903,0.6887351043589542,0.45171793074110583,0.21135508815454476,
IMG-0410,gusu_qing_candidate,姑苏版画（候选）,1,417.6412447498359,316.21147416900794,0.7970252762401449,0.3088002677431718,True,11,0.2820020735662039,0.2820020735662039,0.8109524573794706,0.2174374176942148,0.1723326840623537,
IMG-0410,gusu_qing_candidate,姑苏版画（候选）,2,132.5479237541118,675.7013270931196,0.2529540529658622,0.6598645772393746,True,7,0.2400196704663367,0.17233362569815278,0.9783162488146944,0.18143411429492692,0.08584696678218218,
IMG-0065,gusu_qing_candidate,姑苏版画（候选）,1,775.5065787390312,995.2432008096094,0.9503757092390088,0.9719171882906342,True,17,0.5578974115467462,0.5578974115467462,0.4519266976630103,0.4636697267856704,0.4450611757764842,
IMG-0065,gusu_qing_candidate,姑苏版画（候选）,2,865.5271673933129,26.491006464564354,1.0606950580800403,0.025870123500551127,False,11,0.909881026304104,0.40226075691354735,0.49513947961065635,0.5095001489512178,0.6511452488556502,
IMG-0166,gusu_qing_candidate,姑苏版画（候选）,1,123.50641927455294,876.3209943523683,0.1206117375728056,0.9661752969706376,True,16,0.34374063595782556,0.34374063595782556,1.0538597722521075,0.4197586611148668,0.20294956941134976,
IMG-0166,gusu_qing_candidate,姑苏版画（候选）,2,888.4319834725494,25.19957915473945,0.8676093588599115,0.027783438979867087,True,7,0.3440861730335012,0.22580977309067107,0.5096069189714572,0.41684416215938025,0.15556943647820382,
IMG-0358,gusu_qing_candidate,姑苏版画（候选）,1,868.806574406429,366.5410670751763,1.7238225682667243,0.35795026081560183,False,40,0.4184066667935714,0.4184066667935714,0.8826175456622958,0.5552611990494438,0.26911668904429753,
IMG-0358,gusu_qing_candidate,姑苏版画（候选）,2,1180.996010305404,36.520762124532084,2.343246052193262,0.03566480676223836,False,14,0.3004015977128654,0.17471156651436204,1.5805591683182172,0.9143921427509333,0.1362975896419955,
IMG-0391,gusu_qing_candidate,姑苏版画（候选）,1,-554.0623664666098,406.0976912954129,-0.5410765297525486,0.604312040618174,False,38,0.3672663596698927,0.3672663596698927,0.9919680385382554,0.8722694227855623,0.22365469923244466,
IMG-0391,gusu_qing_candidate,姑苏版画（候选）,2,551.6909061892321,104.41673594737591,0.538760650575422,0.15538204754073798,True,11,0.2491804449513284,0.1576648500331299,0.6424399662406939,0.19183376170120017,0.16566140103417712,
IMG-0287,gusu_qing_candidate,姑苏版画（候选）,1,1459.1322968174043,492.7655394764158,1.4249338836107464,0.6722585804589575,False,38,0.200850563837114,0.200850563837114,1.9850097711756236,0.7587573198702879,0.0744446787527081,
IMG-0377,gusu_qing_candidate,姑苏版画（候选）,1,-2726.938459588884,578.0542778367221,-2.6630258394422697,0.6123456333016124,False,24,0.247818437928411,0.247818437928411,1.0792816152809308,2.3268412664386897,0.1444676439643148,
IMG-0240,gusu_qing_candidate,姑苏版画（候选）,1,-1144.1760321807658,129.32385571607432,-1.117359406426529,0.1683904371303051,False,54,0.5404527766345403,0.5404527766345403,0.4161995659193578,1.3090959829222863,0.43891574969538966,
IMG-0118,gusu_qing_candidate,姑苏版画（候选）,1,-718.6225275540381,806.855021393381,-0.9357064160859871,0.7879443568294736,False,28,0.2506177257356788,0.2506177257356788,0.9755631454013456,0.8916920423732234,0.15387601803087042,
IMG-0118,gusu_qing_candidate,姑苏版画（候选）,2,115.79869864840374,71.19322610422685,0.15077955553177572,0.06952463486740904,True,24,0.2361039170850034,0.1769320903478746,1.4118867470604923,0.40311481785158215,0.11655096687130063,
IMG-0372,gusu_qing_candidate,姑苏版画（候选）,1,-2298.750153688238,644.5991518477167,-4.179545733978614,0.6294913592262859,False,34,0.4274825857343663,0.4274825857343663,0.907692426448185,2.217185881721353,0.2715285632548167,
IMG-0372,gusu_qing_candidate,姑苏版画（候选）,2,-957.0510824908669,248.68417372581965,-1.7400928772561215,0.24285563840412075,False,11,0.22168127914658234,0.1269163927280995,1.1251348306034232,1.0838959143596105,0.1157765312640445,
IMG-0343,gusu_qing_candidate,姑苏版画（候选）,1,52.804533774605275,964.9497772521474,0.10000858669432817,0.9423337668478002,True,12,0.46956970403167914,0.46956970403167914,0.525430463570816,0.4337836592919872,0.3610807148684917,
IMG-0343,gusu_qing_candidate,姑苏版画（候选）,2,481.62085761497696,91.16878970616932,0.9121607151798806,0.08903202119743098,True,12,0.5969722437122597,0.3166521639171665,0.2913258821423844,0.41121877494360165,0.5160520736398043,
IMG-0259,gusu_qing_candidate,姑苏版画（候选）,1,984.6731863114558,935.0376112821302,0.961594908507281,0.9463943434029658,True,32,0.3403785575239868,0.3403785575239868,0.6668817782812966,0.45433001114831134,0.24386566333498155,
IMG-0259,gusu_qing_candidate,姑苏版画（候选）,2,38.08334847083442,37.34056611816031,0.03719076999104924,0.03779409526129586,True,13,0.45355735397447194,0.299176156074245,0.5227331530004934,0.46251845725222046,0.34923852961178903,
IMG-0110,gusu_qing_candidate,姑苏版画（候选）,1,1692.4913479764368,-657.7655066726824,3.111197330839038,-0.6423491276100414,False,119,0.47796844649549275,0.47796844649549275,0.47256313652513254,1.586976746521929,0.3773839674827464,
IMG-0110,gusu_qing_candidate,姑苏版画（候选）,2,796.8039390937844,96.695947533084,1.4647131233341624,0.09442963626277734,False,36,0.2614958514903976,0.13650908558851624,1.4171126967811076,0.577173730352492,0.12874865214432715,
IMG-0248,gusu_qing_candidate,姑苏版画（候选）,1,151.7141437850137,642.1123761576375,0.14815834354005245,0.8868955471790574,True,18,0.3157494713133931,0.3157494713133931,1.5735342938627808,0.3638999764917634,0.1437652757206258,
IMG-0248,gusu_qing_candidate,姑苏版画（候选）,2,871.8954835669246,272.30467704433767,0.8514604331708248,0.3761114323816819,True,16,0.20730986526650194,0.14185188491055317,0.7407399514808393,0.2957547725091021,0.14314307175735128,
IMG-0406,gusu_qing_candidate,姑苏版画（候选）,1,957.020386202296,562.8462549990746,0.9345902209006797,0.8835890973297875,True,10,0.2015175542847203,0.2015175542847203,1.0137867261312343,0.42098258464699273,0.1011557669440891,
IMG-0406,gusu_qing_candidate,姑苏版画（候选）,2,-920.087005047817,-430.1296391895844,-0.8985224658670088,-0.6752427616790964,False,10,0.26523858376417914,0.2117883530620789,0.2133297626963215,1.3399737389337585,0.19866963089411868,
IMG-0261,gusu_qing_candidate,姑苏版画（候选）,1,957.8620491478061,43.29457642143914,0.958820870017824,0.04227985978656166,True,23,0.3663806347112226,0.3663806347112226,0.4256630213360615,0.4582572347922723,0.296142651173301,
IMG-0261,gusu_qing_candidate,姑苏版画（候选）,2,47.145423843080344,974.3343338816222,0.047192616459539885,0.9514983729312717,True,19,0.47164442399888246,0.29884304057616295,0.42133091540279005,0.45213717753999905,0.3820532149271263,
IMG-0226,gusu_qing_candidate,姑苏版画（候选）,1,655.7184054066122,379.91332044528417,1.1076324415652232,0.3710091019973478,False,38,0.28240779517757914,0.28240779517757914,0.4311412414644581,0.3239763928558781,0.22764365458261285,
IMG-0226,gusu_qing_candidate,姑苏版画（候选）,2,100.65931075966888,2585.803119774175,0.1700326195264677,2.5251983591544676,False,37,0.3862118674467436,0.2771426254896932,1.1811962176338346,1.7610456705032307,0.21395976631330976,
IMG-0234,gusu_qing_candidate,姑苏版画（候选）,1,349.97823588463245,3661.7314369483943,0.45570082797478184,3.5759096063949163,False,24,0.4407909230000109,0.4407909230000109,0.3225905095642594,2.4608712299279665,0.3751310421790773,
IMG-0234,gusu_qing_candidate,姑苏版画（候选）,2,378.2562576109159,350.1416750837492,0.4925211687642134,0.3419352295739738,True,15,0.3871953326152708,0.21652314457048932,0.20196647845978372,0.12653140995771733,0.35000451762626744,
IMG-0325,gusu_qing_candidate,姑苏版画（候选）,1,261.67789952060343,2711.3632936203308,0.4519480129889524,2.6478157164261042,False,29,0.30694495634681296,0.30694495634681296,1.181681119596713,1.8697880846256312,0.1700050047675888,
IMG-0325,gusu_qing_candidate,姑苏版画（候选）,2,-2560.4436912216497,59.60963600896965,-4.422182540970034,0.058212535165009426,False,15,0.22638552128868986,0.15689762733918242,0.35921656363662097,2.4530176723039085,0.18916716793500715,
IMG-0209,gusu_qing_candidate,姑苏版画（候选）,1,989.9259203027862,765.0714416948741,0.9667245315456896,0.9107993353510406,True,24,0.3641100444174678,0.3641100444174678,0.9331229860421147,0.4450747961262927,0.22835345019440503,
IMG-0209,gusu_qing_candidate,姑苏版画（候选）,2,25.326130785296982,38.16267719765992,0.024732549595016584,0.04543175856864276,True,11,0.3102206099761595,0.19726616989852605,0.7827407070195137,0.4670516978082851,0.19227025471574496,
IMG-0371,gusu_qing_candidate,姑苏版画（候选）,1,874.4899443484607,247.37541758295896,0.8539940862777936,0.3263527936450646,True,23,0.356503605052104,0.356503605052104,0.9293478566691888,0.30270007221256545,0.22400545938594957,
IMG-0371,gusu_qing_candidate,姑苏版画（候选）,2,159.23460785674328,607.4263752435305,0.15550254673510086,0.8013540570495126,True,14,0.2615790555394064,0.1683251792334835,1.0674982200237797,0.32987123526065026,0.15339057455141764,
IMG-0398,gusu_qing_candidate,姑苏版画（候选）,1,349.6941702284024,998.9922568868491,0.6222316196234918,0.9755783758660636,True,9,0.3024997677190867,0.3024997677190867,0.3131631559693695,0.42104280796332055,0.1939919879848527,
IMG-0398,gusu_qing_candidate,姑苏版画（候选）,2,1304.3878991660224,98.21863576379917,2.3209749095480827,0.09591663648808513,False,8,0.4033228499534769,0.28131778152675,0.9841249330417641,0.9450297189454608,0.16438476090572363,
IMG-0426,gusu_qing_candidate,姑苏版画（候选）,1,89.23544104532454,917.4799272868493,0.17360980748117613,0.8959764914910637,True,11,0.307154694646485,0.307154694646485,0.8979551966462291,0.38298976378066857,0.17971325209330968,
IMG-0436,gusu_qing_candidate,姑苏版画（候选）,1,3799.6832751459474,737.7781645267175,4.941070578863391,0.7204864887956226,False,37,0.2362848238911389,0.2362848238911389,0.8534002909630213,2.6726827900836545,0.1542134702072256,
IMG-0436,gusu_qing_candidate,姑苏版画（候选）,2,1135.1292621259754,432.0263686537841,1.4761108740259758,0.42190075063846105,False,22,0.19576658439658567,0.14950991147866863,1.0099946460890723,0.589471632941091,0.11814654143825405,
IMG-0408,gusu_qing_candidate,姑苏版画（候选）,1,2090.0555346699857,379.9145417102726,2.041069858076158,0.6712271054951813,False,16,0.4261044616115728,0.4261044616115728,0.41886848196734094,1.3512907732359234,0.3455890285305817,
IMG-0408,gusu_qing_candidate,姑苏版画（候选）,2,-861.0460221845344,223.6772718376783,-0.8408652560395844,0.3951895262149793,False,11,0.3928848678593668,0.22547487276481754,1.700135916941003,1.174624689496538,0.15392066023672643,
IMG-0350,gusu_qing_candidate,姑苏版画（候选）,1,2380.8645387959937,439.3284531976402,2.3250630261679626,0.6727847675308426,False,108,0.47452788457003364,0.47452788457003364,1.4470445238572467,1.5416083550574737,0.23016538612200463,
IMG-0350,gusu_qing_candidate,姑苏版画（候选）,2,-970.9686107700763,570.1760314313871,-0.9482115339551527,0.8731639072456157,False,56,0.5129969999570003,0.26956561877663127,1.2777090972968423,1.2374377238513312,0.2708094530970596,
IMG-0038,gusu_qing_candidate,姑苏版画（候选）,1,342.63140467734263,1075.4351398527974,0.3346009811302174,1.054348176326272,False,5,0.46750465892790866,0.46750465892790866,0.964503580537073,0.40838894747140575,0.12026393509982779,
IMG-0395,gusu_qing_candidate,姑苏版画（候选）,1,116.62111734682622,292.71138702326306,0.21556583613091723,0.28585096388990533,True,18,0.3645799503978113,0.3645799503978113,0.9980164055701182,0.23131510525833515,0.22134834167162268,
IMG-0395,gusu_qing_candidate,姑苏版画（候选）,2,420.2436138641382,47.4955716093606,0.7767904137969283,0.046382394149766214,True,23,0.48333210113096026,0.3071189076749649,0.8804030434736447,0.4214086976214377,0.3112207525404723,
IMG-0151,gusu_qing_candidate,姑苏版画（候选）,1,36.79228575320724,28.017177142851814,0.035929966555866444,0.038222615474559095,True,20,0.4161924592784049,0.4161924592784049,0.7902470299457686,0.46329455773266304,0.2803459232440913,
IMG-0151,gusu_qing_candidate,姑苏版画（候选）,2,993.587622437651,709.2660911705382,0.9703004125367686,0.9676208610784969,True,13,0.5008918918492234,0.29242446354788215,0.6229396662596042,0.4693942972836419,0.3668380463061023,
IMG-0229,gusu_qing_candidate,姑苏版画（候选）,1,80.34665686196496,949.9044146335392,0.10461804278901687,0.9276410299155656,True,15,0.37988105004234274,0.37988105004234274,0.4481110853106433,0.41631582416563606,0.3036278077959437,
IMG-0229,gusu_qing_candidate,姑苏版画（候选）,2,685.5677944033276,505.55388462715285,0.8926663989626662,0.49370496545620396,True,8,0.4514645552972485,0.2799617259740307,0.8705239608811537,0.23565365664273416,0.19476033997084846,
IMG-0238,gusu_qing_candidate,姑苏版画（候选）,1,-1017.8888464131735,350.7908363682457,-0.9940320765753647,0.4567589015211533,False,57,0.4573094371566243,0.4573094371566243,0.7613787993360444,1.1955072173225298,0.3125207501553962,
IMG-0238,gusu_qing_candidate,姑苏版画（候选）,2,-217.0872942913106,1381.5501558830988,-0.211999310831358,1.7988934321394516,False,22,0.35869341104804037,0.19465952912987133,0.4506168737245237,0.965302141932448,0.28633417664762295,
IMG-0356,gusu_qing_candidate,姑苏版画（候选）,1,230.36052180109377,384.10925432991183,0.4006269944366848,0.3751066936815545,True,11,0.3037800787379304,0.3037800787379304,0.8715274269917778,0.11927416241469833,0.18010300260474313,
IMG-0356,gusu_qing_candidate,姑苏版画（候选）,2,1740.1138714354793,524.4776528417256,3.0262849938008336,0.5121852078532476,False,7,0.2711843285747791,0.18880393188783995,0.7486889155134567,1.236950803062344,0.1087941767440025,
IMG-0047,gusu_qing_candidate,姑苏版画（候选）,1,811.6878136168526,595.1636810536235,0.7926638804852076,0.6518769781529282,True,29,0.46670491409519665,0.46670491409519665,1.0056210210262293,0.24069506332869203,0.2822763828044013,
IMG-0047,gusu_qing_candidate,姑苏版画（候选）,2,687.1118305057397,886.1508707780296,0.6710076469782614,0.9705924104907224,True,13,0.41962263136593164,0.2237826872418942,0.3085040588646328,0.3381887745222023,0.3596400899425922,
IMG-0310,gusu_qing_candidate,姑苏版画（候选）,1,-3113.5469099620454,571.4668317634245,-5.377455803043256,0.5580730778939692,False,7,0.3688041952631797,0.3688041952631797,0.5380862370526295,2.893309567719905,0.1643874674731607,
IMG-0314,gusu_qing_candidate,姑苏版画（候选）,1,257.54788437937526,24.688873417713708,0.25151160583923365,0.052306935207020566,True,12,0.273458638221392,0.273458638221392,0.7239877228752077,0.29333977742524037,0.190405596940627,
IMG-0314,gusu_qing_candidate,姑苏版画（候选）,2,505.9798076374078,450.2951415038943,0.49412090589590607,0.9540151303048607,True,15,0.3580256672374833,0.26012045582641585,0.5028669103897245,0.1901294367905242,0.2784312650647437,
IMG-0286,gusu_qing_candidate,姑苏版画（候选）,1,987.785315425489,394.47959136768173,0.9646340970952041,0.5478883213440024,True,30,0.2113678654060675,0.2113678654060675,1.3925106803164875,0.38108098181832245,0.10535596013279877,
IMG-0286,gusu_qing_candidate,姑苏版画（候选）,2,1449.8881813831456,130.87551123811195,1.4159064271319781,0.1817715433862666,False,15,0.2433393156650493,0.1919052039435545,0.8940934501561669,0.7712720614115226,0.15561890550195145,
IMG-0197,gusu_qing_candidate,姑苏版画（候选）,1,18.116300704862535,159.90890523887074,0.02782841890147855,0.1561610402723347,True,14,0.3115806222415536,0.3115806222415536,0.43265593225602117,0.38518500553807566,0.2509691838294324,
IMG-0197,gusu_qing_candidate,姑苏版画（候选）,2,632.7537997860925,872.739186425837,0.9719720426821697,0.8522843617439815,True,22,0.41752328999758503,0.2874311234997968,0.4496461196839651,0.39051262780527723,0.3334581156849125,
IMG-0089,gusu_qing_candidate,姑苏版画（候选）,1,171.28209271475163,966.506270133748,0.205867899897538,0.9438537794274883,True,11,0.3105203811414211,0.3105203811414211,0.7662816207147642,0.3912405471696844,0.1940464089059611,
IMG-0089,gusu_qing_candidate,姑苏版画（候选）,2,299.55345646880863,956.8723334022519,0.36004021210193343,0.9344456380881366,True,5,0.19133632951939875,0.1319224995508345,0.6602592417788217,0.34853882769536976,0.057307666397547585,
IMG-0285,gusu_qing_candidate,姑苏版画（候选）,1,969.3067489934832,496.2542943235856,0.9465886220639484,0.9172907473633745,True,10,0.2442076358779943,0.2442076358779943,0.9839613790510523,0.44036171411183206,0.12442667465671356,
IMG-0285,gusu_qing_candidate,姑苏版画（候选）,2,120.02906235184442,37.927625674693665,0.11721588120297306,0.07010651695876832,True,6,0.3282787957547254,0.24811060713458893,1.4292829064596133,0.39354535068910296,0.08032449360188153,
IMG-0414,gusu_qing_candidate,姑苏版画（候选）,1,505.7281848720764,766.8682138171009,0.4938751805391371,0.9151172002590703,True,5,0.438056307597843,0.438056307597843,0.7683856423443355,0.26294479059813397,0.12429849613205324,
IMG-0107,gusu_qing_candidate,姑苏版画（候选）,1,-1080.59426961355,619.9380832430646,-1.0552678414194825,0.8646277311618753,False,26,0.5083149700165883,0.5083149700165883,0.9453862628077473,1.291060054627993,0.3168435578681111,
IMG-0107,gusu_qing_candidate,姑苏版画（候选）,2,1389.3736678706846,573.2826722041236,1.3568102225299654,0.7995574228788335,False,7,0.2910477342398748,0.1431038139363369,0.3143548920157386,0.7225864643976642,0.14508406632331847,
IMG-0026,gusu_qing_candidate,姑苏版画（候选）,1,23.462591068261148,999.2839802287034,0.02372355011957649,0.9758632619420932,True,15,0.38084823152646274,0.38084823152646274,0.44655057633993883,0.4760627187630611,0.3046384504660071,
IMG-0230,gusu_qing_candidate,姑苏版画（候选）,1,635.3236053610568,994.04894744891,0.8272442778138761,0.9707509252430762,True,8,0.4237733585062997,0.4237733585062997,1.2078794626213964,0.4247117749313162,0.15443818837988554,
IMG-0230,gusu_qing_candidate,姑苏版画（候选）,2,132.58114333752084,-294.4399106338537,0.1726316970540636,-0.28753897522837274,False,7,0.5584683658786515,0.32180435085073034,0.6179281032261351,0.659939762463921,0.23918502685073786,
IMG-0274,gusu_qing_candidate,姑苏版画（候选）,1,1884.1769708883191,356.89715654873817,1.8400165731331242,0.5225434210084015,False,35,0.30561794946873844,0.30561794946873844,1.1184113140816965,1.1148638484781703,0.17471046773649093,
IMG-0274,gusu_qing_candidate,姑苏版画（候选）,2,995.2088475957357,28.61339431952578,0.9718836402302107,0.041893695929027495,True,10,0.3500708422183303,0.24308290925076984,0.28005569094237887,0.4676848400174294,0.253607079472639,
IMG-0321,gusu_qing_candidate,姑苏版画（候选）,1,138.52553253163032,706.8101669708706,0.238016378920327,0.6902443036824908,True,5,0.21052550507487813,0.21052550507487813,1.3952475969116616,0.21003352319498184,0.043663576909160826,
IMG-0315,gusu_qing_candidate,姑苏版画（候选）,1,207.3047415789076,832.4922746648582,0.26992804893086925,0.8129807369774006,True,19,0.2648873654631004,0.2648873654631004,0.3437937466223403,0.285916700563047,0.22305264645021228,
IMG-0315,gusu_qing_candidate,姑苏版画（候选）,2,35.013048150650135,465.3496713601478,0.04558990644615903,0.45444303843764433,True,15,0.28284709529240093,0.2079244733915064,0.6204976491187664,0.2750711752300628,0.20740172805446178,
IMG-0051,gusu_qing_candidate,姑苏版画（候选）,1,594.2913972526812,23.085118046657662,0.982299830169721,0.022544060592439123,True,8,0.3415322358495199,0.3415322358495199,1.3479975199667158,0.47871398615985744,0.1160450179200755,
IMG-0051,gusu_qing_candidate,姑苏版画（候选）,2,220.03357939493426,361.5024351060041,0.36369186676848636,0.35302972178320713,True,9,0.24715920260362695,0.1627463675276257,1.7563908521750495,0.1442870476484366,0.07702693573420728,
IMG-0221,gusu_qing_candidate,姑苏版画（候选）,1,515.1832575444473,769.7309850108235,0.5031086499457493,0.9830536207034782,True,10,0.4942598690259683,0.4942598690259683,1.2221219907616234,0.2934274557801295,0.22355978604320506,
IMG-0221,gusu_qing_candidate,姑苏版画（候选）,2,1019.3194042583291,10.088194842802158,0.9954291057210245,0.01288402917343826,True,9,0.6996887280022562,0.35386066894091456,0.4788104289659147,0.4923782257758263,0.41304158374620425,
IMG-0231,gusu_qing_candidate,姑苏版画（候选）,1,76.93851354248572,-2650.1943094736184,0.0865450096090953,-2.5880803803453305,False,14,0.28504455417963354,0.28504455417963354,0.4198568507446397,2.3475997429701843,0.2310691631150636,
IMG-0231,gusu_qing_candidate,姑苏版画（候选）,2,604.1193686162258,-1935.6546681403481,0.6795493460250008,-1.8902877618558087,False,13,0.2249430187469881,0.16082423625243195,0.9479798320925265,1.80881003788709,0.14003007263412387,
IMG-0365,gusu_qing_candidate,姑苏版画（候选）,1,642.3156466801258,498.30813197387425,0.6272613737110604,0.6988893856576076,True,7,0.3731782790242439,0.3731782790242439,1.5491693161968054,0.15434828774817488,0.10033103877597525,
IMG-0365,gusu_qing_candidate,姑苏版画（候选）,2,1088.681051661921,578.8459114778274,1.0631650895135947,0.8118455981456204,False,5,0.415659050696476,0.2605441214967143,0.5501330604079147,0.49532965481709706,0.13154250969020573,
IMG-0351,gusu_qing_candidate,姑苏版画（候选）,1,-262.12799502111994,721.2864878013963,-0.2569882304128627,0.7043813357435511,False,29,0.2790739809587815,0.2790739809587815,1.0554315324171677,0.5534996052384192,0.16463997910782827,
IMG-0351,gusu_qing_candidate,姑苏版画（候选）,2,1184.0061128534714,647.7157299678419,1.1607903067190897,0.6325348925467206,False,17,0.244926723578857,0.1765740477865143,1.180790791416285,0.4756937592472641,0.13571589354839306,
IMG-0193,gusu_qing_candidate,姑苏版画（候选）,1,1904.8416773967754,576.1961797835105,1.8601969505827884,0.914597110767477,False,23,0.3899596698492819,0.3899596698492819,0.8618561417576062,1.1786949752109326,0.25343699513907414,
IMG-0193,gusu_qing_candidate,姑苏版画（候选）,2,-355.03780654625996,73.84492542885934,-0.346716607955332,0.11721416734739577,False,17,0.47605570893947874,0.29041318185157383,1.2555763029932685,0.7485365754136394,0.2541047875807265,
IMG-0401,gusu_qing_candidate,姑苏版画（候选）,1,-537.4357245772405,729.4136269000966,-0.8205125566064742,0.7123179950196256,False,11,0.38367602894806985,0.38367602894806985,1.0436117796133644,0.7336846375290574,0.20871741486327425,
IMG-0401,gusu_qing_candidate,姑苏版画（候选）,2,301.36444172020146,1867.8524840570567,0.4600983843056511,1.8240746914619694,False,7,0.35521153044318166,0.2189253810061753,1.2269166527785567,1.1156154573880535,0.11219726821165191,
IMG-0124,gusu_qing_candidate,姑苏版画（候选）,1,628.1807797743361,966.0140231664442,0.9634674536416198,0.9433730694984807,True,15,0.21999933331426297,0.21999933331426297,0.8640562051366998,0.4492618282064219,0.14282161634146806,
IMG-0124,gusu_qing_candidate,姑苏版画（候选）,2,17.34708143598453,384.08750725806254,0.026605953122675663,0.3750854563067017,True,13,0.26488726816594044,0.2066122457659971,0.47449896472997594,0.2752234435514422,0.2089416131389657,
IMG-0392,gusu_qing_candidate,姑苏版画（候选）,1,-335.6286870166019,519.1794680355681,-0.6113455136914424,0.5070111992534845,False,17,0.2239250927503499,0.2239250927503499,1.3430079265044486,0.5251559927859613,0.11441218955363491,
IMG-0392,gusu_qing_candidate,姑苏版画（候选）,2,423.72004672327495,273.3449798970082,0.7718033637946721,0.2669384569306721,True,16,0.22326801591354228,0.17327270474191575,1.2965233165803711,0.24224901591349574,0.11675891537533573,
IMG-0004,gusu_qing_candidate,姑苏版画（候选）,1,677.3842684059567,559.0764534706094,0.8383468668390553,0.545973099092392,True,8,0.2865627420728456,0.2865627420728456,1.359518996948538,0.21267210375029982,0.09680831609019094,
IMG-0004,gusu_qing_candidate,姑苏版画（候选）,2,205.71491044209648,575.1527184566943,0.2545976614382382,0.5616725766178655,True,9,0.3131338029328964,0.22340132172874752,0.6037300808586692,0.15953718273439021,0.17365724005905925,
IMG-0207,gusu_qing_candidate,姑苏版画（候选）,1,112.25989154771001,827.8589379634284,0.10962880033956056,0.8204746659697011,True,8,0.17582630353189097,0.17582630353189097,0.7542168479313021,0.35764985144689776,0.08039267490565173,
IMG-0207,gusu_qing_candidate,姑苏版画（候选）,2,50.6817424456273,726.4650694119574,0.04949388910705791,0.7199852025886595,True,5,0.15516671494510956,0.1278843250251243,0.36426294078892224,0.35611088296956245,0.053887573899569205,
IMG-0069,gusu_qing_candidate,姑苏版画（候选）,1,29.347353878703203,25.39214062663438,0.028659525272171096,0.026560816555056883,True,17,0.653903924677928,0.653903924677928,0.6915682781089606,0.4723189973275347,0.4627450698856566,
IMG-0069,gusu_qing_candidate,姑苏版画（候选）,2,1001.8334397172915,909.672203241589,0.9783529684739175,0.9515399615497794,True,12,1.0,0.34609607532207204,0.23676180573895517,0.46605818679067174,0.8883576101990186,
IMG-0294,gusu_qing_candidate,姑苏版画（候选）,1,525.1655160994367,351.38568681552255,0.6523795231048902,0.34315008478078374,True,9,0.3673852801976435,0.3673852801976435,1.4988781504709,0.15515763064960392,0.13022841661150755,
IMG-0294,gusu_qing_candidate,姑苏版画（候选）,2,374.1547657956121,365.1332067425706,0.4647885289386486,0.3565753972095416,True,8,0.5235166578206109,0.3311843437990519,1.0573699399285925,0.11483525370096716,0.20569999489239682,
IMG-0022,gusu_qing_candidate,姑苏版画（候选）,1,1284.3560047555736,598.0086613957459,1.2542539108941149,0.7512671625574697,False,14,0.4649917848554279,0.4649917848554279,0.8840986504798396,0.6151402353544545,0.29885855857197513,
IMG-0022,gusu_qing_candidate,姑苏版画（候选）,2,-2958.5797655105985,488.73381569259743,-2.889238052256444,0.6139872056439666,False,8,0.5104364565007529,0.27308769753718776,0.6399588102099865,2.676779617999089,0.24710705000823122,
IMG-0442,gusu_qing_candidate,姑苏版画（候选）,1,22.17527073612433,697.2395213363519,0.0358823151069973,0.6808979700550312,True,13,0.2544874443113116,0.2544874443113116,1.0788780462279066,0.28547758641771365,0.14838533082065813,
IMG-0442,gusu_qing_candidate,姑苏版画（候选）,2,543.4431932186061,1779.698116118164,0.8793579178294597,1.7379864415216446,False,8,0.21464111203766617,0.16001764399106264,1.2313227306451109,1.077890065673578,0.07731136068994009,
IMG-0300,gusu_qing_candidate,姑苏版画（候选）,1,881.0572654243242,535.9805785677723,0.8604074857659416,0.7847446245501791,True,20,0.389227905489202,0.389227905489202,1.1207738042265734,0.3389154654401706,0.22224450401365684,
IMG-0300,gusu_qing_candidate,姑苏版画（候选）,2,151.39011236771736,73.80161463724669,0.147841906609099,0.10805507267532458,True,11,0.40045743045080723,0.24458822355885182,0.34560428654200787,0.3648710275123591,0.308830922136368,
IMG-0006,gusu_qing_candidate,姑苏版画（候选）,1,844.0265187218146,30.929356052287595,0.988321450493928,0.030204449269812104,True,11,0.710673542012617,0.710673542012617,0.222537234762539,0.47748209149831516,0.5828519311810247,
IMG-0006,gusu_qing_candidate,姑苏版画（候选）,2,11.0775595277957,784.4753348293992,0.01297138118008864,0.7660891941693352,True,7,0.7769963654845883,0.2248056062947262,0.19367128905882713,0.3729079651174391,0.411415448462787,
IMG-0164,gusu_qing_candidate,姑苏版画（候选）,1,949.1971810251556,839.5028482050201,0.9269503720948785,0.948590788932226,True,33,0.26561058921179553,0.26561058921179553,0.8804956555507344,0.436334551095916,0.17102050439424865,
IMG-0164,gusu_qing_candidate,姑苏版画（候选）,2,993.358775222493,37.504515199574485,0.9700769289282158,0.04237798327635535,True,19,0.26524573006941105,0.19479365541976193,0.5209533720458657,0.46479241478515715,0.20442067309108197,
IMG-0241,gusu_qing_candidate,姑苏版画（候选）,1,879.3468882744485,4104.387975179549,0.8587371955805161,5.3442551760150385,False,23,0.474387294685009,0.474387294685009,0.9137139030852104,2.920687260909829,0.30041567949610015,
IMG-0241,gusu_qing_candidate,姑苏版画（候选）,2,100.69663288769851,1104.745793734245,0.09833655555439308,1.4384710855914646,False,16,0.4575414477541406,0.2404895981477914,1.892122234645045,0.6483174582897964,0.1776484077313129,
IMG-0279,gusu_qing_candidate,姑苏版画（候选）,1,-326.75250272678045,982.2062823930656,-0.5653157486622499,0.9591858226494782,False,13,0.22381675191428216,0.22381675191428216,0.19562865645723684,0.6588804318030604,0.20296089337522027,
IMG-0279,gusu_qing_candidate,姑苏版画（候选）,2,298.8291625386565,1087.1484141568126,0.517005471520167,1.0616683732000123,False,9,0.2494392577793265,0.19361057330324827,1.1901550139041763,0.4891990872817683,0.10317802046289058,
IMG-0132,gusu_qing_candidate,姑苏版画（候选）,1,26.288735221548176,36.79903281250624,0.04779770040281486,0.035936555480963125,True,22,0.3338138569279078,0.3338138569279078,1.2907627337148484,0.4614342766980049,0.17507284705172663,
IMG-0132,gusu_qing_candidate,姑苏版画（候选）,2,515.2390418067623,989.4998238463062,0.936798257830477,0.9663084217249084,True,22,0.4554316851022007,0.3034022777310587,0.9311260827384581,0.4598657857530541,0.28591160403962557,
IMG-0135,gusu_qing_candidate,姑苏版画（候选）,1,34.47275584105062,-2023.2328741675483,0.06016187755855257,-1.9758133536792464,False,12,0.33033712051947195,0.33033712051947195,0.38108211072028486,2.171207124768387,0.2730275361118747,
IMG-0135,gusu_qing_candidate,姑苏版画（候选）,2,544.3849271316645,2468.633393394395,0.9500609548545629,2.410774798236714,False,12,0.47168377602228534,0.31586911565533216,0.6976977687129957,1.6818885715170715,0.3327727786390981,
IMG-0104,gusu_qing_candidate,姑苏版画（候选）,1,635.8449638130262,824.0162028010632,0.9767203745207775,0.8047033230479133,True,9,0.5995699426175615,0.5995699426175615,0.6578889212906902,0.3626766051584699,0.32362521512860676,
IMG-0104,gusu_qing_candidate,姑苏版画（候选）,2,15.821249448579819,803.7130060227498,0.02430299454466946,0.7848759824440916,True,5,0.810668554654719,0.3246160558585275,0.48961994643492,0.3506119091002924,0.2644310595170133,
IMG-0324,gusu_qing_candidate,姑苏版画（候选）,1,825.3621108610638,462.371862309676,0.8060176863877576,1.8061400871471718,False,10,0.34800604791198186,0.34800604791198186,1.37477104648705,0.4341557810257049,0.1458403862246446,
IMG-0324,gusu_qing_candidate,姑苏版画（候选）,2,-658.4193794855734,162.04191232382536,-0.6429876752788802,0.6329762200149428,False,8,0.3514335225158823,0.22913253124134356,1.090818280932485,1.1093298424385398,0.13579498968796724,
IMG-0099,gusu_qing_candidate,姑苏版画（候选）,1,16.33697320170954,67.474431768485,0.028362800697412396,0.06589299977391114,True,31,0.3071770847366929,0.3071770847366929,1.1990702110767486,0.44341769734775766,0.16866074967011802,
IMG-0061,gusu_qing_candidate,姑苏版画（候选）,1,574.336231635095,2588.1696301156867,0.5608752262061475,2.56508387523854,False,24,0.36646818488229826,0.36646818488229826,0.8606854657954746,1.4500698413711934,0.2383091967929125,
IMG-0061,gusu_qing_candidate,姑苏版画（候选）,2,369.4775068353257,-2441.32189284213,0.36081787776887275,-2.4195459790308527,False,19,0.3996182727525951,0.25317088969115237,0.4685506536534298,2.05153993741778,0.316155583892724,
IMG-0072,gusu_qing_candidate,姑苏版画（候选）,1,17.281443855711746,9.70645514597319,0.016876410015343502,0.011968502029560036,True,12,0.6669066716678109,0.6669066716678109,0.243878503284441,0.4850213081804713,0.5903472139047687,
IMG-0072,gusu_qing_candidate,姑苏版画（候选）,2,-174.4433378951268,792.0090831313876,-0.17035482216320977,0.976583333084325,False,8,1.0,0.33309332833218896,0.04892152668944437,0.6030820150697221,0.6505573178047238,
IMG-0163,gusu_qing_candidate,姑苏版画（候选）,1,50.45596706540959,694.3279034164143,0.04927340533731405,0.956374522612141,True,31,0.397116157478292,0.397116157478292,0.9398222194557624,0.4526237442433931,0.24822056260837252,
IMG-0163,gusu_qing_candidate,姑苏版画（候选）,2,-481.21689715964726,40.87818308375066,-0.469938376132468,0.05630603730544168,False,20,0.38501789395135677,0.23212106734500942,1.4721015112388627,0.8318238255194115,0.18442429524217074,
IMG-0101,gusu_qing_candidate,姑苏版画（候选）,1,743.4154840487729,285.5173569443836,1.5202770634944232,0.2788255438909996,False,18,0.34548004868623977,0.34548004868623977,0.9260118631764175,0.4828436154811525,0.21744130754555957,
IMG-0101,gusu_qing_candidate,姑苏版画（候选）,2,480.8124111768835,585.5753317721833,0.9832564645744039,0.5718509099337727,True,11,0.30884620134734075,0.2021460006693013,0.6596547820986205,0.21810750650560418,0.2035689269046465,
IMG-0224,gusu_qing_candidate,姑苏版画（候选）,1,15.55725409796148,994.4412487828371,0.018743679636098166,0.9711340320144893,True,17,0.4007312672231777,0.4007312672231777,0.9505662576519146,0.47517326471558363,0.24913823854076206,
IMG-0224,gusu_qing_candidate,姑苏版画（候选）,2,806.2787487746896,554.0152094805494,0.971420179246614,0.541030478008349,True,18,0.37618642005439606,0.22543675923384726,1.746659401889291,0.2985494680658932,0.15707998238901197,
IMG-0018,gusu_qing_candidate,姑苏版画（候选）,1,302.8264147202602,1391.5826901743324,0.37618188164007477,1.3589674708733714,False,10,0.3280570468572329,0.3280570468572329,0.9607438647397248,0.6796064654570384,0.16910063776829587,
IMG-0018,gusu_qing_candidate,姑苏版画（候选）,2,152.87195590376768,674.6669909633679,0.18990305081213377,0.658854483362664,True,6,0.37374142057837256,0.2511329138552046,1.3113382294142488,0.22874666587046116,0.09700357894860535,
IMG-0048,gusu_qing_candidate,姑苏版画（候选）,1,1007.1907615478839,68.14052088618331,0.9835847280741054,0.06960216638016681,True,61,0.3567544431252453,0.3567544431252453,0.8105701156768549,0.45895514014977506,0.237879121761305,
IMG-0048,gusu_qing_candidate,姑苏版画（候选）,2,794.2270393206076,149.85477628156053,0.7756123430865308,0.15306923011395357,True,36,0.2642678370882967,0.16998911203194836,1.1103824562256177,0.3117123480110407,0.15167982657827692,
IMG-0223,gusu_qing_candidate,姑苏版画（候选）,1,33.58269231044387,794.2462860505466,0.03279559795941784,0.9793419063508589,True,18,0.5587380288843672,0.5587380288843672,0.4638942843365287,0.47191998323233486,0.44307257318444637,
IMG-0223,gusu_qing_candidate,姑苏版画（候选）,2,973.591039432385,8.940532415683382,0.9507724994456884,0.011024084359658917,True,11,0.49821736345058515,0.21984437584023883,0.4220707718918851,0.4658698577146014,0.3698101225636862,
IMG-0096,gusu_qing_candidate,姑苏版画（候选）,1,546.3603838700906,-1452.3530430774936,0.8444519070635094,-1.4183135186303648,False,27,0.33485038255563226,0.33485038255563226,1.3924256484391344,1.632128184769929,0.16691271124366253,
IMG-0096,gusu_qing_candidate,姑苏版画（候选）,2,79.37061511939585,-1772.2522264870297,0.12267483016908169,-1.73071506492874,False,14,0.29099688217657965,0.1935564648572557,1.0966187017582987,1.8965656100261188,0.16817468015726011,
IMG-0214,gusu_qing_candidate,姑苏版画（候选）,1,-1048.1649842964894,723.9059209557789,-1.0235986174770404,0.9060149198445293,False,19,0.26230395539962614,0.26230395539962614,0.5732885145089361,1.2268939971477861,0.19693223980375055,
IMG-0214,gusu_qing_candidate,姑苏版画（候选）,2,38.082208868051104,553.6834090274435,0.03718965709770616,0.692970474377276,True,10,0.2249792614625378,0.16596631129802752,1.3614662905823682,0.3837032778918995,0.09491232062069696,
IMG-0149,gusu_qing_candidate,姑苏版画（候选）,1,31.37236917215683,678.8820986525642,0.030637079269684404,0.9615893748619889,True,16,0.4772417596937757,0.4772417596937757,0.649147993271024,0.4668724740015043,0.3449671515485476,
IMG-0149,gusu_qing_candidate,姑苏版画（候选）,2,964.7547599552895,31.674170437877052,0.9421433202688374,0.0448642640763131,True,13,0.5023674592454185,0.2626167289822438,1.1133330738652958,0.44637067685229675,0.28791500225391287,
IMG-0431,gusu_qing_candidate,姑苏版画（候选）,1,745.2270137059203,54.8217776894289,0.7277607555721878,0.08038383825429457,True,17,0.18826171840698339,0.18826171840698339,0.937235341782861,0.30006585219753146,0.11782676387881592,
IMG-0431,gusu_qing_candidate,姑苏版画（候选）,2,619.0933655326253,631.5108230427661,0.6045833647779544,0.9259689487430588,True,17,0.2153518291015444,0.17480932369280064,1.358432937474551,0.2516583397420849,0.10918641342105578,
IMG-0257,gusu_qing_candidate,姑苏版画（候选）,1,34.63664608048893,50.79062029564839,0.034327696809206075,0.04960021513246913,True,12,0.5161764681676101,0.5161764681676101,0.4185417799200563,0.4579870178224945,0.4187096874078239,
IMG-0257,gusu_qing_candidate,姑苏版画（候选）,2,971.969480257911,977.9356519703,0.9632997822179494,0.9550152851272461,True,15,0.7717670400705379,0.3733990550787572,0.4788272547182356,0.45911509433772835,0.6074495433551397,
IMG-0098,gusu_qing_candidate,姑苏版画（候选）,1,542.0348905268415,1549.98504316952,0.9576588171852324,1.5136572687202343,False,13,0.45207068192706035,0.45207068192706035,1.0501371009324132,0.9143642594476802,0.26740650549799,
IMG-0098,gusu_qing_candidate,姑苏版画（候选）,2,15.503641719463065,1854.677534305832,0.027391593143927678,1.8112085295955391,False,8,0.6280417765967886,0.3441225023719959,1.1923188640850046,1.1701268148147785,0.23066862282025968,
IMG-0272,gusu_qing_candidate,姑苏版画（候选）,1,2671.6107406326705,377.5892922254517,2.6089948638990923,0.5536499886003691,False,86,0.3380280979398467,0.3380280979398467,1.0283929937438019,1.7555689714536384,0.20213433985786408,
IMG-0272,gusu_qing_candidate,姑苏版画（候选）,2,-558.4216634135904,12.23536127630337,-0.5453336556773344,0.017940412428597317,False,54,0.3967381038886468,0.26262947725090624,0.7096382582860201,0.9101429160418819,0.2782325419631377,
IMG-0071,gusu_qing_candidate,姑苏版画（候选）,1,57.43166944452558,30.75231500060174,0.056085614691919514,0.031220624366093137,True,24,0.40888305045802437,0.40888305045802437,0.9572165651908039,0.45603361206134824,0.2533624044302119,
IMG-0071,gusu_qing_candidate,姑苏版画（候选）,2,-893.5474694735472,902.2063596455641,-0.8726049506577609,0.9159455427873747,False,15,0.5123474361162422,0.3028572535426854,0.7440565654500291,1.030403171401585,0.35317888973046296,
IMG-0447,gusu_qing_candidate,姑苏版画（候选）,1,264.091676719092,2510.3774298922413,0.47669977747128517,2.451540458879142,False,22,0.39749204144428213,0.39749204144428213,1.1017820043324202,1.716477427819684,0.22912871278167515,
IMG-0447,gusu_qing_candidate,姑苏版画（候选）,2,-557.8063735257829,667.1673605401036,-1.0068707103353483,0.6515306255274449,False,5,0.20136622754656616,0.12132475468114774,0.8195486879322239,0.729310901068834,0.055694544425562195,
IMG-0376,gusu_qing_candidate,姑苏版画（候选）,1,894.60086960012,840.9547953162097,0.8736336617188671,0.8842847479665717,True,14,0.24306559741977432,0.24306559741977432,0.7751636319134336,0.3786033092570454,0.16496767393874798,
IMG-0376,gusu_qing_candidate,姑苏版画（候选）,2,-2293.9022679289005,436.70267195813784,-2.240138933524317,0.45920365084977693,False,25,0.35737988438830165,0.2705131292836492,0.9252755443059233,2.0080082256651046,0.22501375772949814,
IMG-0470,taohuawu_1950s_candidate,桃花坞年画（候选）,1,510.07115444130045,-1081.9202295729158,0.6641551490121099,-1.0565627241923006,False,13,0.4198199220360377,0.4198199220360377,1.1459214694545352,1.2491392627892854,0.23671695093786488,
IMG-0470,taohuawu_1950s_candidate,桃花坞年画（候选）,2,230.97948152652393,843.3123955218115,0.3007545332376614,0.823547261251769,True,5,0.4855020746672772,0.28167863153212624,0.40933940161508187,0.28511149317026185,0.16485150892876288,
IMG-0478,taohuawu_1950s_candidate,桃花坞年画（候选）,1,326.2648673298821,-1345.6371578558987,0.45314564906928073,-1.3140987869686511,False,21,0.4890476235527309,0.4890476235527309,1.3455284348869687,1.4842303887294714,0.24955907406551905,
IMG-0478,taohuawu_1950s_candidate,桃花坞年画（候选）,2,491.15176861139287,-1194.685328813383,0.6821552341824901,-1.1666848914193193,False,10,0.3795397987218988,0.1939267621132723,0.8477107907050654,1.3674165417457442,0.20701318992048867,
IMG-0476,taohuawu_1950s_candidate,桃花坞年画（候选）,1,308.44986872927876,-1332.7942589753245,0.4476776033806658,-1.3015568935305903,False,7,0.22851113409963186,0.22851113409963186,1.3053914017979547,1.4949909087273563,0.06940040716514874,
IMG-0476,taohuawu_1950s_candidate,桃花坞年画（候选）,2,1232.9191856142938,250.46871919404313,1.789432780281994,0.24459835858793275,False,7,0.33291820300632685,0.2568426868749397,1.1783881850936282,0.7503643393246523,0.10773841759731846,
IMG-0471,taohuawu_1950s_candidate,桃花坞年画（候选）,1,352.99187234965586,-973.4660031338686,0.4950797648662775,-0.9506503936854186,False,35,0.49416736085462376,0.49416736085462376,1.3943882746012612,1.1904942232492512,0.2460857640854039,
IMG-0471,taohuawu_1950s_candidate,桃花坞年画（候选）,2,677.8881768333072,341.5750091112324,0.9507548062178222,0.3335693448351879,True,13,0.31956666203739803,0.16164724804125552,1.1272423684254758,0.2915417707164956,0.18187956053465645,
IMG-0475,taohuawu_1950s_candidate,桃花坞年画（候选）,1,658.3525520297262,-3107.3464552434393,0.7140483210734557,-3.034518022698671,False,23,0.47964451133860325,0.47964451133860325,0.7603281540235114,2.6305782349088656,0.32795655689840314,
IMG-0475,taohuawu_1950s_candidate,桃花坞年画（候选）,2,-3543.0681559446725,630.6562499377768,-3.8428071105690593,0.6158752440798602,False,18,0.6540069521475655,0.34031610717269717,0.6724202908718432,2.9071568852210543,0.46727027433518503,
IMG-0477,taohuawu_1950s_candidate,桃花坞年画（候选）,1,455.39136620842714,2494.7925487189445,0.6015737994827307,2.4363208483583443,False,32,0.4201829096014225,0.4201829096014225,0.8114917267425895,1.5582185539482774,0.2800433050644482,
IMG-0477,taohuawu_1950s_candidate,桃花坞年画（候选）,2,-3255.8928898529375,359.91166175559846,-4.301047410637962,0.3514762321832016,False,17,0.38245660276888566,0.22175487462117982,0.5462891732420374,2.856515517305125,0.29104287799984696,
IMG-0473,taohuawu_1950s_candidate,桃花坞年画（候选）,1,458.30021907676496,-1984.961630521283,0.596745076922871,-1.9384390923059405,False,19,0.2901885401346893,0.2901885401346893,0.821899241042704,1.9516147140186497,0.19240090262259624,
IMG-0473,taohuawu_1950s_candidate,桃花坞年画（候选）,2,719.5647047941021,456.11352339168343,0.9369332093673205,0.44542336268719085,True,10,0.2407838651133453,0.17091114680811562,0.3584211263194253,0.26577083470375173,0.16773201984804065,
IMG-0474,taohuawu_1950s_candidate,桃花坞年画（候选）,1,1895.3550393918076,393.57884062669814,2.4679102075414163,0.3843543365495099,False,29,0.29057185505735483,0.29057185505735483,1.3892009950163138,1.18436511222021,0.14507493438495628,
IMG-0474,taohuawu_1950s_candidate,桃花坞年画（候选）,2,525.7287102920421,-3033.3780057752247,0.6845425915260965,-2.962283208764868,False,23,0.3824063427330253,0.27128982233939153,1.1210751386951754,2.7720388452971356,0.21831657719210854,
IMG-0647,yangliuqing_late_qing_candidate,杨柳青年画（候选）,1,3414.6797782914205,94.00717143682175,3.3346482209877153,0.17185954558833957,False,10,0.4673185663151792,0.4673185663151792,1.5251872082549554,2.5050567200824654,0.18165259041447732,
IMG-0647,yangliuqing_late_qing_candidate,杨柳青年画（候选）,2,2567.217360844995,407.270274429757,2.5070482039501902,0.7445526040763383,False,8,0.5788772801722823,0.30835717952974095,0.5879119984521134,1.7740483186271685,0.2876284078228104,
IMG-0618,yangliuqing_late_qing_candidate,杨柳青年画（候选）,1,24.012762526996326,509.68763235452434,0.029645385835797934,0.4977418284712152,True,17,0.29356317808914356,0.29356317808914356,1.041443189681663,0.29180820783160705,0.17440344745673753,
IMG-0618,yangliuqing_late_qing_candidate,杨柳青年画（候选）,2,791.2537952314035,976.6474163212699,0.9768565373227204,0.9537572425012402,True,19,0.3242225566129284,0.22904275248544984,0.8111450879183602,0.46278425942686274,0.21612515023849102,
IMG-0606,yangliuqing_late_qing_candidate,杨柳青年画（候选）,1,490.73575085842805,2696.0108781772246,0.7081323966211083,2.632823123219946,False,19,0.48824834277164103,0.48824834277164103,1.0854575352421691,1.770194301503158,0.28375052184891325,
IMG-0606,yangliuqing_late_qing_candidate,杨柳青年画（候选）,2,344.08461800784636,-825.0302817983206,0.4965146002999226,-0.8056936345686725,False,11,0.4899240339649365,0.2507194362975591,0.29555680339218915,1.0813419817180145,0.38740109119213095,
IMG-0701,yangliuqing_late_qing_candidate,杨柳青年画（候选）,1,630.0496882868479,-2914.2601107741475,0.8924216547972349,-2.8459571394278784,False,56,0.3904075181922642,0.3904075181922642,0.37479245132005234,2.7636858393895283,0.3236927898006653,
IMG-0701,yangliuqing_late_qing_candidate,杨柳青年画（候选）,2,58.68806212831571,963.9785784700243,0.08312756675398825,0.9413853305371331,True,42,0.49357535305621436,0.300879824428667,1.1009197604140466,0.4336387849021833,0.28463727720074344,
IMG-0639,yangliuqing_late_qing_candidate,杨柳青年画（候选）,1,78.4281744065068,275.17734023178065,0.0765900140688543,0.39311048604540094,True,20,0.22335031109053097,0.22335031109053097,1.0269822566382116,0.3547105326328956,0.13365345753438518,
IMG-0639,yangliuqing_late_qing_candidate,杨柳青年画（候选）,2,375.81811483530566,-2184.449116881215,0.3670098777688532,-3.120641595544593,False,20,0.23979336502644005,0.1862354423503394,1.0189575423501396,2.0462096861924968,0.14406992935985857,
IMG-0643,yangliuqing_late_qing_candidate,杨柳青年画（候选）,1,985.4882866111005,578.8061977985025,0.9623909048936529,0.9598776082893905,True,19,0.34297659779375783,0.34297659779375783,1.0328696810082483,0.4617450896819753,0.20463489194180126,
IMG-0643,yangliuqing_late_qing_candidate,杨柳青年画（候选）,2,35.720460574659455,416.755962295652,0.034883262279940874,0.6911375825798541,True,15,0.3767887991795895,0.24755905875017847,0.802756616578368,0.4123575205525595,0.25222120694485917,
IMG-0667,yangliuqing_late_qing_candidate,杨柳青年画（候选）,1,14.732174867037644,601.4910665980309,0.01438688951859145,0.9812252309918938,True,12,0.27046066455419293,0.27046066455419293,0.6218682710215057,0.4844593646956838,0.19818333460994628,
IMG-0667,yangliuqing_late_qing_candidate,杨柳青年画（候选）,2,689.4860844324355,26.386687185370448,0.6733262543285503,0.04304516669717855,True,15,0.3271254873572618,0.23865091065400262,1.072289772549227,0.2778556316301281,0.19136813175419154,
IMG-0698,yangliuqing_late_qing_candidate,杨柳青年画（候选）,1,1772.9640308064568,27.304364638495056,1.7314101863344304,0.03555255812304044,False,29,0.693986395971868,0.693986395971868,0.7598050059845102,1.0237839535473412,0.4746367881343382,
IMG-0698,yangliuqing_late_qing_candidate,杨柳青年画（候选）,2,-433.1007063660395,491.074104591161,-0.42294990856058545,0.6394194070197409,False,8,0.3593096632534023,0.10995364501430803,0.5693598576352411,0.7430834267799414,0.1801949916491026,
IMG-0642,yangliuqing_late_qing_candidate,杨柳青年画（候选）,1,1091.2460453702902,3573.5136221140656,1.065669966181924,5.523204980083563,False,27,0.5197415569310255,0.5197415569310255,1.1182160052700232,2.725418782615495,0.2971460234694907,
IMG-0605,yangliuqing_late_qing_candidate,杨柳青年画（候选）,1,273.2532366530779,-95.10217851037991,0.39430481479520624,-0.09287322120154289,False,11,0.42529339686859874,0.42529339686859874,0.4081099216377547,0.49456228678021247,0.31789239293266863,
IMG-0605,yangliuqing_late_qing_candidate,杨柳青年画（候选）,2,196.07637667340762,-193.65737447674783,0.28293849447822167,-0.18911852976244906,False,8,0.5032236253794579,0.289205940357297,0.8218167247059388,0.5835320084044631,0.22244084122089977,
IMG-0633,yangliuqing_late_qing_candidate,杨柳青年画（候选）,1,-998.7603727889305,500.9412970425483,-2.244405332109956,0.48920048539311356,False,14,0.24063717235684237,0.24063717235684237,0.20291082013919998,1.0938614934661925,0.217420850839002,
IMG-0633,yangliuqing_late_qing_candidate,杨柳青年画（候选）,2,123.17392497304623,-1002.2548420046027,0.2767953370180814,-0.9787644941451198,False,12,0.2641307088483154,0.20057104193844838,1.3867701645934756,1.359150421100824,0.13203393958394077,
IMG-0662,yangliuqing_late_qing_candidate,杨柳青年画（候选）,1,454.8667621741435,-676.3728547334354,0.8664128803317019,-0.6605203659506205,False,62,0.4216639696427494,0.4216639696427494,1.3127341316107284,1.0461463718141697,0.21873077825958676,
IMG-0662,yangliuqing_late_qing_candidate,杨柳青年画（候选）,2,367.0763101367074,2700.747284700283,0.6991929716889664,2.6374485202151203,False,26,0.32793701828823607,0.18965779336401156,0.7581213362976669,1.9042054855327106,0.22447422825107324,
IMG-0627,yangliuqing_late_qing_candidate,杨柳青年画（候选）,1,-830.4012382000906,851.8297345649019,-0.9340846323960524,0.831864975161037,False,11,0.5454070813674162,0.5454070813674162,1.1335077134207578,0.9729777271733815,0.2836574137604727,
IMG-0680,yangliuqing_late_qing_candidate,杨柳青年画（候选）,1,617.657680554336,-3291.84982667604,0.6031813286663438,-4.286262795151093,False,23,0.3951851320553157,0.3951851320553157,1.0787054963421394,2.8729437591682414,0.23044255117232482,
IMG-0680,yangliuqing_late_qing_candidate,杨柳青年画（候选）,2,-2338.3788974746076,177.81258614702054,-2.2835731420650465,0.23152680487893298,False,19,0.5115639667455233,0.3094014929924524,1.6833492336232805,2.232677063115941,0.2204780223279082,
IMG-0685,yangliuqing_late_qing_candidate,杨柳青年画（候选）,1,476.177818443725,-915.1660581973507,0.4650174008239502,-1.4188621057323267,False,7,0.5244061978079342,0.5244061978079342,1.5205556525848387,1.0231178212473848,0.14302111027286818,
IMG-0688,yangliuqing_late_qing_candidate,杨柳青年画（候选）,1,3823.734587301735,171.44341585134944,6.012161300788891,0.16742521079233344,False,11,0.3260608791083409,0.3260608791083409,1.738372090367639,2.9219650234500363,0.12532203288303295,
IMG-0688,yangliuqing_late_qing_candidate,杨柳青年画（候选）,2,558.4994164657342,32.58893950057426,0.878143736581343,0.031825136231029554,True,6,0.2566955467916906,0.1729971711415957,0.5076158118580414,0.44494614063559645,0.09957744203320111,
IMG-0626,yangliuqing_late_qing_candidate,杨柳青年画（候选）,1,-1947.1150116374026,421.6098275921242,-2.1902306092659196,0.4117283472579338,False,9,0.39333555061843894,0.39333555061843894,0.5819063503074448,1.764909852566703,0.22052869408731351,
IMG-0626,yangliuqing_late_qing_candidate,杨柳青年画（候选）,2,691.680725416967,820.1733576578106,0.7780435606490067,0.8009505445877056,True,6,0.412032121089418,0.24996523986822833,0.9813292238287563,0.29132637285838003,0.12612702293152558,
IMG-0673,yangliuqing_late_qing_candidate,杨柳青年画（候选）,1,46.48686516291976,41.80809848910348,0.04539732926066383,0.06991320817575833,True,27,0.3436209677264129,0.3436209677264129,1.3780125494257678,0.4484951495927635,0.17252340996162907,
IMG-0673,yangliuqing_late_qing_candidate,杨柳青年画（候选）,2,159.60603008136314,574.7242983885983,0.1558652637513312,0.9610774220545122,True,14,0.21356316709323103,0.1401783849459374,0.7046973274811995,0.377326610100622,0.15014237187478593,
IMG-0625,yangliuqing_late_qing_candidate,杨柳青年画（候选）,1,2633.8670974845822,558.5890648797107,3.095025966491871,0.5454971336715925,False,51,0.4424857856480465,0.4424857856480465,1.5161008880118527,1.6589788039197066,0.20733957271455586,
IMG-0625,yangliuqing_late_qing_candidate,杨柳青年画（候选）,2,216.67046747415526,470.7110463391557,0.25460689479924237,0.45967875619058174,True,11,0.1900662694015902,0.1059646468602343,1.1592130092507986,0.15987913428289194,0.09758803718274313,
IMG-0682,yangliuqing_late_qing_candidate,杨柳青年画（候选）,1,954.5980540035806,197.7731980581285,0.9322246621128717,0.3226316444667675,True,18,0.19881611399286034,0.19881611399286034,0.9315815685418672,0.38187907940728144,0.12478466390014234,
IMG-0682,yangliuqing_late_qing_candidate,杨柳青年画（候选）,2,136.91431931849343,304.41483957477305,0.13370538995946624,0.49659843323780267,True,15,0.24147277048486357,0.19346409262197314,0.3036298884051212,0.31428930150466033,0.20746066821188872,
IMG-0629,yangliuqing_late_qing_candidate,杨柳青年画（候选）,1,-990.8816661700588,885.857426416177,-1.0782172646028931,0.8650951429845478,False,16,0.5648633723804258,0.5648633723804258,1.7409923534424978,1.088579238346942,0.23653299368574784,
IMG-0650,yangliuqing_late_qing_candidate,杨柳青年画（候选）,1,1035.7773828468662,192.22563659259663,1.0115013504363928,0.30854837334285173,False,15,0.158771328882956,0.158771328882956,1.0890262568768518,0.4481682914713882,0.0921070838875543,
IMG-0650,yangliuqing_late_qing_candidate,杨柳青年画（候选）,2,224.95925078146834,2262.616463577792,0.21968676834127768,3.6318081277332133,False,20,0.24055614003424508,0.20236272201005345,1.42667442300006,1.6453148152887975,0.11787400282265903,
IMG-0692,yangliuqing_late_qing_candidate,杨柳青年画（候选）,1,678.3258624016316,187.25559991930987,0.7999125735868298,0.18286679679620105,True,5,0.34755881974520075,0.34755881974520075,0.23389816300071187,0.3102430899158368,0.1288328847263032,
IMG-0610,yangliuqing_late_qing_candidate,杨柳青年画（候选）,1,432.2330343490742,-3256.8547150503064,0.4221025726065178,-5.419059426040443,False,11,0.6100516281495996,0.6100516281495996,0.6400241846291758,2.9968231511686865,0.406067791821392,
IMG-0663,yangliuqing_late_qing_candidate,杨柳青年画（候选）,1,237.48559705485903,2519.7605295110525,0.42332548494627276,2.460703642100637,False,14,0.21776114291147178,0.21776114291147178,1.7785277365859435,1.7199519663901386,0.0894907187769887,
IMG-0678,yangliuqing_late_qing_candidate,杨柳青年画（候选）,1,2250.99853585822,738.7783666428537,2.7218845657294075,0.7214632486746618,False,15,0.5186427425919831,0.5186427425919831,1.3369579837330035,1.406605608769359,0.26579791367826555,
IMG-0678,yangliuqing_late_qing_candidate,杨柳青年画（候选）,2,-1017.9657721234671,-10.14521188658567,-1.2309138719751718,-0.009907433482993819,False,7,0.40569777735631735,0.1952855694447652,0.4151628120597473,1.1576268650835848,0.1922949872466427,
IMG-0658,yangliuqing_late_qing_candidate,杨柳青年画（候选）,1,148.27001951663783,29.591479582744153,0.14479494093421663,0.04899251586547045,True,13,0.20929668256265732,0.20929668256265732,1.3221494838760937,0.38223893154171934,0.10805907164084415,
IMG-0658,yangliuqing_late_qing_candidate,杨柳青年画（候选）,2,906.2142285540767,458.88035882349374,0.8849748325723406,0.7597356934163804,True,15,0.2568222349365598,0.20307019315601046,1.5102665493424086,0.35688196966162355,0.12069309011517011,
IMG-0645,yangliuqing_late_qing_candidate,杨柳青年画（候选）,1,933.3518824184695,614.521265524189,0.9114764476742866,0.9542255675841443,True,20,0.3229068727793201,0.3229068727793201,1.1122828870734764,0.4240303976828073,0.18516040779351917,
IMG-0645,yangliuqing_late_qing_candidate,杨柳青年画（候选）,2,959.5401259331275,18.421846784072738,0.9370509042315698,0.02860535214918127,True,13,0.31515933891635867,0.2133922223596794,1.3909119296121248,0.44705270440957123,0.1572162716648,
IMG-0651,yangliuqing_late_qing_candidate,杨柳青年画（候选）,1,658.6289907602935,3362.7101292304555,0.6431923737893491,5.718894777602816,False,8,0.30535603699018105,0.30535603699018105,1.5074332418550629,2.601775654903089,0.09580325880584432,
IMG-0651,yangliuqing_late_qing_candidate,杨柳青年画（候选）,2,99.28059041766777,251.2400238282063,0.09695370157975368,0.4272789520887862,True,8,0.31117912990886776,0.2161587040058432,1.495156289073065,0.3513922035669936,0.09823135621685468,
IMG-0636,yangliuqing_late_qing_candidate,杨柳青年画（候选）,1,994.9772452662974,25.73629485376298,0.9716574660803685,0.039472844867734634,True,19,0.49350458278506304,0.49350458278506304,0.48369379919712935,0.46847390866569655,0.38748814141447646,
IMG-0636,yangliuqing_late_qing_candidate,杨柳青年画（候选）,2,23.977450258452365,616.7022340781477,0.023415478768019887,0.9458623222057481,True,12,0.4283134337105131,0.21693879130596871,0.6917313022607059,0.4679293169210928,0.30307781817284046,
IMG-0696,yangliuqing_late_qing_candidate,杨柳青年画（候选）,1,-170.22702807908223,625.0038817824643,-0.16623733210847874,0.9571269246285824,False,33,0.5758420868440274,0.5758420868440274,0.932438863520668,0.61315738832262,0.3612658220622003,
IMG-0696,yangliuqing_late_qing_candidate,杨柳青年画（候选）,2,-2684.6853802654437,93.75895566750295,-2.6217630666654723,0.14358186166539502,False,36,0.7599635321854985,0.322344545886443,0.7993874711142712,2.6390895047821967,0.5095748306355055,
IMG-0619,yangliuqing_late_qing_candidate,杨柳青年画（候选）,1,806.0247372083612,494.7623899950102,0.971114141214893,0.48316639647950216,True,16,0.372801448360232,0.372801448360232,1.1205627370601254,0.2969384273029168,0.21288765800416723,
IMG-0619,yangliuqing_late_qing_candidate,杨柳青年画（候选）,2,-1334.98111128677,48.36465674866545,-1.60841097745394,0.04723111010611861,False,11,0.248504167773824,0.15586145410418825,1.4134941874049636,1.3734244115915835,0.11235922968422617,
IMG-0649,yangliuqing_late_qing_candidate,杨柳青年画（候选）,1,-1883.0840524964162,172.47092709601384,-1.8389492700160315,0.2938175930085415,False,11,0.3864976284094486,0.3864976284094486,1.6877461125971842,2.0317785921854603,0.1523592621286036,
IMG-0649,yangliuqing_late_qing_candidate,杨柳青年画（候选）,2,1147.4327241488566,447.01039713213066,1.1205397696766177,0.7615168605317387,False,8,0.4588720564911407,0.2815190949139483,1.2686554771458025,0.553845598363581,0.162224078562653,
IMG-0695,yangliuqing_late_qing_candidate,杨柳青年画（候选）,1,-1816.5295892129936,971.4273536386222,-3.3453583595082756,0.948659525037717,False,46,0.35226762342855455,0.35226762342855455,0.9377749373234904,1.8445740631082643,0.22041314386034477,
IMG-0695,yangliuqing_late_qing_candidate,杨柳青年画（候选）,2,-1317.6577415612446,655.5065738285671,-2.4266256750667488,0.64014313850446,False,37,0.44806647582740605,0.29022716324967796,1.509892332303347,1.3766511152804322,0.21060733724206107,
IMG-0620,yangliuqing_late_qing_candidate,杨柳青年画（候选）,1,3771.6263968570133,41.90603916082267,3.683228903180677,0.06457016819849411,False,11,0.5752518847510376,0.5752518847510376,0.9568515011688217,2.698783777415507,0.3268073579043029,
IMG-0620,yangliuqing_late_qing_candidate,杨柳青年画（候选）,2,552.7182294468506,-2287.866646274726,0.53976389594419,-3.5252182531197627,False,6,0.29391928575835186,0.12484166266118102,0.9768008112439202,2.155068878826554,0.09017548500192879,
IMG-0622,yangliuqing_late_qing_candidate,杨柳青年画（候选）,1,95.92007119145968,226.99003416884824,0.09367194452290985,0.29555994032402116,True,5,0.33184194313757853,0.33184194313757853,0.7598866913747018,0.3474364091851948,0.09456114834087133,
IMG-0622,yangliuqing_late_qing_candidate,杨柳青年画（候选）,2,240.92145160426344,-3053.179934234304,0.23527485508228851,-3.9754947060342496,False,5,0.5614413895213085,0.37513158786469547,1.599370924612169,2.6936350622257104,0.10514634977554783,
IMG-0699,yangliuqing_late_qing_candidate,杨柳青年画（候选）,1,-11.057551564397123,19.22256702416672,-0.010798390199606565,0.02502938414605042,False,8,0.5804228284723261,0.5804228284723261,0.14851492911353967,0.49819729827490133,0.35925566000023706,
IMG-0699,yangliuqing_late_qing_candidate,杨柳青年画（候选）,2,-528.5433670026823,702.3648996153937,-0.516155631838557,0.9145376297075439,False,7,0.92902688367443,0.38979847212528657,0.5967943913481772,0.8501230336337773,0.4021173575753762,
IMG-0672,yangliuqing_late_qing_candidate,杨柳青年画（候选）,1,456.9866391123362,-2233.8247362770426,0.4462760147581408,-3.7230412271284044,False,10,0.2601751151936174,0.2601751151936174,0.6160315865923954,2.1354468520704812,0.1593363814672637,
IMG-0672,yangliuqing_late_qing_candidate,杨柳青年画（候选）,2,976.9452668363487,371.3888937474095,0.9540481121448717,0.6189814895790158,True,8,0.3241390408701064,0.23980612857297778,0.7785633392610861,0.3963433649145209,0.14641217849197669,
IMG-0644,yangliuqing_late_qing_candidate,杨柳青年画（候选）,1,943.6493529086188,31.059614784142397,0.921532571199823,0.05318427189065479,True,25,0.6202193727504233,0.6202193727504233,1.5867029198204665,0.42787615132021145,0.2805415332316452,
IMG-0644,yangliuqing_late_qing_candidate,杨柳青年画（候选）,2,29.011605955954398,548.1044347028057,0.028331646441361717,0.9385349909294619,True,16,0.6197290723817128,0.2353610958339254,1.311526557582599,0.46375571572936,0.32166773172087465,
IMG-0628,yangliuqing_late_qing_candidate,杨柳青年画（候选）,1,130.5056782261783,990.4367305083258,0.1445245606048486,0.9672233696370369,True,7,0.3641644570200782,0.3641644570200782,0.8908861024148469,0.42199564896375324,0.13606953184665416,
IMG-0628,yangliuqing_late_qing_candidate,杨柳青年画（候选）,2,130.8517223287602,389.8183516955533,0.14490777666529367,0.3806819840776888,True,6,0.47890804476470566,0.30450675668041927,0.5093532419314725,0.2513318820854231,0.1856168873526982,
IMG-0664,yangliuqing_late_qing_candidate,杨柳青年画（候选）,1,456.32589906019524,-1484.1843063672857,0.8222088271354869,-1.4493987366868024,False,88,0.5400843704363602,0.5400843704363602,0.8333013211766973,1.720720290477906,0.35605125966661444,
IMG-0664,yangliuqing_late_qing_candidate,杨柳青年画（候选）,2,283.48957634477955,-918.2792386342103,0.5107920294500532,-0.896757068978721,False,24,0.2917872512400048,0.1341975173526908,1.164977124451555,1.2280005922027823,0.16296515139828732,
IMG-0681,yangliuqing_late_qing_candidate,杨柳青年画（候选）,1,276.76507832623736,150.94793691619046,0.27027839680296617,0.20964991238359787,True,6,0.3336523612484978,0.3336523612484978,0.5099555027812026,0.25140289254875015,0.12927923590879237,
IMG-0665,yangliuqing_late_qing_candidate,杨柳青年画（候选）,1,525.2394083975427,-856.6122169070451,0.5129291097632253,-1.0940130484125736,False,21,0.6267260581366023,0.6267260581366023,0.8109814277255332,0.9682919695839793,0.4178066736989407,
IMG-0665,yangliuqing_late_qing_candidate,杨柳青年画（候选）,2,120.61913125189022,617.9132789150473,0.11779212036317405,0.7891612757535725,True,7,0.4033955717640249,0.15057705520259668,0.8391825475198766,0.35076259864883846,0.15467557728949885,
IMG-0702,yangliuqing_late_qing_candidate,杨柳青年画（候选）,1,46.559538277063425,48.27479386200354,0.0571282678246177,0.04714335338086283,True,21,0.4491787835126146,0.4491787835126146,1.645574747056192,0.44901085050702744,0.19728188937686195,
IMG-0702,yangliuqing_late_qing_candidate,杨柳青年画（候选）,2,761.6391327262368,973.2550010017504,0.9345265432223764,0.9504443369157719,True,27,0.7183940074539932,0.39570666110305636,1.347343276127336,0.44433910419209327,0.3662611257602434,
IMG-0690,yangliuqing_late_qing_candidate,杨柳青年画（候选）,1,703.3866702433254,-2954.8450083373314,0.7019827048336581,-2.885590828454425,False,23,0.3934214205840132,0.3934214205840132,0.950141773505962,2.423947177514862,0.24464555961040732,
IMG-0690,yangliuqing_late_qing_candidate,杨柳青年画（候选）,2,306.8596133813249,672.4710838687372,0.3062471191430388,0.6567100428405637,True,11,0.4142982588515828,0.2513044493087099,1.8114985891130335,0.17580714966102715,0.1535191745561611,
IMG-0661,yangliuqing_late_qing_candidate,杨柳青年画（候选）,1,185.40647736847887,-240.89199310498802,0.33588129958057766,-0.23524608701658986,False,25,0.2811672745873834,0.2811672745873834,0.5773276623847281,0.6518689705175623,0.21066852871142197,
IMG-0661,yangliuqing_late_qing_candidate,杨柳青年画（候选）,2,433.81412153741286,35.181588307819666,0.7858951477127044,0.03435701983185514,True,16,0.2859220996212509,0.2055301621264414,0.9177968058954058,0.4317489661301262,0.18069689094327837,
IMG-0611,yangliuqing_late_qing_candidate,杨柳青年画（候选）,1,-104.16038529470082,131.2408158601752,-0.10171912626435627,0.23732516430411427,False,23,0.36839251370948184,0.36839251370948184,0.8308056147120418,0.5439610263513385,0.24316644694898004,
IMG-0611,yangliuqing_late_qing_candidate,杨柳青年画（候选）,2,643.1317009279626,3597.6048216447234,0.6280583016874635,6.505614505686661,False,24,0.3882854255027404,0.24524398156503013,0.666666931587556,2.8559446589332973,0.27821862795921437,
IMG-0623,yangliuqing_late_qing_candidate,杨柳青年画（候选）,1,2672.433477654578,342.7155231808217,3.009497159520921,0.3346831281062712,False,22,0.49516320441637796,0.49516320441637796,1.3795889174913853,1.6488472334049298,0.24841306750377992,
IMG-0623,yangliuqing_late_qing_candidate,杨柳青年画（候选）,2,509.85845989891135,973.7936606076976,0.5741649323185939,0.9509703716872047,True,7,0.2735400082226133,0.13809306121502168,1.325577115740715,0.34415289228386553,0.08224172978884797,
IMG-0616,yangliuqing_late_qing_candidate,杨柳青年画（候选）,1,532.8984562036899,365.160728940015,0.8750385159338093,0.3566022743554834,True,6,0.38140356819011323,0.38140356819011323,0.9580007490812364,0.22790507990737674,0.11812111466266421,
IMG-0630,yangliuqing_late_qing_candidate,杨柳青年画（候选）,1,-2329.870625444525,332.5663260520094,-2.377419005555638,0.32477180278516543,False,11,0.23830371098644754,0.23830371098644754,1.226014061758896,1.993513893498447,0.11833594238224159,
IMG-0630,yangliuqing_late_qing_candidate,杨柳青年画（候选）,2,63.01911564279284,2640.4363774682733,0.06430522004366616,2.5785511498713607,False,8,0.306537341613443,0.2334883555510391,1.0962363843707041,1.5315839256515806,0.11812652313623895,
IMG-0689,yangliuqing_late_qing_candidate,杨柳青年画（候选）,1,37.596203519155715,222.99979651655062,0.05828868762659801,0.21777323878569396,True,19,0.30768723738385706,0.30768723738385706,0.6750080297260267,0.33533250532356207,0.21954995436247876,
IMG-0689,yangliuqing_late_qing_candidate,杨柳青年画（候选）,2,388.8463847282506,2902.9231600759686,0.6028626119817839,2.834885898511688,False,14,0.29310284005549014,0.20291883692945387,1.4189668023394029,1.9763920560497559,0.14417677288961311,
IMG-0635,yangliuqing_late_qing_candidate,杨柳青年画（候选）,1,298.235356944213,-893.3102468638209,0.6717012543788581,-0.8723732879529501,False,19,0.231269719097981,0.231269719097981,1.1399287625598769,1.2609605009794318,0.13079356796732025,
IMG-0635,yangliuqing_late_qing_candidate,杨柳青年画（候选）,2,1880.538363443868,455.33020076794674,4.235446764513217,0.444658399187448,False,14,0.33491119236695266,0.2574563749854777,1.212464997058069,1.486859960064889,0.18266116893200582,
IMG-0674,yangliuqing_late_qing_candidate,杨柳青年画（候选）,1,438.5259166604184,-1645.2500056556728,0.641119761199442,-1.606689458648118,False,29,0.4298962968440792,0.4298962968440792,0.7411638132456235,1.753570882770517,0.29677138735289454,
IMG-0674,yangliuqing_late_qing_candidate,杨柳青年画（候选）,2,-337.88988836255515,56.31330767571028,-0.4939910648575368,0.05499346452706082,False,14,0.341186741941913,0.1945118250487882,0.891372901682057,0.6646510884006049,0.21849071227374972,
IMG-0677,yangliuqing_late_qing_candidate,杨柳青年画（候选）,1,421.90494602776323,2963.217510955071,0.5132663576980088,2.8937671005420613,False,18,0.3466137763900354,0.3466137763900354,0.9999518906038501,1.8667440314952153,0.2102369395846172,
IMG-0677,yangliuqing_late_qing_candidate,杨柳青年画（候选）,2,1933.1648375708903,-272.2574500073426,2.351782040840499,-0.2658764160227955,False,14,0.351227992519317,0.22948753165830543,0.8797722166197466,1.3040191795256308,0.22622938346600574,
IMG-0679,yangliuqing_late_qing_candidate,杨柳青年画（候选）,1,2177.5551023814564,818.8711572891067,2.126518654669391,1.0662384860535243,False,6,0.36681499194502093,0.36681499194502093,0.3664036699567099,1.3448366614811496,0.1527050978286601,
IMG-0693,yangliuqing_late_qing_candidate,杨柳青年画（候选）,1,1762.5524530068508,497.8055806495801,1.7212426298895027,0.7246078320954586,False,5,0.4199610425310197,0.4199610425310197,0.7277113376789346,1.021841276350756,0.12161223058019502,
IMG-0660,yangliuqing_late_qing_candidate,杨柳青年画（候选）,1,-595.3381595899845,112.20338429714371,-0.5813849214745942,0.19049810576764636,False,25,0.31110494354432794,0.31110494354432794,1.8022915656502105,0.949997666657848,0.1263409887423651,
IMG-0660,yangliuqing_late_qing_candidate,杨柳青年画（候选）,2,424.6513518565127,-336.09144256025286,0.4146985857973757,-0.570613654601448,False,14,0.2614448919916879,0.18010809362866093,1.1358233904533113,0.5389030520152122,0.1481628235254419,
IMG-0617,yangliuqing_late_qing_candidate,杨柳青年画（候选）,1,542.7929740623117,-1244.6244920184022,0.5300712637327263,-1.5141417177839442,False,18,0.2915170332907159,0.2915170332907159,0.6595482345677698,1.2610594732171738,0.20962585944339196,
IMG-0617,yangliuqing_late_qing_candidate,杨柳青年画（候选）,2,49.71307521406751,782.8816175948864,0.0485479250137378,0.9524107270010783,True,16,0.32213652883524757,0.22822824363462701,0.9718130530184907,0.45182798332714674,0.19815884009053888,
IMG-0704,yangliuqing_late_qing_candidate,杨柳青年画（候选）,1,-1644.0720450555773,965.996335482216,-2.7219735845291013,0.9433557963693515,False,10,0.26985250100954283,0.26985250100954283,1.0543397464080027,1.6808739564848076,0.13273890615433076,
IMG-0704,yangliuqing_late_qing_candidate,杨柳青年画（候选）,2,1669.914917637787,263.64201009941763,2.764759797413555,0.25746290048771253,False,7,0.3188149047136794,0.2327819053175738,0.944196711406437,1.1694195112682164,0.11599137581726052,
IMG-0669,yangliuqing_late_qing_candidate,杨柳青年画（候选）,1,236.0723971155134,155.06532415457485,0.23053945030811857,0.25887366302934034,True,27,0.2900934955623124,0.2900934955623124,1.3738305912900532,0.2625275353800963,0.1459534848265382,
IMG-0669,yangliuqing_late_qing_candidate,杨柳青年画（候选）,2,-444.0894538590824,159.83515359335001,-0.4336811072842602,0.2668366504062605,False,22,0.3194982993880234,0.2268139208923374,1.8921046411586804,0.8144760033537527,0.12405185088410393,
IMG-0609,yangliuqing_late_qing_candidate,杨柳青年画（候选）,1,419.00833047437004,216.89777340058006,0.409187822728877,0.4054163988795889,True,7,0.425850044282679,0.425850044282679,1.2125430953791811,0.09163396855580633,0.13547934958942134,
IMG-0612,yangliuqing_late_qing_candidate,杨柳青年画（候选）,1,208.329087996741,-465.60232654136837,0.2034463749968174,-0.8125695053077983,False,11,0.28982124502505124,0.28982124502505124,0.9819546258566281,0.6912248622356489,0.16259714630286776,
IMG-0612,yangliuqing_late_qing_candidate,杨柳青年画（候选）,2,396.18617123471734,-921.518099142628,0.38690055784640365,-1.6082340299173263,False,10,0.36860848273998303,0.26177791334548606,0.37626653467761056,1.0342087028108697,0.25449475690853113,
IMG-0607,yangliuqing_late_qing_candidate,杨柳青年画（候选）,1,237.3190671622257,-1165.6758830049705,0.3211354088798724,-1.1383553544970415,False,9,0.3320458488144478,0.3320458488144478,1.153826952647653,1.3326397481384349,0.13986497731003283,
IMG-0607,yangliuqing_late_qing_candidate,杨柳青年画（候选）,2,555.4452139451369,289.5369894148528,0.7516173395739335,0.2827509662254422,True,7,0.317968514295878,0.21238838907023433,1.0995708373008786,0.2295987866222512,0.10703655876930208,
IMG-0655,yangliuqing_late_qing_candidate,杨柳青年画（候选）,1,-2572.4013214678107,842.2480501142304,-4.223975897319886,0.8225078614396781,False,32,0.6886184104359656,0.6886184104359656,1.15269438609047,2.4305614071361665,0.3869672613823384,
IMG-0655,yangliuqing_late_qing_candidate,杨柳青年画（候选）,2,560.9730789659884,337.45380430905425,0.9211380606994883,0.3295447307705608,True,5,0.2669556972221371,0.08312508934420416,0.7939070293226147,0.26039194755377576,0.07478822588309562,
IMG-0638,yangliuqing_late_qing_candidate,杨柳青年画（候选）,1,2591.64376444718,212.8198131395265,2.530902113717949,0.334622347703658,False,21,0.2194714841337237,0.2194714841337237,0.8866259425368804,1.727428661268371,0.14088012338121067,
IMG-0638,yangliuqing_late_qing_candidate,杨柳青年画（候选）,2,795.5797877536471,3128.082915349866,0.776933386478171,4.918369363757651,False,18,0.2476759344236508,0.19331812951148536,0.8469319420296756,2.3430188328864334,0.16217162769018628,
IMG-0668,yangliuqing_late_qing_candidate,杨柳青年画（候选）,1,35.850826498266954,35.42257203073185,0.03501057275221382,0.0618194974358322,True,7,0.47021581946425,0.47021581946425,0.3767978287019774,0.45873899829419534,0.22719220211345828,
IMG-0668,yangliuqing_late_qing_candidate,杨柳青年画（候选）,2,552.8601707995537,-2800.062833113676,0.5399025105464391,-4.886671611018632,False,16,0.5185129029938061,0.2746999334097864,0.9609979789313827,2.6306385788574316,0.3206871133877308,
IMG-0621,yangliuqing_late_qing_candidate,杨柳青年画（候选）,1,511.44560122628576,-2633.2622065239216,0.4994585949475447,-3.4287268314113564,False,15,0.7941849513019605,0.7941849513019605,0.7317402665951575,2.357236138638423,0.5508410196684608,
IMG-0676,yangliuqing_late_qing_candidate,杨柳青年画（候选）,1,-364.17391900477816,684.9935368138683,-0.3837449093833279,0.6689390007947933,False,29,0.237602492486826,0.237602492486826,1.155210451212764,0.6133599467654393,0.13335221382353155,
IMG-0697,yangliuqing_late_qing_candidate,杨柳青年画（候选）,1,1287.580646501587,748.19692499035,1.257402975099206,0.9742147460811849,False,27,0.6307659737481867,0.6307659737481867,0.8612482627027015,0.6694016700198361,0.41006298951284503,
IMG-0697,yangliuqing_late_qing_candidate,杨柳青年画（候选）,2,100.24228516845258,24.12504418759671,0.09789285660981698,0.031412817952599884,True,14,0.7604313253275816,0.28077711993870524,0.9893913189195546,0.42723333207317615,0.4636779074298261,
IMG-0613,yangliuqing_late_qing_candidate,杨柳青年画（候选）,1,-1464.8968196697515,285.5595994268593,-1.4305633004587417,0.4704441506208555,False,14,0.49482428528169514,0.49482428528169514,1.1730381131496197,1.6607839121639614,0.2752510702132078,
IMG-0683,yangliuqing_late_qing_candidate,杨柳青年画（候选）,1,254.8819791715548,215.0606233407133,0.2489081827847215,0.3975242575613924,True,24,0.529999849017688,0.529999849017688,0.7124043523893954,0.22711421935287515,0.3711753325629581,
IMG-0683,yangliuqing_late_qing_candidate,杨柳青年画（候选）,2,611.1528164877848,196.02156112118845,0.5968289223513523,0.3623319059541376,True,6,0.20844266570083214,0.09796808435054671,0.5005093756089877,0.10707755110420075,0.08114698585692169,
IMG-0615,yangliuqing_late_qing_candidate,杨柳青年画（候选）,1,107.88679013281005,320.5136474109888,0.1768635903816558,0.3130016087997938,True,5,0.6445855274357899,0.6445855274357899,0.04010091066295705,0.2305607154146766,0.2632458336863244,
IMG-0657,yangliuqing_late_qing_candidate,杨柳青年画（候选）,1,471.95899935822894,-2559.091984005253,0.7852895164030431,-2.49911326563013,False,50,0.49510993258831776,0.49510993258831776,1.0720283364668244,2.590558513976459,0.28967675277997684,
IMG-0657,yangliuqing_late_qing_candidate,杨柳青年画（候选）,2,88.1112733710553,-747.0161982533064,0.14660777599177255,-0.7295080061067445,False,32,0.6052951593952213,0.3056075138310182,0.6941309166577584,1.0753487411461624,0.42779783998093035,
IMG-0640,yangliuqing_late_qing_candidate,杨柳青年画（候选）,1,504.3752415781914,-3254.6054682090817,0.4925539468537025,-4.73053120379227,False,7,0.4182339330969479,0.4182339330969479,1.3400795763388351,2.9170192710449325,0.12483646935407386,
IMG-0666,yangliuqing_late_qing_candidate,杨柳青年画（候选）,1,2659.562991160356,579.4960960805872,2.597229483555035,0.9125922772922633,False,35,0.2261286367333256,0.2261286367333256,0.9611890619728418,1.7955620105750147,0.1398414800097138,
IMG-0700,yangliuqing_late_qing_candidate,杨柳青年画（候选）,1,-795.5593762435968,701.5993321449815,-0.7769134533628875,0.913540797063778,False,9,0.45537465269611305,0.45537465269611305,0.5725744188946014,1.051233016901419,0.2565057831505819,
IMG-0700,yangliuqing_late_qing_candidate,杨柳青年画（候选）,2,1062.4496241037136,-16.55802648868477,1.0375484610387828,-0.021559930323808294,False,8,0.48641612874556506,0.2649145530522656,1.096271863151819,0.5318479638286492,0.1874408726563441,
IMG-0691,yangliuqing_late_qing_candidate,杨柳青年画（候选）,1,405.03406500724975,871.0235193459253,0.46770677252569254,0.8506089056112551,True,19,0.2552782495204606,0.2552782495204606,1.1779540320017727,0.2685204611664032,0.14165253308908357,
IMG-0691,yangliuqing_late_qing_candidate,杨柳青年画（候选）,2,-3574.6100458150613,164.4369289968369,-4.127725226114389,0.16058293847347355,False,21,0.28197784220974575,0.2099950322468852,0.38996130264384427,2.9995320233168425,0.2320256307198331,
IMG-0654,yangliuqing_late_qing_candidate,杨柳青年画（候选）,1,526.5548168288957,-1724.556151644917,0.928668107282003,-1.6841368668407393,False,9,0.508774342517356,0.508774342517356,0.8811673788982948,1.9220235197045974,0.24560850408116536,
IMG-0608,yangliuqing_late_qing_candidate,杨柳青年画（候选）,1,1988.4834807555276,109.71725659590548,1.94187839917532,0.18564679627056765,False,16,0.40651515272237027,0.40651515272237027,0.7949911357765852,1.2586596297134978,0.273178557039701,
IMG-0608,yangliuqing_late_qing_candidate,杨柳青年画（候选）,2,502.7081306151571,206.4292171553578,0.49092590880386433,0.3492880154912992,True,10,0.36670282514319935,0.217632570176387,0.50261544672095,0.07574505290335881,0.23767935065305054,
IMG-0686,yangliuqing_late_qing_candidate,杨柳青年画（候选）,1,669.1424100256336,446.24817551434694,0.6534593847906578,0.7151413069140176,True,6,0.5287830836210163,0.5287830836210163,0.749871982507919,0.17235531022922523,0.18172510371312328,
IMG-0656,yangliuqing_late_qing_candidate,杨柳青年画（候选）,1,1619.0016612831694,321.5695035267713,1.581056309846845,0.5404529471038173,False,25,0.40086017116090844,0.40086017116090844,1.3601031205556393,0.9349402008016143,0.2030721035486841,
IMG-0656,yangliuqing_late_qing_candidate,杨柳青年画（候选）,2,1479.2410992614402,444.51593246548134,1.4445713859975002,0.7470856007823216,False,12,0.3213085638476857,0.1925087579482367,0.894267370776849,0.8260897749779715,0.20546346538605406,
IMG-0652,yangliuqing_late_qing_candidate,杨柳青年画（候选）,1,320.3665219676231,1661.4429242115075,0.5620465297677598,1.6225028556753003,False,34,0.509388571250085,0.509388571250085,1.6713943847197976,0.9812560524994711,0.22085666892764305,
IMG-0652,yangliuqing_late_qing_candidate,杨柳青年画（候选）,2,465.859561068734,-1374.259333750872,0.8172974755591825,-1.342050130616086,False,20,0.6217597551489112,0.3050424418128046,0.8159185623449694,1.6168810953109702,0.41347394070711785,
