sample_id,image_path,sample_index,fold,true_idx,true_class,pred_idx,pred_class,prob_non_gusu,prob_gusu,prediction_confidence,distance_from_0_5,decision_score,is_correct,error_type
IMG-0000,images/gusu/BM-康乾时期的姑苏__mid_00022769_001-kangxi.jpg,0,2,1,gusu,0,non_gusu,0.8752551422300416,0.12474485776995833,0.8752551422300416,0.37525514223004164,-1.9482449214720798,False,false_negative_gusu_to_non_gusu
IMG-0001,images/gusu/BM-康乾时期的姑苏__mid_00034145_001-qianlong-亮先氏.jpg,1,1,1,gusu,1,gusu,0.020135923120528365,0.9798640768794716,0.9798640768794716,0.47986407687947163,3.884908425168909,True,correct
IMG-0002,images/gusu/BM-康乾时期的姑苏__mid_00034146_001-qianlong-亮先氏.jpg,2,3,1,gusu,1,gusu,0.004821415661284023,0.995178584338716,0.995178584338716,0.495178584338716,5.329854612201107,True,correct
IMG-0003,images/gusu/BM-康乾时期的姑苏__mid_00049028_001-qianlong-亮先.jpg,3,5,1,gusu,1,gusu,0.0037986337957041094,0.9962013662042959,0.9962013662042959,0.4962013662042959,5.569307937413357,True,correct
IMG-0004,images/gusu/BM-康乾时期的姑苏__mid_00049031_001-qianlong-亮先氏.jpg,4,2,1,gusu,1,gusu,0.00479958551706372,0.9952004144829363,0.9952004144829363,0.4952004144829363,5.33441457489318,True,correct
IMG-0005,images/gusu/BM-康乾时期的姑苏__mid_00091761_001-qianlong-亮先氏.jpg,5,3,1,gusu,1,gusu,0.06402033936685925,0.9359796606331408,0.9359796606331408,0.43597966063314075,2.682392910670398,True,correct
IMG-0006,images/gusu/BM-康乾时期的姑苏__mid_00091766_001-qianlong-丁亮先.jpg,6,5,1,gusu,1,gusu,1.7854914194925797e-06,0.9999982145085805,0.9999982145085805,0.4999982145085805,13.23581509001902,True,correct
IMG-0007,images/gusu/BM-康乾时期的姑苏__mid_00091772_001-qianlong-丁亮先.jpg,7,4,1,gusu,1,gusu,3.3439166024495925e-05,0.9999665608339755,0.9999665608339755,0.4999665608339755,10.305749269795498,True,correct
IMG-0008,images/gusu/BM-康乾时期的姑苏__mid_00091773_001-qianlong-亮先氏.jpg,8,3,1,gusu,1,gusu,2.9228972620032323e-07,0.9999997077102738,0.9999997077102738,0.4999997077102738,15.045520021031692,True,correct
IMG-0009,images/gusu/BM-康乾时期的姑苏__mid_00091779_001-qianlong-亮先氏.jpg,9,1,1,gusu,1,gusu,0.0002651118279490827,0.9997348881720509,0.9997348881720509,0.4997348881720509,8.235093681754433,True,correct
IMG-0010,images/gusu/BM-康乾时期的姑苏__mid_00091783_001-qianlong-亮先氏.jpg,10,5,1,gusu,1,gusu,4.205182317251754e-06,0.9999957948176827,0.9999957948176827,0.49999579481768275,12.379188703036801,True,correct
IMG-0011,images/gusu/BM-康乾时期的姑苏__mid_00091788_001-qianlong-亮先氏.jpg,11,4,1,gusu,1,gusu,0.0008161111787974296,0.9991838888212026,0.9991838888212026,0.49918388882120257,7.110143519376213,True,correct
IMG-0012,images/gusu/BM-康乾时期的姑苏__mid_00091791_001-qianlong-丁应宗.jpg,12,1,1,gusu,1,gusu,1.619845876099646e-06,0.9999983801541239,0.9999983801541239,0.4999983801541239,13.333177931587674,True,correct
IMG-0013,images/gusu/BM-康乾时期的姑苏__mid_00091794_001-qianlong-应宗.jpg,13,4,1,gusu,1,gusu,0.0017343883857147135,0.9982656116142853,0.9982656116142853,0.4982656116142853,6.355364548991078,True,correct
IMG-0014,images/gusu/BM-康乾时期的姑苏__mid_00091796_001-qianlong-亮先氏.jpg,14,3,1,gusu,1,gusu,6.0967756685403884e-06,0.9999939032243315,0.9999939032243315,0.49999390322433146,12.007744408677704,True,correct
IMG-0015,images/gusu/BM-康乾时期的姑苏__mid_00091799_001-qianlong-应宗.jpg,15,5,1,gusu,1,gusu,0.0013974890430957787,0.9986025109569042,0.9986025109569042,0.4986025109569042,6.57167972688493,True,correct
IMG-0016,images/gusu/BM-康乾时期的姑苏__mid_00091805_001-qianlong-亮先氏.jpg,16,3,1,gusu,1,gusu,0.003060091840304424,0.9969399081596956,0.9969399081596956,0.4969399081596956,5.786245566801805,True,correct
IMG-0017,images/gusu/BM-康乾时期的姑苏__mid_00091808_001-qianlong-应宗氏.jpg,17,3,1,gusu,1,gusu,0.00029224342977463014,0.9997077565702254,0.9997077565702254,0.49970775657022537,8.137631153247847,True,correct
IMG-0018,images/gusu/BM-康乾时期的姑苏__mid_00091818_001-qianlong-丁亮先.jpg,18,5,1,gusu,1,gusu,0.02054857507729646,0.9794514249227035,0.9794514249227035,0.47945142492270354,3.864201045213733,True,correct
IMG-0019,images/gusu/BM-康乾时期的姑苏__mid_00091820_003-qianlong-丁应宗.jpg,19,1,1,gusu,1,gusu,0.002691864922612419,0.9973081350773876,0.9973081350773876,0.4973081350773876,5.914825551288184,True,correct
IMG-0020,images/gusu/BM-康乾时期的姑苏__mid_00091822_001-qianlong-应宗氏.jpg,20,1,1,gusu,1,gusu,0.029324887630845953,0.970675112369154,0.970675112369154,0.47067511236915405,3.4995552588633903,True,correct
IMG-0021,images/gusu/BM-康乾时期的姑苏__mid_00091824_001-qianlong-丁亮先.jpg,21,3,1,gusu,1,gusu,6.937899218106836e-05,0.9999306210078189,0.9999306210078189,0.49993062100781893,9.575857061202022,True,correct
IMG-0022,images/gusu/BM-康乾时期的姑苏__mid_00091826_001-qianlong.jpg,22,5,1,gusu,1,gusu,0.47219024720951974,0.5278097527904803,0.5278097527904803,0.027809752790480258,0.11135393159381989,True,correct
IMG-0023,images/gusu/BM-康乾时期的姑苏__mid_00091827_001-qianlong.jpg,23,1,1,gusu,1,gusu,0.00855022888156265,0.9914497711184374,0.9914497711184374,0.49144977111843735,4.7532102348256435,True,correct
IMG-0024,images/gusu/BM-康乾时期的姑苏__mid_00091833_001-qianlong.jpg,24,3,1,gusu,1,gusu,1.995317583158851e-06,0.9999980046824168,0.9999980046824168,0.49999800468241684,13.124705335385134,True,correct
IMG-0025,images/gusu/BM-康乾时期的姑苏__mid_00091869_001-kangxi.jpg,25,4,1,gusu,1,gusu,0.02220445712831043,0.9777955428716896,0.9777955428716896,0.47779554287168957,3.7850075515392336,True,correct
IMG-0026,images/gusu/BM-康乾时期的姑苏__mid_00091870_001-kangxi.jpg,26,1,1,gusu,1,gusu,0.018028757218638614,0.9819712427813614,0.9819712427813614,0.4819712427813614,3.9975939172775092,True,correct
IMG-0027,images/gusu/BM-康乾时期的姑苏__mid_00091872_001-kangxi-汪信发.jpg,27,1,1,gusu,1,gusu,0.008348077695705669,0.9916519223042943,0.9916519223042943,0.49165192230429433,4.777340864660698,True,correct
IMG-0028,images/gusu/BM-康乾时期的姑苏__mid_00091875_001-kangxi-信发.jpg,28,2,1,gusu,1,gusu,0.13929611459643543,0.8607038854035646,0.8607038854035646,0.3607038854035646,1.821148537829548,True,correct
IMG-0029,images/gusu/BM-康乾时期的姑苏__mid_00091890_001-qianlong-丁应宗.jpg,29,1,1,gusu,1,gusu,1.9384415025358592e-06,0.9999980615584975,0.9999980615584975,0.49999806155849746,13.153624318469602,True,correct
IMG-0030,images/gusu/BM-康乾时期的姑苏__mid_00091891_001-qianlong.jpg,30,1,1,gusu,1,gusu,7.729130758749037e-07,0.9999992270869241,0.9999992270869241,0.4999992270869241,14.073098472057671,True,correct
IMG-0031,images/gusu/BM-康乾时期的姑苏__mid_00091892_001-qianlong-应宗.jpg,31,3,1,gusu,1,gusu,2.4116058642276172e-06,0.9999975883941358,0.9999975883941358,0.4999975883941358,12.935215287036542,True,correct
IMG-0032,images/gusu/BM-康乾时期的姑苏__mid_00091893_001-qianlong-应宗氏.jpg,32,5,1,gusu,1,gusu,0.08060138029657393,0.9193986197034261,0.9193986197034261,0.41939861970342607,2.4342040074359157,True,correct
IMG-0033,images/gusu/BM-康乾时期的姑苏__mid_00091895_001-qianlong-应宗.jpg,33,4,1,gusu,1,gusu,7.011952224411644e-07,0.9999992988047776,0.9999992988047776,0.49999929880477756,14.170478796116374,True,correct
IMG-0034,images/gusu/BM-康乾时期的姑苏__mid_00091931_001-kangqian.jpg,34,5,1,gusu,1,gusu,0.0025751556032095335,0.9974248443967905,0.9974248443967905,0.49742484439679047,5.95926684124155,True,correct
IMG-0035,images/gusu/BM-康乾时期的姑苏__mid_00091954_001-kangxi.jpg,35,4,1,gusu,1,gusu,0.00010416540531943408,0.9998958345946806,0.9998958345946806,0.49989583459468057,9.169426315631167,True,correct
IMG-0036,images/gusu/BM-康乾时期的姑苏__mid_00093472_001-kangxi.jpg,36,5,1,gusu,1,gusu,0.0005680825019337421,0.9994319174980663,0.9994319174980663,0.49943191749806626,7.472675655985659,True,correct
IMG-0037,images/gusu/BM-康乾时期的姑苏__mid_00093473_001-kangxi.jpg,37,3,1,gusu,1,gusu,1.5733954150665141e-07,0.9999998426604585,0.9999998426604585,0.4999998426604585,15.664859525251615,True,correct
IMG-0038,images/gusu/BM-康乾时期的姑苏__mid_00093474_001-kangxi.jpg,38,1,1,gusu,1,gusu,2.9194099750995406e-06,0.9999970805900249,0.9999970805900249,0.4999970805900249,12.744126106035726,True,correct
IMG-0039,images/gusu/BM-康乾时期的姑苏__mid_00093475_001-kangxi.jpg,39,4,1,gusu,1,gusu,1.940943216149904e-07,0.9999998059056784,0.9999998059056784,0.4999998059056784,15.454921407871197,True,correct
IMG-0040,images/gusu/BM-康乾时期的姑苏__mid_00093476_001-kangxi.jpg,40,5,1,gusu,1,gusu,8.164245168806872e-07,0.9999991835754831,0.9999991835754831,0.4999991835754831,14.018330559409895,True,correct
IMG-0041,images/gusu/BM-康乾时期的姑苏__mid_00093477_001-kangxi.jpg,41,5,1,gusu,1,gusu,0.00013462477891845737,0.9998653752210815,0.9998653752210815,0.49986537522108154,8.912884430849907,True,correct
IMG-0042,images/gusu/BM-康乾时期的姑苏__mid_00093478_001-kangxi.jpg,42,2,1,gusu,1,gusu,1.7067771965750822e-06,0.9999982932228034,0.9999982932228034,0.4999982932228034,13.280901939284318,True,correct
IMG-0043,images/gusu/BM-康乾时期的姑苏__mid_00093479_001-kangxi.jpg,43,1,1,gusu,1,gusu,0.010929843412071372,0.9890701565879286,0.9890701565879286,0.48907015658792863,4.5052682903492105,True,correct
IMG-0044,images/gusu/BM-康乾时期的姑苏__mid_00093480_001-kangxi.jpg,44,3,1,gusu,1,gusu,0.0011330441714881845,0.9988669558285118,0.9988669558285118,0.4988669558285118,6.781713624835875,True,correct
IMG-0045,images/gusu/BM-康乾时期的姑苏__mid_00093481_001-kangxi.jpg,45,5,1,gusu,1,gusu,0.00012778142164482365,0.9998722185783552,0.9998722185783552,0.4998722185783552,8.965061607543023,True,correct
IMG-0046,images/gusu/BM-康乾时期的姑苏__mid_00093482_001-kangxi.jpg,46,1,1,gusu,0,non_gusu,0.8624306158368872,0.1375693841631128,0.8624306158368872,0.3624306158368872,-1.8356262983349794,False,false_negative_gusu_to_non_gusu
IMG-0047,images/gusu/BM-康乾时期的姑苏__mid_00098125_001-kangxi.jpg,47,3,1,gusu,1,gusu,0.00025443076727438285,0.9997455692327256,0.9997455692327256,0.4997455692327256,8.27622733012698,True,correct
IMG-0048,images/gusu/BM-康乾时期的姑苏__mid_00098126_001-kangxi.jpg,48,5,1,gusu,0,non_gusu,0.5832736254959315,0.41672637450406846,0.5832736254959315,0.08327362549593154,-0.3362265865462908,False,false_negative_gusu_to_non_gusu
IMG-0049,images/gusu/BM-康乾时期的姑苏__mid_00098155_001-kangxi.jpg,49,1,1,gusu,1,gusu,0.18656460963416688,0.8134353903658331,0.8134353903658331,0.3134353903658331,1.472488890260359,True,correct
IMG-0050,images/gusu/BM-康乾时期的姑苏__mid_00098156_001-kangxi.jpg,50,2,1,gusu,1,gusu,0.0008566619135084164,0.9991433380864916,0.9991433380864916,0.4991433380864916,7.061610188134176,True,correct
IMG-0051,images/gusu/BM-康乾时期的姑苏__mid_00098157_001-kangxi.jpg,51,2,1,gusu,1,gusu,0.020510148234091474,0.9794898517659085,0.9794898517659085,0.4794898517659085,3.8661120772400817,True,correct
IMG-0052,images/gusu/BM-康乾时期的姑苏__mid_00098158_001-kangxi.jpg,52,5,1,gusu,1,gusu,2.7998083068747626e-05,0.9999720019169313,0.9999720019169313,0.49997200191693125,10.48334651348618,True,correct
IMG-0053,images/gusu/BM-康乾时期的姑苏__mid_00098167_001-kangxi.jpg,53,5,1,gusu,1,gusu,0.004979845346169909,0.9950201546538301,0.9950201546538301,0.4950201546538301,5.297364157318541,True,correct
IMG-0054,images/gusu/BM-康乾时期的姑苏__mid_00098168_001-kangxi.jpg,54,1,1,gusu,1,gusu,0.00038014097302374594,0.9996198590269763,0.9996198590269763,0.49961985902697625,7.8745881791542915,True,correct
IMG-0055,images/gusu/BM-康乾时期的姑苏__mid_00098170_001-kangxi.jpg,55,3,1,gusu,1,gusu,0.0006493256297229744,0.999350674370277,0.999350674370277,0.499350674370277,7.338926689843683,True,correct
IMG-0056,images/gusu/BM-康乾时期的姑苏__mid_00098180_001-kangxi-汪信发.jpg,56,4,1,gusu,1,gusu,1.2737279274643853e-06,0.9999987262720725,0.9999987262720725,0.49999872627207254,13.57356130755656,True,correct
IMG-0057,images/gusu/BM-康乾时期的姑苏__mid_00098183_001-kangxi.jpg,57,5,1,gusu,1,gusu,0.00014759915105433397,0.9998524008489457,0.9998524008489457,0.49985240084894567,8.820862787434214,True,correct
IMG-0058,images/gusu/BM-康乾时期的姑苏__mid_00098184_001-kangxi.jpg,58,2,1,gusu,1,gusu,4.121079574148645e-06,0.9999958789204259,0.9999958789204259,0.49999587892042585,12.399391275246554,True,correct
IMG-0059,images/gusu/BM-康乾时期的姑苏__mid_00098186_001-kangxi.jpg,59,1,1,gusu,1,gusu,1.3357459036966723e-05,0.999986642540963,0.999986642540963,0.49998664254096303,11.223422242245265,True,correct
IMG-0060,images/gusu/BM-康乾时期的姑苏__mid_00098187_001-kangxi.jpg,60,5,1,gusu,0,non_gusu,0.5394832872363706,0.4605167127636293,0.5394832872363706,0.03948328723637068,-0.158262658289399,False,false_negative_gusu_to_non_gusu
IMG-0061,images/gusu/BM-康乾时期的姑苏__mid_00098205_001-kangxi.jpg,61,1,1,gusu,1,gusu,0.01961620695999078,0.9803837930400092,0.9803837930400092,0.4803837930400092,3.911588010281743,True,correct
IMG-0062,images/gusu/BM-康乾时期的姑苏__mid_00098212_001-kangxi.jpg,62,2,1,gusu,1,gusu,0.005695589296022541,0.9943044107039775,0.9943044107039775,0.49430441070397746,5.162351340383879,True,correct
IMG-0063,images/gusu/BM-康乾时期的姑苏__mid_00098219_001-kangqian.jpg,63,4,1,gusu,1,gusu,0.00017998145396147525,0.9998200185460385,0.9998200185460385,0.4998200185460385,8.62247674827731,True,correct
IMG-0064,images/gusu/BM-康乾时期的姑苏__mid_00102801_001-kangxi.jpg,64,4,1,gusu,1,gusu,0.001632232464331973,0.998367767535668,0.998367767535668,0.498367767535668,6.416173025197155,True,correct
IMG-0065,images/gusu/BM-康乾时期的姑苏__mid_00248649_001-qianlong-丁亮先.jpg,65,1,1,gusu,1,gusu,0.001232568495438513,0.9987674315045615,0.9987674315045615,0.4987674315045615,6.697421750466539,True,correct
IMG-0066,images/gusu/BM-康乾时期的姑苏__mid_00249647_001-qianlong-张星聚.jpg,66,5,1,gusu,1,gusu,0.03563801972203173,0.9643619802779683,0.9643619802779683,0.46436198027796827,3.2980536846383797,True,correct
IMG-0067,images/gusu/BM-康乾时期的姑苏__mid_00254623_001-qianlong-丁亮先.jpg,67,4,1,gusu,1,gusu,3.886642452066713e-05,0.9999611335754793,0.9999611335754793,0.49996113357547933,10.155340935726274,True,correct
IMG-0068,images/gusu/BM-康乾时期的姑苏__mid_00302395_001-kangxi.jpg,68,1,1,gusu,1,gusu,9.554836358771635e-05,0.9999044516364123,0.9999044516364123,0.4999044516364123,9.255782460737839,True,correct
IMG-0069,images/gusu/BM-康乾时期的姑苏__mid_00302397_001-kangxi.jpg,69,3,1,gusu,1,gusu,5.018064331285821e-06,0.9999949819356687,0.9999949819356687,0.4999949819356687,12.202461271909879,True,correct
IMG-0070,images/gusu/BM-康乾时期的姑苏__mid_00302398_001-kangxi.jpg,70,5,1,gusu,1,gusu,0.0017920824613609776,0.998207917538639,0.998207917538639,0.498207917538639,6.322583258941457,True,correct
IMG-0071,images/gusu/BM-康乾时期的姑苏__mid_00302425_001-kangxi-汪信发.jpg,71,5,1,gusu,1,gusu,0.004155075433431854,0.9958449245665681,0.9958449245665681,0.49584492456656815,5.479260964236169,True,correct
IMG-0072,images/gusu/BM-康乾时期的姑苏__mid_00328634_001-qianlong-亮先氏.jpg,72,1,1,gusu,1,gusu,5.320674583031426e-06,0.999994679325417,0.999994679325417,0.49999467932541697,12.143905140664742,True,correct
IMG-0073,images/gusu/BM-康乾时期的姑苏__mid_00510345_001-qianlong-金阊丁氏.jpg,73,2,1,gusu,1,gusu,0.331795351779441,0.668204648220559,0.668204648220559,0.16820464822055903,0.7000761176750755,True,correct
IMG-0074,images/gusu/BM-康乾时期的姑苏__mid_00645788_001-qianlong.jpg,74,5,1,gusu,1,gusu,8.055653292204923e-05,0.999919443467078,0.999919443467078,0.49991944346707795,9.426470787917028,True,correct
IMG-0075,images/gusu/BM-康乾时期的姑苏__mid_00651802_001-kangqian.jpg,75,1,1,gusu,1,gusu,0.012246298343117856,0.9877537016568821,0.9877537016568821,0.48775370165688214,4.39020966159468,True,correct
IMG-0076,images/gusu/BM-康乾时期的姑苏__mid_00651807_001-kangqian.jpg,76,3,1,gusu,1,gusu,0.005648555009107659,0.9943514449908923,0.9943514449908923,0.49435144499089234,5.170690948707758,True,correct
IMG-0077,images/gusu/BM-康乾时期的姑苏__mid_00710785_001-kangqian.jpg,77,3,1,gusu,0,non_gusu,0.5465386644282195,0.45346133557178053,0.5465386644282195,0.04653866442821947,-0.18669504621102495,False,false_negative_gusu_to_non_gusu
IMG-0078,images/gusu/BM-康乾时期的姑苏__mid_00711806_001-kangxi-王君甫.jpg,78,5,1,gusu,1,gusu,0.0006026546957778045,0.9993973453042222,0.9993973453042222,0.4993973453042222,7.413563332712859,True,correct
IMG-0079,images/gusu/BM-康乾时期的姑苏__mid_00711816_001-kangxi.jpg,79,1,1,gusu,1,gusu,0.0017414472026477945,0.9982585527973522,0.9982585527973522,0.4982585527973522,6.351295820503669,True,correct
IMG-0080,images/gusu/BM-康乾时期的姑苏__mid_00711817_001-kangxi.jpg,80,2,1,gusu,1,gusu,0.00025675185455609206,0.9997432481454439,0.9997432481454439,0.4997432481454439,8.267143701163207,True,correct
IMG-0081,images/gusu/BM-康乾时期的姑苏__mid_00711820_001-kangxi.jpg,81,5,1,gusu,1,gusu,0.01697954705588045,0.9830204529441195,0.9830204529441195,0.48302045294411955,4.058620421214861,True,correct
IMG-0082,images/gusu/BM-康乾时期的姑苏__mid_00711821_001-kangxi.jpg,82,5,1,gusu,1,gusu,0.0005105464149615102,0.9994894535850385,0.9994894535850385,0.4994894535850385,7.579518327113896,True,correct
IMG-0083,images/gusu/BM-康乾时期的姑苏__mid_00717809_001-qianlong-亮先氏.jpg,83,4,1,gusu,1,gusu,5.766427776388028e-07,0.9999994233572224,0.9999994233572224,0.49999942335722236,14.366042288340054,True,correct
IMG-0084,images/gusu/BM-康乾时期的姑苏__mid_0410_2-qianlong.jpg,84,3,1,gusu,1,gusu,0.01027414392494208,0.9897258560750579,0.9897258560750579,0.4897258560750579,4.56779755112168,True,correct
IMG-0085,images/gusu/BM-康乾时期的姑苏__mid_RFC1072-qianlong.jpg,85,4,1,gusu,1,gusu,1.900216345385175e-07,0.9999998099783655,0.9999998099783655,0.49999980997836546,15.476127715767587,True,correct
IMG-0086,images/gusu/Cleveland__2025.108_print-qianlong-亮先氏.jpg,86,1,1,gusu,1,gusu,4.3560354623384256e-07,0.9999995643964538,0.9999995643964538,0.49999956439645377,14.646532869433848,True,correct
IMG-0087,images/gusu/Cleveland__2025.113_print-qianlong.jpg,87,4,1,gusu,1,gusu,0.00015460005196576976,0.9998453999480342,0.9998453999480342,0.49984539994803423,8.77451447367694,True,correct
IMG-0088,images/gusu/Cleveland__2025.118_print-qianlong-亮先氏.jpg,88,1,1,gusu,1,gusu,6.774673033671519e-08,0.9999999322532697,0.9999999322532697,0.49999993225326966,16.507489572299963,True,correct
IMG-0089,images/gusu/Cleveland__2025.127_print-qianlong-亮先氏.jpg,89,2,1,gusu,1,gusu,5.5118365425599336e-05,0.9999448816345744,0.9999448816345744,0.4999448816345744,9.805972466646708,True,correct
IMG-0090,images/gusu/Cleveland__2025.21_print-qianlong.jpg,90,5,1,gusu,1,gusu,0.002666871614648181,0.9973331283853518,0.9973331283853518,0.4973331283853518,5.924178739378716,True,correct
IMG-0091,images/gusu/Cleveland__2025.23_print-qianlong.jpg,91,2,1,gusu,1,gusu,4.017120867061408e-07,0.9999995982879133,0.9999995982879133,0.4999995982879133,14.72752980533961,True,correct
IMG-0092,images/gusu/Cleveland__2025.24_print-qianlong.jpg,92,5,1,gusu,1,gusu,0.005036830353530863,0.9949631696464691,0.9949631696464691,0.49496316964646914,5.285928734907855,True,correct
IMG-0093,images/gusu/Cleveland__2025.29_print-qianlong.jpg,93,1,1,gusu,1,gusu,0.0006977270847985384,0.9993022729152015,0.9993022729152015,0.49930227291520146,7.266984557041767,True,correct
IMG-0094,images/gusu/Cleveland__2025.31_print-qianlong.jpg,94,2,1,gusu,1,gusu,0.000960760459805976,0.999039239540194,0.999039239540194,0.499039239540194,6.946824219167001,True,correct
IMG-0095,images/gusu/Cleveland__2025.32_print-qianlong.jpg,95,4,1,gusu,1,gusu,0.0001746537551571281,0.9998253462448429,0.9998253462448429,0.49982534624484287,8.65253041689096,True,correct
IMG-0096,images/gusu/Cleveland__2025.42_print-qianlong.jpg,96,1,1,gusu,1,gusu,0.012676486623031002,0.987323513376969,0.987323513376969,0.487323513376969,4.355248929759248,True,correct
IMG-0097,images/gusu/Cleveland__2025.43_print-qianlong.jpg,97,1,1,gusu,1,gusu,0.00011956449826000526,0.99988043550174,0.99988043550174,0.49988043550174,9.03153502615626,True,correct
IMG-0098,images/gusu/Cleveland__2025.44_print-daoguang.jpg,98,1,1,gusu,1,gusu,3.1129088781223224e-05,0.9999688709112188,0.9999688709112188,0.4999688709112188,10.377336715770477,True,correct
IMG-0099,images/gusu/Cleveland__2025.48_print-qianlong.jpg,99,3,1,gusu,1,gusu,1.6597479968183393e-07,0.9999998340252003,0.9999998340252003,0.4999998340252003,15.61142970351439,True,correct
IMG-0100,images/gusu/Cleveland__2025.49_print-qianlong.jpg,100,3,1,gusu,1,gusu,0.00017091352259290815,0.9998290864774071,0.9998290864774071,0.4998290864774071,8.674181917079201,True,correct
IMG-0101,images/gusu/Cleveland__2025.53_print-qianlong.jpg,101,1,1,gusu,1,gusu,0.00011308533532405907,0.9998869146646759,0.9998869146646759,0.49988691466467594,9.087254752668262,True,correct
IMG-0102,images/gusu/Cleveland__2025.57_print-qianlong.jpg,102,1,1,gusu,1,gusu,0.01604085898096541,0.9839591410190346,0.9839591410190346,0.4839591410190346,4.116445219401752,True,correct
IMG-0103,images/gusu/Cleveland__2025.60_print-kangxi.jpg,103,5,1,gusu,1,gusu,8.905235306100323e-05,0.999910947646939,0.999910947646939,0.499910947646939,9.32619706821737,True,correct
IMG-0104,images/gusu/Cleveland__2025.61_print-kangxi.jpg,104,2,1,gusu,1,gusu,0.040562377874509004,0.959437622125491,0.959437622125491,0.459437622125491,3.1635063188602026,True,correct
IMG-0105,images/gusu/Cleveland__2025.72_print-jiaqing.jpg,105,5,1,gusu,1,gusu,0.0014007645422642323,0.9985992354577358,0.9985992354577358,0.49859923545773577,6.56933534327272,True,correct
IMG-0106,images/gusu/Cleveland__2025.73_print-jiaqing.jpg,106,4,1,gusu,1,gusu,0.004774447169304863,0.9952255528306951,0.9952255528306951,0.49522555283069514,5.3396912065628275,True,correct
IMG-0107,images/gusu/Cleveland__2025.76_print-jiaqing.jpg,107,2,1,gusu,1,gusu,0.0030583178271236244,0.9969416821728764,0.9969416821728764,0.4969416821728764,5.786827239834617,True,correct
IMG-0108,images/gusu/Cleveland__2025.82_print-qianlong.jpg,108,3,1,gusu,0,non_gusu,0.6105232324473294,0.3894767675526706,0.6105232324473294,0.11052323244732942,-0.44951213092970155,False,false_negative_gusu_to_non_gusu
IMG-0109,images/gusu/Cleveland__2025.83_print-qianlong.jpg,109,2,1,gusu,1,gusu,0.00048128368955424605,0.9995187163104458,0.9995187163104458,0.49951871631044575,7.6385722710000366,True,correct
IMG-0110,images/gusu/Cleveland__2025.84_print-qianlong.jpg,110,2,1,gusu,1,gusu,0.3155062243036906,0.6844937756963094,0.6844937756963094,0.18449377569630943,0.7745011413090145,True,correct
IMG-0111,images/gusu/Cleveland__2025.87_print-qianlong.jpg,111,3,1,gusu,1,gusu,0.013569049455682602,0.9864309505443174,0.9864309505443174,0.4864309505443174,4.2863019047208235,True,correct
IMG-0112,images/gusu/Cleveland__2025.88_print-qianlong.jpg,112,3,1,gusu,1,gusu,0.052127757902403093,0.9478722420975969,0.9478722420975969,0.4478722420975969,2.900522139335539,True,correct
IMG-0113,images/gusu/Cleveland__2025.93_print-kangxi.jpg,113,2,1,gusu,1,gusu,0.036018070731862584,0.9639819292681374,0.9639819292681374,0.4639819292681374,3.287051771574478,True,correct
IMG-0114,images/gusu/Cleveland__2025.94_print-kangxi.jpg,114,4,1,gusu,1,gusu,0.12354222477779819,0.8764577752222018,0.8764577752222018,0.3764577752222018,1.9593055302284852,True,correct
IMG-0115,images/gusu/Cleveland__2025.97_print-qianlong.jpg,115,1,1,gusu,1,gusu,0.07871124710114996,0.92128875289885,0.92128875289885,0.42128875289885004,2.459987451898868,True,correct
IMG-0116,images/gusu/私人藏家__IMG_0076.jpg,116,1,1,gusu,1,gusu,0.023010652567596712,0.9769893474324033,0.9769893474324033,0.4769893474324033,3.748518484819992,True,correct
IMG-0117,images/gusu/私人藏家__IMG_0082.jpg,117,2,1,gusu,0,non_gusu,0.6961689440407283,0.30383105595927173,0.6961689440407283,0.19616894404072827,-0.8291205566184671,False,false_negative_gusu_to_non_gusu
IMG-0118,images/gusu/私人藏家__IMG_0084.jpg,118,2,1,gusu,1,gusu,0.4639961559916921,0.5360038440083079,0.5360038440083079,0.03600384400830792,0.14426506501110192,True,correct
IMG-0119,images/gusu/私人藏家__IMG_0085.jpg,119,5,1,gusu,1,gusu,0.32871462281186203,0.671285377188138,0.671285377188138,0.17128537718813797,0.714004381397511,True,correct
IMG-0120,images/gusu/私人藏家__IMG_0096.jpg,120,4,1,gusu,1,gusu,0.00045224173757751895,0.9995477582624225,0.9995477582624225,0.4995477582624225,7.70084135941676,True,correct
IMG-0121,images/gusu/私人藏家__IMG_0102.jpg,121,1,1,gusu,0,non_gusu,0.9066902445312042,0.09330975546879589,0.9066902445312042,0.4066902445312041,-2.273876212671309,False,false_negative_gusu_to_non_gusu
IMG-0122,images/gusu/私人藏家__IMG_0103.jpg,122,5,1,gusu,1,gusu,0.0032309991959181827,0.9967690008040818,0.9967690008040818,0.4967690008040818,5.731727610860165,True,correct
IMG-0123,images/gusu/私人藏家__IMG_0108.jpg,123,1,1,gusu,1,gusu,0.1205625117923832,0.8794374882076168,0.8794374882076168,0.3794374882076168,1.987114096662156,True,correct
IMG-0124,images/gusu/MET__DP-40648-002-qianlong-仁和轩.jpg,124,5,1,gusu,1,gusu,0.00030414310533910527,0.9996958568946609,0.9996958568946609,0.4996958568946609,8.097708036708655,True,correct
IMG-0125,images/gusu/MET__DP-40649-002-qianlong.jpg,125,1,1,gusu,1,gusu,0.00026337849127289203,0.9997366215087271,0.9997366215087271,0.4997366215087271,8.241655016845824,True,correct
IMG-0126,images/gusu/MET__DP-40650-002-qianlong.jpg,126,1,1,gusu,1,gusu,3.877281984365766e-08,0.9999999612271802,0.9999999612271802,0.49999996122718016,17.06554631545027,True,correct
IMG-0127,images/gusu/MET__DP-40651-002-qianlong.jpg,127,4,1,gusu,1,gusu,4.509737922853141e-05,0.9999549026207715,0.9999549026207715,0.49995490262077147,10.006641324979096,True,correct
IMG-0128,images/gusu/MET__DP-40652-002-qianlong-隐渔居士.jpg,128,1,1,gusu,1,gusu,0.0015631548009080731,0.9984368451990919,0.9984368451990919,0.4984368451990919,6.459484813756963,True,correct
IMG-0129,images/gusu/MET__DP-40653-002-qianlong.jpg,129,2,1,gusu,1,gusu,0.00013014258589805205,0.999869857414102,0.999869857414102,0.49986985741410195,8.946749742914152,True,correct
IMG-0130,images/gusu/MET__DP-40654-002-qianlong.jpg,130,4,1,gusu,1,gusu,0.00012196228310545898,0.9998780377168945,0.9998780377168945,0.49987803771689454,9.01167674618213,True,correct
IMG-0131,images/gusu/MET__DP-40655-002-qianlong.jpg,131,4,1,gusu,1,gusu,7.29140780241222e-05,0.9999270859219759,0.9999270859219759,0.4999270859219759,9.526155906671448,True,correct
IMG-0132,images/gusu/MET__DP-40656-002-qianlong.jpg,132,1,1,gusu,1,gusu,2.1438088605663097e-05,0.9999785619113943,0.9999785619113943,0.49997856191139434,10.750319938270811,True,correct
IMG-0133,images/gusu/MET__DP-40656-003-qianlong.jpg,133,3,1,gusu,1,gusu,1.4098416231567157e-05,0.9999859015837684,0.9999859015837684,0.49998590158376843,11.169433992370585,True,correct
IMG-0134,images/gusu/MET__DP-40657-002-qianlong-东坞主人.jpg,134,5,1,gusu,1,gusu,0.00019395333551841532,0.9998060466644816,0.9998060466644816,0.4998060466644816,8.54769899425296,True,correct
IMG-0135,images/gusu/MET__DP-40658-002-qianlong-仁和轩.jpg,135,1,1,gusu,1,gusu,0.0005041677156935043,0.9994958322843065,0.9994958322843065,0.4994958322843065,7.592097281164115,True,correct
IMG-0136,images/gusu/MET__DP-40659-002-qianlong-墨浪子.jpg,136,1,1,gusu,1,gusu,4.45829506615647e-05,0.9999554170493384,0.9999554170493384,0.49995541704933844,10.018114460243398,True,correct
IMG-0137,images/gusu/MET__DP-40660-002-qianlong.jpg,137,5,1,gusu,1,gusu,0.0008329159359536931,0.9991670840640463,0.9991670840640463,0.4991670840640463,7.0897445751092745,True,correct
IMG-0138,images/gusu/MET__DP-40661-002-qianlong-曹陞.jpg,138,2,1,gusu,1,gusu,0.00013389124119933538,0.9998661087588007,0.9998661087588007,0.49986610875880066,8.91834882020138,True,correct
IMG-0139,images/gusu/MET__DP-40662-002-qianlong-归来轩.jpg,139,5,1,gusu,1,gusu,0.000269764780437054,0.999730235219563,0.999730235219563,0.49973023521956295,8.217690361059802,True,correct
IMG-0140,images/gusu/MET__DP-40663-002-qianlong.jpg,140,5,1,gusu,1,gusu,2.6908922859281148e-05,0.9999730910771407,0.9999730910771407,0.4999730910771407,10.52302571226544,True,correct
IMG-0141,images/gusu/MET__DP-40664-002-qianlong.jpg,141,2,1,gusu,1,gusu,8.696083449299952e-05,0.999913039165507,0.999913039165507,0.499913039165507,9.349965754294024,True,correct
IMG-0142,images/gusu/MET__DP-40665-002-qianlong.jpg,142,2,1,gusu,1,gusu,9.0706327850687e-05,0.9999092936721493,0.9999092936721493,0.4999092936721493,9.307792726012963,True,correct
IMG-0143,images/gusu/MET__DP-40666-002-qianlong.jpg,143,2,1,gusu,1,gusu,0.0007598386447671412,0.9992401613552329,0.9992401613552329,0.49924016135523286,7.1816443292732295,True,correct
IMG-0144,images/gusu/MET__DP-40667-002-qianlong-种墨斋.jpg,144,2,1,gusu,1,gusu,2.4659673510951663e-06,0.9999975340326489,0.9999975340326489,0.4999975340326489,12.912923926936184,True,correct
IMG-0145,images/gusu/MET__DP-40669-002-qianlong.jpg,145,5,1,gusu,1,gusu,5.100705176563913e-06,0.9999948992948234,0.9999948992948234,0.49999489929482344,12.186126657182792,True,correct
IMG-0146,images/gusu/MET__DP-40670-002-kangxi.jpg,146,4,1,gusu,1,gusu,0.0003613188090986208,0.9996386811909014,0.9996386811909014,0.4996386811909014,7.925388477561484,True,correct
IMG-0147,images/gusu/MET__DP-40846-001-ming.jpg,147,5,1,gusu,0,non_gusu,0.9853795363730826,0.014620463626917341,0.9853795363730826,0.4853795363730827,-4.210604717425428,False,false_negative_gusu_to_non_gusu
IMG-0148,images/gusu/MET__DP-40847-001-jiaqing-周元兴发.jpg,148,3,1,gusu,1,gusu,0.04696256828161349,0.9530374317183865,0.9530374317183865,0.4530374317183865,3.010303315797211,True,correct
IMG-0149,images/gusu/MET__DP-40848-001-qianlong.jpg,149,2,1,gusu,1,gusu,0.006461627450238816,0.9935383725497612,0.9935383725497612,0.4935383725497612,5.03539147150146,True,correct
IMG-0150,images/gusu/MET__DP-40849-001-qianlong.jpg,150,4,1,gusu,1,gusu,0.0008565204425072803,0.9991434795574927,0.9991434795574927,0.4991434795574927,7.061775485526685,True,correct
IMG-0151,images/gusu/MET__DP-40850-001-qianlong.jpg,151,5,1,gusu,1,gusu,0.025809682166492154,0.9741903178335078,0.9741903178335078,0.47419031783350785,3.630856983441657,True,correct
IMG-0152,images/gusu/MET__DP-40851-001-qianlong.jpg,152,2,1,gusu,1,gusu,0.0006845893446274509,0.9993154106553725,0.9993154106553725,0.49931541065537255,7.286006572583414,True,correct
IMG-0153,images/gusu/MET__DP-40852-001-kangxi or yongzheng.jpg,153,4,1,gusu,1,gusu,0.009968260779145477,0.9900317392208545,0.9900317392208545,0.4900317392208545,4.598330879099124,True,correct
IMG-0154,images/gusu/MET__DP-40853-001-zhenjiang.jpg,154,5,1,gusu,1,gusu,6.35828483752654e-07,0.9999993641715162,0.9999993641715162,0.49999936417151625,14.268336353686225,True,correct
IMG-0155,images/gusu/MET__DP-40854-001-kangxi.jpg,155,5,1,gusu,1,gusu,0.24039584218481924,0.7596041578151808,0.7596041578151808,0.25960415781518076,1.150510545506249,True,correct
IMG-0156,images/gusu/MET__DP-40855-001-qianlong.jpg,156,3,1,gusu,1,gusu,0.0006746510001607309,0.9993253489998393,0.9993253489998393,0.49932534899983927,7.3006401589206344,True,correct
IMG-0157,images/gusu/MET__DP-40856-001-kangxi-季祥吉发行.jpg,157,2,1,gusu,1,gusu,0.002440868421823339,0.9975591315781767,0.9975591315781767,0.49755913157817666,6.012957540217357,True,correct
IMG-0158,images/gusu/MET__DP-40857-001-qianlong.jpg,158,5,1,gusu,1,gusu,0.2607257722413049,0.7392742277586951,0.7392742277586951,0.2392742277586951,1.0421997577237054,True,correct
IMG-0159,images/gusu/MET__DP-40858-001-jiaqing.jpg,159,2,1,gusu,1,gusu,0.0002629047627094039,0.9997370952372906,0.9997370952372906,0.4997370952372906,8.243455771014544,True,correct
IMG-0160,images/gusu/MET__DP-40859-001-jiaqing.jpg,160,3,1,gusu,1,gusu,0.05284415162563605,0.947155848374364,0.947155848374364,0.44715584837436395,2.886116603944334,True,correct
IMG-0161,images/gusu/MET__DP-40860-001-jiaqing.jpg,161,2,1,gusu,1,gusu,0.013162143819960392,0.9868378561800396,0.9868378561800396,0.4868378561800396,4.317160929603258,True,correct
IMG-0162,images/gusu/MET__DP-40861-001-jiaqing.jpg,162,2,1,gusu,1,gusu,3.139867778745309e-05,0.9999686013222125,0.9999686013222125,0.49996860132221255,10.368713375446188,True,correct
IMG-0163,images/gusu/MET__DP-40862-001-xianfeng.jpg,163,5,1,gusu,0,non_gusu,0.8068274488064704,0.19317255119352958,0.8068274488064704,0.3068274488064704,-1.4295259902067057,False,false_negative_gusu_to_non_gusu
IMG-0164,images/gusu/MET__DP-40863-001-jiaqing.jpg,164,1,1,gusu,1,gusu,0.002295901397509681,0.9977040986024903,0.9977040986024903,0.4977040986024903,6.074331205762429,True,correct
IMG-0165,images/gusu/MET__DP-40864-001-qianlong-管瑞玉.jpg,165,3,1,gusu,1,gusu,0.4124554722459346,0.5875445277540654,0.5875445277540654,0.0875445277540654,0.3538237811903874,True,correct
IMG-0166,images/gusu/MET__DP-40865-001-qianlong.jpg,166,2,1,gusu,1,gusu,0.0041865614677475405,0.9958134385322525,0.9958134385322525,0.49581343853225246,5.47168018440329,True,correct
IMG-0167,images/gusu/MET__DP-40866-001-kangxi.jpg,167,5,1,gusu,1,gusu,0.003541238919354761,0.9964587610806452,0.9964587610806452,0.49645876108064524,5.6397311118971505,True,correct
IMG-0168,images/gusu/MET__DP-40867-001-jiaqing.jpg,168,5,1,gusu,1,gusu,0.0400234981170845,0.9599765018829155,0.9599765018829155,0.4599765018829155,3.177442072398889,True,correct
IMG-0169,images/gusu/MET__DP-40868-001-qianlong.jpg,169,1,1,gusu,1,gusu,0.40788398642324497,0.592116013576755,0.592116013576755,0.09211601357675503,0.3727197975962291,True,correct
IMG-0170,images/gusu/MET__DP-41019-004-qianlong.jpg,170,5,1,gusu,0,non_gusu,0.9540475210172712,0.045952478982728785,0.9540475210172712,0.4540475210172712,-3.033105685678574,False,false_negative_gusu_to_non_gusu
IMG-0171,images/gusu/MET__DP-41270-001-ming.jpg,171,2,1,gusu,1,gusu,4.617173068133251e-05,0.9999538282693187,0.9999538282693187,0.49995382826931867,9.983096664376724,True,correct
IMG-0172,images/gusu/MET__DP-41271-001-qianlong.jpg,172,4,1,gusu,1,gusu,0.0010416674880668886,0.9989583325119331,0.9989583325119331,0.4989583325119331,6.865890285517326,True,correct
IMG-0173,images/gusu/MET__DP-41272-001-qianlong.jpg,173,2,1,gusu,1,gusu,0.00023052216650143453,0.9997694778334986,0.9997694778334986,0.49976947783349857,8.374932984376173,True,correct
IMG-0174,images/gusu/MET__DP-41273-001-qianlong.jpg,174,4,1,gusu,1,gusu,5.021020531104092e-05,0.999949789794689,0.999949789794689,0.49994978979468896,9.899242047413114,True,correct
IMG-0175,images/gusu/MET__DP-41274-001-qianlong.jpg,175,3,1,gusu,1,gusu,8.94122745939141e-05,0.9999105877254061,0.9999105877254061,0.4999105877254061,9.322163169231002,True,correct
IMG-0176,images/gusu/MET__DP-41275-001-jiaqing.jpg,176,3,1,gusu,1,gusu,0.49477684605683936,0.5052231539431606,0.5052231539431606,0.005223153943160641,0.02089337579373096,True,correct
IMG-0177,images/gusu/MET__DP-41276-001-qianlong.jpg,177,4,1,gusu,1,gusu,6.226550901655692e-06,0.9999937734490983,0.9999937734490983,0.49999377344909834,11.986681779240794,True,correct
IMG-0178,images/gusu/MET__DP-41277-001-qianlong-季涛子.jpg,178,3,1,gusu,1,gusu,2.731631883357011e-06,0.9999972683681166,0.9999972683681166,0.49999726836811664,12.810608636237719,True,correct
IMG-0179,images/gusu/MET__DP-41278-001-qianlong.jpg,179,5,1,gusu,1,gusu,0.012377051443066778,0.9876229485569332,0.9876229485569332,0.4876229485569332,4.379456925999961,True,correct
IMG-0180,images/gusu/MET__DP-41280-001-qianlong-桃坞主人.jpg,180,3,1,gusu,1,gusu,0.0017302421541118829,0.9982697578458881,0.9982697578458881,0.4982697578458881,6.3577621660408195,True,correct
IMG-0181,images/gusu/MET__DP-41281-002-xianfeng.jpg,181,4,1,gusu,1,gusu,1.8182689335510815e-05,0.9999818173106645,0.9999818173106645,0.4999818173106645,10.9150223690582,True,correct
IMG-0182,images/gusu/MET__DP-41282-001-qianlong.jpg,182,4,1,gusu,1,gusu,3.212649826167535e-07,0.9999996787350174,0.9999996787350174,0.4999996787350174,14.950999242037392,True,correct
IMG-0183,images/gusu/MET__DP-41283-001-qianlong.jpg,183,1,1,gusu,1,gusu,5.34127028128939e-06,0.9999946587297187,0.9999946587297187,0.4999946587297187,12.140041711615806,True,correct
IMG-0184,images/gusu/MET__DP-41284-001-qianlong.jpg,184,2,1,gusu,1,gusu,0.041836514527680446,0.9581634854723196,0.9581634854723196,0.45816348547231955,3.131248904806298,True,correct
IMG-0185,images/gusu/MET__DP-41285-001-qianlong.jpg,185,4,1,gusu,1,gusu,5.839860693668264e-05,0.9999416013930633,0.9999416013930633,0.4999416013930633,9.748160121927889,True,correct
IMG-0186,images/gusu/MET__DP-41286-001-qianlong.jpg,186,5,1,gusu,1,gusu,1.0779165769192467e-05,0.9999892208342308,0.9999892208342308,0.4999892208342308,11.437884603166593,True,correct
IMG-0187,images/gusu/MET__DP-41287-001-qianlong-归来主人.jpg,187,5,1,gusu,1,gusu,0.0030993119980139427,0.9969006880019861,0.9969006880019861,0.49690068800198606,5.773471003434708,True,correct
IMG-0188,images/gusu/MET__DP-41290-002-qianlong-季子明.jpg,188,4,1,gusu,1,gusu,1.6784776768807852e-05,0.9999832152232312,0.9999832152232312,0.4999832152232312,10.99502144214793,True,correct
IMG-0189,images/gusu/MET__DP-41298-001-kangxi or yongzheng.jpg,189,1,1,gusu,1,gusu,0.00014954274987655225,0.9998504572501234,0.9998504572501234,0.49985045725012345,8.807778699726649,True,correct
IMG-0190,images/gusu/MET__DP-41299-001-kangxi-吕君翰发行.jpg,190,2,1,gusu,1,gusu,0.003755467519079514,0.9962445324809205,0.9962445324809205,0.4962445324809205,5.580779958777128,True,correct
IMG-0191,images/gusu/MET__DP-41307-001-kangxi.jpg,191,5,1,gusu,1,gusu,5.233831347206674e-07,0.9999994766168653,0.9999994766168653,0.4999994766168653,14.462951546458797,True,correct
IMG-0192,images/gusu/MET__DP-41318-002-qianlong-墨浪子.jpg,192,3,1,gusu,1,gusu,1.9103934017494772e-05,0.9999808960659825,0.9999808960659825,0.4999808960659825,10.865597170500967,True,correct
IMG-0193,images/gusu/MET__DP-41319-001-jiaqing-竟源记.jpg,193,1,1,gusu,1,gusu,0.012031617899256775,0.9879683821007432,0.9879683821007432,0.4879683821007432,4.408112685653418,True,correct
IMG-0194,images/gusu/MET__DP-41320-001-daoguang.jpg,194,4,1,gusu,0,non_gusu,0.9941063549030131,0.005893645096986835,0.9941063549030131,0.4941063549030132,-5.127969529602533,False,false_negative_gusu_to_non_gusu
IMG-0195,images/gusu/MET__DP-41323-001-qianlong.jpg,195,4,1,gusu,1,gusu,0.001413200346967347,0.9985867996530327,0.9985867996530327,0.49858679965303265,6.560484197103994,True,correct
IMG-0196,images/gusu/MET__DP-41324-001-qianlong.jpg,196,2,1,gusu,1,gusu,0.06144657431558165,0.9385534256844184,0.9385534256844184,0.43855342568441835,2.7261716941319754,True,correct
IMG-0197,images/gusu/MET__DP-41326-001-qianlong-根延氏.jpg,197,2,1,gusu,1,gusu,7.573737537147629e-05,0.9999242626246285,0.9999242626246285,0.4999242626246285,9.48816304898217,True,correct
IMG-0198,images/gusu/MET__DP-41327-001-qianlong-曹陞.jpg,198,2,1,gusu,1,gusu,2.5467323075956116e-06,0.9999974532676924,0.9999974532676924,0.4999974532676924,12.880696921845692,True,correct
IMG-0199,images/gusu/MET__DP-41328-001-qianlong.jpg,199,3,1,gusu,1,gusu,6.575808594200261e-06,0.9999934241914058,0.9999934241914058,0.4999934241914058,11.932106431520955,True,correct
IMG-0200,images/gusu/MET__DP-41329-001-qianlong.jpg,200,1,1,gusu,1,gusu,0.00015315170612051343,0.9998468482938795,0.9998468482938795,0.4998468482938795,8.78392842111945,True,correct
IMG-0201,images/gusu/MET__DP-41331-001-jiaqing.jpg,201,4,1,gusu,1,gusu,0.0034720108648597092,0.9965279891351403,0.9965279891351403,0.4965279891351403,5.659543300626517,True,correct
IMG-0202,images/gusu/MET__DP-41333-001-qianlong.jpg,202,2,1,gusu,1,gusu,0.02661167148164245,0.9733883285183575,0.9733883285183575,0.47338832851835755,3.5994332098421595,True,correct
IMG-0203,images/gusu/MET__DP-41445-002-jiaqing-止庵.jpg,203,1,1,gusu,1,gusu,0.00031827038078113823,0.9996817296192189,0.9996817296192189,0.49968172961921886,8.052290961376885,True,correct
IMG-0204,images/gusu/MET__DP-41446-001-qianlong.jpg,204,1,1,gusu,1,gusu,0.007913527251234953,0.992086472748765,0.992086472748765,0.49208647274876505,4.831236668171438,True,correct
IMG-0205,images/gusu/MET__DP-41449-001-kangxi.jpg,205,4,1,gusu,1,gusu,0.007916628267207071,0.9920833717327929,0.9920833717327929,0.49208337173279293,4.830841756496109,True,correct
IMG-0206,images/gusu/MET__DP-41450-001-kangxi.jpg,206,2,1,gusu,1,gusu,0.04311239806207867,0.9568876019379213,0.9568876019379213,0.45688760193792133,3.099875322417699,True,correct
IMG-0207,images/gusu/MET__DP-41451-001-qianlong.jpg,207,5,1,gusu,1,gusu,0.003890991413766698,0.9961090085862333,0.9961090085862333,0.4961090085862333,5.545192710658141,True,correct
IMG-0208,images/gusu/MET__DP-41452-001-qianlong.jpg,208,3,1,gusu,0,non_gusu,0.8067419082705889,0.1932580917294111,0.8067419082705889,0.3067419082705889,-1.4289772424364666,False,false_negative_gusu_to_non_gusu
IMG-0209,images/gusu/MET__DP-41454-001-qianlong-丁亮先.jpg,209,3,1,gusu,1,gusu,4.714197927802033e-06,0.9999952858020722,0.9999952858020722,0.4999952858020722,12.264927052905902,True,correct
IMG-0210,images/gusu/MET__DP-41455-001-qianlong-应宗氏.jpg,210,5,1,gusu,1,gusu,0.0001558476579204271,0.9998441523420796,0.9998441523420796,0.4998441523420796,8.766475719840921,True,correct
IMG-0211,images/gusu/MET__DP-41456-001-qianlong-丁亮先.jpg,211,3,1,gusu,1,gusu,9.596988231397319e-05,0.999904030117686,0.999904030117686,0.499904030117686,9.251380167127909,True,correct
IMG-0212,images/gusu/MET__DP-41457-001-qianlong-亮先氏.jpg,212,4,1,gusu,1,gusu,2.5078070731154867e-09,0.9999999974921929,0.9999999974921929,0.4999999974921929,19.803857108209343,True,correct
IMG-0213,images/gusu/MET__DP-41458-001-qianlong-应宗.jpg,213,3,1,gusu,1,gusu,0.0001244765495939104,0.9998755234504061,0.9998755234504061,0.4998755234504061,8.991268732179023,True,correct
IMG-0214,images/gusu/MET__DP-41459-001-qianlong.jpg,214,1,1,gusu,1,gusu,0.045462401373978056,0.9545375986260219,0.9545375986260219,0.45453759862602194,3.044341392384629,True,correct
IMG-0215,images/gusu/MET__DP-41460-001-qianlong-亮先氏.jpg,215,3,1,gusu,1,gusu,3.3714170344367744e-08,0.9999999662858297,0.9999999662858297,0.49999996628582966,17.205347571960857,True,correct
IMG-0216,images/gusu/MET__DP-41461-001-qianlong-丁应宗.jpg,216,2,1,gusu,1,gusu,0.005018152983005342,0.9949818470169947,0.9949818470169947,0.49498184701699466,5.2896625584602335,True,correct
IMG-0217,images/gusu/MET__DP-41462-001-qianlong.jpg,217,3,1,gusu,1,gusu,2.4766349859817183e-08,0.9999999752336501,0.9999999752336501,0.49999997523365014,17.513779937365683,True,correct
IMG-0218,images/gusu/MET__DP-41463-001-qianlong-许源山.jpg,218,2,1,gusu,1,gusu,1.5189296931339413e-08,0.9999999848107031,0.9999999848107031,0.49999998481070307,18.0026747977739,True,correct
IMG-0219,images/gusu/MET__DP-41464-001-qianlong-许源山.jpg,219,1,1,gusu,1,gusu,2.1247438423133147e-06,0.9999978752561577,0.9999978752561577,0.4999978752561577,13.061857182872544,True,correct
IMG-0220,images/gusu/MET__DP-41465-001-qianlong.jpg,220,2,1,gusu,1,gusu,1.992211505874586e-06,0.9999980077884941,0.9999980077884941,0.4999980077884941,13.126263234557065,True,correct
IMG-0221,images/gusu/MET__DP-41466-001-qianlong.jpg,221,5,1,gusu,1,gusu,0.0001385573476520019,0.999861442652348,0.999861442652348,0.499861442652348,8.884087688619791,True,correct
IMG-0222,images/gusu/MET__DP-41467-001-qianlong.jpg,222,1,1,gusu,1,gusu,0.0050399759420879375,0.9949600240579121,0.9949600240579121,0.49496002405791206,5.285301250848629,True,correct
IMG-0223,images/gusu/MET__DP-41468-001-qianlong.jpg,223,3,1,gusu,1,gusu,6.859139156656369e-07,0.9999993140860843,0.9999993140860843,0.49999931408608433,14.192513018347283,True,correct
IMG-0224,images/gusu/MET__DP-41469-001-qianlong-亮先氏.jpg,224,2,1,gusu,1,gusu,0.021792672192810225,0.9782073278071898,0.9782073278071898,0.4782073278071898,3.8041478638471236,True,correct
IMG-0225,images/gusu/MET__DP-41470-001-qianlong-亮先题.jpg,225,5,1,gusu,1,gusu,2.4471696152938982e-05,0.9999755283038471,0.9999755283038471,0.49997552830384706,10.617968895301555,True,correct
IMG-0226,images/gusu/MET__DP-41473-001-qianlong.jpg,226,2,1,gusu,1,gusu,2.050805785269727e-05,0.9999794919421473,0.9999794919421473,0.4999794919421473,10.794672174797054,True,correct
IMG-0227,images/gusu/MET__DP-41821-001-yongzheng or qianlong-韩怀德.jpg,227,2,1,gusu,1,gusu,0.036081612972419075,0.9639183870275809,0.9639183870275809,0.4639183870275809,3.2852232306276967,True,correct
IMG-0228,images/gusu/MET__DP-41822-001-qianlong.jpg,228,5,1,gusu,1,gusu,0.03087933189017089,0.9691206681098291,0.9691206681098291,0.4691206681098291,3.4463020433893266,True,correct
IMG-0229,images/gusu/MET__DP-44380-002-qianlong.jpg,229,4,1,gusu,1,gusu,0.0002091675441961982,0.9997908324558038,0.9997908324558038,0.4997908324558038,8.472165790852141,True,correct
IMG-0230,images/gusu/MET__DP-44381-002-qianlong or jiaqing.jpg,230,5,1,gusu,1,gusu,5.94731334994103e-05,0.9999405268665006,0.9999405268665006,0.4999405268665006,9.729926410311526,True,correct
IMG-0231,images/gusu/MET__restricted-2-kangxi.jpg,231,2,1,gusu,1,gusu,0.010006191943540577,0.9899938080564594,0.9899938080564594,0.4899938080564594,4.594494592894273,True,correct
IMG-0232,images/gusu/MET__restricted-3-qianlong.jpg,232,4,1,gusu,1,gusu,5.030476092460212e-06,0.9999949695239075,0.9999949695239075,0.49999496952390754,12.199990897258584,True,correct
IMG-0233,images/gusu/MET__restricted-kangxi.jpg,233,1,1,gusu,1,gusu,0.01885036649644589,0.9811496335035541,0.9811496335035541,0.4811496335035541,3.9521926230503475,True,correct
IMG-0234,images/gusu/私人藏家__微信图片_20260506165420.jpg,234,1,1,gusu,0,non_gusu,0.5911165007633401,0.40888349923665984,0.5911165007633401,0.09111650076334016,-0.36858285026542825,False,false_negative_gusu_to_non_gusu
IMG-0235,images/gusu/私人藏家__微信图片_20260506165451.jpg,235,1,1,gusu,1,gusu,0.42410931433917987,0.5758906856608201,0.5758906856608201,0.07589068566082013,0.30592662200558873,True,correct
IMG-0236,images/gusu/私人藏家__微信图片_20260506165500.jpg,236,2,1,gusu,1,gusu,0.001155489771927698,0.9988445102280723,0.9988445102280723,0.4988445102280723,6.7620748220660065,True,correct
IMG-0237,images/gusu/私人藏家__微信图片_20260506165509.jpg,237,2,1,gusu,1,gusu,0.22901967767538012,0.7709803223246199,0.7709803223246199,0.2709803223246199,1.213854922384844,True,correct
IMG-0238,images/gusu/私人藏家__微信图片_20260506165517.jpg,238,2,1,gusu,1,gusu,0.004255593757819587,0.9957444062421804,0.9957444062421804,0.4957444062421804,5.455256308569807,True,correct
IMG-0239,images/gusu/私人藏家__微信图片_20260506165528.jpg,239,3,1,gusu,1,gusu,0.0038723202416214297,0.9961276797583786,0.9961276797583786,0.49612767975837857,5.550021568872526,True,correct
IMG-0240,images/gusu/私人藏家__微信图片_20260506165540.jpg,240,2,1,gusu,0,non_gusu,0.7720390345418608,0.22796096545813918,0.7720390345418608,0.27203903454186085,-1.2198607014582028,False,false_negative_gusu_to_non_gusu
IMG-0241,images/gusu/私人藏家__微信图片_20260506165548.jpg,241,1,1,gusu,0,non_gusu,0.9229067548356722,0.07709324516432778,0.9229067548356722,0.4229067548356722,-2.4825125400126584,False,false_negative_gusu_to_non_gusu
IMG-0242,images/gusu/私人藏家__微信图片_20260506165556.jpg,242,3,1,gusu,0,non_gusu,0.9932000379315039,0.006799962068496044,0.9932000379315039,0.49320003793150397,-4.9840150578210585,False,false_negative_gusu_to_non_gusu
IMG-0243,images/gusu/私人藏家__微信图片_20260506165606.jpg,243,4,1,gusu,0,non_gusu,0.9964749737395384,0.003525026260461532,0.9964749737395384,0.49647497373953847,-5.6443361391646585,False,false_negative_gusu_to_non_gusu
IMG-0244,images/gusu/私人藏家__微信图片_20260506165632.jpg,244,3,1,gusu,1,gusu,0.057863684300133666,0.9421363156998663,0.9421363156998663,0.44213631569986633,2.7900599992801305,True,correct
IMG-0245,images/gusu/私人藏家__微信图片_20260506165639.jpg,245,4,1,gusu,1,gusu,4.98248823754821e-07,0.9999995017511762,0.9999995017511762,0.49999950175117625,14.512165740199572,True,correct
IMG-0246,images/gusu/私人藏家__微信图片_20260506165648.jpg,246,5,1,gusu,1,gusu,0.08919352292324667,0.9108064770767533,0.9108064770767533,0.41080647707675333,2.32352202159784,True,correct
IMG-0247,images/gusu/私人藏家__微信图片_20260424173857.jpg,247,4,1,gusu,0,non_gusu,0.9982585249806619,0.0017414750193380359,0.9982585249806619,0.498258524980662,-6.35127981944783,False,false_negative_gusu_to_non_gusu
IMG-0248,images/gusu/私人藏家__微信图片_20260424173943.jpg,248,4,1,gusu,1,gusu,0.16016506937636887,0.8398349306236311,0.8398349306236311,0.3398349306236311,1.6570003943478133,True,correct
IMG-0249,images/gusu/私人藏家__微信图片_20260424173952.jpg,249,2,1,gusu,1,gusu,0.00016467393106911477,0.9998353260689309,0.9998353260689309,0.4998353260689309,8.711378527122099,True,correct
IMG-0250,images/gusu/私人藏家__微信图片_20260424174000.jpg,250,2,1,gusu,1,gusu,0.009713022076740185,0.9902869779232598,0.9902869779232598,0.4902869779232598,4.624527310488612,True,correct
IMG-0251,images/gusu/私人藏家__微信图片_20260424174015.jpg,251,4,1,gusu,0,non_gusu,0.8237916007223052,0.17620839927769485,0.8237916007223052,0.3237916007223052,-1.5422502048117759,False,false_negative_gusu_to_non_gusu
IMG-0252,images/gusu/私人藏家__微信图片_20260424174022.jpg,252,3,1,gusu,0,non_gusu,0.7375381733595007,0.26246182664049933,0.7375381733595007,0.23753817335950067,-1.0332121982269857,False,false_negative_gusu_to_non_gusu
IMG-0253,images/gusu/私人藏家__微信图片_20260424174029.jpg,253,3,1,gusu,1,gusu,0.1217311802466241,0.8782688197533759,0.8782688197533759,0.3782688197533759,1.976137546628956,True,correct
IMG-0254,images/gusu/私人藏家__微信图片_20260424174035.jpg,254,3,1,gusu,1,gusu,0.011769151085731955,0.988230848914268,0.988230848914268,0.48823084891426805,4.4304345297879255,True,correct
IMG-0255,images/gusu/私人藏家__微信图片_20260424174045.jpg,255,1,1,gusu,1,gusu,0.062219849063634425,0.9377801509363656,0.9377801509363656,0.4377801509363656,2.712841475253036,True,correct
IMG-0256,images/gusu/私人藏家__微信图片_20260424174054.jpg,256,5,1,gusu,1,gusu,0.010077289928423938,0.9899227100715761,0.9899227100715761,0.48992271007157606,4.587342499258447,True,correct
IMG-0257,images/gusu/私人藏家__微信图片_20260424174104.jpg,257,3,1,gusu,1,gusu,0.000745240405956693,0.9992547595940433,0.9992547595940433,0.4992547595940433,7.2010581808437415,True,correct
IMG-0258,images/gusu/私人藏家__微信图片_20260424174123.jpg,258,2,1,gusu,1,gusu,0.01019797368583586,0.9898020263141641,0.9898020263141641,0.48980202631416414,4.575315907407573,True,correct
IMG-0259,images/gusu/私人藏家__微信图片_20260424174129.jpg,259,5,1,gusu,1,gusu,0.012863537363844824,0.9871364626361552,0.9871364626361552,0.4871364626361552,4.340411541734366,True,correct
IMG-0260,images/gusu/私人藏家__微信图片_20260424174136.jpg,260,5,1,gusu,1,gusu,0.0010258494519576056,0.9989741505480424,0.9989741505480424,0.4989741505480424,6.881207899988982,True,correct
IMG-0261,images/gusu/私人藏家__微信图片_20260424174144.jpg,261,4,1,gusu,1,gusu,0.3472998243605693,0.6527001756394307,0.6527001756394307,0.15270017563943072,0.6309294207162349,True,correct
IMG-0262,images/gusu/私人藏家__微信图片_20260424174151.jpg,262,4,1,gusu,1,gusu,0.0010857155572379096,0.9989142844427621,0.9989142844427621,0.4989142844427621,6.824429704232346,True,correct
IMG-0263,images/gusu/私人藏家__微信图片_20260424174200.jpg,263,3,1,gusu,1,gusu,5.645336822568403e-05,0.9999435466317743,0.9999435466317743,0.4999435466317743,9.782039146768946,True,correct
IMG-0264,images/gusu/私人藏家__微信图片_20260424174209.jpg,264,4,1,gusu,1,gusu,0.005503587272338906,0.9944964127276611,0.9944964127276611,0.4944964127276611,5.196836380213703,True,correct
IMG-0265,images/gusu/私人藏家__微信图片_20260424174216.jpg,265,5,1,gusu,1,gusu,0.01630357775106439,0.9836964222489356,0.9836964222489356,0.4836964222489356,4.099932757819585,True,correct
IMG-0266,images/gusu/私人藏家__微信图片_20260424174222.jpg,266,4,1,gusu,0,non_gusu,0.897742326405201,0.10225767359479895,0.897742326405201,0.397742326405201,-2.1723872459953606,False,false_negative_gusu_to_non_gusu
IMG-0267,images/gusu/私人藏家__微信图片_20260424174229.jpg,267,2,1,gusu,1,gusu,0.0054566819946964,0.9945433180053036,0.9945433180053036,0.4945433180053036,5.205442743159985,True,correct
IMG-0268,images/gusu/私人藏家__微信图片_20260424174236.jpg,268,2,1,gusu,1,gusu,0.4338414202918155,0.5661585797081845,0.5661585797081845,0.0661585797081845,0.2661951388278888,True,correct
IMG-0269,images/gusu/私人藏家__微信图片_20260424174243.jpg,269,4,1,gusu,1,gusu,0.0033447981569842966,0.9966552018430157,0.9966552018430157,0.4966552018430157,5.6969985244320815,True,correct
IMG-0270,images/gusu/私人藏家__微信图片_20260424174250.jpg,270,4,1,gusu,1,gusu,2.7103973654019065e-05,0.999972896026346,0.999972896026346,0.499972896026346,10.515803107187786,True,correct
IMG-0271,images/gusu/私人藏家__微信图片_20260424174256.jpg,271,4,1,gusu,1,gusu,0.008974314722517862,0.9910256852774821,0.9910256852774821,0.49102568527748214,4.704373875116266,True,correct
IMG-0272,images/gusu/私人藏家__微信图片_20260424174303.jpg,272,5,1,gusu,1,gusu,0.3943094866227981,0.6056905133772019,0.6056905133772019,0.10569051337720192,0.42923305161993963,True,correct
IMG-0273,images/gusu/私人藏家__微信图片_20260424174310.jpg,273,5,1,gusu,1,gusu,0.059670445525258686,0.9403295544747413,0.9403295544747413,0.4403295544747413,2.7573935556957565,True,correct
IMG-0274,images/gusu/私人藏家__微信图片_20260424174319.jpg,274,3,1,gusu,1,gusu,0.14898385085653798,0.851016149143462,0.851016149143462,0.351016149143462,1.742593188501763,True,correct
IMG-0275,images/gusu/三国一组__GS0029-三国一组-私人藏家-1.jpg,275,4,1,gusu,1,gusu,0.008944231694718585,0.9910557683052814,0.9910557683052814,0.4910557683052814,4.7077619864031375,True,correct
IMG-0276,images/gusu/三国一组__GS0029-三国一组-私人藏家-2.jpg,276,2,1,gusu,1,gusu,0.025431702569829073,0.9745682974301709,0.9745682974301709,0.4745682974301709,3.645998072654084,True,correct
IMG-0277,images/gusu/三国一组__GS0029-三国一组-私人藏家-3.jpg,277,2,1,gusu,1,gusu,0.0009977055660791434,0.9990022944339209,0.9990022944339209,0.49900229443392086,6.90905414554416,True,correct
IMG-0278,images/gusu/三国一组__GS0029-三国一组-私人藏家-4.jpg,278,3,1,gusu,1,gusu,0.0018548383360101894,0.9981451616639898,0.9981451616639898,0.4981451616639898,6.288101176440675,True,correct
IMG-0279,images/gusu/佚名_《撩跤图》_清乾隆_墨版套色敷彩_54x30.5__佚名 《撩跤图》 清乾隆 墨版套色敷彩 54x30.5.jpg,279,3,1,gusu,1,gusu,0.03351326788693676,0.9664867321130632,0.9664867321130632,0.46648673211306324,3.3617261540391317,True,correct
IMG-0280,images/gusu/佚名_《渔家乐》清中期_墨版套色敷彩_56x26.5__佚名 《渔家乐》清中期 墨版套色敷彩 56x26.5.jpg,280,3,1,gusu,1,gusu,2.6447417145192276e-08,0.9999999735525829,0.9999999735525829,0.49999997355258285,17.4481073058731,True,correct
IMG-0281,images/gusu/佚名_《福寿双全》清_木版拓印134x54__佚名 《福寿双全》清 木版拓印134x54.jpg,281,2,1,gusu,1,gusu,8.623353792602817e-05,0.999913766462074,0.999913766462074,0.49991376646207397,9.35836514763949,True,correct
IMG-0282,images/gusu/私人藏家__丁亮先 《秋色花篮》清康乾时期 拱花，木版套色 25x32.5.jpg,282,2,1,gusu,1,gusu,0.000265524080211188,0.9997344759197888,0.9997344759197888,0.4997344759197888,8.233539464462934,True,correct
IMG-0283,images/gusu/奥莱美术馆__D11_平面_福寿双喜图.jpg,283,4,1,gusu,1,gusu,0.0005719735541812598,0.9994280264458187,0.9994280264458187,0.49942802644581874,7.465845664408511,True,correct
IMG-0284,images/gusu/奥莱美术馆__D1泥金报喜.jpg,284,3,1,gusu,1,gusu,0.0029032023501212034,0.9970967976498788,0.9970967976498788,0.4970967976498788,5.839033467755825,True,correct
IMG-0285,images/gusu/奥莱美术馆__D2_平面_抚琴图.jpg,285,5,1,gusu,1,gusu,7.728842170373618e-06,0.9999922711578296,0.9999922711578296,0.4999922711578296,11.770543761634967,True,correct
IMG-0286,images/gusu/奥莱美术馆__D3_平面_西湖全景之断桥残雪.jpg,286,5,1,gusu,1,gusu,0.02153925100095977,0.9784607489990402,0.9784607489990402,0.47846074899904023,3.8161037739396675,True,correct
IMG-0287,images/gusu/奥莱美术馆__D4_平面_西湖全景之平湖秋月.jpg,287,2,1,gusu,1,gusu,0.0007809968859033845,0.9992190031140966,0.9992190031140966,0.4992190031140966,7.154158093429206,True,correct
IMG-0288,images/gusu/奥莱美术馆__D5_平面_罗通盘肠大战.jpg,288,4,1,gusu,1,gusu,0.005096998241239881,0.9949030017587601,0.9949030017587601,0.4949030017587601,5.27399346043701,True,correct
IMG-0289,images/gusu/奥莱美术馆__D6_平面_时童赏梅.jpg,289,5,1,gusu,1,gusu,9.973490879433555e-05,0.9999002650912057,0.9999002650912057,0.49990026509120566,9.21289506403999,True,correct
IMG-0290,images/gusu/奥莱美术馆__D7_平面_程咬金大闹武举场.jpg,290,2,1,gusu,0,non_gusu,0.6151718978391911,0.3848281021608089,0.6151718978391911,0.11517189783919107,-0.46910499074447254,False,false_negative_gusu_to_non_gusu
IMG-0291,images/gusu/奥莱美术馆__D8_平面_张飞黑夜战马超.jpg,291,4,1,gusu,1,gusu,0.23950151294968647,0.7604984870503135,0.7604984870503135,0.26049848705031353,1.1554143883342165,True,correct
IMG-0292,images/gusu/奥莱美术馆__冬.jpg,292,4,1,gusu,1,gusu,0.0038721291859324936,0.9961278708140675,0.9961278708140675,0.4961278708140675,5.5500711007022945,True,correct
IMG-0293,images/gusu/奥莱美术馆__单.jpg,293,2,1,gusu,1,gusu,0.00029507227004876846,0.9997049277299512,0.9997049277299512,0.49970492772995123,8.12799513259923,True,correct
IMG-0294,images/gusu/奥莱美术馆__喜上眉梢.jpg,294,4,1,gusu,1,gusu,3.6199150318716455e-05,0.9999638008496813,0.9999638008496813,0.4999638008496813,10.226438711461684,True,correct
IMG-0295,images/gusu/奥莱美术馆__夏.jpg,295,1,1,gusu,1,gusu,0.0011227905868955723,0.9988772094131044,0.9988772094131044,0.4988772094131044,6.790814675721738,True,correct
IMG-0296,images/gusu/奥莱美术馆__姑苏美人.jpg,296,5,1,gusu,1,gusu,0.0019285616440889441,0.9980714383559111,0.9980714383559111,0.49807143835591106,6.249050392327773,True,correct
IMG-0297,images/gusu/奥莱美术馆__扬眉得意.jpg,297,1,1,gusu,1,gusu,2.5175136538768683e-06,0.9999974824863461,0.9999974824863461,0.4999974824863461,12.892236271234195,True,correct
IMG-0298,images/gusu/奥莱美术馆__春.jpg,298,4,1,gusu,1,gusu,8.621747021586579e-05,0.9999137825297841,0.9999137825297841,0.49991378252978413,9.35855150892477,True,correct
IMG-0299,images/gusu/奥莱美术馆__汾阳宫全.jpg,299,1,1,gusu,0,non_gusu,0.8764189967697273,0.12358100323027266,0.8764189967697273,0.37641899676972734,-1.9589474457356428,False,false_negative_gusu_to_non_gusu
IMG-0300,images/gusu/奥莱美术馆__清朝三百六十行.jpg,300,3,1,gusu,0,non_gusu,0.6903565536453431,0.30964344635465685,0.6903565536453431,0.19035655364534315,-0.8017867460653773,False,false_negative_gusu_to_non_gusu
IMG-0301,images/gusu/奥莱美术馆__秋.jpg,301,3,1,gusu,1,gusu,0.00014779709584678002,0.9998522029041532,0.9998522029041532,0.4998522029041532,8.81952239083369,True,correct
IMG-0302,images/gusu/奥莱美术馆__秋色花篮.jpg,302,2,1,gusu,1,gusu,0.002866121012437217,0.9971338789875628,0.9971338789875628,0.4971338789875628,5.851925490805041,True,correct
IMG-0303,images/gusu/奥莱美术馆__腊转春回.jpg,303,1,1,gusu,1,gusu,1.7046945965937255e-08,0.999999982953054,0.999999982953054,0.49999998295305403,17.887294748407044,True,correct
IMG-0304,images/gusu/奥莱美术馆__莲蓬菱角图.jpg,304,1,1,gusu,1,gusu,4.4343614667208264e-05,0.9999556563853328,0.9999556563853328,0.4999556563853328,10.023497490914137,True,correct
IMG-0305,images/gusu/姑苏-私人藏家__微信图片_20260404210321.jpg,305,1,1,gusu,0,non_gusu,0.7880512462100192,0.21194875378998076,0.7880512462100192,0.2880512462100192,-1.3132186029592712,False,false_negative_gusu_to_non_gusu
IMG-0306,images/gusu/姑苏-私人藏家__微信图片_20260404210331.jpg,306,2,1,gusu,1,gusu,0.007503885785232978,0.992496114214767,0.992496114214767,0.492496114214767,4.884802106334736,True,correct
IMG-0307,images/gusu/姑苏-私人藏家__微信图片_20260404210339.jpg,307,2,1,gusu,1,gusu,0.11371769698153256,0.8862823030184674,0.8862823030184674,0.38628230301846744,2.0533164913657,True,correct
IMG-0308,images/gusu/姑苏-私人藏家__微信图片_20260404212958.jpg,308,4,1,gusu,1,gusu,0.01822450000986242,0.9817754999901376,0.9817754999901376,0.4817754999901376,3.9865958239194375,True,correct
IMG-0309,images/gusu/姑苏-私人藏家__微信图片_20260404213009.jpg,309,4,1,gusu,1,gusu,0.0787397452175782,0.9212602547824218,0.9212602547824218,0.4212602547824218,2.459594525052942,True,correct
IMG-0310,images/gusu/姑苏-私人藏家__微信图片_20260404213022.jpg,310,3,1,gusu,1,gusu,0.00045767179114686307,0.9995423282088531,0.9995423282088531,0.49954232820885314,7.688900467401454,True,correct
IMG-0311,images/gusu/姑苏-私人藏家__微信图片_20260404213034.jpg,311,2,1,gusu,1,gusu,0.3054557397035226,0.6945442602964774,0.6945442602964774,0.19454426029647742,0.8214509999973835,True,correct
IMG-0312,images/gusu/姑苏-私人藏家__微信图片_20260404213247.jpg,312,1,1,gusu,1,gusu,0.0034764955299649847,0.996523504470035,0.996523504470035,0.496523504470035,5.658247971629161,True,correct
IMG-0313,images/gusu/姑苏-私人藏家__微信图片_20260404213257.jpg,313,3,1,gusu,1,gusu,0.00015520684363901083,0.999844793156361,0.999844793156361,0.499844793156361,8.770596636685214,True,correct
IMG-0314,images/gusu/姑苏-私人藏家__微信图片_20260404213306.jpg,314,4,1,gusu,1,gusu,0.008457977702332031,0.991542022297668,0.991542022297668,0.49154202229766797,4.764151226845634,True,correct
IMG-0315,images/gusu/姑苏-私人藏家__微信图片_20260404213313.jpg,315,4,1,gusu,1,gusu,0.00012812522014937766,0.9998718747798506,0.9998718747798506,0.4998718747798506,8.96237435640487,True,correct
IMG-0316,images/gusu/姑苏-私人藏家__微信图片_20260404213322.jpg,316,2,1,gusu,1,gusu,0.010999666249411844,0.9890003337505882,0.9890003337505882,0.48900033375058816,4.4988297377098085,True,correct
IMG-0317,images/gusu/姑苏-私人藏家__微信图片_20260404213329.jpg,317,1,1,gusu,1,gusu,0.008546677486628296,0.9914533225133717,0.9914533225133717,0.4914533225133717,4.753629259835322,True,correct
IMG-0318,images/gusu/姑苏-私人藏家__微信图片_20260404213337.jpg,318,4,1,gusu,1,gusu,0.0008180877217964788,0.9991819122782035,0.9991819122782035,0.4991819122782035,7.107722565213031,True,correct
IMG-0319,images/gusu/姑苏-私人藏家__微信图片_20260404213558.jpg,319,3,1,gusu,1,gusu,0.000565934369062937,0.9994340656309371,0.9994340656309371,0.49943406563093706,7.4764663476333375,True,correct
IMG-0320,images/gusu/姑苏-私人藏家__微信图片_20260404213611.jpg,320,4,1,gusu,1,gusu,0.00028436940023868207,0.9997156305997613,0.9997156305997613,0.4997156305997613,8.164952050080757,True,correct
IMG-0321,images/gusu/姑苏-私人藏家__微信图片_20260404214109.jpg,321,3,1,gusu,1,gusu,0.01162609851522678,0.9883739014847732,0.9883739014847732,0.4883739014847732,4.442808626012355,True,correct
IMG-0322,images/gusu/姑苏-私人藏家__微信图片_20260404214129.jpg,322,5,1,gusu,1,gusu,0.002308171021710881,0.9976918289782891,0.9976918289782891,0.4976918289782891,6.068988994598841,True,correct
IMG-0323,images/gusu/姑苏-私人藏家__微信图片_20260404214137.jpg,323,1,1,gusu,1,gusu,8.794335665007758e-05,0.9999120566433499,0.9999120566433499,0.4999120566433499,9.338729677939659,True,correct
IMG-0324,images/gusu/姑苏-私人藏家__微信图片_20260404220824.jpg,324,3,1,gusu,1,gusu,0.02881353050232538,0.9711864694976746,0.9711864694976746,0.4711864694976746,3.517673402547183,True,correct
IMG-0325,images/gusu/姑苏-私人藏家__微信图片_20260404220835.jpg,325,5,1,gusu,1,gusu,0.00543428701900317,0.9945657129809968,0.9945657129809968,0.49456571298099683,5.2095778438004485,True,correct
IMG-0326,images/gusu/姑苏-私人藏家__微信图片_20260404220845.jpg,326,2,1,gusu,1,gusu,0.02661493144244076,0.9733850685575592,0.9733850685575592,0.47338506855755924,3.5993073670871665,True,correct
IMG-0327,images/gusu/姑苏-私人藏家__微信图片_20260404220859.jpg,327,3,1,gusu,1,gusu,0.012847835968695986,0.987152164031304,0.987152164031304,0.487152164031304,4.341648805715127,True,correct
IMG-0328,images/gusu/姑苏-私人藏家__微信图片_20260404220906.jpg,328,5,1,gusu,1,gusu,1.4440700564999354e-05,0.999985559299435,0.999985559299435,0.499985559299435,11.145445469292598,True,correct
IMG-0329,images/gusu/姑苏-私人藏家__微信图片_20260404220913.jpg,329,3,1,gusu,1,gusu,1.9010016578668854e-06,0.9999980989983421,0.9999980989983421,0.49999809899834213,13.173127721409923,True,correct
IMG-0330,images/gusu/姑苏-私人藏家__微信图片_20260404220921.jpg,330,2,1,gusu,1,gusu,0.3594153593858237,0.6405846406141763,0.6405846406141763,0.1405846406141763,0.5779025507013984,True,correct
IMG-0331,images/gusu/姑苏-私人藏家__微信图片_20260409094121.jpg,331,2,1,gusu,1,gusu,0.0006729635524908018,0.9993270364475092,0.9993270364475092,0.4993270364475092,7.303146196466526,True,correct
IMG-0332,images/gusu/姑苏-私人藏家__微信图片_20260409095208.jpg,332,4,1,gusu,1,gusu,0.08888966749346505,0.911110332506535,0.911110332506535,0.41111033250653495,2.327268091754935,True,correct
IMG-0333,images/gusu/姑苏-私人藏家__微信图片_20260409095219.jpg,333,3,1,gusu,1,gusu,0.025274771635497517,0.9747252283645025,0.9747252283645025,0.4747252283645025,3.652348884545165,True,correct
IMG-0334,images/gusu/姑苏-私人藏家__微信图片_20260409095226.jpg,334,1,1,gusu,1,gusu,0.008010103151408265,0.9919898968485917,0.9919898968485917,0.49198989684859173,4.819009283778475,True,correct
IMG-0335,images/gusu/姑苏-私人藏家__微信图片_20260409095231.jpg,335,1,1,gusu,1,gusu,0.0007028683509658906,0.9992971316490341,0.9992971316490341,0.4992971316490341,7.259637835685464,True,correct
IMG-0336,images/gusu/姑苏-私人藏家__微信图片_20260409101633.jpg,336,1,1,gusu,1,gusu,0.003788641573237217,0.9962113584267628,0.9962113584267628,0.4962113584267628,5.5719519114304275,True,correct
IMG-0337,images/gusu/姑苏-私人藏家__微信图片_20260409102208.jpg,337,3,1,gusu,1,gusu,0.3666046132191422,0.6333953867808578,0.6333953867808578,0.13339538678085783,0.5468109316933073,True,correct
IMG-0338,images/gusu/姑苏-私人藏家__微信图片_20260409102217.jpg,338,4,1,gusu,0,non_gusu,0.9837027238219972,0.016297276178002834,0.9837027238219972,0.4837027238219972,-4.100325753265843,False,false_negative_gusu_to_non_gusu
IMG-0339,images/gusu/姑苏-私人藏家__微信图片_20260409102222.jpg,339,3,1,gusu,1,gusu,0.040396044816865206,0.9596039551831348,0.9596039551831348,0.4596039551831348,3.1677887730549665,True,correct
IMG-0340,images/gusu/姑苏-私人藏家__微信图片_20260409102227.jpg,340,5,1,gusu,0,non_gusu,0.8633169018190073,0.1366830981809927,0.8633169018190073,0.36331690181900733,-1.8431167388065195,False,false_negative_gusu_to_non_gusu
IMG-0341,images/gusu/姑苏-私人藏家__微信图片_20260409102231.jpg,341,1,1,gusu,1,gusu,0.0016192131370763585,0.9983807868629236,0.9983807868629236,0.49838078686292364,6.424194440111604,True,correct
IMG-0342,images/gusu/姑苏-私人藏家__微信图片_20260409120614.jpg,342,4,1,gusu,1,gusu,5.8592899951359634e-05,0.9999414071000486,0.9999414071000486,0.49994140710004864,9.744838435344352,True,correct
IMG-0343,images/gusu/姑苏-私人藏家__微信图片_20260409120628.jpg,343,3,1,gusu,1,gusu,0.017906108969185097,0.9820938910308149,0.9820938910308149,0.4820938910308149,4.00454497801405,True,correct
IMG-0344,images/gusu/姑苏-私人藏家__微信图片_20260409120638.jpg,344,3,1,gusu,1,gusu,0.014089247067621047,0.985910752932379,0.985910752932379,0.48591075293237895,4.24815394911419,True,correct
IMG-0345,images/gusu/姑苏-私人藏家__微信图片_20260409120644.jpg,345,4,1,gusu,1,gusu,0.003096560905304302,0.9969034390946957,0.9969034390946957,0.4969034390946957,5.774361803529818,True,correct
IMG-0346,images/gusu/姑苏-私人藏家__微信图片_20260409120651.jpg,346,2,1,gusu,1,gusu,0.0071255852064047165,0.9928744147935953,0.9928744147935953,0.4928744147935953,4.936912328533072,True,correct
IMG-0347,images/gusu/姑苏-私人藏家__微信图片_20260409120659.jpg,347,5,1,gusu,1,gusu,0.016269579589181182,0.9837304204108188,0.9837304204108188,0.4837304204108188,4.102054815255678,True,correct
IMG-0348,images/gusu/姑苏-私人藏家__微信图片_20260409120708.jpg,348,2,1,gusu,1,gusu,5.5425025871636e-05,0.9999445749741284,0.9999445749741284,0.49994457497412836,9.800423909111815,True,correct
IMG-0349,images/gusu/姑苏-私人藏家__微信图片_20260409120716.jpg,349,1,1,gusu,1,gusu,0.07955179689560632,0.9204482031043937,0.9204482031043937,0.4204482031043937,2.4484523859154517,True,correct
IMG-0350,images/gusu/姑苏-私人藏家__微信图片_20260409120724.jpg,350,2,1,gusu,1,gusu,0.00037015583520771944,0.9996298441647923,0.9996298441647923,0.4996298441647923,7.901216240399001,True,correct
IMG-0351,images/gusu/姑苏-私人藏家__微信图片_20260409121054.jpg,351,2,1,gusu,1,gusu,0.00100658994041547,0.9989934100595845,0.9989934100595845,0.49899341005958453,6.900179860406343,True,correct
IMG-0352,images/gusu/姑苏-私人藏家__微信图片_20260409121101.jpg,352,5,1,gusu,1,gusu,0.07668545358185819,0.9233145464181418,0.9233145464181418,0.4233145464181418,2.4882579265107854,True,correct
IMG-0353,images/gusu/姑苏-私人藏家__微信图片_20260409121112.jpg,353,1,1,gusu,1,gusu,0.24324245498005304,0.756757545019947,0.756757545019947,0.25675754501994696,1.1349842151147547,True,correct
IMG-0354,images/gusu/姑苏-私人藏家__微信图片_20260409121119.jpg,354,4,1,gusu,1,gusu,0.4207633908351138,0.5792366091648862,0.5792366091648862,0.07923660916488617,0.3196403868322659,True,correct
IMG-0355,images/gusu/姑苏-私人藏家__微信图片_20260409121125.jpg,355,5,1,gusu,1,gusu,0.00018996718999753082,0.9998100328100025,0.9998100328100025,0.49981003281000247,8.568469199703376,True,correct
IMG-0356,images/gusu/姑苏-私人藏家__微信图片_20260409121133.jpg,356,1,1,gusu,1,gusu,0.20224376039053416,0.7977562396094658,0.7977562396094658,0.29775623960946584,1.3723293821487674,True,correct
IMG-0357,images/gusu/姑苏-私人藏家__微信图片_20260409121140.jpg,357,4,1,gusu,1,gusu,2.7716674954159082e-05,0.9999722833250458,0.9999722833250458,0.49997228332504584,10.493448624925964,True,correct
IMG-0358,images/gusu/姑苏-私人藏家__微信图片_20260409121147.jpg,358,1,1,gusu,1,gusu,7.430784463835494e-05,0.9999256921553616,0.9999256921553616,0.49992569215536165,9.507219720610859,True,correct
IMG-0359,images/gusu/姑苏-私人藏家__微信图片_20260409121153.jpg,359,2,1,gusu,1,gusu,3.650737023797035e-08,0.9999999634926298,0.9999999634926298,0.49999996349262976,17.12575163881798,True,correct
IMG-0360,images/gusu/姑苏-私人藏家__微信图片_20260409121942.jpg,360,1,1,gusu,0,non_gusu,0.9980441231509376,0.001955876849062444,0.9980441231509376,0.49804412315093755,-6.234958877879746,False,false_negative_gusu_to_non_gusu
IMG-0361,images/gusu/姑苏-私人藏家__微信图片_20260409125339.jpg,361,5,1,gusu,1,gusu,0.3090132177340097,0.6909867822659903,0.6909867822659903,0.1909867822659903,0.8047366433497081,True,correct
IMG-0362,images/gusu/姑苏-私人藏家__微信图片_20260409125350.jpg,362,5,1,gusu,1,gusu,0.015031553217819682,0.9849684467821803,0.9849684467821803,0.4849684467821803,4.182458067337468,True,correct
IMG-0363,images/gusu/姑苏-私人藏家__微信图片_20260409125358.jpg,363,3,1,gusu,0,non_gusu,0.9990017363222561,0.0009982636777439416,0.9990017363222561,0.4990017363222561,-6.9084943481180785,False,false_negative_gusu_to_non_gusu
IMG-0364,images/gusu/姑苏-私人藏家__微信图片_20260409125405.jpg,364,4,1,gusu,0,non_gusu,0.9969548533496968,0.003045146650303186,0.9969548533496968,0.4969548533496968,-5.791156425417494,False,false_negative_gusu_to_non_gusu
IMG-0365,images/gusu/姑苏-私人藏家__微信图片_20260410093914.jpg,365,5,1,gusu,0,non_gusu,0.9978170769273379,0.0021829230726621352,0.9978170769273379,0.49781707692733784,-6.124905132188255,False,false_negative_gusu_to_non_gusu
IMG-0366,images/gusu/姑苏-私人藏家__微信图片_20260410095834.jpg,366,4,1,gusu,1,gusu,0.23533278349243913,0.7646672165075609,0.7646672165075609,0.26466721650756087,1.1784401156925224,True,correct
IMG-0367,images/gusu/姑苏-私人藏家__微信图片_20260410095846.jpg,367,3,1,gusu,1,gusu,0.4672675515392233,0.5327324484607767,0.5327324484607767,0.03273244846077672,0.1311173161491831,True,correct
IMG-0368,images/gusu/姑苏-私人藏家__微信图片_20260410095851.jpg,368,3,1,gusu,1,gusu,0.09501804321592278,0.9049819567840772,0.9049819567840772,0.4049819567840772,2.253848204090962,True,correct
IMG-0369,images/gusu/姑苏-私人藏家__微信图片_20260410095855.jpg,369,3,1,gusu,1,gusu,0.007584066077365503,0.9924159339226345,0.9924159339226345,0.4924159339226345,4.874092829989022,True,correct
IMG-0370,images/gusu/姑苏-统计表__微信图片_20260409095939.jpg,370,4,1,gusu,0,non_gusu,0.9966446854017059,0.003355314598294069,0.9966446854017059,0.4966446854017059,-5.693848786681671,False,false_negative_gusu_to_non_gusu
IMG-0371,images/gusu/姑苏-统计表__微信图片_20260409102514.jpg,371,5,1,gusu,0,non_gusu,0.9458267881059309,0.054173211894069095,0.9458267881059309,0.4458267881059309,-2.8598729122642355,False,false_negative_gusu_to_non_gusu
IMG-0372,images/gusu/姑苏-统计表__微信图片_20260410100409.jpg,372,3,1,gusu,1,gusu,0.44685197475200245,0.5531480252479976,0.5531480252479976,0.053148025247997555,0.21339825537246393,True,correct
IMG-0373,images/gusu/姑苏季永吉发行_《刘天璧》清康熙_墨版套色敷彩_50×36__姑苏季永吉发行 《刘天璧》清康熙 墨版套色敷彩 50×36.jpg,373,5,1,gusu,1,gusu,0.0001631456252818575,0.9998368543747181,0.9998368543747181,0.49983685437471814,8.720704190436132,True,correct
IMG-0374,images/gusu/水浒传等（一函十二张）__GS0028-水浒传等(一函十二张)-私人藏家-1.jpg,374,5,1,gusu,1,gusu,0.015119937254923221,0.9848800627450768,0.9848800627450768,0.4848800627450768,4.176505649111594,True,correct
IMG-0375,images/gusu/水浒传等（一函十二张）__GS0028-水浒传等(一函十二张)-私人藏家-10.jpg,375,4,1,gusu,1,gusu,0.0010744811537457544,0.9989255188462542,0.9989255188462542,0.49892551884625425,6.834842322770216,True,correct
IMG-0376,images/gusu/水浒传等（一函十二张）__GS0028-水浒传等(一函十二张)-私人藏家-11.jpg,376,4,1,gusu,1,gusu,0.00521819795759304,0.994781802042407,0.994781802042407,0.49478180204240696,5.250371295239442,True,correct
IMG-0377,images/gusu/水浒传等（一函十二张）__GS0028-水浒传等(一函十二张)-私人藏家-12.jpg,377,3,1,gusu,1,gusu,3.383121723987692e-05,0.9999661687827601,0.9999661687827601,0.4999661687827601,10.294092762952227,True,correct
IMG-0378,images/gusu/水浒传等（一函十二张）__GS0028-水浒传等(一函十二张)-私人藏家-2.jpg,378,3,1,gusu,1,gusu,0.0020323814186422595,0.9979676185813577,0.9979676185813577,0.49796761858135774,6.196512611347471,True,correct
IMG-0379,images/gusu/水浒传等（一函十二张）__GS0028-水浒传等(一函十二张)-私人藏家-3.jpg,379,2,1,gusu,1,gusu,0.00042075498532212485,0.9995792450146779,0.9995792450146779,0.4995792450146779,7.77303903277968,True,correct
IMG-0380,images/gusu/水浒传等（一函十二张）__GS0028-水浒传等(一函十二张)-私人藏家-4.jpg,380,1,1,gusu,1,gusu,4.255800130081866e-06,0.9999957441998699,0.9999957441998699,0.4999957441998699,12.367223513115698,True,correct
IMG-0381,images/gusu/水浒传等（一函十二张）__GS0028-水浒传等(一函十二张)-私人藏家-5.jpg,381,3,1,gusu,1,gusu,6.911052833691311e-05,0.9999308894716631,0.9999308894716631,0.4999308894716631,9.579734362103506,True,correct
IMG-0382,images/gusu/水浒传等（一函十二张）__GS0028-水浒传等(一函十二张)-私人藏家-6.jpg,382,3,1,gusu,1,gusu,0.00047990866149694167,0.9995200913385031,0.9995200913385031,0.49952009133850306,7.641434736863195,True,correct
IMG-0383,images/gusu/水浒传等（一函十二张）__GS0028-水浒传等(一函十二张)-私人藏家-7.jpg,383,4,1,gusu,1,gusu,0.36360278062597007,0.6363972193740299,0.6363972193740299,0.13639721937402993,0.5597609173884172,True,correct
IMG-0384,images/gusu/水浒传等（一函十二张）__GS0028-水浒传等(一函十二张)-私人藏家-8.jpg,384,3,1,gusu,1,gusu,0.0004076131244808989,0.9995923868755191,0.9995923868755191,0.4995923868755191,7.804784361499459,True,correct
IMG-0385,images/gusu/水浒传等（一函十二张）__GS0028-水浒传等(一函十二张)-私人藏家-9.jpg,385,2,1,gusu,1,gusu,0.004088001431883925,0.9959119985681161,0.9959119985681161,0.4959119985681161,5.495602695663332,True,correct
IMG-0386,images/gusu/私人藏家__GS0002-仕女婴戏图-私人藏家.jpg,386,1,1,gusu,1,gusu,4.798460027166662e-05,0.9999520153997283,0.9999520153997283,0.49995201539972833,9.944582440455811,True,correct
IMG-0387,images/gusu/私人藏家__GS0003-演奏十番图-私人藏家.jpg,387,1,1,gusu,1,gusu,0.012461339621317125,0.9875386603786829,0.9875386603786829,0.4875386603786829,4.37258462443003,True,correct
IMG-0388,images/gusu/私人藏家__GS0009-仕女消闲图-私人藏家.jpg,388,5,1,gusu,1,gusu,0.0005553597033907121,0.9994446402966093,0.9994446402966093,0.4994446402966093,7.495339025963098,True,correct
IMG-0389,images/gusu/私人藏家__GS0010-描金凤-私人藏家.jpg,389,5,1,gusu,1,gusu,0.19501490986466297,0.804985090135337,0.804985090135337,0.30498509013533703,1.4177477391908364,True,correct
IMG-0390,images/gusu/私人藏家__GS0011-石榴童子图-私人藏家.jpg,390,1,1,gusu,1,gusu,2.7793331969228063e-08,0.999999972206668,0.999999972206668,0.49999997220666803,17.39846967428346,True,correct
IMG-0391,images/gusu/私人藏家__GS0012-太平统一万国来朝-私人藏家.jpg,391,1,1,gusu,1,gusu,0.009018628614241742,0.9909813713857583,0.9909813713857583,0.49098137138575826,4.6994034521757655,True,correct
IMG-0392,images/gusu/私人藏家__GS0013-满堂吉庆-私人藏家.jpg,392,3,1,gusu,1,gusu,0.0012980994520958022,0.9987019005479042,0.9987019005479042,0.4987019005479042,6.645555101433979,True,correct
IMG-0393,images/gusu/私人藏家__GS0014-水演图-私人藏家.jpg,393,1,1,gusu,1,gusu,0.45115089503092465,0.5488491049690754,0.5488491049690754,0.04884910496907535,0.1960216870670987,True,correct
IMG-0394,images/gusu/私人藏家__GS0015-教子图（侍女执笔图）-私人藏家.jpg,394,3,1,gusu,1,gusu,0.0025520741614240006,0.997447925838576,0.997447925838576,0.497447925838576,5.968293517548732,True,correct
IMG-0395,images/gusu/私人藏家__GS0016-百寿图-私人藏家.jpg,395,4,1,gusu,1,gusu,0.05170456686897584,0.9482954331310242,0.9482954331310242,0.44829543313102416,2.9091199803938452,True,correct
IMG-0396,images/gusu/私人藏家__GS0018-一团和气-私人藏家.jpg,396,1,1,gusu,1,gusu,0.0013142402428496514,0.9986857597571503,0.9986857597571503,0.49868575975715035,6.633181437798774,True,correct
IMG-0397,images/gusu/私人藏家__GS0019-杨贵妃游园图-私人藏家.jpg,397,4,1,gusu,1,gusu,1.4354893344004083e-06,0.9999985645106656,0.9999985645106656,0.4999985645106656,13.454003331809401,True,correct
IMG-0398,images/gusu/私人藏家__GS0020-演奏十番多子演乐图-私人藏家.jpg,398,5,1,gusu,1,gusu,0.00043130261206247855,0.9995686973879375,0.9995686973879375,0.4995686973879375,7.748269202424919,True,correct
IMG-0399,images/gusu/私人藏家__GS0021-道光元年福寿春牛图-私人藏家.jpg,399,1,1,gusu,1,gusu,0.04753556667326997,0.95246443332673,0.95246443332673,0.45246443332673003,2.9975745630448096,True,correct
IMG-0400,images/gusu/私人藏家__GS0022-教子图-私人藏家.jpg,400,4,1,gusu,1,gusu,0.00014999482475142045,0.9998500051752486,0.9998500051752486,0.4998500051752486,8.804759760045247,True,correct
IMG-0401,images/gusu/私人藏家__GS0023-杂技图-私人藏家.jpg,401,3,1,gusu,1,gusu,1.0435969409861023e-05,0.9999895640305901,0.9999895640305901,0.49998956403059014,11.470241685895298,True,correct
IMG-0402,images/gusu/私人藏家__GS0024-教子图-私人藏家.jpg,402,3,1,gusu,1,gusu,0.0002599988673697151,0.9997400011326303,0.9997400011326303,0.4997400011326303,8.254573250556103,True,correct
IMG-0403,images/gusu/私人藏家__GS0025-杂技图-私人藏家.jpg,403,1,1,gusu,1,gusu,1.621929318185167e-05,0.9999837807068181,0.9999837807068181,0.49998378070681815,11.029292867754114,True,correct
IMG-0404,images/gusu/私人藏家__GS0026-宴会图(张荣兴)-私人藏家.jpg,404,4,1,gusu,1,gusu,0.029406192601465486,0.9705938073985345,0.9705938073985345,0.4705938073985345,3.496702771904448,True,correct
IMG-0405,images/gusu/私人藏家__GS0027-杂技图-私人藏家.jpg,405,1,1,gusu,1,gusu,0.007439961831182451,0.9925600381688175,0.9925600381688175,0.49256003816881755,4.89342178397511,True,correct
IMG-0406,images/gusu/私人藏家__佚名 《蜀峰雪景》清中期 墨版套色敷彩 33x52.jpg,406,5,1,gusu,1,gusu,0.007159244938578335,0.9928407550614217,0.9928407550614217,0.49284075506142166,4.932165763767848,True,correct
IMG-0407,images/gusu/私人藏家__博古花卉图-青铜花瓶中的石榴.jpg,407,3,1,gusu,1,gusu,2.3436064874982065e-05,0.999976563935125,0.999976563935125,0.499976563935125,10.661211051773776,True,correct
IMG-0408,images/gusu/私人藏家__双和 《岳阳楼》清中期 墨版套色敷彩 59x109.jpg,408,2,1,gusu,1,gusu,0.004287094754524823,0.9957129052454752,0.9957129052454752,0.4957129052454752,5.447849678157839,True,correct
IMG-0409,images/gusu/私人藏家__墨浪子 《姑苏玄墓山胜景》清康熙 墨版套色敷彩 96x52.jpg,409,4,1,gusu,1,gusu,0.0015147332966078952,0.9984852667033921,0.9984852667033921,0.4984852667033921,6.491000015696045,True,correct
IMG-0410,images/gusu/私人藏家__寿星图.jpg,410,5,1,gusu,0,non_gusu,0.9475379124329906,0.052462087567009416,0.9475379124329906,0.44753791243299057,-2.8937761821309915,False,false_negative_gusu_to_non_gusu
IMG-0411,images/gusu/私人藏家__游园图.jpg,411,2,1,gusu,1,gusu,0.00032989670833938334,0.9996701032916606,0.9996701032916606,0.4996701032916606,8.016401006395748,True,correct
IMG-0412,images/gusu/私人藏家__琵琶上的蝴蝶.jpg,412,4,1,gusu,1,gusu,3.9970727616633894e-08,0.9999999600292724,0.9999999600292724,0.4999999600292724,17.035118421003247,True,correct
IMG-0413,images/gusu/私人藏家__石榴花上的鸟儿.jpg,413,5,1,gusu,1,gusu,5.174074698033326e-05,0.9999482592530197,0.9999482592530197,0.49994825925301967,9.86921320203273,True,correct
IMG-0414,images/gusu/私人藏家__芙蓉上的鸟儿.jpg,414,4,1,gusu,1,gusu,0.03240388098836433,0.9675961190116357,0.9675961190116357,0.46759611901163567,3.3965365685686186,True,correct
IMG-0415,images/gusu/私人藏家__荔枝上的螳螂.jpg,415,3,1,gusu,1,gusu,6.427944915010642e-06,0.999993572055085,0.999993572055085,0.499993572055085,11.954849251710515,True,correct
IMG-0416,images/gusu/私人藏家__采茶歌（正月、二月、三月）.jpg,416,1,1,gusu,1,gusu,0.0003093849628138523,0.9996906150371861,0.9996906150371861,0.49969061503718615,8.08061478929322,True,correct
IMG-0417,images/gusu/私人藏家__麟儿图.jpg,417,4,1,gusu,1,gusu,0.2599420153312708,0.7400579846687292,0.7400579846687292,0.24005798466872919,1.0462699526021841,True,correct
IMG-0418,images/gusu/苏州市公共文化中心（苏州美术馆）__14.石榴上的螽斯.jpg,418,1,1,gusu,1,gusu,4.047652933936163e-06,0.9999959523470661,0.9999959523470661,0.49999595234706606,12.417369319646093,True,correct
IMG-0419,images/gusu/苏州市公共文化中心（苏州美术馆）__15.蝴蝶牡丹图.jpg,419,2,1,gusu,1,gusu,0.015219502509052574,0.9847804974909474,0.9847804974909474,0.4847804974909474,4.169841105911063,True,correct
IMG-0420,images/gusu/苏州市公共文化中心（苏州美术馆）__MR2018022901-桃花坞版画麒麟送子图-无.jpg,420,3,1,gusu,1,gusu,0.0018697325207260862,0.9981302674792739,0.9981302674792739,0.4981302674792739,6.280088412738923,True,correct
IMG-0421,images/gusu/苏州市公共文化中心（苏州美术馆）__MR2018023001-桃花坞版画二美闲坐图-无.jpg,421,5,1,gusu,1,gusu,0.0017640337758183522,0.9982359662241816,0.9982359662241816,0.49823596622418165,6.338386582775983,True,correct
IMG-0422,images/gusu/苏州市公共文化中心（苏州美术馆）__MR2019024701-姑苏阊门图-无.jpg,422,3,1,gusu,1,gusu,0.0003745964721127981,0.9996254035278872,0.9996254035278872,0.4996254035278872,7.889286519092181,True,correct
IMG-0423,images/gusu/苏州市公共文化中心（苏州美术馆）__PR0696-天仙送子麒麟送子对门画-无-1.jpg,423,2,1,gusu,1,gusu,0.17969265146605218,0.8203073485339478,0.8203073485339478,0.3203073485339478,1.5184311857087143,True,correct
IMG-0424,images/gusu/苏州市公共文化中心（苏州美术馆）__PR0696-天仙送子麒麟送子对门画-无-2.jpg,424,1,1,gusu,1,gusu,0.04432791232568867,0.9556720876743113,0.9556720876743113,0.45567208767431133,3.070800295978004,True,correct
IMG-0425,images/gusu/苏州市公共文化中心（苏州美术馆）__PR0697-秋冬美境-无.jpg,425,1,1,gusu,1,gusu,0.002110083309259214,0.9978899166907408,0.9978899166907408,0.4978899166907408,6.158915536540744,True,correct
IMG-0426,images/gusu/苏州市公共文化中心（苏州美术馆）__PR0698-舟游图-无.jpg,426,4,1,gusu,1,gusu,9.361274550312437e-06,0.9999906387254497,0.9999906387254497,0.4999906387254497,11.578919745538009,True,correct
IMG-0427,images/gusu/苏州市公共文化中心（苏州美术馆）__PR0699-双美奏乐-无.jpg,427,3,1,gusu,1,gusu,0.0025344684758679126,0.9974655315241321,0.9974655315241321,0.4974655315241321,5.975233652459359,True,correct
IMG-0428,images/gusu/苏州市公共文化中心（苏州美术馆）__PR0700-童子戏水-无.jpg,428,3,1,gusu,1,gusu,0.0004783449035822285,0.9995216550964178,0.9995216550964178,0.49952165509641777,7.64470007071085,True,correct
IMG-0429,images/gusu/苏州市公共文化中心（苏州美术馆）__PR0701-美人观画-无.jpg,429,1,1,gusu,1,gusu,0.0005397430773853573,0.9994602569226146,0.9994602569226146,0.49946025692261464,7.52387742545483,True,correct
IMG-0430,images/gusu/苏州市公共文化中心（苏州美术馆）__PR0867-姑苏版一团和气（桃花坞年画）-无.jpg,430,4,1,gusu,1,gusu,0.0008575320789586671,0.9991424679210413,0.9991424679210413,0.49914246792104133,7.06059406978956,True,correct
IMG-0431,images/gusu/苏州市公共文化中心（苏州美术馆）__PR0869-姑苏版金如意（桃花坞年画）-无.jpg,431,2,1,gusu,1,gusu,0.004348302905738843,0.9956516970942612,0.9956516970942612,0.49565169709426116,5.43361186234635,True,correct
IMG-0432,images/gusu/苏州市公共文化中心（苏州美术馆）__PR0877-《一团和气图》-无.jpg,432,4,1,gusu,1,gusu,0.0014573127802828267,0.9985426872197172,0.9985426872197172,0.4985426872197172,6.5297027249332364,True,correct
IMG-0433,images/gusu/苏州市公共文化中心（苏州美术馆）__PR0878-百子状元图-无.jpg,433,3,1,gusu,1,gusu,4.969656137965295e-05,0.9999503034386203,0.9999503034386203,0.49995030343862035,9.909525116991379,True,correct
IMG-0434,images/gusu/苏州市公共文化中心（苏州美术馆）__PR0896-关帝图-无.jpg,434,5,1,gusu,0,non_gusu,0.509718264634011,0.490281735365989,0.509718264634011,0.009718264634010987,-0.038877954783361104,False,false_negative_gusu_to_non_gusu
IMG-0435,images/gusu/苏州市公共文化中心（苏州美术馆）__百子图103x58cm.jpg,435,4,1,gusu,1,gusu,0.003662243804588461,0.9963377561954115,0.9963377561954115,0.49633775619541154,5.606010291814037,True,correct
IMG-0436,images/gusu/辽博__西洋剧场图 辽宁博物馆收藏.jpg,436,5,1,gusu,1,gusu,0.006137129736579761,0.9938628702634202,0.9938628702634202,0.49386287026342024,5.087242076409459,True,correct
IMG-0437,images/gusu/韩国古版画博物馆藏__1.贵妃醉酒.jpg,437,4,1,gusu,1,gusu,0.003089963166881482,0.9969100368331185,0.9969100368331185,0.4969100368331185,5.77650136128652,True,correct
IMG-0438,images/gusu/韩国古版画博物馆藏__2.楼闺妇人图.jpg,438,3,1,gusu,1,gusu,0.00048679685976771303,0.9995132031402323,0.9995132031402323,0.4995132031402323,7.627176732252602,True,correct
IMG-0439,images/gusu/韩国古版画博物馆藏__3.寿字图.jpg,439,4,1,gusu,1,gusu,0.008717485802804847,0.9912825141971952,0.9912825141971952,0.49128251419719515,4.733668702638137,True,correct
IMG-0440,images/gusu/韩国古版画博物馆藏__4.关羽图.jpg,440,2,1,gusu,1,gusu,0.24536081081541017,0.7546391891845898,0.7546391891845898,0.25463918918458983,1.1235099155055503,True,correct
IMG-0441,images/gusu/韩国古版画博物馆藏__5.螳螂三童图.jpg,441,2,1,gusu,1,gusu,0.010970049787431213,0.9890299502125688,0.9890299502125688,0.4890299502125688,4.5015558017086725,True,correct
IMG-0442,images/gusu/韩国古版画博物馆藏__6.母子图.jpg,442,2,1,gusu,1,gusu,0.00013395924793035974,0.9998660407520696,0.9998660407520696,0.49986604075206964,8.917840955967867,True,correct
IMG-0443,images/gusu/韩国古版画博物馆藏__7.福字图.jpg,443,4,1,gusu,0,non_gusu,0.888214311203363,0.11178568879663696,0.888214311203363,0.388214311203363,-2.072629509977573,False,false_negative_gusu_to_non_gusu
IMG-0444,images/gusu/韩国古版画博物馆藏__8.寿字图.jpg,444,2,1,gusu,1,gusu,0.008177930213544071,0.9918220697864559,0.9918220697864559,0.49182206978645593,4.798104637594354,True,correct
IMG-0445,images/gusu/韩国古版画博物馆藏__9.银钱大战国.jpg,445,5,1,gusu,1,gusu,0.07912343726525206,0.9208765627347479,0.9208765627347479,0.42087656273474794,2.454316871945142,True,correct
IMG-0446,images/gusu/私人藏家__237-麟儿图苏州收藏109x59.jpg,446,1,1,gusu,1,gusu,0.034157282238081565,0.9658427177619184,0.9658427177619184,0.46584271776191843,3.342025196924186,True,correct
IMG-0447,images/gusu/私人藏家__239-麟儿图-b 109x59cm.jpg,447,4,1,gusu,1,gusu,0.03425337583487931,0.9657466241651207,0.9657466241651207,0.4657466241651207,3.3391163816094545,True,correct
IMG-0448,images/gusu/私人藏家__一团和气-私人藏家.jpg,448,3,1,gusu,1,gusu,0.0012404798719247712,0.9987595201280752,0.9987595201280752,0.49875952012807523,6.69101573083622,True,correct
IMG-0449,images/gusu/私人藏家__一团和气2-私人藏家.jpg,449,2,1,gusu,1,gusu,0.03262797704930598,0.967372022950694,0.967372022950694,0.467372022950694,3.3894130281015173,True,correct
IMG-0450,images/gusu/私人藏家__凤子图，四艺美人童子图之画.jpg,450,5,1,gusu,1,gusu,4.3845118601448796e-05,0.9999561548813986,0.9999561548813986,0.49995615488139855,10.034803319638096,True,correct
IMG-0451,images/gusu/私人藏家__和合二仙-私人藏家.jpg,451,1,1,gusu,1,gusu,0.0010802071362394638,0.9989197928637605,0.9989197928637605,0.49891979286376054,6.829521672441171,True,correct
IMG-0452,images/gusu/私人藏家__四妃十六子-私人藏家.jpg,452,3,1,gusu,1,gusu,0.010553322799273679,0.9894466772007263,0.9894466772007263,0.4894466772007263,4.540705107350125,True,correct
IMG-0453,images/gusu/私人藏家__四艺之棋-私人藏家.jpg,453,1,1,gusu,1,gusu,4.2143716098674844e-05,0.9999578562839013,0.9999578562839013,0.4999578562839013,10.074382824282877,True,correct
IMG-0454,images/gusu/私人藏家__四艺美人童子之琴、书.jpg,454,2,1,gusu,1,gusu,0.0012508591494991839,0.9987491408505008,0.9987491408505008,0.4987491408505008,6.682673002037644,True,correct
IMG-0455,images/gusu/私人藏家__皇妃与格格-私人藏家.jpg,455,3,1,gusu,0,non_gusu,0.9923488914936911,0.007651108506308923,0.9923488914936911,0.4923488914936911,-4.865224210459359,False,false_negative_gusu_to_non_gusu
IMG-0456,images/gusu/私人藏家__鳌拜围猎图-私人藏家.jpg,456,4,1,gusu,1,gusu,0.00032810323607124214,0.9996718967639288,0.9996718967639288,0.49967189676392876,8.021854097907946,True,correct
IMG-0457,images/gusu/私人藏家__麟儿图-b【带框合成版】.jpg,457,5,1,gusu,1,gusu,0.00024500156358708836,0.9997549984364129,0.9997549984364129,0.4997549984364129,8.31400093387037,True,correct
IMG-0458,images/gusu/私人藏家__麟儿图【带框合成版】.jpg,458,2,1,gusu,1,gusu,0.0036087914104400154,0.99639120858956,0.99639120858956,0.49639120858956,5.620767033236739,True,correct
IMG-0459,images/non_gusu/1860英法从圆明园掠走年画__微信图片_20260409092756.jpg,459,4,0,non_gusu,0,non_gusu,0.9752692667824525,0.02473073321754743,0.9752692667824525,0.47526926678245257,-3.6746668739246346,True,correct
IMG-0460,images/non_gusu/1860英法从圆明园掠走年画__微信图片_20260409092807.jpg,460,3,0,non_gusu,1,gusu,0.026026592718300545,0.9739734072816995,0.9739734072816995,0.47397340728169945,3.6222651885054216,False,false_positive_non_gusu_to_gusu
IMG-0461,images/non_gusu/1860英法从圆明园掠走年画__微信图片_20260409092828.jpg,461,1,0,non_gusu,0,non_gusu,0.9994182950462572,0.0005817049537427155,0.9994182950462572,0.4994182950462573,-7.448965316899009,True,correct
IMG-0462,images/non_gusu/1951年木板年画__微信图片_20260409095947.jpg,462,3,0,non_gusu,0,non_gusu,0.9999056647615419,9.433523845810818e-05,0.9999056647615419,0.4999056647615419,-9.268561413835778,True,correct
IMG-0463,images/non_gusu/1951年木板年画__微信图片_20260409095953.jpg,463,3,0,non_gusu,0,non_gusu,0.9994796299883251,0.0005203700116749127,0.9994796299883251,0.49947962998832507,-7.560449933063809,True,correct
IMG-0464,images/non_gusu/1951年木板年画__微信图片_20260409095959.jpg,464,1,0,non_gusu,1,gusu,0.3451147619307675,0.6548852380692325,0.6548852380692325,0.1548852380692325,0.6405830062343076,False,false_positive_non_gusu_to_gusu
IMG-0465,images/non_gusu/1951年木板年画__微信图片_20260409100018.jpg,465,2,0,non_gusu,1,gusu,0.4531183269113702,0.5468816730886298,0.5468816730886298,0.04688167308862978,0.18807916057242935,False,false_positive_non_gusu_to_gusu
IMG-0466,images/non_gusu/1951年木板年画__微信图片_20260409100023.jpg,466,3,0,non_gusu,0,non_gusu,0.5475690090062053,0.45243099099379464,0.5475690090062053,0.047569009006205365,-0.1908532521760652,True,correct
IMG-0467,images/non_gusu/1951年木板年画__微信图片_20260409100042.jpg,467,2,0,non_gusu,1,gusu,0.03302420321305377,0.9669757967869462,0.9669757967869462,0.46697579678694623,3.376932742627984,False,false_positive_non_gusu_to_gusu
IMG-0468,images/non_gusu/1951年木板年画__微信图片_20260409100047.jpg,468,2,0,non_gusu,0,non_gusu,0.9867518192222037,0.013248180777796374,0.9867518192222037,0.4867518192222036,-4.310558314975031,True,correct
IMG-0469,images/non_gusu/1951年木板年画__微信图片_20260409100051.jpg,469,1,0,non_gusu,0,non_gusu,0.9825863565921465,0.017413643407853414,0.9825863565921465,0.4825863565921466,-4.032934231759934,True,correct
IMG-0470,images/non_gusu/50年代桃花坞__微信图片_20260410093445.jpg,470,3,0,non_gusu,1,gusu,0.003602462336153023,0.996397537663847,0.996397537663847,0.496397537663847,5.622528718234828,False,false_positive_non_gusu_to_gusu
IMG-0471,images/non_gusu/50年代桃花坞__微信图片_20260410093506.jpg,471,3,0,non_gusu,0,non_gusu,0.9983336830088692,0.0016663169911308008,0.9983336830088692,0.4983336830088692,-6.395471775708424,True,correct
IMG-0472,images/non_gusu/50年代桃花坞__微信图片_20260410093513.jpg,472,2,0,non_gusu,0,non_gusu,0.9999335847202356,6.641527976436493e-05,0.9999335847202356,0.49993358472023564,-9.619516993536163,True,correct
IMG-0473,images/non_gusu/50年代桃花坞__微信图片_20260410093519.jpg,473,4,0,non_gusu,0,non_gusu,0.9999992221642101,7.778357898999684e-07,0.9999992221642101,0.4999992221642101,-14.066749624176316,True,correct
IMG-0474,images/non_gusu/50年代桃花坞__微信图片_20260410093525.jpg,474,3,0,non_gusu,0,non_gusu,0.998027613901455,0.001972386098545023,0.998027613901455,0.498027613901455,-6.226536917815363,True,correct
IMG-0475,images/non_gusu/50年代桃花坞__微信图片_20260410093530.jpg,475,4,0,non_gusu,0,non_gusu,0.9999999157509221,8.424907791720688e-08,0.9999999157509221,0.49999991575092206,-16.289488128127637,True,correct
IMG-0476,images/non_gusu/50年代桃花坞__微信图片_20260410093537.jpg,476,4,0,non_gusu,0,non_gusu,0.9948522080165558,0.005147791983444129,0.9948522080165558,0.4948522080165559,-5.264026309808401,True,correct
IMG-0477,images/non_gusu/50年代桃花坞__微信图片_20260410093543.jpg,477,3,0,non_gusu,0,non_gusu,0.9820027004449083,0.017997299555091703,0.9820027004449083,0.4820027004449083,-3.9993723363703797,True,correct
IMG-0478,images/non_gusu/50年代桃花坞__微信图片_20260410093549.jpg,478,3,0,non_gusu,0,non_gusu,0.9988417790133519,0.0011582209866480323,0.9988417790133519,0.49884177901335197,-6.759711191038531,True,correct
IMG-0479,images/non_gusu/上海胶印民国__微信图片_20260404204909.jpg,479,4,0,non_gusu,0,non_gusu,0.9999336089851701,6.639101482989544e-05,0.9999336089851701,0.4999336089851701,-9.61988243624637,True,correct
IMG-0480,images/non_gusu/上海胶印民国__微信图片_20260404204922.jpg,480,2,0,non_gusu,0,non_gusu,0.9990753096967965,0.0009246903032035746,0.9990753096967965,0.4990753096967964,-6.985126565766811,True,correct
IMG-0481,images/non_gusu/上海胶印民国__微信图片_20260404204931.jpg,481,4,0,non_gusu,0,non_gusu,0.999971134654456,2.886534554407953e-05,0.999971134654456,0.4999711346544559,-10.45283993272053,True,correct
IMG-0482,images/non_gusu/上海胶印民国__微信图片_20260404204941.jpg,482,1,0,non_gusu,0,non_gusu,0.9999848289748484,1.517102515155852e-05,0.9999848289748484,0.4999848289748484,-11.09610801818862,True,correct
IMG-0483,images/non_gusu/上海胶印民国__微信图片_20260404204955.jpg,483,1,0,non_gusu,0,non_gusu,0.9999368082354946,6.319176450543588e-05,0.9999368082354946,0.4999368082354946,-9.669273379999451,True,correct
IMG-0484,images/non_gusu/上海胶印民国__微信图片_20260404205007.jpg,484,1,0,non_gusu,0,non_gusu,0.9999803320036917,1.966799630823859e-05,0.9999803320036917,0.49998033200369174,-10.836498127928829,True,correct
IMG-0485,images/non_gusu/上海胶印民国__微信图片_20260404205016.jpg,485,2,0,non_gusu,0,non_gusu,0.9981454629854561,0.0018545370145438339,0.9981454629854561,0.49814546298545614,-6.288263943124576,True,correct
IMG-0486,images/non_gusu/上海胶印民国__微信图片_20260404205026.jpg,486,4,0,non_gusu,0,non_gusu,0.8107543117207383,0.18924568827926175,0.8107543117207383,0.31075431172073825,-1.4549189545037737,True,correct
IMG-0487,images/non_gusu/上海胶印民国__微信图片_20260404205041.jpg,487,1,0,non_gusu,0,non_gusu,0.9912378315169318,0.008762168483068182,0.9912378315169318,0.49123783151693184,-4.728511078932889,True,correct
IMG-0488,images/non_gusu/上海胶印民国__微信图片_20260404214529.jpg,488,1,0,non_gusu,0,non_gusu,0.9460128751322804,0.053987124867719574,0.9460128751322804,0.44601287513228044,-2.8635105892755215,True,correct
IMG-0489,images/non_gusu/上海胶印民国__微信图片_20260404214543.jpg,489,2,0,non_gusu,0,non_gusu,0.9999809518859594,1.9048114040672303e-05,0.9999809518859594,0.4999809518859593,-10.86852341348662,True,correct
IMG-0490,images/non_gusu/上海胶印民国__微信图片_20260404214555.jpg,490,2,0,non_gusu,0,non_gusu,0.9950340924889784,0.0049659075110215075,0.9950340924889784,0.4950340924889785,-5.300180937908986,True,correct
IMG-0491,images/non_gusu/上海胶印民国__微信图片_20260404214603.jpg,491,5,0,non_gusu,0,non_gusu,0.9996233556234453,0.00037664437655476077,0.9996233556234453,0.49962335562344523,-7.883832398640425,True,correct
IMG-0492,images/non_gusu/上海胶印民国__微信图片_20260404214613.jpg,492,5,0,non_gusu,0,non_gusu,0.9323666083799378,0.06763339162006225,0.9323666083799378,0.43236660837993773,-2.6236242740039355,True,correct
IMG-0493,images/non_gusu/上海胶印民国__微信图片_20260404214625.jpg,493,4,0,non_gusu,0,non_gusu,0.9830388592300924,0.016961140769907596,0.9830388592300924,0.4830388592300924,-4.0597237601489935,True,correct
IMG-0494,images/non_gusu/上海胶印民国__微信图片_20260404214636.jpg,494,3,0,non_gusu,1,gusu,0.45117015292017737,0.5488298470798226,0.5488298470798226,0.04882984707982263,0.19594391345825757,False,false_positive_non_gusu_to_gusu
IMG-0495,images/non_gusu/上海胶印民国__微信图片_20260404214646.jpg,495,1,0,non_gusu,0,non_gusu,0.9998815601623149,0.00011843983768515884,0.9998815601623149,0.49988156016231483,-9.040986978318974,True,correct
IMG-0496,images/non_gusu/上海胶印民国__微信图片_20260404214653.jpg,496,3,0,non_gusu,1,gusu,0.26080514245467235,0.7391948575453277,0.7391948575453277,0.23919485754532765,1.041788015660213,False,false_positive_non_gusu_to_gusu
IMG-0497,images/non_gusu/上海胶印民国__微信图片_20260409122252.jpg,497,3,0,non_gusu,0,non_gusu,0.9996114703257669,0.0003885296742331102,0.9996114703257669,0.4996114703257669,-7.852752404349644,True,correct
IMG-0498,images/non_gusu/北京__微信图片_20260404213923.jpg,498,5,0,non_gusu,0,non_gusu,0.9876939377562939,0.012306062243706138,0.9876939377562939,0.4876939377562939,-4.385280863855258,True,correct
IMG-0499,images/non_gusu/北京__微信图片_20260404213938.jpg,499,5,0,non_gusu,0,non_gusu,0.9998254790706811,0.00017452092931892133,0.9998254790706811,0.4998254790706811,-8.653291348563625,True,correct
IMG-0500,images/non_gusu/北京__微信图片_20260409122552.jpg,500,2,0,non_gusu,0,non_gusu,0.9999314835819867,6.851641801329057e-05,0.9999314835819867,0.4999314835819867,-9.588368643623014,True,correct
IMG-0501,images/non_gusu/北京__微信图片_20260409122601.jpg,501,5,0,non_gusu,0,non_gusu,0.9998612555458934,0.0001387444541065017,0.9998612555458934,0.4998612555458935,-8.88273802246015,True,correct
IMG-0502,images/non_gusu/北京__微信图片_20260409122608.jpg,502,1,0,non_gusu,0,non_gusu,0.9999221604432551,7.7839556744944e-05,0.9999221604432551,0.49992216044325505,-9.460782971954364,True,correct
IMG-0503,images/non_gusu/北京__微信图片_20260409122614.jpg,503,2,0,non_gusu,0,non_gusu,0.999999444667633,5.553323670350902e-07,0.999999444667633,0.49999944466763296,-14.403698487589576,True,correct
IMG-0504,images/non_gusu/北京__微信图片_20260409122619.jpg,504,5,0,non_gusu,0,non_gusu,0.9999947461725217,5.2538274783292785e-06,0.9999947461725217,0.49999474617252165,-12.156548449651284,True,correct
IMG-0505,images/non_gusu/天主教__微信图片_20260409101644.jpg,505,5,0,non_gusu,0,non_gusu,0.9942591108646682,0.005740889135331722,0.9942591108646682,0.4942591108646683,-5.1543837476397325,True,correct
IMG-0506,images/non_gusu/小教厂清末__微信图片_20260404204242.jpg,506,4,0,non_gusu,0,non_gusu,0.7698147016730013,0.23018529832699872,0.7698147016730013,0.26981470167300126,-1.2072652092440936,True,correct
IMG-0507,images/non_gusu/小教厂清末__微信图片_20260404204255.jpg,507,1,0,non_gusu,0,non_gusu,0.997544342754532,0.0024556572454680816,0.997544342754532,0.4975443427545319,-6.00690215915363,True,correct
IMG-0508,images/non_gusu/小教厂清末__微信图片_20260404204305.jpg,508,1,0,non_gusu,0,non_gusu,0.999994822117752,5.177882247920214e-06,0.999994822117752,0.4999948221177521,-12.171109239839835,True,correct
IMG-0509,images/non_gusu/小教厂清末__微信图片_20260404204316.jpg,509,5,0,non_gusu,0,non_gusu,0.645592879172231,0.35440712082776904,0.645592879172231,0.14559287917223096,-0.5997227759539039,True,correct
IMG-0510,images/non_gusu/小教厂清末__微信图片_20260404204338.jpg,510,3,0,non_gusu,1,gusu,0.008748629066142155,0.9912513709338578,0.9912513709338578,0.49125137093385784,4.730071146044478,False,false_positive_non_gusu_to_gusu
IMG-0511,images/non_gusu/小教厂清末__微信图片_20260404204351.jpg,511,4,0,non_gusu,0,non_gusu,0.9999990579058138,9.420941862232714e-07,0.9999990579058138,0.4999990579058138,-13.8751596398986,True,correct
IMG-0512,images/non_gusu/小教厂清末__微信图片_20260404204402.jpg,512,3,0,non_gusu,0,non_gusu,0.9997369641712254,0.0002630358287745992,0.9997369641712254,0.49973696417122543,-8.242957233554229,True,correct
IMG-0513,images/non_gusu/小教厂清末__微信图片_20260404204412.jpg,513,5,0,non_gusu,0,non_gusu,0.9998354709218429,0.00016452907815715784,0.9998354709218429,0.49983547092184283,-8.712258693852913,True,correct
IMG-0514,images/non_gusu/小教厂清末__微信图片_20260404204421.jpg,514,4,0,non_gusu,0,non_gusu,0.99983384334512,0.00016615665488000075,0.99983384334512,0.49983384334512,-8.702413340059676,True,correct
IMG-0515,images/non_gusu/小教厂清末__微信图片_20260409093552.jpg,515,3,0,non_gusu,0,non_gusu,0.9980144252587639,0.0019855747412360764,0.9980144252587639,0.49801442525876394,-6.219859315959775,True,correct
IMG-0516,images/non_gusu/小教厂清末__微信图片_20260409093605.jpg,516,4,0,non_gusu,0,non_gusu,0.9992743056138539,0.0007256943861460688,0.9992743056138539,0.49927430561385394,-7.227655629658101,True,correct
IMG-0517,images/non_gusu/小教厂清末__微信图片_20260409093613.jpg,517,2,0,non_gusu,0,non_gusu,0.9878091435045305,0.012190856495469521,0.9878091435045305,0.4878091435045305,-4.394803301333186,True,correct
IMG-0518,images/non_gusu/小教厂清末__微信图片_20260409093621.jpg,518,2,0,non_gusu,0,non_gusu,0.9999962381835248,3.7618164751669734e-06,0.9999962381835248,0.49999623818352484,-12.490604850299018,True,correct
IMG-0519,images/non_gusu/小教厂清末__微信图片_20260409093625.jpg,519,2,0,non_gusu,0,non_gusu,0.9999947140692971,5.285930702928609e-06,0.9999947140692971,0.4999947140692971,-12.15045656547156,True,correct
IMG-0520,images/non_gusu/小教厂清末__微信图片_20260409093633.jpg,520,4,0,non_gusu,0,non_gusu,0.9999994078846783,5.921153216871345e-07,0.9999994078846783,0.49999940788467834,-14.339563828770807,True,correct
IMG-0521,images/non_gusu/小教厂清末__微信图片_20260409093646.jpg,521,1,0,non_gusu,0,non_gusu,0.9999917587400339,8.24125996608994e-06,0.9999917587400339,0.49999175874003393,-11.706349075932222,True,correct
IMG-0522,images/non_gusu/小教厂清末__微信图片_20260409093654.jpg,522,4,0,non_gusu,0,non_gusu,0.9999787206375301,2.1279362469871823e-05,0.9999787206375301,0.4999787206375301,-10.7577515734733,True,correct
IMG-0523,images/non_gusu/小教厂清末__微信图片_20260409093701.jpg,523,4,0,non_gusu,0,non_gusu,0.9951962975127256,0.004803702487274326,0.9951962975127256,0.49519629751272565,-5.333553029542423,True,correct
IMG-0524,images/non_gusu/小教厂清末__微信图片_20260409101708.jpg,524,5,0,non_gusu,0,non_gusu,0.9991841287351361,0.0008158712648639039,0.9991841287351361,0.4991841287351361,-7.110437774824375,True,correct
IMG-0525,images/non_gusu/小教厂清末__微信图片_20260409121522.jpg,525,1,0,non_gusu,0,non_gusu,0.9999011716577951,9.882834220484292e-05,0.9999011716577951,0.4999011716577952,-9.222027296700649,True,correct
IMG-0526,images/non_gusu/小教厂清末__微信图片_20260409121532.jpg,526,4,0,non_gusu,0,non_gusu,0.9999885651473112,1.1434852688854156e-05,0.9999885651473112,0.49998856514731116,-11.37883317813331,True,correct
IMG-0527,images/non_gusu/小教厂清末__微信图片_20260409121546.jpg,527,4,0,non_gusu,0,non_gusu,0.992143275776017,0.00785672422398298,0.992143275776017,0.492143275776017,-4.838497773907799,True,correct
IMG-0528,images/non_gusu/小教厂清末__微信图片_20260409121555.jpg,528,3,0,non_gusu,0,non_gusu,0.9999905616399998,9.438360000191055e-06,0.9999905616399998,0.49999056163999983,-11.570718883288238,True,correct
IMG-0529,images/non_gusu/小教厂清末__微信图片_20260409121602.jpg,529,2,0,non_gusu,0,non_gusu,0.9875065680902223,0.012493431909777659,0.9875065680902223,0.48750656809022236,-4.3699800889890605,True,correct
IMG-0530,images/non_gusu/小教厂清末__微信图片_20260409125053.jpg,530,3,0,non_gusu,0,non_gusu,0.9983437682833851,0.0016562317166148855,0.9983437682833851,0.4983437682833851,-6.401552702530994,True,correct
IMG-0531,images/non_gusu/小教厂清末__微信图片_20260409125109.jpg,531,5,0,non_gusu,0,non_gusu,0.9999973295822651,2.6704177349732163e-06,0.9999973295822651,0.499997329582265,-12.833272972322481,True,correct
IMG-0532,images/non_gusu/小教厂清末__微信图片_20260409125116.jpg,532,4,0,non_gusu,0,non_gusu,0.9917850598977513,0.008214940102248689,0.9917850598977513,0.4917850598977513,-4.793551950121097,True,correct
IMG-0533,images/non_gusu/小教厂清末__微信图片_20260409125124.jpg,533,1,0,non_gusu,0,non_gusu,0.9997723627717073,0.0002276372282926912,0.9997723627717073,0.49977236277170733,-8.387529636997906,True,correct
IMG-0534,images/non_gusu/小教厂清末__微信图片_20260409125134.jpg,534,4,0,non_gusu,0,non_gusu,0.9999605583509934,3.94416490065562e-05,0.9999605583509934,0.49996055835099346,-10.140648776165966,True,correct
IMG-0535,images/non_gusu/小教厂清末__微信图片_20260409125141.jpg,535,2,0,non_gusu,0,non_gusu,0.9999335180803082,6.648191969187038e-05,0.9999335180803082,0.4999335180803081,-9.618514047472775,True,correct
IMG-0536,images/non_gusu/小教厂清末__微信图片_20260409125150.jpg,536,2,0,non_gusu,0,non_gusu,0.9982556541909494,0.001744345809050537,0.9982556541909494,0.49825565419094947,-6.3496298191934635,True,correct
IMG-0537,images/non_gusu/小教厂清末__微信图片_20260409125158.jpg,537,4,0,non_gusu,0,non_gusu,0.9999910369826243,8.963017375786594e-06,0.9999910369826243,0.4999910369826242,-11.622394663920577,True,correct
IMG-0538,images/non_gusu/小教厂清末__微信图片_20260409125205.jpg,538,5,0,non_gusu,0,non_gusu,0.9999858700795307,1.4129920469329006e-05,0.9999858700795307,0.49998587007953066,-11.167201859760974,True,correct
IMG-0539,images/non_gusu/插图__微信图片_20260409100438.jpg,539,5,0,non_gusu,0,non_gusu,0.99981625722576,0.00018374277424003475,0.99981625722576,0.49981625722575995,-8.601789984851276,True,correct
IMG-0540,images/non_gusu/插图__微信图片_20260409100449.jpg,540,2,0,non_gusu,0,non_gusu,0.9999685576549752,3.144234502478125e-05,0.9999685576549752,0.4999685576549752,-10.367323563043215,True,correct
IMG-0541,images/non_gusu/插图__微信图片_20260409100454.jpg,541,3,0,non_gusu,0,non_gusu,0.9998007641380482,0.00019923586195175438,0.9998007641380482,0.49980076413804825,-8.520821943426872,True,correct
IMG-0542,images/non_gusu/插图__微信图片_20260409100501.jpg,542,4,0,non_gusu,0,non_gusu,0.9999993681329913,6.318670086620537e-07,0.9999993681329913,0.49999936813299134,-14.274586262407897,True,correct
IMG-0543,images/non_gusu/插图__微信图片_20260409100506.jpg,543,5,0,non_gusu,0,non_gusu,0.999056518901236,0.0009434810987640052,0.999056518901236,0.499056518901236,-6.964990300005645,True,correct
IMG-0544,images/non_gusu/插图__微信图片_20260409100511.jpg,544,2,0,non_gusu,0,non_gusu,0.9999622443796597,3.775562034030732e-05,0.9999622443796597,0.4999622443796597,-10.184338453831192,True,correct
IMG-0545,images/non_gusu/插图__微信图片_20260409100516.jpg,545,5,0,non_gusu,0,non_gusu,0.994861565961522,0.005138434038477999,0.994861565961522,0.494861565961522,-5.265855226518709,True,correct
IMG-0546,images/non_gusu/插图__微信图片_20260409100522.jpg,546,1,0,non_gusu,0,non_gusu,0.9999830080622583,1.6991937741685688e-05,0.9999830080622583,0.4999830080622583,-10.98275458480736,True,correct
IMG-0547,images/non_gusu/插图__微信图片_20260409100528.jpg,547,4,0,non_gusu,0,non_gusu,0.9995596359186515,0.0004403640813484698,0.9995596359186515,0.49955963591865155,-7.727468254526039,True,correct
IMG-0548,images/non_gusu/插图__微信图片_20260409100704.jpg,548,3,0,non_gusu,0,non_gusu,0.9935116843686062,0.006488315631393825,0.9935116843686062,0.49351168436860615,-5.0312428586182305,True,correct
IMG-0549,images/non_gusu/插图__微信图片_20260409100712.jpg,549,2,0,non_gusu,0,non_gusu,0.998884976177036,0.0011150238229639823,0.998884976177036,0.49888497617703603,-6.797763862486814,True,correct
IMG-0550,images/non_gusu/插图__微信图片_20260409100725.jpg,550,5,0,non_gusu,0,non_gusu,0.999998579276338,1.4207236620381543e-06,0.999998579276338,0.49999857927633795,-13.464342774285562,True,correct
IMG-0551,images/non_gusu/插图__微信图片_20260409100732.jpg,551,4,0,non_gusu,0,non_gusu,0.9999282651150416,7.173488495834994e-05,0.9999282651150416,0.4999282651150416,-9.542461650660393,True,correct
IMG-0552,images/non_gusu/插图__微信图片_20260409100740.jpg,552,3,0,non_gusu,0,non_gusu,0.9999835333606686,1.6466639331461454e-05,0.9999835333606686,0.49998353336066853,-11.014157615697682,True,correct
IMG-0553,images/non_gusu/插图__微信图片_20260409100749.jpg,553,4,0,non_gusu,0,non_gusu,0.9999990017547951,9.982452049806027e-07,0.9999990017547951,0.499999001754795,-13.817265896194305,True,correct
IMG-0554,images/non_gusu/插图__微信图片_20260409100801.jpg,554,3,0,non_gusu,0,non_gusu,0.9999379364070686,6.206359293139983e-05,0.9999379364070686,0.4999379364070686,-9.687288940621372,True,correct
IMG-0555,images/non_gusu/插图__微信图片_20260409100809.jpg,555,5,0,non_gusu,0,non_gusu,0.999999548136016,4.518639840539476e-07,0.999999548136016,0.49999954813601594,-14.609884170770302,True,correct
IMG-0556,images/non_gusu/插图__微信图片_20260409100817.jpg,556,1,0,non_gusu,0,non_gusu,0.999740941672517,0.0002590583274829749,0.999740941672517,0.49974094167251704,-8.258198227093187,True,correct
IMG-0557,images/non_gusu/插图__微信图片_20260409102731.jpg,557,3,0,non_gusu,0,non_gusu,0.9998182474657624,0.00018175253423753304,0.9998182474657624,0.4998182474657625,-8.612682729059367,True,correct
IMG-0558,images/non_gusu/插图__微信图片_20260409102740.jpg,558,4,0,non_gusu,0,non_gusu,0.9986565678386442,0.00134343216135574,0.9986565678386442,0.49865656783864426,-6.61118328977492,True,correct
IMG-0559,images/non_gusu/插图__微信图片_20260409102748.jpg,559,4,0,non_gusu,0,non_gusu,0.9995483993329356,0.000451600667064438,0.9995483993329356,0.49954839933293554,-7.702260545907043,True,correct
IMG-0560,images/non_gusu/插图__微信图片_20260409102758.jpg,560,4,0,non_gusu,0,non_gusu,0.957810051807589,0.04218994819241099,0.957810051807589,0.457810051807589,-3.1224674843601394,True,correct
IMG-0561,images/non_gusu/插图__微信图片_20260409102806.jpg,561,5,0,non_gusu,0,non_gusu,0.9999966244664912,3.3755335088005746e-06,0.9999966244664912,0.4999966244664912,-12.598953793911726,True,correct
IMG-0562,images/non_gusu/插图__微信图片_20260409102816.jpg,562,1,0,non_gusu,0,non_gusu,0.834561669442925,0.165438330557075,0.834561669442925,0.334561669442925,-1.6183081399007389,True,correct
IMG-0563,images/non_gusu/插图__微信图片_20260409102826.jpg,563,3,0,non_gusu,0,non_gusu,0.9999828359067975,1.7164093202492074e-05,0.9999828359067975,0.4999828359067975,-10.972673796494336,True,correct
IMG-0564,images/non_gusu/插图__微信图片_20260409102838.jpg,564,2,0,non_gusu,0,non_gusu,0.9983107909244398,0.0016892090755602177,0.9983107909244398,0.4983107909244398,-6.3818042248237274,True,correct
IMG-0565,images/non_gusu/插图__微信图片_20260409102846.jpg,565,2,0,non_gusu,0,non_gusu,0.9972574544741731,0.0027425455258268372,0.9972574544741731,0.4972574544741732,-5.8961224526394425,True,correct
IMG-0566,images/non_gusu/插图__微信图片_20260409114645.jpg,566,3,0,non_gusu,1,gusu,1.7570076050188455e-05,0.9999824299239498,0.9999824299239498,0.4999824299239498,10.949295757135127,False,false_positive_non_gusu_to_gusu
IMG-0567,images/non_gusu/插图__微信图片_20260409114657.jpg,567,2,0,non_gusu,0,non_gusu,0.999907011252948,9.298874705203563e-05,0.999907011252948,0.49990701125294795,-9.282939078501744,True,correct
IMG-0568,images/non_gusu/插图__微信图片_20260409114705.jpg,568,2,0,non_gusu,0,non_gusu,0.9696480443596581,0.03035195564034192,0.9696480443596581,0.46964804435965807,-3.464072213103753,True,correct
IMG-0569,images/non_gusu/插图__微信图片_20260409114715.jpg,569,3,0,non_gusu,1,gusu,0.35793081699512985,0.6420691830048701,0.6420691830048701,0.14206918300487015,0.5843563404650917,False,false_positive_non_gusu_to_gusu
IMG-0570,images/non_gusu/插图__微信图片_20260409114722.jpg,570,4,0,non_gusu,0,non_gusu,0.6425351275080105,0.3574648724919895,0.6425351275080105,0.1425351275080105,-0.5863843898963824,True,correct
IMG-0571,images/non_gusu/插图__微信图片_20260409114729.jpg,571,2,0,non_gusu,0,non_gusu,0.9999268681472162,7.313185278383212e-05,0.9999268681472162,0.49992686814721615,-9.523173408992847,True,correct
IMG-0572,images/non_gusu/插图__微信图片_20260409114800.jpg,572,5,0,non_gusu,0,non_gusu,0.9999595962600114,4.0403739988620495e-05,0.9999595962600114,0.49995959626001135,-10.11654779874988,True,correct
IMG-0573,images/non_gusu/插图__微信图片_20260409114810.jpg,573,2,0,non_gusu,0,non_gusu,0.9888884345212461,0.011111565478753934,0.9888884345212461,0.4888884345212461,-4.488595018007382,True,correct
IMG-0574,images/non_gusu/插图__微信图片_20260409114817.jpg,574,4,0,non_gusu,0,non_gusu,0.9999635567670555,3.644323294452537e-05,0.9999635567670555,0.49996355676705545,-10.219718325947703,True,correct
IMG-0575,images/non_gusu/插图__微信图片_20260409130321.jpg,575,1,0,non_gusu,0,non_gusu,0.9816019757087624,0.018398024291237634,0.9816019757087624,0.48160197570876234,-3.9769426227643487,True,correct
IMG-0576,images/non_gusu/插图__微信图片_20260409130330.jpg,576,4,0,non_gusu,0,non_gusu,0.9999903465935117,9.653406488330792e-06,0.9999903465935117,0.49999034659351166,-11.548190047479437,True,correct
IMG-0577,images/non_gusu/插图__微信图片_20260409130334.jpg,577,3,0,non_gusu,0,non_gusu,0.9966495440511088,0.0033504559488911735,0.9966495440511088,0.49664954405110884,-5.695302756964951,True,correct
IMG-0578,images/non_gusu/插图__微信图片_20260409130340.jpg,578,2,0,non_gusu,0,non_gusu,0.9993894950653125,0.0006105049346874744,0.9993894950653125,0.49938949506531255,-7.400613490051308,True,correct
IMG-0579,images/non_gusu/插图__微信图片_20260409130344.jpg,579,2,0,non_gusu,0,non_gusu,0.7788682910054883,0.22113170899451176,0.7788682910054883,0.27886829100548827,-1.2590834648285392,True,correct
IMG-0580,images/non_gusu/插图__微信图片_20260409130349.jpg,580,2,0,non_gusu,1,gusu,0.28442455093845787,0.7155754490615421,0.7155754490615421,0.21557544906154213,0.9226190232746262,False,false_positive_non_gusu_to_gusu
IMG-0581,images/non_gusu/插图__微信图片_20260409130353.jpg,581,5,0,non_gusu,0,non_gusu,0.9999736687789056,2.633122109437289e-05,0.9999736687789056,0.49997366877890564,-10.54472887742081,True,correct
IMG-0582,images/non_gusu/插图__微信图片_20260409130401.jpg,582,1,0,non_gusu,0,non_gusu,0.9863706352241396,0.013629364775860436,0.9863706352241396,0.4863706352241396,-4.281805541994102,True,correct
IMG-0583,images/non_gusu/插图__微信图片_20260409130408.jpg,583,1,0,non_gusu,0,non_gusu,0.9998938537263701,0.00010614627362987064,0.9998938537263701,0.49989385372637013,-9.150586323282289,True,correct
IMG-0584,images/non_gusu/插图__微信图片_20260410094029.jpg,584,2,0,non_gusu,0,non_gusu,0.9999995058618211,4.94138178878906e-07,0.9999995058618211,0.4999995058618211,-14.520450150403178,True,correct
IMG-0585,images/non_gusu/插图__微信图片_20260410094038.jpg,585,3,0,non_gusu,0,non_gusu,0.9999913251796195,8.674820380440198e-06,0.9999913251796195,0.4999913251796196,-11.655077262912465,True,correct
IMG-0586,images/non_gusu/插图__微信图片_20260410094045.jpg,586,5,0,non_gusu,0,non_gusu,0.9999998117738642,1.882261357626539e-07,0.9999998117738642,0.4999998117738642,-15.48562155893319,True,correct
IMG-0587,images/non_gusu/插图__微信图片_20260410094052.jpg,587,1,0,non_gusu,0,non_gusu,0.999539492471635,0.00046050752836506635,0.999539492471635,0.4995394924716349,-7.682720740566836,True,correct
IMG-0588,images/non_gusu/插图__微信图片_20260410094102.jpg,588,3,0,non_gusu,0,non_gusu,0.9948621122034648,0.005137887796535225,0.9948621122034648,0.49486211220346477,-5.265962086371243,True,correct
IMG-0589,images/non_gusu/插图__微信图片_20260410094107.jpg,589,3,0,non_gusu,0,non_gusu,0.9999831337677842,1.6866232215759975e-05,0.9999831337677842,0.49998313376778425,-10.990180162255148,True,correct
IMG-0590,images/non_gusu/插图__微信图片_20260410094115.jpg,590,2,0,non_gusu,0,non_gusu,0.9999999565616817,4.343831824105461e-08,0.9999999565616817,0.4999999565616818,-16.951923833156364,True,correct
IMG-0591,images/non_gusu/插图__微信图片_20260410094119.jpg,591,4,0,non_gusu,0,non_gusu,0.9999987640157232,1.2359842768590841e-06,0.9999987640157232,0.49999876401572313,-13.603641684012443,True,correct
IMG-0592,images/non_gusu/插图__微信图片_20260410094239.jpg,592,4,0,non_gusu,0,non_gusu,0.8249303015139512,0.1750696984860488,0.8249303015139512,0.3249303015139512,-1.5501147280570045,True,correct
IMG-0593,images/non_gusu/插图__微信图片_20260410094252.jpg,593,3,0,non_gusu,0,non_gusu,0.9714839761985609,0.028516023801439087,0.9714839761985609,0.4714839761985609,-3.528358606879877,True,correct
IMG-0594,images/non_gusu/插图__微信图片_20260410094303.jpg,594,5,0,non_gusu,0,non_gusu,0.9986297120521399,0.0013702879478600892,0.9986297120521399,0.4986297120521399,-6.591363152656315,True,correct
IMG-0595,images/non_gusu/插图__微信图片_20260410094317.jpg,595,1,0,non_gusu,1,gusu,0.11842401127462909,0.8815759887253709,0.8815759887253709,0.3815759887253709,2.00743970219163,False,false_positive_non_gusu_to_gusu
IMG-0596,images/non_gusu/插图__微信图片_20260410094327.jpg,596,2,0,non_gusu,0,non_gusu,0.9244521005026622,0.07554789949733771,0.9244521005026622,0.4244521005026623,-2.504434352721098,True,correct
IMG-0597,images/non_gusu/插图__微信图片_20260410094335.jpg,597,2,0,non_gusu,0,non_gusu,0.9897730386226653,0.010226961377334696,0.9897730386226653,0.4897730386226653,-4.572448157651788,True,correct
IMG-0598,images/non_gusu/插图__微信图片_20260410094343.jpg,598,5,0,non_gusu,1,gusu,0.01928876044909489,0.9807112395509051,0.9807112395509051,0.4807112395509051,3.928755496953069,False,false_positive_non_gusu_to_gusu
IMG-0599,images/non_gusu/插图__微信图片_20260410094352.jpg,599,4,0,non_gusu,0,non_gusu,0.7364704893701122,0.26352951062988783,0.7364704893701122,0.23647048937011217,-1.027703809845203,True,correct
IMG-0600,images/non_gusu/插图__微信图片_20260410094400.jpg,600,1,0,non_gusu,0,non_gusu,0.9945425388848146,0.005457461115185468,0.9945425388848146,0.49454253888481453,-5.205299187128536,True,correct
IMG-0601,images/non_gusu/新年画__微信图片_20260409122807.jpg,601,2,0,non_gusu,0,non_gusu,0.9768944248517651,0.02310557514823487,0.9768944248517651,0.47689442485176514,-3.7443046488468097,True,correct
IMG-0602,images/non_gusu/新年画__微信图片_20260409122817.jpg,602,3,0,non_gusu,1,gusu,0.12220652019013245,0.8777934798098675,0.8777934798098675,0.37779347980986755,1.9716989473244158,False,false_positive_non_gusu_to_gusu
IMG-0603,images/non_gusu/新年画__微信图片_20260409122823.jpg,603,1,0,non_gusu,0,non_gusu,0.9999998795913079,1.204086921812429e-07,0.9999998795913079,0.4999998795913078,-15.932373992072497,True,correct
IMG-0604,images/non_gusu/暹罗__微信图片_20260404210245.jpg,604,1,0,non_gusu,0,non_gusu,0.9953647572058304,0.004635242794169586,0.9953647572058304,0.4953647572058304,-5.3694206797149535,True,correct
IMG-0605,images/non_gusu/杨柳青清末__微信图片_20260404210100.jpg,605,2,0,non_gusu,0,non_gusu,0.9999946479795551,5.352020444898496e-06,0.9999946479795551,0.4999946479795551,-12.138031063062577,True,correct
IMG-0606,images/non_gusu/杨柳青清末__微信图片_20260404210125.jpg,606,5,0,non_gusu,0,non_gusu,0.9816917363452263,0.01830826365477372,0.9816917363452263,0.4816917363452263,-3.9819248212075515,True,correct
IMG-0607,images/non_gusu/杨柳青清末__微信图片_20260404210142.jpg,607,1,0,non_gusu,0,non_gusu,0.9996068570949661,0.0003931429050339084,0.9996068570949661,0.4996068570949661,-7.840944165944493,True,correct
IMG-0608,images/non_gusu/杨柳青清末__微信图片_20260404211114.jpg,608,3,0,non_gusu,0,non_gusu,0.9999999733399926,2.6660007393479915e-08,0.9999999733399926,0.49999997333999263,-17.44010121821105,True,correct
IMG-0609,images/non_gusu/杨柳青清末__微信图片_20260404211137.jpg,609,2,0,non_gusu,1,gusu,0.06922517199095624,0.9307748280090438,0.9307748280090438,0.43077482800904376,2.598652834093856,False,false_positive_non_gusu_to_gusu
IMG-0610,images/non_gusu/杨柳青清末__微信图片_20260404211146.jpg,610,1,0,non_gusu,0,non_gusu,0.9999607265478656,3.92734521343676e-05,0.9999607265478656,0.4999607265478656,-10.144922511340408,True,correct
IMG-0611,images/non_gusu/杨柳青清末__微信图片_20260404211157.jpg,611,3,0,non_gusu,0,non_gusu,0.9958017021784548,0.00419829782154524,0.9958017021784548,0.49580170217845476,-5.468868981007895,True,correct
IMG-0612,images/non_gusu/杨柳青清末__微信图片_20260404211209.jpg,612,3,0,non_gusu,0,non_gusu,0.9993620091723178,0.0006379908276822755,0.9993620091723178,0.4993620091723177,-7.356548456965946,True,correct
IMG-0613,images/non_gusu/杨柳青清末__微信图片_20260404211219.jpg,613,1,0,non_gusu,0,non_gusu,0.9999267810387482,7.32189612518291e-05,0.9999267810387482,0.49992678103874816,-9.521982915403568,True,correct
IMG-0614,images/non_gusu/杨柳青清末__微信图片_20260404211231.jpg,614,4,0,non_gusu,0,non_gusu,0.9999999334118397,6.658816026511293e-08,0.9999999334118397,0.49999993341183974,-16.524738982412643,True,correct
IMG-0615,images/non_gusu/杨柳青清末__微信图片_20260404211243.jpg,615,5,0,non_gusu,0,non_gusu,0.9656301604305512,0.03436983956944882,0.9656301604305512,0.46563016043055117,-3.3356014811057055,True,correct
IMG-0616,images/non_gusu/杨柳青清末__微信图片_20260404211253.jpg,616,4,0,non_gusu,0,non_gusu,0.7863944639692323,0.21360553603076773,0.7863944639692323,0.2863944639692323,-1.3033275045973665,True,correct
IMG-0617,images/non_gusu/杨柳青清末__微信图片_20260404211819.jpg,617,5,0,non_gusu,0,non_gusu,0.9975015907587341,0.00249840924126584,0.9975015907587341,0.4975015907587342,-5.989599517654839,True,correct
IMG-0618,images/non_gusu/杨柳青清末__微信图片_20260404211829.jpg,618,4,0,non_gusu,0,non_gusu,0.9904405889106546,0.00955941108934548,0.9904405889106546,0.4904405889106545,-4.64062375979875,True,correct
IMG-0619,images/non_gusu/杨柳青清末__微信图片_20260404211841.jpg,619,5,0,non_gusu,0,non_gusu,0.9997350271938141,0.00026497280618582885,0.9997350271938141,0.4997350271938142,-8.235618347492657,True,correct
IMG-0620,images/non_gusu/杨柳青清末__微信图片_20260404211848.jpg,620,1,0,non_gusu,0,non_gusu,0.9994106456362962,0.0005893543637037824,0.9994106456362962,0.4994106456362962,-7.435893390952508,True,correct
IMG-0621,images/non_gusu/杨柳青清末__微信图片_20260404211857.jpg,621,1,0,non_gusu,0,non_gusu,0.9962627236407027,0.003737276359297295,0.9962627236407027,0.49626272364070273,-5.585653901607635,True,correct
IMG-0622,images/non_gusu/杨柳青清末__微信图片_20260404211905.jpg,622,5,0,non_gusu,0,non_gusu,0.9997228644647683,0.0002771355352317235,0.9997228644647683,0.49972286446476827,-8.190726700633805,True,correct
IMG-0623,images/non_gusu/杨柳青清末__微信图片_20260404212105.jpg,623,2,0,non_gusu,0,non_gusu,0.9992462749255328,0.0007537250744672559,0.9992462749255328,0.49924627492553275,-7.189728869901796,True,correct
IMG-0624,images/non_gusu/杨柳青清末__微信图片_20260404212119.jpg,624,4,0,non_gusu,0,non_gusu,0.9981332666042775,0.0018667333957225393,0.9981332666042775,0.4981332666042775,-6.281696744925695,True,correct
IMG-0625,images/non_gusu/杨柳青清末__微信图片_20260404212127.jpg,625,5,0,non_gusu,0,non_gusu,0.9997124808263016,0.0002875191736983852,0.9997124808263016,0.4997124808263016,-8.153933448310545,True,correct
IMG-0626,images/non_gusu/杨柳青清末__微信图片_20260404212135.jpg,626,2,0,non_gusu,0,non_gusu,0.9999686567141891,3.134328581086115e-05,0.9999686567141891,0.49996865671418916,-10.370479138758279,True,correct
IMG-0627,images/non_gusu/杨柳青清末__微信图片_20260404212143.jpg,627,3,0,non_gusu,0,non_gusu,0.9991726301443886,0.0008273698556113649,0.9991726301443886,0.4991726301443886,-7.0964310249526426,True,correct
IMG-0628,images/non_gusu/杨柳青清末__微信图片_20260404212152.jpg,628,1,0,non_gusu,1,gusu,0.26500693082988125,0.7349930691701188,0.7349930691701188,0.23499306917011875,1.020105089748624,False,false_positive_non_gusu_to_gusu
IMG-0629,images/non_gusu/杨柳青清末__微信图片_20260404212203.jpg,629,1,0,non_gusu,1,gusu,0.2031982076824842,0.7968017923175158,0.7968017923175158,0.2968017923175158,1.366424060457121,False,false_positive_non_gusu_to_gusu
IMG-0630,images/non_gusu/杨柳青清末__微信图片_20260404212210.jpg,630,5,0,non_gusu,0,non_gusu,0.9977101445100474,0.002289855489952655,0.9977101445100474,0.49771014451004736,-6.07697408701319,True,correct
IMG-0631,images/non_gusu/杨柳青清末__微信图片_20260404212217.jpg,631,1,0,non_gusu,0,non_gusu,0.9708178603068148,0.029182139693185123,0.9708178603068148,0.4708178603068149,-3.504582003403014,True,correct
IMG-0632,images/non_gusu/杨柳青清末__微信图片_20260404213044.jpg,632,1,0,non_gusu,1,gusu,0.009855997078859646,0.9901440029211404,0.9901440029211404,0.49014400292114035,4.609770279637627,False,false_positive_non_gusu_to_gusu
IMG-0633,images/non_gusu/杨柳青清末__微信图片_20260404215645.jpg,633,1,0,non_gusu,0,non_gusu,0.9875424307092373,0.01245756929076265,0.9875424307092373,0.48754243070923736,-4.372891050328658,True,correct
IMG-0634,images/non_gusu/杨柳青清末__微信图片_20260404215659.jpg,634,1,0,non_gusu,1,gusu,0.013634790861156598,0.9863652091388434,0.9863652091388434,0.4863652091388434,4.2814020028900375,False,false_positive_non_gusu_to_gusu
IMG-0635,images/non_gusu/杨柳青清末__微信图片_20260404215707.jpg,635,4,0,non_gusu,0,non_gusu,0.9979122856591867,0.0020877143408133507,0.9979122856591867,0.49791228565918666,-6.169595531622081,True,correct
IMG-0636,images/non_gusu/杨柳青清末__微信图片_20260404220444.jpg,636,5,0,non_gusu,0,non_gusu,0.9647749330987595,0.035225066901240464,0.9647749330987595,0.46477493309875956,-3.3101368871497194,True,correct
IMG-0637,images/non_gusu/杨柳青清末__微信图片_20260404220454.jpg,637,5,0,non_gusu,0,non_gusu,0.9898257707865395,0.010174229213460494,0.9898257707865395,0.4898257707865395,-4.577670963053829,True,correct
IMG-0638,images/non_gusu/杨柳青清末__微信图片_20260404220505.jpg,638,3,0,non_gusu,0,non_gusu,0.9224260544405001,0.07757394555949992,0.9224260544405001,0.4224260544405001,-2.4757755972015456,True,correct
IMG-0639,images/non_gusu/杨柳青清末__微信图片_20260404220512.jpg,639,5,0,non_gusu,1,gusu,0.1696463292147875,0.8303536707852125,0.8303536707852125,0.3303536707852125,1.588135865817233,False,false_positive_non_gusu_to_gusu
IMG-0640,images/non_gusu/杨柳青清末__微信图片_20260404220519.jpg,640,2,0,non_gusu,0,non_gusu,0.9942972665916893,0.005702733408310773,0.9942972665916893,0.4942972665916892,-5.161090617691119,True,correct
IMG-0641,images/non_gusu/杨柳青清末__微信图片_20260404220527.jpg,641,5,0,non_gusu,0,non_gusu,0.9997755929550687,0.0002244070449313039,0.9997755929550687,0.4997755929550687,-8.401824558056044,True,correct
IMG-0642,images/non_gusu/杨柳青清末__微信图片_20260404220533.jpg,642,4,0,non_gusu,0,non_gusu,0.9870597214539484,0.012940278546051606,0.9870597214539484,0.4870597214539484,-4.334385730850595,True,correct
IMG-0643,images/non_gusu/杨柳青清末__微信图片_20260409092938.jpg,643,1,0,non_gusu,0,non_gusu,0.9993979144919621,0.0006020855080378449,0.9993979144919621,0.49939791449196214,-7.41450881597789,True,correct
IMG-0644,images/non_gusu/杨柳青清末__微信图片_20260409092948.jpg,644,1,0,non_gusu,0,non_gusu,0.9999993476355573,6.523644426762502e-07,0.9999993476355573,0.4999993476355573,-14.24266181765581,True,correct
IMG-0645,images/non_gusu/杨柳青清末__微信图片_20260409092953.jpg,645,5,0,non_gusu,0,non_gusu,0.9999543429776809,4.5657022319056203e-05,0.9999543429776809,0.49995434297768093,-9.994307475137054,True,correct
IMG-0646,images/non_gusu/杨柳青清末__微信图片_20260409101519.jpg,646,2,0,non_gusu,0,non_gusu,0.9998816863355058,0.00011831366449420482,0.9998816863355058,0.4998816863355058,-9.042052965850125,True,correct
IMG-0647,images/non_gusu/杨柳青清末__微信图片_20260409101531.jpg,647,3,0,non_gusu,0,non_gusu,0.6670289726843126,0.33297102731568734,0.6670289726843126,0.16702897268431266,-0.6947780011427781,True,correct
IMG-0648,images/non_gusu/杨柳青清末__微信图片_20260409101541.jpg,648,5,0,non_gusu,0,non_gusu,0.6742648782010485,0.3257351217989515,0.6742648782010485,0.17426487820104852,-0.727538486791292,True,correct
IMG-0649,images/non_gusu/杨柳青清末__微信图片_20260409101551.jpg,649,1,0,non_gusu,0,non_gusu,0.9926943448286848,0.007305655171315163,0.9926943448286848,0.49269434482868485,-4.911774077575829,True,correct
IMG-0650,images/non_gusu/杨柳青清末__微信图片_20260409101559.jpg,650,5,0,non_gusu,0,non_gusu,0.9998323876745856,0.0001676123254143867,0.9998323876745856,0.4998323876745856,-8.693689205587711,True,correct
IMG-0651,images/non_gusu/杨柳青清末__微信图片_20260409101607.jpg,651,5,0,non_gusu,0,non_gusu,0.969843904321524,0.030156095678475957,0.969843904321524,0.46984390432152406,-3.470748054039523,True,correct
IMG-0652,images/non_gusu/杨柳青清末__微信图片_20260409101936.jpg,652,1,0,non_gusu,1,gusu,0.0404487357621125,0.9595512642378875,0.9595512642378875,0.4595512642378875,3.1664303534152842,False,false_positive_non_gusu_to_gusu
IMG-0653,images/non_gusu/杨柳青清末__微信图片_20260409101951.jpg,653,4,0,non_gusu,0,non_gusu,0.7886894442586571,0.21131055574134294,0.7886894442586571,0.28868944425865706,-1.317043757035983,True,correct
IMG-0654,images/non_gusu/杨柳青清末__微信图片_20260409101958.jpg,654,2,0,non_gusu,0,non_gusu,0.9543947065995028,0.045605293400497224,0.9543947065995028,0.45439470659950276,-3.041053531328558,True,correct
IMG-0655,images/non_gusu/杨柳青清末__微信图片_20260409102005.jpg,655,2,0,non_gusu,0,non_gusu,0.8169474342613063,0.18305256573869363,0.8169474342613063,0.31694743426130634,-1.495801396772297,True,correct
IMG-0656,images/non_gusu/杨柳青清末__微信图片_20260409102015.jpg,656,4,0,non_gusu,1,gusu,2.5748832699346025e-06,0.9999974251167301,0.9999974251167301,0.49999742511673007,12.869703782053033,False,false_positive_non_gusu_to_gusu
IMG-0657,images/non_gusu/杨柳青清末__微信图片_20260409102023.jpg,657,3,0,non_gusu,0,non_gusu,0.9999890223822459,1.0977617754202552e-05,0.9999890223822459,0.4999890223822458,-11.419641130021235,True,correct
IMG-0658,images/non_gusu/杨柳青清末__微信图片_20260409102030.jpg,658,2,0,non_gusu,1,gusu,0.04599572104721317,0.9540042789527868,0.9540042789527868,0.45400427895278683,3.0321197852640425,False,false_positive_non_gusu_to_gusu
IMG-0659,images/non_gusu/杨柳青清末__微信图片_20260409102038.jpg,659,5,0,non_gusu,0,non_gusu,0.9999723036049364,2.7696395063637607e-05,0.9999723036049364,0.4999723036049364,-10.49418059856853,True,correct
IMG-0660,images/non_gusu/杨柳青清末__微信图片_20260409102047.jpg,660,1,0,non_gusu,0,non_gusu,0.9983336671153824,0.0016663328846176144,0.9983336671153824,0.4983336671153824,-6.395462221740666,True,correct
IMG-0661,images/non_gusu/杨柳青清末__微信图片_20260409114434.jpg,661,5,0,non_gusu,1,gusu,0.02724682747181184,0.9727531725281882,0.9727531725281882,0.47275317252818816,3.5751932819819294,False,false_positive_non_gusu_to_gusu
IMG-0662,images/non_gusu/杨柳青清末__微信图片_20260409114450.jpg,662,1,0,non_gusu,0,non_gusu,0.9974607592023018,0.002539240797698146,0.9974607592023018,0.49746075920230187,-5.973347671037317,True,correct
IMG-0663,images/non_gusu/杨柳青清末__微信图片_20260409114458.jpg,663,5,0,non_gusu,0,non_gusu,0.8025899100982643,0.19741008990173572,0.8025899100982643,0.3025899100982643,-1.4025606465504021,True,correct
IMG-0664,images/non_gusu/杨柳青清末__微信图片_20260409114507.jpg,664,1,0,non_gusu,0,non_gusu,0.9955861804821906,0.004413819517809429,0.9955861804821906,0.49558618048219055,-5.41859127138575,True,correct
IMG-0665,images/non_gusu/杨柳青清末__微信图片_20260409114515.jpg,665,4,0,non_gusu,1,gusu,0.18920887601028746,0.8107911239897125,0.8107911239897125,0.31079112398971254,1.4551588984016142,False,false_positive_non_gusu_to_gusu
IMG-0666,images/non_gusu/杨柳青清末__微信图片_20260409114524.jpg,666,4,0,non_gusu,0,non_gusu,0.9908480909689141,0.009151909031085814,0.9908480909689141,0.4908480909689142,-4.684598739148503,True,correct
IMG-0667,images/non_gusu/杨柳青清末__微信图片_20260409122125.jpg,667,5,0,non_gusu,0,non_gusu,0.9998975908344622,0.00010240916553787577,0.9998975908344622,0.4998975908344621,-9.186431927748865,True,correct
IMG-0668,images/non_gusu/杨柳青清末__微信图片_20260409122137.jpg,668,3,0,non_gusu,0,non_gusu,0.9999585122657503,4.148773424967368e-05,0.9999585122657503,0.49995851226575033,-10.090071246068097,True,correct
IMG-0669,images/non_gusu/杨柳青清末__微信图片_20260409122143.jpg,669,2,0,non_gusu,0,non_gusu,0.9999999354011146,6.459888537903723e-08,0.9999999354011146,0.49999993540111465,-16.555068615902293,True,correct
IMG-0670,images/non_gusu/杨柳青清末__微信图片_20260409122154.jpg,670,4,0,non_gusu,0,non_gusu,0.9998996693413514,0.00010033065864851757,0.9998996693413514,0.4998996693413515,-9.20693890453493,True,correct
IMG-0671,images/non_gusu/杨柳青清末__微信图片_20260409122205.jpg,671,1,0,non_gusu,0,non_gusu,0.9996331464023472,0.000366853597652774,0.9996331464023472,0.49963314640234724,-7.910180785070608,True,correct
IMG-0672,images/non_gusu/杨柳青清末__微信图片_20260409122237.jpg,672,4,0,non_gusu,0,non_gusu,0.9974439940732485,0.002556005926751528,0.9974439940732485,0.49744399407324846,-5.966750145622295,True,correct
IMG-0673,images/non_gusu/杨柳青清末__微信图片_20260409122244.jpg,673,2,0,non_gusu,0,non_gusu,0.9999860374025384,1.3962597461608475e-05,0.9999860374025384,0.4999860374025384,-11.179114450657842,True,correct
IMG-0674,images/non_gusu/杨柳青清末__微信图片_20260409123104.jpg,674,4,0,non_gusu,0,non_gusu,0.9997778414062726,0.00022215859372748048,0.9997778414062726,0.4997778414062725,-8.411896861709899,True,correct
IMG-0675,images/non_gusu/杨柳青清末__微信图片_20260409123119.jpg,675,5,0,non_gusu,0,non_gusu,0.9978059675668995,0.002194032433100477,0.9978059675668995,0.49780596756689954,-6.119817691755094,True,correct
IMG-0676,images/non_gusu/杨柳青清末__微信图片_20260409123128.jpg,676,2,0,non_gusu,1,gusu,0.12228558905098408,0.8777144109490159,0.8777144109490159,0.3777144109490159,1.9709620654848625,False,false_positive_non_gusu_to_gusu
IMG-0677,images/non_gusu/杨柳青清末__微信图片_20260409123137.jpg,677,3,0,non_gusu,0,non_gusu,0.9954684323007496,0.004531567699250489,0.9954684323007496,0.4954684323007495,-5.3921454625043435,True,correct
IMG-0678,images/non_gusu/杨柳青清末__微信图片_20260409123146.jpg,678,5,0,non_gusu,0,non_gusu,0.8964305803066348,0.10356941969336514,0.8964305803066348,0.39643058030663486,-2.1581787463744786,True,correct
IMG-0679,images/non_gusu/杨柳青清末__微信图片_20260409123155.jpg,679,4,0,non_gusu,0,non_gusu,0.9994459461002123,0.0005540538997876443,0.9994459461002123,0.49944594610021237,-7.4976943764697275,True,correct
IMG-0680,images/non_gusu/杨柳青清末__微信图片_20260409123205.jpg,680,5,0,non_gusu,0,non_gusu,0.9999999493929453,5.0607054676036115e-08,0.9999999493929453,0.49999994939294534,-16.799174799289045,True,correct
IMG-0681,images/non_gusu/杨柳青清末__微信图片_20260409123213.jpg,681,3,0,non_gusu,0,non_gusu,0.9865181316909373,0.013481868309062676,0.9865181316909373,0.4865181316909373,-4.292836010636833,True,correct
IMG-0682,images/non_gusu/杨柳青清末__微信图片_20260409125903.jpg,682,4,0,non_gusu,0,non_gusu,0.984552004425669,0.015447995574330953,0.984552004425669,0.48455200442566904,-4.154707461231107,True,correct
IMG-0683,images/non_gusu/杨柳青清末__微信图片_20260409125916.jpg,683,4,0,non_gusu,0,non_gusu,0.999791166746815,0.00020883325318500121,0.999791166746815,0.499791166746815,-8.473765601025345,True,correct
IMG-0684,images/non_gusu/杨柳青清末__微信图片_20260409125922.jpg,684,5,0,non_gusu,0,non_gusu,0.999985790192725,1.4209807274924197e-05,0.999985790192725,0.4999857901927251,-11.161563968676287,True,correct
IMG-0685,images/non_gusu/杨柳青清末__微信图片_20260409125926.jpg,685,1,0,non_gusu,0,non_gusu,0.8852087780553658,0.11479122194463423,0.8852087780553658,0.3852087780553658,-2.0427085075283067,True,correct
IMG-0686,images/non_gusu/杨柳青清末__微信图片_20260409125931.jpg,686,5,0,non_gusu,0,non_gusu,0.878966591620294,0.12103340837970601,0.878966591620294,0.378966591620294,-1.9826802799058372,True,correct
IMG-0687,images/non_gusu/杨柳青清末__微信图片_20260409125939.jpg,687,1,0,non_gusu,1,gusu,0.04463164240803408,0.9553683575919659,0.9553683575919659,0.4553683575919659,3.0636539023653264,False,false_positive_non_gusu_to_gusu
IMG-0688,images/non_gusu/杨柳青清末__微信图片_20260410094640.jpg,688,5,0,non_gusu,0,non_gusu,0.8299360448833472,0.17006395511665284,0.8299360448833472,0.32993604488334716,-1.5851740705935309,True,correct
IMG-0689,images/non_gusu/杨柳青清末__微信图片_20260410094700.jpg,689,4,0,non_gusu,0,non_gusu,0.99985242213703,0.00014757786297006848,0.99985242213703,0.4998524221370299,-8.821007048169939,True,correct
IMG-0690,images/non_gusu/杨柳青清末__微信图片_20260410094709.jpg,690,2,0,non_gusu,0,non_gusu,0.602291814175056,0.39770818582494405,0.602291814175056,0.10229181417505595,-0.4150235340984233,True,correct
IMG-0691,images/non_gusu/杨柳青清末__微信图片_20260410094716.jpg,691,2,0,non_gusu,0,non_gusu,0.9677748319725712,0.0322251680274288,0.9677748319725712,0.4677748319725712,-3.4022516856132197,True,correct
IMG-0692,images/non_gusu/杨柳青清末__微信图片_20260410094722.jpg,692,1,0,non_gusu,0,non_gusu,0.9824325965511104,0.017567403448889584,0.9824325965511104,0.4824325965511104,-4.023986629309138,True,correct
IMG-0693,images/non_gusu/杨柳青清末__微信图片_20260410095452.jpg,693,1,0,non_gusu,0,non_gusu,0.999694268763053,0.0003057312369470372,0.999694268763053,0.49969426876305295,-8.092498374601004,True,correct
IMG-0694,images/non_gusu/杨柳青清末__微信图片_20260410095523.jpg,694,4,0,non_gusu,0,non_gusu,0.7273127254078882,0.27268727459211184,0.7273127254078882,0.22731272540788816,-0.9810309195197965,True,correct
IMG-0695,images/non_gusu/杨柳青清末__微信图片_20260410095528.jpg,695,5,0,non_gusu,0,non_gusu,0.9939378701743903,0.006062129825609692,0.9939378701743903,0.4939378701743903,-5.09961350514219,True,correct
IMG-0696,images/non_gusu/杨柳青清末__微信图片_20260410095534.jpg,696,4,0,non_gusu,0,non_gusu,0.9841376049717081,0.01586239502829192,0.9841376049717081,0.4841376049717081,-4.127814514309293,True,correct
IMG-0697,images/non_gusu/杨柳青清末__微信图片_20260410095543.jpg,697,5,0,non_gusu,0,non_gusu,0.9993334562640305,0.0006665437359695526,0.9993334562640305,0.4993334562640305,-7.312738034164008,True,correct
IMG-0698,images/non_gusu/杨柳青清末__微信图片_20260410095553.jpg,698,1,0,non_gusu,0,non_gusu,0.9927931783006365,0.007206821699363452,0.9927931783006365,0.49279317830063657,-4.925494326983317,True,correct
IMG-0699,images/non_gusu/杨柳青清末__微信图片_20260410095601.jpg,699,5,0,non_gusu,0,non_gusu,0.9964057086948728,0.0035942913051271756,0.9964057086948728,0.4964057086948728,-5.624807674435789,True,correct
IMG-0700,images/non_gusu/杨柳青清末__微信图片_20260410095608.jpg,700,5,0,non_gusu,0,non_gusu,0.9848385823117345,0.015161417688265509,0.9848385823117345,0.4848385823117345,-4.173723861018272,True,correct
IMG-0701,images/non_gusu/杨柳青清末__微信图片_20260410095900.jpg,701,5,0,non_gusu,0,non_gusu,0.9944574636962319,0.005542536303768078,0.9944574636962319,0.49445746369623195,-5.189745113274221,True,correct
IMG-0702,images/non_gusu/杨柳青清末__微信图片_20260410095910.jpg,702,3,0,non_gusu,0,non_gusu,0.7762135804657995,0.2237864195342006,0.7762135804657995,0.2762135804657994,-1.2437356020952208,True,correct
IMG-0703,images/non_gusu/杨柳青清末__微信图片_20260410095916.jpg,703,3,0,non_gusu,0,non_gusu,0.7780209363070524,0.22197906369294765,0.7780209363070524,0.2780209363070524,-1.2541703645010838,True,correct
IMG-0704,images/non_gusu/杨柳青清末__微信图片_20260410095920.jpg,704,3,0,non_gusu,1,gusu,0.21610245488951452,0.7838975451104855,0.7838975451104855,0.2838975451104855,1.2885257061353994,False,false_positive_non_gusu_to_gusu
IMG-0705,images/non_gusu/民国年画宣传画__微信图片_20260409095518.jpg,705,2,0,non_gusu,0,non_gusu,0.9997232038516212,0.0002767961483788439,0.9997232038516212,0.49972320385162117,-8.191952414670384,True,correct
IMG-0706,images/non_gusu/民国年画宣传画__微信图片_20260409095527.jpg,706,1,0,non_gusu,0,non_gusu,0.999888695699247,0.00011130430075306067,0.999888695699247,0.49988869569924693,-9.10313134884609,True,correct
IMG-0707,images/non_gusu/民国年画宣传画__微信图片_20260409095531.jpg,707,2,0,non_gusu,0,non_gusu,0.9999922919361145,7.708063885530205e-06,0.9999922919361145,0.4999922919361145,-11.773235811141932,True,correct
IMG-0708,images/non_gusu/民国年画宣传画__微信图片_20260409095536.jpg,708,5,0,non_gusu,0,non_gusu,0.9998572287984339,0.00014277120156617925,0.9998572287984339,0.4998572287984338,-8.854124416707142,True,correct
IMG-0709,images/non_gusu/民国年画宣传画__微信图片_20260409095644.jpg,709,1,0,non_gusu,0,non_gusu,0.9965236441900792,0.0034763558099207615,0.9965236441900792,0.4965236441900792,-5.658288302554795,True,correct
IMG-0710,images/non_gusu/民国年画宣传画__微信图片_20260409095649.jpg,710,5,0,non_gusu,1,gusu,0.24668948129863788,0.7533105187013621,0.7533105187013621,0.2533105187013621,1.1163471332256865,False,false_positive_non_gusu_to_gusu
IMG-0711,images/non_gusu/民国年画宣传画__微信图片_20260409095653.jpg,711,5,0,non_gusu,0,non_gusu,0.9981451635076334,0.0018548364923666543,0.9981451635076334,0.4981451635076333,-6.288102172252735,True,correct
IMG-0712,images/non_gusu/民国年画宣传画__微信图片_20260409095701.jpg,712,5,0,non_gusu,0,non_gusu,0.9962458450314331,0.0037541549685668834,0.9962458450314331,0.4962458450314331,-5.581130841256907,True,correct
IMG-0713,images/non_gusu/民国年画宣传画__微信图片_20260409095705.jpg,713,5,0,non_gusu,0,non_gusu,0.9994340645799813,0.0005659354200187087,0.9994340645799813,0.4994340645799813,-7.476464489555828,True,correct
IMG-0714,images/non_gusu/民国年画宣传画__微信图片_20260409101257.jpg,714,4,0,non_gusu,0,non_gusu,0.8986274040411061,0.10137259595889396,0.8986274040411061,0.398627404041106,-2.1820656947289327,True,correct
IMG-0715,images/non_gusu/民国年画宣传画__微信图片_20260409101307.jpg,715,2,0,non_gusu,0,non_gusu,0.9999642372959227,3.576270407736672e-05,0.9999642372959227,0.49996423729592265,-10.238569229798205,True,correct
IMG-0716,images/non_gusu/民国年画宣传画__微信图片_20260409101313.jpg,716,2,0,non_gusu,0,non_gusu,0.9999949317432173,5.068256782694473e-06,0.9999949317432173,0.4999949317432173,-12.192508561057888,True,correct
IMG-0717,images/non_gusu/民国年画宣传画__微信图片_20260409101318.jpg,717,3,0,non_gusu,0,non_gusu,0.9999850686880158,1.493131198412669e-05,0.9999850686880158,0.4999850686880159,-11.112035143155538,True,correct
IMG-0718,images/non_gusu/民国戏出__微信图片_20260409094558.jpg,718,4,0,non_gusu,0,non_gusu,0.9999936301369884,6.3698630116670685e-06,0.9999936301369884,0.49999363013698833,-11.963926223960943,True,correct
IMG-0719,images/non_gusu/民国戏出__微信图片_20260409094607.jpg,719,1,0,non_gusu,0,non_gusu,0.9999210446021934,7.895539780657271e-05,0.9999210446021934,0.49992104460219344,-9.446548491147203,True,correct
IMG-0720,images/non_gusu/民国戏出__微信图片_20260409094615.jpg,720,2,0,non_gusu,0,non_gusu,0.9999891072742967,1.0892725703286492e-05,0.9999891072742967,0.49998910727429674,-11.427404465403374,True,correct
IMG-0721,images/non_gusu/民国戏出__微信图片_20260409094622.jpg,721,1,0,non_gusu,0,non_gusu,0.9999408120046518,5.918799534825031e-05,0.9999408120046518,0.49994081200465174,-9.734732628169747,True,correct
IMG-0722,images/non_gusu/民国戏出__微信图片_20260409094631.jpg,722,4,0,non_gusu,0,non_gusu,0.9999591875739421,4.081242605792507e-05,0.9999591875739421,0.4999591875739421,-10.106483149421045,True,correct
IMG-0723,images/non_gusu/民国戏出__微信图片_20260409094638.jpg,723,5,0,non_gusu,0,non_gusu,0.9999843609957395,1.563900426050998e-05,0.9999843609957395,0.4999843609957395,-11.065726851955139,True,correct
IMG-0724,images/non_gusu/民国戏出__微信图片_20260409094646.jpg,724,5,0,non_gusu,0,non_gusu,0.9999847464127865,1.5253587213518156e-05,0.9999847464127865,0.4999847464127865,-11.090680601752918,True,correct
IMG-0725,images/non_gusu/民国戏出__微信图片_20260409094655.jpg,725,4,0,non_gusu,0,non_gusu,0.9999719093447252,2.809065527472295e-05,0.9999719093447252,0.4999719093447253,-10.480045498383557,True,correct
IMG-0726,images/non_gusu/民国戏出__微信图片_20260409094704.jpg,726,2,0,non_gusu,0,non_gusu,0.9999978247620825,2.1752379174546163e-06,0.9999978247620825,0.49999782476208254,-13.038370336830246,True,correct
IMG-0727,images/non_gusu/民国戏出__微信图片_20260409095005.jpg,727,2,0,non_gusu,0,non_gusu,0.9999229971297732,7.700287022679632e-05,0.9999229971297732,0.49992299712977323,-9.471590855297531,True,correct
IMG-0728,images/non_gusu/民国戏出__微信图片_20260409095016.jpg,728,4,0,non_gusu,0,non_gusu,0.9999752821316877,2.471786831221475e-05,0.9999752821316877,0.4999752821316878,-10.607959444243933,True,correct
IMG-0729,images/non_gusu/民国戏出__微信图片_20260409095024.jpg,729,5,0,non_gusu,0,non_gusu,0.9999258504178766,7.414958212334833e-05,0.9999258504178766,0.4999258504178766,-9.509351972623223,True,correct
IMG-0730,images/non_gusu/民国戏出__微信图片_20260409095031.jpg,730,3,0,non_gusu,0,non_gusu,0.998789025296453,0.0012109747035470029,0.998789025296453,0.49878902529645297,-6.715117994999409,True,correct
IMG-0731,images/non_gusu/民国戏出__微信图片_20260409095040.jpg,731,2,0,non_gusu,0,non_gusu,0.9999693767763538,3.0623223646216226e-05,0.9999693767763538,0.4999693767763538,-10.393721270477956,True,correct
IMG-0732,images/non_gusu/民国戏出__微信图片_20260409095046.jpg,732,2,0,non_gusu,0,non_gusu,0.9998511559672467,0.00014884403275330433,0.9998511559672467,0.4998511559672467,-8.812462705188537,True,correct
IMG-0733,images/non_gusu/民国戏出__微信图片_20260409095056.jpg,733,3,0,non_gusu,0,non_gusu,0.9973991853495172,0.002600814650482813,0.9973991853495172,0.4973991853495172,-5.94932635327807,True,correct
IMG-0734,images/non_gusu/民国戏出__微信图片_20260409095106.jpg,734,4,0,non_gusu,0,non_gusu,0.9999981813107586,1.8186892414761832e-06,0.9999981813107586,0.4999981813107585,-13.217392694642221,True,correct
IMG-0735,images/non_gusu/民国戏出__微信图片_20260409125547.jpg,735,3,0,non_gusu,0,non_gusu,0.9999988458422805,1.154157719468429e-06,0.9999988458422805,0.49999884584228055,-13.672138573075705,True,correct
IMG-0736,images/non_gusu/民国戏出__微信图片_20260409125558.jpg,736,1,0,non_gusu,0,non_gusu,0.9999999649154994,3.50845005932655e-08,0.9999999649154994,0.4999999649154994,-17.16550634745405,True,correct
IMG-0737,images/non_gusu/民国戏出__微信图片_20260409125606.jpg,737,2,0,non_gusu,0,non_gusu,0.9999990403222482,9.596777518604414e-07,0.9999990403222482,0.4999990403222481,-13.856667324303203,True,correct
IMG-0738,images/non_gusu/民国戏出__微信图片_20260409125616.jpg,738,4,0,non_gusu,0,non_gusu,0.9999600824881094,3.9917511890569616e-05,0.9999600824881094,0.4999600824881094,-10.128655517545369,True,correct
IMG-0739,images/non_gusu/民国戏出__微信图片_20260409125623.jpg,739,2,0,non_gusu,0,non_gusu,0.9999848504144878,1.514958551222782e-05,0.9999848504144878,0.49998485041448776,-11.097522235611747,True,correct
IMG-0740,images/non_gusu/民国戏出__微信图片_20260409125630.jpg,740,2,0,non_gusu,0,non_gusu,0.9999999988869209,1.113079025695024e-09,0.9999999988869209,0.499999998886921,-20.616135763639072,True,correct
IMG-0741,images/non_gusu/民国戏出__微信图片_20260409125640.jpg,741,2,0,non_gusu,0,non_gusu,0.9999894728102613,1.0527189738709083e-05,0.9999894728102613,0.4999894728102613,-11.461538621606564,True,correct
IMG-0742,images/non_gusu/民国戏出__微信图片_20260409125650.jpg,742,1,0,non_gusu,0,non_gusu,0.9660516447328118,0.03394835526718815,0.9660516447328118,0.46605164473281185,-3.348376888146805,True,correct
IMG-0743,images/non_gusu/河北山东__微信图片_20260404211913.jpg,743,1,0,non_gusu,1,gusu,0.022400327712363888,0.9775996722876361,0.9775996722876361,0.4775996722876361,3.7760246644257376,False,false_positive_non_gusu_to_gusu
IMG-0744,images/non_gusu/河北山东__微信图片_20260404220543.jpg,744,3,0,non_gusu,0,non_gusu,0.9999102847174798,8.971528252025309e-05,0.9999102847174798,0.4999102847174797,-9.318779710411397,True,correct
IMG-0745,images/non_gusu/河北山东__微信图片_20260404220554.jpg,745,4,0,non_gusu,1,gusu,0.373516231106392,0.626483768893608,0.626483768893608,0.12648376889360802,0.5171614060023667,False,false_positive_non_gusu_to_gusu
IMG-0746,images/non_gusu/河北山东__微信图片_20260409124404.jpg,746,4,0,non_gusu,0,non_gusu,0.9999996427913338,3.572086661721341e-07,0.9999996427913338,0.49999964279133385,-14.844945369629489,True,correct
IMG-0747,images/non_gusu/河北山东__微信图片_20260409124413.jpg,747,2,0,non_gusu,0,non_gusu,0.9992638148539101,0.0007361851460898632,0.9992638148539101,0.49926381485391014,-7.213292457419843,True,correct
IMG-0748,images/non_gusu/河北山东__微信图片_20260410100520.jpg,748,5,0,non_gusu,0,non_gusu,0.9989307463731123,0.0010692536268877212,0.9989307463731123,0.4989307463731123,-6.839724593184384,True,correct
IMG-0749,images/non_gusu/河北山东__微信图片_20260410100529.jpg,749,2,0,non_gusu,0,non_gusu,0.9999917499373909,8.250062609106109e-06,0.9999917499373909,0.4999917499373909,-11.705281518567281,True,correct
IMG-0750,images/non_gusu/河北山东__微信图片_20260410100534.jpg,750,2,0,non_gusu,0,non_gusu,0.9986926962922203,0.0013073037077796115,0.9986926962922203,0.4986926962922204,-6.63848034221399,True,correct
IMG-0751,images/non_gusu/河北山东__微信图片_20260410100539.jpg,751,1,0,non_gusu,0,non_gusu,0.9999983635081822,1.6364918178232008e-06,0.9999983635081822,0.49999836350818216,-13.322954106327023,True,correct
IMG-0752,images/non_gusu/河北山东__微信图片_20260410100546.jpg,752,3,0,non_gusu,0,non_gusu,0.9997305913921166,0.0002694086078833314,0.9997305913921166,0.4997305913921167,-8.219011897539625,True,correct
IMG-0753,images/non_gusu/河北山东__微信图片_20260410100554.jpg,753,5,0,non_gusu,0,non_gusu,0.9999959545218269,4.045478173128539e-06,0.9999959545218269,0.4999959545218269,-12.417906755572522,True,correct
IMG-0754,images/non_gusu/河北山东__微信图片_20260410100605.jpg,754,1,0,non_gusu,0,non_gusu,0.9999999820752987,1.7924701271047056e-08,0.9999999820752987,0.4999999820752987,-17.83708609816739,True,correct
IMG-0755,images/non_gusu/河北山东__微信图片_20260410100612.jpg,755,1,0,non_gusu,0,non_gusu,0.9997946844603299,0.0002053155396700855,0.9997946844603299,0.49979468446032993,-8.49075720768493,True,correct
IMG-0756,images/non_gusu/河北山东__微信图片_20260410100620.jpg,756,4,0,non_gusu,0,non_gusu,0.9997887838210354,0.00021121617896453372,0.9997887838210354,0.4997887838210355,-8.462417165632225,True,correct
IMG-0757,images/non_gusu/河北山东__微信图片_20260410100711.jpg,757,3,0,non_gusu,0,non_gusu,0.9998363023822567,0.0001636976177432438,0.9998363023822567,0.49983630238225674,-8.717325915251811,True,correct
IMG-0758,images/non_gusu/河北山东__微信图片_20260410100719.jpg,758,2,0,non_gusu,0,non_gusu,0.9999979360382,2.0639618000171986e-06,0.9999979360382,0.4999979360382,-13.090881154295904,True,correct
IMG-0759,images/non_gusu/河北山东__微信图片_20260410100727.jpg,759,3,0,non_gusu,0,non_gusu,0.9999981929363897,1.8070636102680018e-06,0.9999981929363897,0.49999819293638975,-13.223805537767955,True,correct
IMG-0760,images/non_gusu/河北山东__微信图片_20260410100734.jpg,760,3,0,non_gusu,0,non_gusu,0.9999854102591158,1.458974088419657e-05,0.9999854102591158,0.4999854102591158,-11.135177365562003,True,correct
IMG-0761,images/non_gusu/河北山东__微信图片_20260410100743.jpg,761,5,0,non_gusu,0,non_gusu,0.9999996245150811,3.7548491890303307e-07,0.9999996245150811,0.4999996245150811,-14.795047153772076,True,correct
IMG-0762,images/non_gusu/河北山东__微信图片_20260410100749.jpg,762,5,0,non_gusu,0,non_gusu,0.9999972620983879,2.7379016121174945e-06,0.9999972620983879,0.4999972620983879,-12.808316028053977,True,correct
IMG-0763,images/non_gusu/河北山东__微信图片_20260410100758.jpg,763,2,0,non_gusu,0,non_gusu,0.9999999377671478,6.223285219309539e-08,0.9999999377671478,0.4999999377671478,-16.592382744094266,True,correct
IMG-0764,images/non_gusu/河北山东__微信图片_20260410100806.jpg,764,2,0,non_gusu,0,non_gusu,0.999999926557582,7.344241806775453e-08,0.999999926557582,0.4999999265575819,-16.42676409197461,True,correct
IMG-0765,images/non_gusu/河北山东__微信图片_20260410100813.jpg,765,4,0,non_gusu,0,non_gusu,0.9999804841993107,1.9515800689306438e-05,0.9999804841993107,0.4999804841993107,-10.84426661275328,True,correct
IMG-0766,images/non_gusu/潍坊__微信图片_20260404211928.jpg,766,3,0,non_gusu,0,non_gusu,0.9945358141609116,0.005464185839088385,0.9945358141609116,0.49453581416091164,-5.204060976637469,True,correct
IMG-0767,images/non_gusu/非姑苏-未分类__微信图片_20260409093218.jpg,767,1,0,non_gusu,0,non_gusu,0.9999933309522714,6.669047728621679e-06,0.9999933309522714,0.4999933309522714,-11.918026808481372,True,correct
IMG-0768,images/non_gusu/非姑苏-未分类__微信图片_20260409093227.jpg,768,3,0,non_gusu,0,non_gusu,0.9854785356581467,0.01452146434185335,0.9854785356581467,0.48547853565814664,-4.217499491899964,True,correct
IMG-0769,images/non_gusu/非姑苏-未分类__微信图片_20260409093232.jpg,769,2,0,non_gusu,0,non_gusu,0.9999556606102473,4.4339389752719685e-05,0.9999556606102473,0.49995566061024727,-10.023592776404683,True,correct
IMG-0770,images/non_gusu/非姑苏-未分类__微信图片_20260409093245.jpg,770,5,0,non_gusu,0,non_gusu,0.9773159262904811,0.022684073709518804,0.9773159262904811,0.4773159262904812,-3.7631468838743616,True,correct
IMG-0771,images/non_gusu/非姑苏-未分类__微信图片_20260409093249.jpg,771,1,0,non_gusu,0,non_gusu,0.9999819909289595,1.8009071040508454e-05,0.9999819909289595,0.4999819909289595,-10.92461697107848,True,correct
IMG-0772,images/non_gusu/非姑苏-未分类__微信图片_20260409093256.jpg,772,4,0,non_gusu,0,non_gusu,0.9969309722077679,0.003069027792232004,0.9969309722077679,0.496930972207768,-5.783320700675556,True,correct
IMG-0773,images/non_gusu/非姑苏-未分类__微信图片_20260409093301.jpg,773,4,0,non_gusu,0,non_gusu,0.9630451333995127,0.03695486660048733,0.9630451333995127,0.4630451333995127,-3.2604029317489522,True,correct
IMG-0774,images/non_gusu/非姑苏-未分类__微信图片_20260409093306.jpg,774,1,0,non_gusu,0,non_gusu,0.9761274834936584,0.023872516506341573,0.9761274834936584,0.4761274834936584,-3.7108653359374517,True,correct
IMG-0775,images/non_gusu/非姑苏-未分类__微信图片_20260409093310.jpg,775,1,0,non_gusu,1,gusu,0.006002545336025733,0.9939974546639743,0.9939974546639743,0.49399745466397427,5.109551044011049,False,false_positive_non_gusu_to_gusu
IMG-0776,images/non_gusu/非姑苏-未分类__微信图片_20260409093840.jpg,776,5,0,non_gusu,0,non_gusu,0.9997602508708369,0.00023974912916319144,0.9997602508708369,0.4997602508708368,-8.33567769860406,True,correct
IMG-0777,images/non_gusu/非姑苏-未分类__微信图片_20260409093850.jpg,777,5,0,non_gusu,0,non_gusu,0.9550414213665331,0.04495857863346684,0.9550414213665331,0.45504142136653314,-3.0560131216374278,True,correct
IMG-0778,images/non_gusu/非姑苏-未分类__微信图片_20260409093856.jpg,778,5,0,non_gusu,0,non_gusu,0.9999439074229074,5.609257709255491e-05,0.9999439074229074,0.49994390742290745,-9.788450975680503,True,correct
IMG-0779,images/non_gusu/非姑苏-未分类__微信图片_20260409093903.jpg,779,1,0,non_gusu,0,non_gusu,0.9056696192449437,0.09433038075505626,0.9056696192449437,0.4056696192449437,-2.261871271799872,True,correct
IMG-0780,images/non_gusu/非姑苏-未分类__微信图片_20260409093915.jpg,780,5,0,non_gusu,0,non_gusu,0.9999859939028143,1.400609718573787e-05,0.9999859939028143,0.4999859939028143,-11.17600380369513,True,correct
IMG-0781,images/non_gusu/非姑苏-未分类__微信图片_20260409093924.jpg,781,3,0,non_gusu,0,non_gusu,0.9999955525979245,4.447402075495748e-06,0.9999955525979245,0.4999955525979245,-12.32318598811302,True,correct
IMG-0782,images/non_gusu/非姑苏-未分类__微信图片_20260409093933.jpg,782,4,0,non_gusu,0,non_gusu,0.9544522103443704,0.045547789655629604,0.9544522103443704,0.4544522103443704,-3.042375477318355,True,correct
IMG-0783,images/non_gusu/非姑苏-未分类__微信图片_20260409093938.jpg,783,4,0,non_gusu,0,non_gusu,0.5465151105273858,0.45348488947261417,0.5465151105273858,0.04651511052738583,-0.18660000766845428,True,correct
IMG-0784,images/non_gusu/非姑苏-未分类__微信图片_20260409094255.jpg,784,1,0,non_gusu,0,non_gusu,0.9764079590791895,0.023592040920810502,0.9764079590791895,0.4764079590791895,-3.7229710839069816,True,correct
IMG-0785,images/non_gusu/非姑苏-未分类__微信图片_20260409094307.jpg,785,3,0,non_gusu,1,gusu,0.3598094890801865,0.6401905109198135,0.6401905109198135,0.1401905109198135,0.5761911109934946,False,false_positive_non_gusu_to_gusu
IMG-0786,images/non_gusu/非姑苏-未分类__微信图片_20260409094312.jpg,786,5,0,non_gusu,0,non_gusu,0.5352016674149049,0.4647983325850951,0.5352016674149049,0.03520166741490488,-0.1410400061580651,True,correct
IMG-0787,images/non_gusu/非姑苏-未分类__微信图片_20260409094317.jpg,787,5,0,non_gusu,1,gusu,0.0007568646743054686,0.9992431353256945,0.9992431353256945,0.49924313532569453,7.185568935045204,False,false_positive_non_gusu_to_gusu
IMG-0788,images/non_gusu/非姑苏-未分类__微信图片_20260409094325.jpg,788,1,0,non_gusu,0,non_gusu,0.9998965641894462,0.00010343581055385147,0.9998965641894462,0.49989656418944617,-9.176455884379996,True,correct
IMG-0789,images/non_gusu/非姑苏-未分类__微信图片_20260409094330.jpg,789,3,0,non_gusu,0,non_gusu,0.5538514323779472,0.4461485676220528,0.5538514323779472,0.053851432377947206,-0.21624447036856365,True,correct
IMG-0790,images/non_gusu/非姑苏-未分类__微信图片_20260409094335.jpg,790,5,0,non_gusu,0,non_gusu,0.9945826627980778,0.005417337201922147,0.9945826627980778,0.49458266279807783,-5.212718811227364,True,correct
IMG-0791,images/non_gusu/非姑苏-未分类__微信图片_20260409102454.jpg,791,1,0,non_gusu,0,non_gusu,0.9990595643561191,0.00094043564388092,0.9990595643561191,0.4990595643561191,-6.968226460992368,True,correct
IMG-0792,images/non_gusu/非姑苏-未分类__微信图片_20260409102508.jpg,792,1,0,non_gusu,0,non_gusu,0.5378539969612505,0.46214600303874953,0.5378539969612505,0.03785399696125047,-0.15170627716824556,True,correct
IMG-0793,images/non_gusu/非姑苏-未分类__微信图片_20260409102519.jpg,793,4,0,non_gusu,0,non_gusu,0.9967579318038281,0.003242068196171898,0.9967579318038281,0.4967579318038281,-5.728296485587297,True,correct
IMG-0794,images/non_gusu/非姑苏-未分类__微信图片_20260409102525.jpg,794,4,0,non_gusu,1,gusu,0.06190508746100676,0.9380949125389932,0.9380949125389932,0.43809491253899324,2.7182487652650753,False,false_positive_non_gusu_to_gusu
IMG-0795,images/non_gusu/非姑苏-未分类__微信图片_20260409102533.jpg,795,5,0,non_gusu,1,gusu,0.4837302281799828,0.5162697718200172,0.5162697718200172,0.01626977182001721,0.06510207093748453,False,false_positive_non_gusu_to_gusu
IMG-0796,images/non_gusu/非姑苏-未分类__微信图片_20260409102543.jpg,796,4,0,non_gusu,0,non_gusu,0.9985090082198937,0.0014909917801063097,0.9985090082198937,0.4985090082198937,-6.506821651807462,True,correct
IMG-0797,images/non_gusu/非姑苏-未分类__微信图片_20260409115403.jpg,797,1,0,non_gusu,0,non_gusu,0.999855718266604,0.00014428173339602643,0.999855718266604,0.49985571826660397,-8.843598395746465,True,correct
IMG-0798,images/non_gusu/非姑苏-未分类__微信图片_20260409115440.jpg,798,3,0,non_gusu,0,non_gusu,0.9999788086682905,2.119133170947204e-05,0.9999788086682905,0.49997880866829053,-10.761897149973622,True,correct
IMG-0799,images/non_gusu/非姑苏-未分类__微信图片_20260409123019.jpg,799,5,0,non_gusu,0,non_gusu,0.9992211008166071,0.0007788991833929281,0.9992211008166071,0.4992211008166071,-7.156849735766623,True,correct
IMG-0800,images/non_gusu/非姑苏-未分类__微信图片_20260409124102.jpg,800,1,0,non_gusu,0,non_gusu,0.9999911700148423,8.829985157745593e-06,0.9999911700148423,0.4999911700148423,-11.63734839421519,True,correct
IMG-0801,images/non_gusu/非姑苏-未分类__微信图片_20260409124116.jpg,801,3,0,non_gusu,0,non_gusu,0.9660400340154297,0.03395996598457027,0.9660400340154297,0.4660400340154297,-3.348022916623494,True,correct
IMG-0802,images/non_gusu/非姑苏-未分类__微信图片_20260409124123.jpg,802,3,0,non_gusu,0,non_gusu,0.9999878734005923,1.2126599407734394e-05,0.9999878734005923,0.49998787340059225,-11.3200970932509,True,correct
IMG-0803,images/non_gusu/非姑苏-未分类__微信图片_20260409124131.jpg,803,2,0,non_gusu,0,non_gusu,0.9886596441976073,0.011340355802392656,0.9886596441976073,0.4886596441976073,-4.467982457355401,True,correct
IMG-0804,images/non_gusu/非姑苏-未分类__微信图片_20260409124141.jpg,804,5,0,non_gusu,0,non_gusu,0.8992146802516426,0.10078531974835732,0.8992146802516426,0.3992146802516427,-2.188529097294768,True,correct
IMG-0805,images/non_gusu/非姑苏-未分类__微信图片_20260409124152.jpg,805,5,0,non_gusu,0,non_gusu,0.9991428641830054,0.0008571358169946312,0.9991428641830054,0.49914286418300535,-7.061056668981449,True,correct
IMG-0806,images/non_gusu/非姑苏-未分类__微信图片_20260409124202.jpg,806,1,0,non_gusu,0,non_gusu,0.993799709554349,0.006200290445650909,0.993799709554349,0.4937997095543491,-5.076939549883999,True,correct
IMG-0807,images/non_gusu/非姑苏-未分类__微信图片_20260409124211.jpg,807,2,0,non_gusu,1,gusu,0.4803280114675258,0.5196719885324742,0.5196719885324742,0.019671988532474205,0.07872859351552763,False,false_positive_non_gusu_to_gusu
IMG-0808,images/non_gusu/非姑苏-未分类__微信图片_20260409124222.jpg,808,3,0,non_gusu,0,non_gusu,0.9721688252904315,0.027831174709568505,0.9721688252904315,0.47216882529043147,-3.553372693112444,True,correct
IMG-0809,images/non_gusu/非姑苏-未分类__微信图片_20260409125946.jpg,809,3,0,non_gusu,0,non_gusu,0.9999596752931079,4.0324706892115896e-05,0.9999596752931079,0.49995967529310786,-10.11850587709887,True,correct
IMG-0810,images/non_gusu/非姑苏-未分类__微信图片_20260409125957.jpg,810,3,0,non_gusu,0,non_gusu,0.9999291947055347,7.08052944653459e-05,0.9999291947055347,0.49992919470553465,-9.555505971675268,True,correct
IMG-0811,images/non_gusu/非姑苏-未分类__微信图片_20260409130124.jpg,811,2,0,non_gusu,1,gusu,0.008467740331071782,0.9915322596689282,0.9915322596689282,0.4915322596689282,4.762987795584332,False,false_positive_non_gusu_to_gusu
IMG-0812,images/non_gusu/非姑苏-未分类__微信图片_20260409130134.jpg,812,3,0,non_gusu,0,non_gusu,0.9925924675860829,0.007407532413917149,0.9925924675860829,0.4925924675860828,-4.89782279827509,True,correct
IMG-0813,images/non_gusu/非姑苏-未分类__微信图片_20260409130138.jpg,813,4,0,non_gusu,0,non_gusu,0.9985654140041654,0.0014345859958345552,0.9985654140041654,0.49856541400416543,-6.545443360041405,True,correct
IMG-0814,images/non_gusu/非姑苏-未分类__微信图片_20260409130143.jpg,814,3,0,non_gusu,0,non_gusu,0.972983483751292,0.027016516248707996,0.972983483751292,0.472983483751292,-3.5839187155806975,True,correct
IMG-0815,images/non_gusu/非姑苏-未分类__微信图片_20260409130149.jpg,815,1,0,non_gusu,0,non_gusu,0.9193304562362866,0.08066954376371341,0.9193304562362866,0.4193304562362866,-2.4332845367881966,True,correct
IMG-0816,images/non_gusu/非姑苏-未分类__微信图片_20260409130154.jpg,816,2,0,non_gusu,0,non_gusu,0.9780442682970937,0.021955731702906326,0.9780442682970937,0.4780442682970937,-3.796526702266869,True,correct
IMG-0817,images/non_gusu/非姑苏-未分类__微信图片_20260409130202.jpg,817,4,0,non_gusu,0,non_gusu,0.9958457835248382,0.004154216475161756,0.9958457835248382,0.49584578352483827,-5.479468573221045,True,correct
IMG-0818,images/non_gusu/非姑苏-未分类__微信图片_20260409130208.jpg,818,3,0,non_gusu,0,non_gusu,0.9998929878482448,0.00010701215175525957,0.9998929878482448,0.49989298784824476,-9.142461144266575,True,correct
IMG-0819,images/non_gusu/非姑苏-未分类__微信图片_20260410093255.jpg,819,2,0,non_gusu,0,non_gusu,0.6046966212171074,0.3953033787828926,0.6046966212171074,0.10469662121710738,-0.42507336207260205,True,correct
IMG-0820,images/non_gusu/非姑苏-未分类__微信图片_20260410093310.jpg,820,2,0,non_gusu,0,non_gusu,0.9916205140516374,0.008379485948362552,0.9916205140516374,0.4916205140516374,-4.773553917841497,True,correct
IMG-0821,images/non_gusu/非姑苏-未分类__微信图片_20260410093318.jpg,821,5,0,non_gusu,0,non_gusu,0.9997382559288348,0.00026174407116522064,0.9997382559288348,0.4997382559288348,-8.24788158089173,True,correct
IMG-0822,images/non_gusu/非姑苏-未分类__微信图片_20260410093326.jpg,822,2,0,non_gusu,0,non_gusu,0.9975421826298051,0.002457817370194887,0.9975421826298051,0.4975421826298051,-6.006020728001938,True,correct
IMG-0823,images/non_gusu/非姑苏-未分类__微信图片_20260410093332.jpg,823,4,0,non_gusu,0,non_gusu,0.9999982131479669,1.7868520331412486e-06,0.9999982131479669,0.4999982131479669,-13.235053340185202,True,correct
IMG-0824,images/non_gusu/非姑苏-未分类__微信图片_20260410093337.jpg,824,2,0,non_gusu,1,gusu,0.38534398386288826,0.6146560161371117,0.6146560161371117,0.11465601613711174,0.4669263880077458,False,false_positive_non_gusu_to_gusu
IMG-0825,images/non_gusu/非姑苏-未分类__微信图片_20260410095924.jpg,825,4,0,non_gusu,0,non_gusu,0.9997835589976244,0.0002164410023755666,0.9997835589976244,0.49978355899762444,-8.437976089577644,True,correct
IMG-0826,images/non_gusu/非姑苏-未分类__微信图片_20260410100030.jpg,826,3,0,non_gusu,0,non_gusu,0.9092720076503003,0.09072799234969976,0.9092720076503003,0.40927200765030025,-2.3047783525620256,True,correct
IMG-0827,images/non_gusu/非姑苏-未分类__微信图片_20260410100036.jpg,827,1,0,non_gusu,0,non_gusu,0.9780359169209327,0.021964083079067307,0.9780359169209327,0.47803591692093267,-3.7961378623082283,True,correct
IMG-0828,images/non_gusu/非姑苏-未分类__微信图片_20260410100040.jpg,828,3,0,non_gusu,0,non_gusu,0.7215432594948411,0.2784567405051589,0.7215432594948411,0.2215432594948411,-0.9521296171565953,True,correct
IMG-0829,images/non_gusu/非姑苏-未分类__微信图片_20260410100045.jpg,829,3,0,non_gusu,1,gusu,0.08552178969257185,0.9144782103074282,0.9144782103074282,0.41447821030742815,2.3695824469757976,False,false_positive_non_gusu_to_gusu
IMG-0830,images/non_gusu/非姑苏-未分类__微信图片_20260410100049.jpg,830,4,0,non_gusu,0,non_gusu,0.994229068449161,0.00577093155083895,0.994229068449161,0.49422906844916104,-5.149134116488305,True,correct
IMG-0831,images/non_gusu/非姑苏-未分类__微信图片_20260410100053.jpg,831,2,0,non_gusu,0,non_gusu,0.9991228361316407,0.000877163868359345,0.9991228361316407,0.49912283613164066,-7.037939183207989,True,correct
IMG-0832,images/non_gusu/非姑苏-未分类__微信图片_20260410100058.jpg,832,1,0,non_gusu,0,non_gusu,0.999964597389166,3.540261083405052e-05,0.999964597389166,0.49996459738916593,-10.248689584932288,True,correct
IMG-0833,images/non_gusu/非姑苏-未分类__微信图片_20260410100105.jpg,833,5,0,non_gusu,0,non_gusu,0.7311741590439915,0.2688258409560084,0.7311741590439915,0.23117415904399158,-1.000587940502181,True,correct
IMG-0834,images/non_gusu/非姑苏-未分类__微信图片_20260410100113.jpg,834,1,0,non_gusu,0,non_gusu,0.9995236164384834,0.00047638356151662636,0.9995236164384834,0.49952361643848336,-7.648810729642853,True,correct
IMG-0835,images/non_gusu/非姑苏-未分类__微信图片_20260410100334.jpg,835,1,0,non_gusu,0,non_gusu,0.9854560401287826,0.014543959871217366,0.9854560401287826,0.48545604012878263,-4.215928740628368,True,correct
IMG-0836,images/non_gusu/非姑苏-未分类__微信图片_20260410100340.jpg,836,4,0,non_gusu,0,non_gusu,0.7818037081277396,0.21819629187226044,0.7818037081277396,0.2818037081277396,-1.2762086173267198,True,correct
IMG-0837,images/non_gusu/非姑苏-未分类__微信图片_20260410100350.jpg,837,2,0,non_gusu,0,non_gusu,0.9996977928678524,0.00030220713214751854,0.9996977928678524,0.4996977928678525,-8.10409565484533,True,correct
IMG-0838,images/non_gusu/非姑苏-未分类__微信图片_20260410100356.jpg,838,1,0,non_gusu,0,non_gusu,0.9999966185715087,3.3814284913362078e-06,0.9999966185715087,0.4999966185715087,-12.597208925745441,True,correct
IMG-0839,images/non_gusu/非姑苏-未分类__微信图片_20260410100402.jpg,839,4,0,non_gusu,1,gusu,0.1633370592149711,0.8366629407850289,0.8366629407850289,0.3366629407850289,1.6336053765062035,False,false_positive_non_gusu_to_gusu
IMG-0840,images/non_gusu/非姑苏-统计表__DP-18167-001-ming.jpg,840,4,0,non_gusu,0,non_gusu,0.9965462264388946,0.0034537735611053907,0.9965462264388946,0.4965462264388946,-5.664828108253584,True,correct
IMG-0841,images/non_gusu/非姑苏-统计表__DP-19473-002_crd-ming.jpg,841,2,0,non_gusu,1,gusu,0.10973487408976712,0.8902651259102329,0.8902651259102329,0.3902651259102329,2.093452091694169,False,false_positive_non_gusu_to_gusu
IMG-0842,images/non_gusu/非姑苏-统计表__DP-44381-003.jpg,842,3,0,non_gusu,1,gusu,0.01709853070570433,0.9829014692942957,0.9829014692942957,0.48290146929429567,4.051516344253864,False,false_positive_non_gusu_to_gusu
IMG-0843,images/non_gusu/非姑苏-统计表__w163 4.jpg,843,1,0,non_gusu,1,gusu,0.20203921895168564,0.7979607810483144,0.7979607810483144,0.29796078104831436,1.3735976179040073,False,false_positive_non_gusu_to_gusu
IMG-0844,images/non_gusu/非姑苏-统计表__w164 1.jpg,844,5,0,non_gusu,1,gusu,1.0661025602543006e-05,0.9999893389743975,0.9999893389743975,0.49998933897439746,11.448905272408817,False,false_positive_non_gusu_to_gusu
IMG-0845,images/non_gusu/非姑苏-统计表__冯宁等绘 《平定仲苗得胜图之攻克北乡巴林》清嘉庆三年 铜版画 49x85.jpg,845,2,0,non_gusu,1,gusu,0.11674560134432144,0.8832543986556786,0.8832543986556786,0.38325439865567856,2.023616046319257,False,false_positive_non_gusu_to_gusu
IMG-0846,images/non_gusu/非姑苏-统计表__冯宁等绘 《平定苗疆得胜图之收复乾州》 清乾隆六十年至嘉庆三年 铜版画51x87.jpg,846,3,0,non_gusu,0,non_gusu,0.9999386247988042,6.137520119575766e-05,0.9999386247988042,0.49993862479880424,-9.698443316631614,True,correct
IMG-0847,images/non_gusu/非姑苏-统计表__冯宁等绘 《平定苗疆得胜图之攻克苏麻寨》清乾隆六十年至嘉庆三年 铜版画 51x87.jpg,847,2,0,non_gusu,1,gusu,0.01165345196079004,0.98834654803921,0.98834654803921,0.48834654803920996,4.440430951602612,False,false_positive_non_gusu_to_gusu
IMG-0848,images/non_gusu/非姑苏-统计表__南极仙翁.jpg,848,4,0,non_gusu,0,non_gusu,0.9462804422070819,0.05371955779291811,0.9462804422070819,0.4462804422070819,-2.868761835736911,True,correct
IMG-0849,images/non_gusu/非姑苏-统计表__微信图片_20260404210259.jpg,849,2,0,non_gusu,0,non_gusu,0.9968291959339237,0.0031708040660762943,0.9968291959339237,0.4968291959339237,-5.7505942329347635,True,correct
IMG-0850,images/non_gusu/非姑苏-统计表__微信图片_20260404210312.jpg,850,5,0,non_gusu,0,non_gusu,0.9890816665882922,0.01091833341170776,0.9890816665882922,0.4890816665882922,-4.506333562431949,True,correct
IMG-0851,images/non_gusu/非姑苏-统计表__微信图片_20260404210449.jpg,851,3,0,non_gusu,0,non_gusu,0.5304528337951806,0.46954716620481945,0.5304528337951806,0.030452833795180545,-0.12196229103585227,True,correct
IMG-0852,images/non_gusu/非姑苏-统计表__群神聚会下天台.jpg,852,3,0,non_gusu,0,non_gusu,0.8861117948022533,0.11388820519774664,0.8861117948022533,0.3861117948022533,-2.0516258108036665,True,correct
IMG-0853,images/non_gusu/非姑苏-统计表__贾士球、黎明、冯宁等绘 《平定廓尔喀得胜图之攻克擦木之图》清乾隆六十年至嘉庆元年 铜版画 51x87.jpg,853,4,0,non_gusu,0,non_gusu,0.9980944595797909,0.001905540420209029,0.9980944595797909,0.498094459579791,-6.26108226721335,True,correct
IMG-0854,images/non_gusu/非姑苏-统计表__郎世宁等绘 《平定西域战图之伊西洱库尔淖尔之战》清乾隆 铜版画51.5x90.jpg,854,4,0,non_gusu,0,non_gusu,0.813428940707134,0.186571059292866,0.813428940707134,0.313428940707134,-1.4724463912691774,True,correct
IMG-0855,images/non_gusu/非姑苏-统计表__郎世宁等绘 《平定西域战图之阿尔楚尔之战》清乾隆 铜版画 51.5x90.jpg,855,1,0,non_gusu,0,non_gusu,0.9912416855021964,0.008758314497803656,0.9912416855021964,0.4912416855021963,-4.728954907513217,True,correct
IMG-0856,images/non_gusu/鲁主任转__新中国年画1.jpg,856,1,0,non_gusu,0,non_gusu,0.99967733012991,0.0003226698700900437,0.99967733012991,0.49967733012990995,-8.038558109500864,True,correct
IMG-0857,images/non_gusu/鲁主任转__新中国年画10、11.jpg,857,5,0,non_gusu,0,non_gusu,0.7381063585156451,0.2618936414843549,0.7381063585156451,0.2381063585156451,-1.036149458637765,True,correct
IMG-0858,images/non_gusu/鲁主任转__新中国年画12、13.jpg,858,3,0,non_gusu,0,non_gusu,0.9983610049149633,0.0016389950850367004,0.9983610049149633,0.4983610049149633,-6.4120316382753915,True,correct
IMG-0859,images/non_gusu/鲁主任转__新中国年画14.jpg,859,2,0,non_gusu,0,non_gusu,0.9999989982224343,1.0017775657012509e-06,0.9999989982224343,0.4999989982224343,-13.813733568485144,True,correct
IMG-0860,images/non_gusu/鲁主任转__新中国年画15.jpg,860,2,0,non_gusu,0,non_gusu,0.9999979063442079,2.093655792087063e-06,0.9999979063442079,0.49999790634420793,-13.076596743551438,True,correct
IMG-0861,images/non_gusu/鲁主任转__新中国年画16、17.jpg,861,5,0,non_gusu,0,non_gusu,0.9999453291009476,5.467089905242142e-05,0.9999453291009476,0.4999453291009476,-9.814124327720894,True,correct
IMG-0862,images/non_gusu/鲁主任转__新中国年画18、19.jpg,862,5,0,non_gusu,0,non_gusu,0.9999527829595884,4.721704041157968e-05,0.9999527829595884,0.4999527829595884,-9.960708486702618,True,correct
IMG-0863,images/non_gusu/鲁主任转__新中国年画2.jpg,863,3,0,non_gusu,0,non_gusu,0.9999999332443923,6.675560775562031e-08,0.9999999332443923,0.49999993324439224,-16.52222746511904,True,correct
IMG-0864,images/non_gusu/鲁主任转__新中国年画20.jpg,864,3,0,non_gusu,0,non_gusu,0.9998919144508774,0.00010808554912255864,0.9998919144508774,0.49989191445087744,-9.13247943150676,True,correct
IMG-0865,images/non_gusu/鲁主任转__新中国年画21、22、23、24.jpg,865,4,0,non_gusu,0,non_gusu,0.9999979067421753,2.093257824735657e-06,0.9999979067421753,0.49999790674217526,-13.076786844528986,True,correct
IMG-0866,images/non_gusu/鲁主任转__新中国年画3、4.jpg,866,5,0,non_gusu,0,non_gusu,0.9999999687599103,3.124008968376747e-08,0.9999999687599103,0.4999999687599103,-17.28156360993974,True,correct
IMG-0867,images/non_gusu/鲁主任转__新中国年画5.jpg,867,4,0,non_gusu,0,non_gusu,0.999997756525721,2.243474278978908e-06,0.999997756525721,0.49999775652572104,-13.007482632804429,True,correct
IMG-0868,images/non_gusu/鲁主任转__新中国年画6.jpg,868,3,0,non_gusu,0,non_gusu,0.9578573539874928,0.04214264601250713,0.9578573539874928,0.4578573539874929,-3.123638669680652,True,correct
IMG-0869,images/non_gusu/鲁主任转__新中国年画7.jpg,869,1,0,non_gusu,0,non_gusu,0.9696322032942155,0.03036779670578449,0.9696322032942155,0.4696322032942155,-3.4635340996832698,True,correct
IMG-0870,images/non_gusu/鲁主任转__新中国年画8.jpg,870,3,0,non_gusu,0,non_gusu,0.9999837767997255,1.6223200274456192e-05,0.9999837767997255,0.49998377679972555,-11.029052001186573,True,correct
IMG-0871,images/non_gusu/鲁主任转__新中国年画9.jpg,871,1,0,non_gusu,0,non_gusu,0.9970181629399241,0.0029818370600759162,0.9970181629399241,0.49701816293992407,-5.8122294136938955,True,correct
IMG-0872,images/non_gusu/鲁主任转__民间年画1.jpg,872,5,0,non_gusu,0,non_gusu,0.9998991833853577,0.00010081661464233955,0.9998991833853577,0.49989918338535766,-9.202106566411649,True,correct
IMG-0873,images/non_gusu/鲁主任转__民间年画10.jpg,873,3,0,non_gusu,0,non_gusu,0.994946450333995,0.005053549666005004,0.994946450333995,0.494946450333995,-5.2825980164252595,True,correct
IMG-0874,images/non_gusu/鲁主任转__民间年画11.jpg,874,3,0,non_gusu,1,gusu,0.16536112702956252,0.8346388729704375,0.8346388729704375,0.3346388729704375,1.618867412878568,False,false_positive_non_gusu_to_gusu
IMG-0875,images/non_gusu/鲁主任转__民间年画12.jpg,875,4,0,non_gusu,0,non_gusu,0.8883981336366827,0.11160186636331729,0.8883981336366827,0.38839813363668274,-2.0744822177108757,True,correct
IMG-0876,images/non_gusu/鲁主任转__民间年画13.jpg,876,2,0,non_gusu,0,non_gusu,0.931229132229834,0.06877086777016606,0.931229132229834,0.43122913222983394,-2.605725139406076,True,correct
IMG-0877,images/non_gusu/鲁主任转__民间年画14.jpg,877,1,0,non_gusu,0,non_gusu,0.9999439990517457,5.6000948254350644e-05,0.9999439990517457,0.49994399905174564,-9.790085931742718,True,correct
IMG-0878,images/non_gusu/鲁主任转__民间年画15.jpg,878,4,0,non_gusu,0,non_gusu,0.9612967860257615,0.03870321397423854,0.9612967860257615,0.46129678602576146,-3.212360546686477,True,correct
IMG-0879,images/non_gusu/鲁主任转__民间年画16.jpg,879,3,0,non_gusu,0,non_gusu,0.9994016547002771,0.000598345299722858,0.9994016547002771,0.49940165470027714,-7.420744021993473,True,correct
IMG-0880,images/non_gusu/鲁主任转__民间年画2.jpg,880,5,0,non_gusu,0,non_gusu,0.9999884788182295,1.1521181770459989e-05,0.9999884788182295,0.49998847881822955,-11.371311802468474,True,correct
IMG-0881,images/non_gusu/鲁主任转__民间年画3.jpg,881,3,0,non_gusu,0,non_gusu,0.9838121784177605,0.016187821582239525,0.9838121784177605,0.4838121784177605,-4.107175797894759,True,correct
IMG-0882,images/non_gusu/鲁主任转__民间年画4.jpg,882,3,0,non_gusu,0,non_gusu,0.9999412781222924,5.872187770756545e-05,0.9999412781222924,0.49994127812229244,-9.742639473258697,True,correct
IMG-0883,images/non_gusu/鲁主任转__民间年画5.jpg,883,2,0,non_gusu,0,non_gusu,0.9594861009275117,0.04051389907248831,0.9594861009275117,0.4594861009275117,-3.164752727385334,True,correct
IMG-0884,images/non_gusu/鲁主任转__民间年画6.jpg,884,1,0,non_gusu,0,non_gusu,0.9999416648478712,5.833515212878273e-05,0.9999416648478712,0.4999416648478712,-9.749247356990685,True,correct
IMG-0885,images/non_gusu/鲁主任转__民间年画7.jpg,885,1,0,non_gusu,0,non_gusu,0.9985890423311384,0.00141095766886156,0.9985890423311384,0.49858904233113843,-6.562074653361388,True,correct
IMG-0886,images/non_gusu/鲁主任转__民间年画8.jpg,886,3,0,non_gusu,0,non_gusu,0.9998116378271309,0.00018836217286906262,0.9998116378271309,0.49981163782713095,-8.576955617015727,True,correct
IMG-0887,images/non_gusu/鲁主任转__民间年画9.jpg,887,4,0,non_gusu,0,non_gusu,0.9998120402382238,0.00018795976177617292,0.9998120402382238,0.49981204023822384,-8.579094673719716,True,correct
IMG-0888,images/non_gusu/鲁主任转__门神1.jpg,888,3,0,non_gusu,0,non_gusu,0.9969173613359438,0.0030826386640562227,0.9969173613359438,0.4969173613359438,-5.778881939871603,True,correct
IMG-0889,images/non_gusu/鲁主任转__门神2.jpg,889,1,0,non_gusu,0,non_gusu,0.9981744173774846,0.0018255826225154238,0.9981744173774846,0.4981744173774846,-6.304028846652338,True,correct
IMG-0890,images/non_gusu/鲁主任转__门神3.jpg,890,2,0,non_gusu,0,non_gusu,0.9077028533134046,0.09229714668659539,0.9077028533134046,0.4077028533134046,-2.285903843422235,True,correct
IMG-0891,images/non_gusu/鲁主任转__门神4.jpg,891,2,0,non_gusu,0,non_gusu,0.9995517300905314,0.00044826990946852664,0.9995517300905314,0.4995517300905315,-7.709666660060681,True,correct
