sample_id,image_path,sample_index,fold,true_idx,true_class,pred_idx,pred_class,prob_non_gusu,prob_gusu,prediction_confidence,distance_from_0_5,decision_score,is_correct,error_type
IMG-0000,images/gusu/BM-康乾时期的姑苏__mid_00022769_001-kangxi.jpg,0,2,1,gusu,1,gusu,0.3651288111208056,0.6348711888791944,0.6348711888791944,0.13487118887919436,0.14050995183641965,True,correct
IMG-0001,images/gusu/BM-康乾时期的姑苏__mid_00034145_001-qianlong-亮先氏.jpg,1,1,1,gusu,1,gusu,0.06582451581780882,0.9341754841821912,0.9341754841821912,0.4341754841821912,0.6154296034949245,True,correct
IMG-0002,images/gusu/BM-康乾时期的姑苏__mid_00034146_001-qianlong-亮先氏.jpg,2,3,1,gusu,1,gusu,0.11046418618741599,0.8895358138125841,0.8895358138125841,0.38953581381258406,0.5000876817642398,True,correct
IMG-0003,images/gusu/BM-康乾时期的姑苏__mid_00049028_001-qianlong-亮先.jpg,3,5,1,gusu,1,gusu,0.00769568512421737,0.9923043148757825,0.9923043148757825,0.4923043148757825,1.0136034058595946,True,correct
IMG-0004,images/gusu/BM-康乾时期的姑苏__mid_00049031_001-qianlong-亮先氏.jpg,4,2,1,gusu,1,gusu,0.016843545720930303,0.9831564542790698,0.9831564542790698,0.48315645427906984,0.9226544159727545,True,correct
IMG-0005,images/gusu/BM-康乾时期的姑苏__mid_00091761_001-qianlong-亮先氏.jpg,5,3,1,gusu,1,gusu,0.04687280291236453,0.9531271970876355,0.9531271970876355,0.4531271970876355,0.6927120758088542,True,correct
IMG-0006,images/gusu/BM-康乾时期的姑苏__mid_00091766_001-qianlong-丁亮先.jpg,6,5,1,gusu,1,gusu,0.01694422164135609,0.9830557783586439,0.9830557783586439,0.4830557783586439,0.8556055202493364,True,correct
IMG-0007,images/gusu/BM-康乾时期的姑苏__mid_00091772_001-qianlong-丁亮先.jpg,7,4,1,gusu,1,gusu,0.03306063869674834,0.9669393613032516,0.9669393613032516,0.46693936130325164,0.7274540000516716,True,correct
IMG-0008,images/gusu/BM-康乾时期的姑苏__mid_00091773_001-qianlong-亮先氏.jpg,8,3,1,gusu,1,gusu,0.006631988287633659,0.9933680117123664,0.9933680117123664,0.49336801171236644,1.1079705407982174,True,correct
IMG-0009,images/gusu/BM-康乾时期的姑苏__mid_00091779_001-qianlong-亮先氏.jpg,9,1,1,gusu,1,gusu,0.045280989180265414,0.9547190108197344,0.9547190108197344,0.4547190108197344,0.7007060780553334,True,correct
IMG-0010,images/gusu/BM-康乾时期的姑苏__mid_00091783_001-qianlong-亮先氏.jpg,10,5,1,gusu,1,gusu,0.005534084114159387,0.9944659158858407,0.9944659158858407,0.49446591588584066,1.0792574637086394,True,correct
IMG-0011,images/gusu/BM-康乾时期的姑苏__mid_00091788_001-qianlong-亮先氏.jpg,11,4,1,gusu,1,gusu,0.021183508093930194,0.9788164919060697,0.9788164919060697,0.4788164919060697,0.8203864102810617,True,correct
IMG-0012,images/gusu/BM-康乾时期的姑苏__mid_00091791_001-qianlong-丁应宗.jpg,12,1,1,gusu,1,gusu,0.008053946954958743,0.9919460530450412,0.9919460530450412,0.49194605304504124,1.0806617266800547,True,correct
IMG-0013,images/gusu/BM-康乾时期的姑苏__mid_00091794_001-qianlong-应宗.jpg,13,4,1,gusu,1,gusu,0.013026170184074252,0.9869738298159257,0.9869738298159257,0.48697382981592574,0.9208462847434637,True,correct
IMG-0014,images/gusu/BM-康乾时期的姑苏__mid_00091796_001-qianlong-亮先氏.jpg,14,3,1,gusu,1,gusu,0.010238134903090909,0.989761865096909,0.989761865096909,0.489761865096909,1.0169566955497433,True,correct
IMG-0015,images/gusu/BM-康乾时期的姑苏__mid_00091799_001-qianlong-应宗.jpg,15,5,1,gusu,1,gusu,0.03573736796159803,0.964262632038402,0.964262632038402,0.464262632038402,0.7040722483687569,True,correct
IMG-0016,images/gusu/BM-康乾时期的姑苏__mid_00091805_001-qianlong-亮先氏.jpg,16,3,1,gusu,1,gusu,0.06013995516508629,0.9398600448349137,0.9398600448349137,0.4398600448349137,0.6379264933377554,True,correct
IMG-0017,images/gusu/BM-康乾时期的姑苏__mid_00091808_001-qianlong-应宗氏.jpg,17,3,1,gusu,1,gusu,0.009650559087785211,0.9903494409122147,0.9903494409122147,0.49034944091221466,1.0293661490708406,True,correct
IMG-0018,images/gusu/BM-康乾时期的姑苏__mid_00091818_001-qianlong-丁亮先.jpg,18,5,1,gusu,1,gusu,0.008119575602141925,0.9918804243978582,0.9918804243978582,0.4918804243978582,1.0029125274375845,True,correct
IMG-0019,images/gusu/BM-康乾时期的姑苏__mid_00091820_003-qianlong-丁应宗.jpg,19,1,1,gusu,1,gusu,0.024501274678627193,0.9754987253213728,0.9754987253213728,0.47549872532137283,0.8376146638116342,True,correct
IMG-0020,images/gusu/BM-康乾时期的姑苏__mid_00091822_001-qianlong-应宗氏.jpg,20,1,1,gusu,1,gusu,0.03974461948482468,0.9602553805151753,0.9602553805151753,0.46025538051517534,0.7300449718961554,True,correct
IMG-0021,images/gusu/BM-康乾时期的姑苏__mid_00091824_001-qianlong-丁亮先.jpg,21,3,1,gusu,1,gusu,0.028125056293001906,0.9718749437069979,0.9718749437069979,0.4718749437069979,0.8030413391237026,True,correct
IMG-0022,images/gusu/BM-康乾时期的姑苏__mid_00091826_001-qianlong.jpg,22,5,1,gusu,1,gusu,0.023253412136853634,0.9767465878631462,0.9767465878631462,0.47674658786314617,0.7916927023131495,True,correct
IMG-0023,images/gusu/BM-康乾时期的姑苏__mid_00091827_001-qianlong.jpg,23,1,1,gusu,1,gusu,0.18655401056450965,0.8134459894354901,0.8134459894354901,0.31344598943549007,0.36179323201860225,True,correct
IMG-0024,images/gusu/BM-康乾时期的姑苏__mid_00091833_001-qianlong.jpg,24,3,1,gusu,1,gusu,0.014683878550744772,0.9853161214492552,0.9853161214492552,0.4853161214492552,0.9410494930272352,True,correct
IMG-0025,images/gusu/BM-康乾时期的姑苏__mid_00091869_001-kangxi.jpg,25,4,1,gusu,1,gusu,0.04930137829616777,0.9506986217038321,0.9506986217038321,0.4506986217038321,0.6427739460402825,True,correct
IMG-0026,images/gusu/BM-康乾时期的姑苏__mid_00091870_001-kangxi.jpg,26,1,1,gusu,1,gusu,0.01333997108666807,0.9866600289133319,0.9866600289133319,0.48666002891333193,0.9709267817246876,True,correct
IMG-0027,images/gusu/BM-康乾时期的姑苏__mid_00091872_001-kangxi-汪信发.jpg,27,1,1,gusu,1,gusu,0.015630460807735422,0.9843695391922646,0.9843695391922646,0.48436953919226455,0.9363239132904199,True,correct
IMG-0028,images/gusu/BM-康乾时期的姑苏__mid_00091875_001-kangxi-信发.jpg,28,2,1,gusu,1,gusu,0.048311301210664036,0.9516886987893359,0.9516886987893359,0.45168869878933593,0.6814341403630855,True,correct
IMG-0029,images/gusu/BM-康乾时期的姑苏__mid_00091890_001-qianlong-丁应宗.jpg,29,1,1,gusu,1,gusu,0.009503628188307436,0.9904963718116928,0.9904963718116928,0.4904963718116928,1.044732538427328,True,correct
IMG-0030,images/gusu/BM-康乾时期的姑苏__mid_00091891_001-qianlong.jpg,30,1,1,gusu,1,gusu,0.12073933561480786,0.8792606643851921,0.8792606643851921,0.3792606643851921,0.47190167398415916,True,correct
IMG-0031,images/gusu/BM-康乾时期的姑苏__mid_00091892_001-qianlong-应宗.jpg,31,3,1,gusu,1,gusu,0.008413252780767372,0.9915867472192328,0.9915867472192328,0.4915867472192328,1.0581468127577354,True,correct
IMG-0032,images/gusu/BM-康乾时期的姑苏__mid_00091893_001-qianlong-应宗氏.jpg,32,5,1,gusu,1,gusu,0.019237893212359032,0.9807621067876411,0.9807621067876411,0.4807621067876411,0.8300213923938491,True,correct
IMG-0033,images/gusu/BM-康乾时期的姑苏__mid_00091895_001-qianlong-应宗.jpg,33,4,1,gusu,1,gusu,0.011325111893064633,0.9886748881069355,0.9886748881069355,0.4886748881069355,0.9496167044555105,True,correct
IMG-0034,images/gusu/BM-康乾时期的姑苏__mid_00091931_001-kangqian.jpg,34,5,1,gusu,1,gusu,0.006912970661902907,0.9930870293380972,0.9930870293380972,0.4930870293380972,1.0349765626218752,True,correct
IMG-0035,images/gusu/BM-康乾时期的姑苏__mid_00091954_001-kangxi.jpg,35,4,1,gusu,1,gusu,0.012865635754748235,0.9871343642452516,0.9871343642452516,0.4871343642452516,0.9233978757547137,True,correct
IMG-0036,images/gusu/BM-康乾时期的姑苏__mid_00093472_001-kangxi.jpg,36,5,1,gusu,1,gusu,0.026827454706206743,0.9731725452937934,0.9731725452937934,0.4731725452937934,0.762667651259864,True,correct
IMG-0037,images/gusu/BM-康乾时期的姑苏__mid_00093473_001-kangxi.jpg,37,3,1,gusu,1,gusu,0.07950266022103829,0.9204973397789619,0.9204973397789619,0.42049733977896186,0.5755306021178852,True,correct
IMG-0038,images/gusu/BM-康乾时期的姑苏__mid_00093474_001-kangxi.jpg,38,1,1,gusu,1,gusu,0.006379174060553656,0.9936208259394463,0.9936208259394463,0.49362082593944634,1.1311859355493625,True,correct
IMG-0039,images/gusu/BM-康乾时期的姑苏__mid_00093475_001-kangxi.jpg,39,4,1,gusu,1,gusu,1.4644582132633377e-05,0.9999853554178674,0.9999853554178674,0.49998535541786737,1.284012701424371,True,correct
IMG-0040,images/gusu/BM-康乾时期的姑苏__mid_00093476_001-kangxi.jpg,40,5,1,gusu,1,gusu,0.04794618225723812,0.952053817742762,0.952053817742762,0.452053817742762,0.6433504997566069,True,correct
IMG-0041,images/gusu/BM-康乾时期的姑苏__mid_00093477_001-kangxi.jpg,41,5,1,gusu,1,gusu,0.008061719413622694,0.9919382805863773,0.9919382805863773,0.49193828058637734,1.0043386386190851,True,correct
IMG-0042,images/gusu/BM-康乾时期的姑苏__mid_00093478_001-kangxi.jpg,42,2,1,gusu,1,gusu,0.02380301896777055,0.9761969810322294,0.9761969810322294,0.4761969810322294,0.8443009560452264,True,correct
IMG-0043,images/gusu/BM-康乾时期的姑苏__mid_00093479_001-kangxi.jpg,43,1,1,gusu,1,gusu,0.02705371412495293,0.972946285875047,0.972946285875047,0.47294628587504695,0.8157133070167315,True,correct
IMG-0044,images/gusu/BM-康乾时期的姑苏__mid_00093480_001-kangxi.jpg,44,3,1,gusu,1,gusu,0.02176731418423651,0.9782326858157637,0.9782326858157637,0.4782326858157637,0.8576947467080935,True,correct
IMG-0045,images/gusu/BM-康乾时期的姑苏__mid_00093481_001-kangxi.jpg,45,5,1,gusu,1,gusu,0.009337736191063848,0.9906622638089363,0.9906622638089363,0.4906622638089363,0.9750173635894104,True,correct
IMG-0046,images/gusu/BM-康乾时期的姑苏__mid_00093482_001-kangxi.jpg,46,1,1,gusu,1,gusu,0.16445342751586584,0.8355465724841341,0.8355465724841341,0.3355465724841341,0.3946242484081043,True,correct
IMG-0047,images/gusu/BM-康乾时期的姑苏__mid_00098125_001-kangxi.jpg,47,3,1,gusu,1,gusu,0.09900537269457672,0.9009946273054232,0.9009946273054232,0.40099462730542323,0.5254851059325178,True,correct
IMG-0048,images/gusu/BM-康乾时期的姑苏__mid_00098126_001-kangxi.jpg,48,5,1,gusu,1,gusu,0.2515571437764338,0.7484428562235662,0.7484428562235662,0.2484428562235662,0.2681230958452239,True,correct
IMG-0049,images/gusu/BM-康乾时期的姑苏__mid_00098155_001-kangxi.jpg,49,1,1,gusu,1,gusu,0.16414756248659212,0.8358524375134082,0.8358524375134082,0.3358524375134082,0.39510244076041934,True,correct
IMG-0050,images/gusu/BM-康乾时期的姑苏__mid_00098156_001-kangxi.jpg,50,2,1,gusu,1,gusu,0.47628678161608207,0.5237132183839179,0.5237132183839179,0.023713218383917933,0.041424297580699265,True,correct
IMG-0051,images/gusu/BM-康乾时期的姑苏__mid_00098157_001-kangxi.jpg,51,2,1,gusu,1,gusu,0.052361788929912376,0.9476382110700877,0.9476382110700877,0.4476382110700877,0.6625991604124684,True,correct
IMG-0052,images/gusu/BM-康乾时期的姑苏__mid_00098158_001-kangxi.jpg,52,5,1,gusu,1,gusu,0.040126493717318745,0.9598735062826813,0.9598735062826813,0.4598735062826813,0.6802303160471928,True,correct
IMG-0053,images/gusu/BM-康乾时期的姑苏__mid_00098167_001-kangxi.jpg,53,5,1,gusu,1,gusu,0.008024257814238057,0.9919757421857619,0.9919757421857619,0.4919757421857619,1.0052674622641282,True,correct
IMG-0054,images/gusu/BM-康乾时期的姑苏__mid_00098168_001-kangxi.jpg,54,1,1,gusu,1,gusu,0.02409370232193725,0.9759062976780628,0.9759062976780628,0.4759062976780628,0.8413161785727962,True,correct
IMG-0055,images/gusu/BM-康乾时期的姑苏__mid_00098170_001-kangxi.jpg,55,3,1,gusu,1,gusu,0.08815190965556242,0.9118480903444374,0.9118480903444374,0.41184809034443737,0.5520984019409488,True,correct
IMG-0056,images/gusu/BM-康乾时期的姑苏__mid_00098180_001-kangxi-汪信发.jpg,56,4,1,gusu,1,gusu,0.0041968580325154724,0.9958031419674847,0.9958031419674847,0.49580314196748465,1.1526577239059177,True,correct
IMG-0057,images/gusu/BM-康乾时期的姑苏__mid_00098183_001-kangxi.jpg,57,5,1,gusu,1,gusu,0.02303491274413841,0.9769650872558615,0.9769650872558615,0.4769650872558615,0.7936055088058431,True,correct
IMG-0058,images/gusu/BM-康乾时期的姑苏__mid_00098184_001-kangxi.jpg,58,2,1,gusu,1,gusu,0.013141212279692163,0.9868587877203079,0.9868587877203079,0.4868587877203079,0.9785803964425317,True,correct
IMG-0059,images/gusu/BM-康乾时期的姑苏__mid_00098186_001-kangxi.jpg,59,1,1,gusu,1,gusu,0.05593748863642232,0.9440625113635778,0.9440625113635778,0.44406251136357777,0.6527569358572728,True,correct
IMG-0060,images/gusu/BM-康乾时期的姑苏__mid_00098187_001-kangxi.jpg,60,5,1,gusu,1,gusu,0.31796396253492515,0.6820360374650747,0.6820360374650747,0.18203603746507468,0.20341362023985585,True,correct
IMG-0061,images/gusu/BM-康乾时期的姑苏__mid_00098205_001-kangxi.jpg,61,1,1,gusu,1,gusu,0.2517859201882489,0.748214079811751,0.748214079811751,0.24821407981175103,0.2793632499038152,True,correct
IMG-0062,images/gusu/BM-康乾时期的姑苏__mid_00098212_001-kangxi.jpg,62,2,1,gusu,1,gusu,0.012250003285368165,0.9877499967146319,0.9877499967146319,0.48774999671463193,0.9943665601530027,True,correct
IMG-0063,images/gusu/BM-康乾时期的姑苏__mid_00098219_001-kangqian.jpg,63,4,1,gusu,1,gusu,0.018045741683958467,0.9819542583160417,0.9819542583160417,0.48195425831604166,0.8536043506503459,True,correct
IMG-0064,images/gusu/BM-康乾时期的姑苏__mid_00102801_001-kangxi.jpg,64,4,1,gusu,1,gusu,0.03953757660259717,0.960462423397403,0.960462423397403,0.46046242339740295,0.6897207872772173,True,correct
IMG-0065,images/gusu/BM-康乾时期的姑苏__mid_00248649_001-qianlong-丁亮先.jpg,65,1,1,gusu,1,gusu,0.06572634864426753,0.9342736513557324,0.9342736513557324,0.43427365135573237,0.6157736858492862,True,correct
IMG-0066,images/gusu/BM-康乾时期的姑苏__mid_00249647_001-qianlong-张星聚.jpg,66,5,1,gusu,1,gusu,0.11427661735109793,0.8857233826489019,0.8857233826489019,0.38572338264890194,0.4571958399475701,True,correct
IMG-0067,images/gusu/BM-康乾时期的姑苏__mid_00254623_001-qianlong-丁亮先.jpg,67,4,1,gusu,1,gusu,0.01442314302787074,0.9855768569721292,0.9855768569721292,0.48557685697212916,0.8998674781976073,True,correct
IMG-0068,images/gusu/BM-康乾时期的姑苏__mid_00302395_001-kangxi.jpg,68,1,1,gusu,1,gusu,1.6642157185646736e-05,0.9999833578428144,0.9999833578428144,0.49998335784281445,1.3471905694603659,True,correct
IMG-0069,images/gusu/BM-康乾时期的姑苏__mid_00302397_001-kangxi.jpg,69,3,1,gusu,1,gusu,0.016038396273044438,0.9839616037269556,0.9839616037269556,0.4839616037269556,0.9224183403552839,True,correct
IMG-0070,images/gusu/BM-康乾时期的姑苏__mid_00302398_001-kangxi.jpg,70,5,1,gusu,1,gusu,0.010737285248108316,0.9892627147518919,0.9892627147518919,0.48926271475189187,0.947109836637045,True,correct
IMG-0071,images/gusu/BM-康乾时期的姑苏__mid_00302425_001-kangxi-汪信发.jpg,71,5,1,gusu,1,gusu,0.023948627905485614,0.9760513720945144,0.9760513720945144,0.4760513720945144,0.785721117218825,True,correct
IMG-0072,images/gusu/BM-康乾时期的姑苏__mid_00328634_001-qianlong-亮先氏.jpg,72,1,1,gusu,1,gusu,0.022058189630892126,0.9779418103691081,0.9779418103691081,0.4779418103691081,0.8607675948960557,True,correct
IMG-0073,images/gusu/BM-康乾时期的姑苏__mid_00510345_001-qianlong-金阊丁氏.jpg,73,2,1,gusu,1,gusu,0.05960312218308876,0.9403968778169112,0.9403968778169112,0.44039687781691117,0.6321178338773348,True,correct
IMG-0074,images/gusu/BM-康乾时期的姑苏__mid_00645788_001-qianlong.jpg,74,5,1,gusu,1,gusu,0.03376081788853685,0.9662391821114631,0.9662391821114631,0.4662391821114631,0.715743232665986,True,correct
IMG-0075,images/gusu/BM-康乾时期的姑苏__mid_00651802_001-kangqian.jpg,75,1,1,gusu,1,gusu,0.12178961493705079,0.8782103850629492,0.8782103850629492,0.37821038506294924,0.46978495969236655,True,correct
IMG-0076,images/gusu/BM-康乾时期的姑苏__mid_00651807_001-kangqian.jpg,76,3,1,gusu,1,gusu,0.05399300457764889,0.9460069954223511,0.9460069954223511,0.4460069954223511,0.6617209098110872,True,correct
IMG-0077,images/gusu/BM-康乾时期的姑苏__mid_00710785_001-kangqian.jpg,77,3,1,gusu,1,gusu,0.43678060340093305,0.5632193965990668,0.5632193965990668,0.06321939659906683,0.11959142089130409,True,correct
IMG-0078,images/gusu/BM-康乾时期的姑苏__mid_00711806_001-kangxi-王君甫.jpg,78,5,1,gusu,1,gusu,0.0128216356621385,0.9871783643378617,0.9871783643378617,0.48717836433786166,0.9115943085022287,True,correct
IMG-0079,images/gusu/BM-康乾时期的姑苏__mid_00711816_001-kangxi.jpg,79,1,1,gusu,1,gusu,0.008687109639789118,0.9913128903602109,0.9913128903602109,0.49131289036021086,1.064240227801416,True,correct
IMG-0080,images/gusu/BM-康乾时期的姑苏__mid_00711817_001-kangxi.jpg,80,2,1,gusu,1,gusu,0.00263086116811166,0.997369138831888,0.997369138831888,0.49736913883188805,1.3378425253832589,True,correct
IMG-0081,images/gusu/BM-康乾时期的姑苏__mid_00711820_001-kangxi.jpg,81,5,1,gusu,1,gusu,0.032052787695716616,0.9679472123042834,0.9679472123042834,0.4679472123042834,0.7263719631948993,True,correct
IMG-0082,images/gusu/BM-康乾时期的姑苏__mid_00711821_001-kangxi.jpg,82,5,1,gusu,1,gusu,0.036919871676049876,0.9630801283239504,0.9630801283239504,0.4630801283239504,0.6973833955780244,True,correct
IMG-0083,images/gusu/BM-康乾时期的姑苏__mid_00717809_001-qianlong-亮先氏.jpg,83,4,1,gusu,1,gusu,0.01616539723168646,0.9838346027683137,0.9838346027683137,0.4838346027683137,0.8763448342262795,True,correct
IMG-0084,images/gusu/BM-康乾时期的姑苏__mid_0410_2-qianlong.jpg,84,3,1,gusu,1,gusu,0.21031145276461216,0.7896885472353878,0.7896885472353878,0.28968854723538784,0.34181970015858254,True,correct
IMG-0085,images/gusu/BM-康乾时期的姑苏__mid_RFC1072-qianlong.jpg,85,4,1,gusu,1,gusu,0.008391217980193613,0.9916087820198063,0.9916087820198063,0.4916087820198063,1.0111093893137015,True,correct
IMG-0086,images/gusu/Cleveland__2025.108_print-qianlong-亮先氏.jpg,86,1,1,gusu,1,gusu,0.02224753483427028,0.9777524651657298,0.9777524651657298,0.4777524651657298,0.858885841162135,True,correct
IMG-0087,images/gusu/Cleveland__2025.113_print-qianlong.jpg,87,4,1,gusu,1,gusu,0.03844172717523777,0.9615582728247623,0.9615582728247623,0.46155827282476225,0.6956665908612606,True,correct
IMG-0088,images/gusu/Cleveland__2025.118_print-qianlong-亮先氏.jpg,88,1,1,gusu,1,gusu,0.07451938140054462,0.9254806185994555,0.9254806185994555,0.4254806185994555,0.5866981329718375,True,correct
IMG-0089,images/gusu/Cleveland__2025.127_print-qianlong-亮先氏.jpg,89,2,1,gusu,1,gusu,0.007270184751634069,0.9927298152483659,0.9927298152483659,0.4927298152483659,1.1112646908288004,True,correct
IMG-0090,images/gusu/Cleveland__2025.21_print-qianlong.jpg,90,5,1,gusu,1,gusu,0.027265188495655,0.972734811504345,0.972734811504345,0.47273481150434504,0.7593747812374461,True,correct
IMG-0091,images/gusu/Cleveland__2025.23_print-qianlong.jpg,91,2,1,gusu,1,gusu,0.009321466839528761,0.990678533160471,0.990678533160471,0.49067853316047105,1.0556537058944067,True,correct
IMG-0092,images/gusu/Cleveland__2025.24_print-qianlong.jpg,92,5,1,gusu,1,gusu,0.008813607597016633,0.9911863924029836,0.9911863924029836,0.49118639240298356,0.9865494122756757,True,correct
IMG-0093,images/gusu/Cleveland__2025.29_print-qianlong.jpg,93,1,1,gusu,1,gusu,0.0604040978546553,0.9395959021453448,0.9395959021453448,0.43959590214534483,0.6351861934380906,True,correct
IMG-0094,images/gusu/Cleveland__2025.31_print-qianlong.jpg,94,2,1,gusu,1,gusu,0.22535241636923065,0.7746475836307695,0.7746475836307695,0.27464758363076947,0.29431206269046223,True,correct
IMG-0095,images/gusu/Cleveland__2025.32_print-qianlong.jpg,95,4,1,gusu,1,gusu,0.06104991531383779,0.9389500846861623,0.9389500846861623,0.43895008468616226,0.59679060045717,True,correct
IMG-0096,images/gusu/Cleveland__2025.42_print-qianlong.jpg,96,1,1,gusu,1,gusu,0.2428137688207169,0.7571862311792831,0.7571862311792831,0.2571862311792831,0.2897317821267599,True,correct
IMG-0097,images/gusu/Cleveland__2025.43_print-qianlong.jpg,97,1,1,gusu,1,gusu,0.03694652495846925,0.9630534750415307,0.9630534750415307,0.4630534750415307,0.7463965652909579,True,correct
IMG-0098,images/gusu/Cleveland__2025.44_print-daoguang.jpg,98,1,1,gusu,1,gusu,0.012953259325252165,0.987046740674748,0.987046740674748,0.48704674067474796,0.9773419670856914,True,correct
IMG-0099,images/gusu/Cleveland__2025.48_print-qianlong.jpg,99,3,1,gusu,1,gusu,3.908101967918902e-07,0.9999996091898032,0.9999996091898032,0.49999960918980324,1.714416945251017,True,correct
IMG-0100,images/gusu/Cleveland__2025.49_print-qianlong.jpg,100,3,1,gusu,1,gusu,0.0050918527609540255,0.9949081472390456,0.9949081472390456,0.49490814723904564,1.163220295094085,True,correct
IMG-0101,images/gusu/Cleveland__2025.53_print-qianlong.jpg,101,1,1,gusu,1,gusu,2.4569738196258726e-06,0.9999975430261805,0.9999975430261805,0.4999975430261805,1.552831047434258,True,correct
IMG-0102,images/gusu/Cleveland__2025.57_print-qianlong.jpg,102,1,1,gusu,1,gusu,0.07697613642119157,0.9230238635788084,0.9230238635788084,0.4230238635788084,0.5791424026162931,True,correct
IMG-0103,images/gusu/Cleveland__2025.60_print-kangxi.jpg,103,5,1,gusu,1,gusu,0.019458351912455985,0.9805416480875441,0.9805416480875441,0.48054164808754407,0.8277220575130437,True,correct
IMG-0104,images/gusu/Cleveland__2025.61_print-kangxi.jpg,104,2,1,gusu,1,gusu,0.06994642533027043,0.9300535746697295,0.9300535746697295,0.4300535746697295,0.5941164383491626,True,correct
IMG-0105,images/gusu/Cleveland__2025.72_print-jiaqing.jpg,105,5,1,gusu,1,gusu,0.003738718719986279,0.9962612812800138,0.9962612812800138,0.4962612812800138,1.1571879041411444,True,correct
IMG-0106,images/gusu/Cleveland__2025.73_print-jiaqing.jpg,106,4,1,gusu,1,gusu,0.008685197714450275,0.9913148022855496,0.9913148022855496,0.4913148022855496,1.0040564587427283,True,correct
IMG-0107,images/gusu/Cleveland__2025.76_print-jiaqing.jpg,107,2,1,gusu,1,gusu,0.0976693905234968,0.9023306094765035,0.9023306094765035,0.40233060947650345,0.513303408409608,True,correct
IMG-0108,images/gusu/Cleveland__2025.82_print-qianlong.jpg,108,3,1,gusu,1,gusu,0.28121723038220364,0.7187827696177966,0.7187827696177966,0.21878276961779664,0.26191040915543107,True,correct
IMG-0109,images/gusu/Cleveland__2025.83_print-qianlong.jpg,109,2,1,gusu,1,gusu,0.09819204161129695,0.9018079583887031,0.9018079583887031,0.4018079583887031,0.5119914521792268,True,correct
IMG-0110,images/gusu/Cleveland__2025.84_print-qianlong.jpg,110,2,1,gusu,1,gusu,0.053238029543254205,0.9467619704567458,0.9467619704567458,0.4467619704567458,0.6587065149922546,True,correct
IMG-0111,images/gusu/Cleveland__2025.87_print-qianlong.jpg,111,3,1,gusu,1,gusu,0.007479714372208445,0.9925202856277915,0.9925202856277915,0.4925202856277915,1.0827898536938672,True,correct
IMG-0112,images/gusu/Cleveland__2025.88_print-qianlong.jpg,112,3,1,gusu,1,gusu,0.05102812684206468,0.9489718731579354,0.9489718731579354,0.4489718731579354,0.6741258294938528,True,correct
IMG-0113,images/gusu/Cleveland__2025.93_print-kangxi.jpg,113,2,1,gusu,1,gusu,0.19801327658903933,0.8019867234109607,0.8019867234109607,0.30198672341096067,0.3306692944690202,True,correct
IMG-0114,images/gusu/Cleveland__2025.94_print-kangxi.jpg,114,4,1,gusu,1,gusu,0.043404465591262084,0.9565955344087378,0.9565955344087378,0.4565955344087378,0.6699308195317225,True,correct
IMG-0115,images/gusu/Cleveland__2025.97_print-qianlong.jpg,115,1,1,gusu,1,gusu,0.19727989802676035,0.8027201019732397,0.8027201019732397,0.30272010197323973,0.3469324214187539,True,correct
IMG-0116,images/gusu/私人藏家__IMG_0076.jpg,116,1,1,gusu,1,gusu,0.1309431172331418,0.8690568827668583,0.8690568827668583,0.36905688276685833,0.4519751911786586,True,correct
IMG-0117,images/gusu/私人藏家__IMG_0082.jpg,117,2,1,gusu,1,gusu,0.5062325193034303,0.4937674806965699,0.5062325193034303,0.006232519303430106,0.01483314712729411,True,correct
IMG-0118,images/gusu/私人藏家__IMG_0084.jpg,118,2,1,gusu,1,gusu,0.35437523412582067,0.6456247658741793,0.6456247658741793,0.14562476587417927,0.1534621162966469,True,correct
IMG-0119,images/gusu/私人藏家__IMG_0085.jpg,119,5,1,gusu,1,gusu,0.2947558862649694,0.7052441137350306,0.7052441137350306,0.2052441137350306,0.22502256152364639,True,correct
IMG-0120,images/gusu/私人藏家__IMG_0096.jpg,120,4,1,gusu,1,gusu,0.11995658637718527,0.8800434136228147,0.8800434136228147,0.3800434136228147,0.44649153598051383,True,correct
IMG-0121,images/gusu/私人藏家__IMG_0102.jpg,121,1,1,gusu,0,non_gusu,0.7556497169495938,0.24435028305040601,0.7556497169495938,0.255649716949594,-0.1978550029262299,False,false_negative_gusu_to_non_gusu
IMG-0122,images/gusu/私人藏家__IMG_0103.jpg,122,5,1,gusu,1,gusu,0.3753976998255805,0.6246023001744194,0.6246023001744194,0.12460230017441942,0.15147471077070673,True,correct
IMG-0123,images/gusu/私人藏家__IMG_0108.jpg,123,1,1,gusu,1,gusu,0.4076021110886876,0.5923978889113124,0.5923978889113124,0.0923978889113124,0.1249252414983684,True,correct
IMG-0124,images/gusu/MET__DP-40648-002-qianlong-仁和轩.jpg,124,5,1,gusu,1,gusu,2.6182595352803055e-06,0.9999973817404647,0.9999973817404647,0.4999973817404647,1.432319861827734,True,correct
IMG-0125,images/gusu/MET__DP-40649-002-qianlong.jpg,125,1,1,gusu,1,gusu,3.7248161046562962e-06,0.9999962751838953,0.9999962751838953,0.49999627518389533,1.5080924985792252,True,correct
IMG-0126,images/gusu/MET__DP-40650-002-qianlong.jpg,126,1,1,gusu,1,gusu,6.584736580621062e-07,0.999999341526342,0.999999341526342,0.49999934152634196,1.6944356518518815,True,correct
IMG-0127,images/gusu/MET__DP-40651-002-qianlong.jpg,127,4,1,gusu,1,gusu,1.3025274123016624e-05,0.9999869747258769,0.9999869747258769,0.49998697472587694,1.2958968253430438,True,correct
IMG-0128,images/gusu/MET__DP-40652-002-qianlong-隐渔居士.jpg,128,1,1,gusu,1,gusu,0.19858738192986794,0.8014126180701321,0.8014126180701321,0.3014126180701321,0.34516282185925445,True,correct
IMG-0129,images/gusu/MET__DP-40653-002-qianlong.jpg,129,2,1,gusu,1,gusu,0.01042455815238866,0.9895754418476113,0.9895754418476113,0.48957544184761126,1.0305865178468259,True,correct
IMG-0130,images/gusu/MET__DP-40654-002-qianlong.jpg,130,4,1,gusu,1,gusu,1.0390226146667823e-05,0.9999896097738533,0.9999896097738533,0.4999896097738533,1.3188219858262225,True,correct
IMG-0131,images/gusu/MET__DP-40655-002-qianlong.jpg,131,4,1,gusu,1,gusu,0.0036874512729092516,0.9963125487270906,0.9963125487270906,0.49631254872709063,1.1790368842157108,True,correct
IMG-0132,images/gusu/MET__DP-40656-002-qianlong.jpg,132,1,1,gusu,1,gusu,0.010803885434506125,0.9891961145654937,0.9891961145654937,0.4891961145654937,1.0168559898121587,True,correct
IMG-0133,images/gusu/MET__DP-40656-003-qianlong.jpg,133,3,1,gusu,1,gusu,1.5490638342552522e-05,0.9999845093616575,0.9999845093616575,0.4999845093616575,1.3322099380043009,True,correct
IMG-0134,images/gusu/MET__DP-40657-002-qianlong-东坞主人.jpg,134,5,1,gusu,1,gusu,4.7895851357106384e-06,0.9999952104148644,0.9999952104148644,0.4999952104148644,1.3726252444584706,True,correct
IMG-0135,images/gusu/MET__DP-40658-002-qianlong-仁和轩.jpg,135,1,1,gusu,1,gusu,3.647859644515867e-06,0.9999963521403554,0.9999963521403554,0.4999963521403554,1.510337113586456,True,correct
IMG-0136,images/gusu/MET__DP-40659-002-qianlong-墨浪子.jpg,136,1,1,gusu,1,gusu,0.0032106739199380375,0.9967893260800621,0.9967893260800621,0.4967893260800621,1.2795902928030056,True,correct
IMG-0137,images/gusu/MET__DP-40660-002-qianlong.jpg,137,5,1,gusu,1,gusu,0.15616701961103988,0.84383298038896,0.84383298038896,0.34383298038896004,0.3859941581022486,True,correct
IMG-0138,images/gusu/MET__DP-40661-002-qianlong-曹陞.jpg,138,2,1,gusu,1,gusu,1.4245377136373803e-05,0.9999857546228635,0.9999857546228635,0.49998575462286354,1.3804686101889738,True,correct
IMG-0139,images/gusu/MET__DP-40662-002-qianlong-归来轩.jpg,139,5,1,gusu,1,gusu,0.0077447323351393866,0.9922552676648606,0.9922552676648606,0.4922552676648606,1.012336904733345,True,correct
IMG-0140,images/gusu/MET__DP-40663-002-qianlong.jpg,140,5,1,gusu,1,gusu,1.603029050006798e-05,0.9999839697095,0.9999839697095,0.4999839697095,1.2532561346076423,True,correct
IMG-0141,images/gusu/MET__DP-40664-002-qianlong.jpg,141,2,1,gusu,1,gusu,0.011101763989074327,0.9888982360109257,0.9888982360109257,0.48889823601092575,1.016466970893796,True,correct
IMG-0142,images/gusu/MET__DP-40665-002-qianlong.jpg,142,2,1,gusu,1,gusu,0.00905721519202456,0.9909427848079756,0.9909427848079756,0.4909427848079756,1.062094668889587,True,correct
IMG-0143,images/gusu/MET__DP-40666-002-qianlong.jpg,143,2,1,gusu,1,gusu,0.005335840881551152,0.9946641591184489,0.9946641591184489,0.49466415911844885,1.1803365970800077,True,correct
IMG-0144,images/gusu/MET__DP-40667-002-qianlong-种墨斋.jpg,144,2,1,gusu,1,gusu,0.0032561741949862655,0.9967438258050135,0.9967438258050135,0.49674382580501353,1.2903886027969327,True,correct
IMG-0145,images/gusu/MET__DP-40669-002-qianlong.jpg,145,5,1,gusu,1,gusu,1.2029415678515443e-06,0.9999987970584322,0.9999987970584322,0.4999987970584322,1.5092057974901973,True,correct
IMG-0146,images/gusu/MET__DP-40670-002-kangxi.jpg,146,4,1,gusu,1,gusu,0.008725999344855254,0.9912740006551447,0.9912740006551447,0.4912740006551447,1.003096325910634,True,correct
IMG-0147,images/gusu/MET__DP-40846-001-ming.jpg,147,5,1,gusu,0,non_gusu,0.9268944690864585,0.07310553091354147,0.9268944690864585,0.42689446908645856,-0.4499090563888188,False,false_negative_gusu_to_non_gusu
IMG-0148,images/gusu/MET__DP-40847-001-jiaqing-周元兴发.jpg,148,3,1,gusu,1,gusu,0.04712493396292633,0.9528750660370737,0.9528750660370737,0.4528750660370737,0.691540579803449,True,correct
IMG-0149,images/gusu/MET__DP-40848-001-qianlong.jpg,149,2,1,gusu,1,gusu,0.025497331929255157,0.9745026680707449,0.9745026680707449,0.4745026680707449,0.8286477179873151,True,correct
IMG-0150,images/gusu/MET__DP-40849-001-qianlong.jpg,150,4,1,gusu,1,gusu,0.014163968825559172,0.985836031174441,0.985836031174441,0.48583603117444096,0.9036038213552616,True,correct
IMG-0151,images/gusu/MET__DP-40850-001-qianlong.jpg,151,5,1,gusu,1,gusu,0.017410689511900865,0.9825893104880992,0.9825893104880992,0.48258931048809917,0.8501378622495663,True,correct
IMG-0152,images/gusu/MET__DP-40851-001-qianlong.jpg,152,2,1,gusu,1,gusu,0.019253566005889396,0.9807464339941107,0.9807464339941107,0.48074643399411066,0.8924247358696118,True,correct
IMG-0153,images/gusu/MET__DP-40852-001-kangxi or yongzheng.jpg,153,4,1,gusu,1,gusu,0.11759477783964632,0.8824052221603539,0.8824052221603539,0.3824052221603539,0.4510655054173538,True,correct
IMG-0154,images/gusu/MET__DP-40853-001-zhenjiang.jpg,154,5,1,gusu,1,gusu,0.00480929770918772,0.9951907022908123,0.9951907022908123,0.4951907022908123,1.1071679587677328,True,correct
IMG-0155,images/gusu/MET__DP-40854-001-kangxi.jpg,155,5,1,gusu,1,gusu,0.15603400551877014,0.8439659944812298,0.8439659944812298,0.3439659944812298,0.38619339935049624,True,correct
IMG-0156,images/gusu/MET__DP-40855-001-qianlong.jpg,156,3,1,gusu,1,gusu,0.11558960163484074,0.8844103983651593,0.8844103983651593,0.38441039836515933,0.4894755023371987,True,correct
IMG-0157,images/gusu/MET__DP-40856-001-kangxi-季祥吉发行.jpg,157,2,1,gusu,1,gusu,0.11391686049007882,0.8860831395099213,0.8860831395099213,0.38608313950992135,0.47516820120877296,True,correct
IMG-0158,images/gusu/MET__DP-40857-001-qianlong.jpg,158,5,1,gusu,1,gusu,0.1560437494496334,0.8439562505503666,0.8439562505503666,0.3439562505503666,0.3861787992680643,True,correct
IMG-0159,images/gusu/MET__DP-40858-001-jiaqing.jpg,159,2,1,gusu,1,gusu,0.06456629123094172,0.9354337087690584,0.9354337087690584,0.4354337087690584,0.6131744729223159,True,correct
IMG-0160,images/gusu/MET__DP-40859-001-jiaqing.jpg,160,3,1,gusu,1,gusu,0.05686213811955027,0.9431378618804499,0.9431378618804499,0.4431378618804499,0.6503139091065113,True,correct
IMG-0161,images/gusu/MET__DP-40860-001-jiaqing.jpg,161,2,1,gusu,1,gusu,0.02372806083267397,0.9762719391673259,0.9762719391673259,0.4762719391673259,0.8450182983955812,True,correct
IMG-0162,images/gusu/MET__DP-40861-001-jiaqing.jpg,162,2,1,gusu,1,gusu,0.008177415702740914,0.9918225842972589,0.9918225842972589,0.4918225842972589,1.0849673211337698,True,correct
IMG-0163,images/gusu/MET__DP-40862-001-xianfeng.jpg,163,5,1,gusu,1,gusu,0.40150720338428963,0.5984927966157104,0.5984927966157104,0.09849279661571042,0.13075885284983263,True,correct
IMG-0164,images/gusu/MET__DP-40863-001-jiaqing.jpg,164,1,1,gusu,1,gusu,0.01035886409739257,0.9896411359026074,0.9896411359026074,0.4896411359026074,1.0260043525933091,True,correct
IMG-0165,images/gusu/MET__DP-40864-001-qianlong-管瑞玉.jpg,165,3,1,gusu,1,gusu,0.29115240823663807,0.7088475917633621,0.7088475917633621,0.2088475917633621,0.2518018358180563,True,correct
IMG-0166,images/gusu/MET__DP-40865-001-qianlong.jpg,166,2,1,gusu,1,gusu,0.1841030611331216,0.8158969388668783,0.8158969388668783,0.3158969388668783,0.3506153508676513,True,correct
IMG-0167,images/gusu/MET__DP-40866-001-kangxi.jpg,167,5,1,gusu,1,gusu,0.011590520792454664,0.9884094792075453,0.9884094792075453,0.4884094792075453,0.9318119073602555,True,correct
IMG-0168,images/gusu/MET__DP-40867-001-jiaqing.jpg,168,5,1,gusu,1,gusu,0.10178315403008553,0.8982168459699145,0.8982168459699145,0.39821684596991447,0.48283618527421246,True,correct
IMG-0169,images/gusu/MET__DP-40868-001-qianlong.jpg,169,1,1,gusu,1,gusu,0.2966224013655305,0.7033775986344695,0.7033775986344695,0.20337759863446947,0.23081311927529086,True,correct
IMG-0170,images/gusu/MET__DP-41019-004-qianlong.jpg,170,5,1,gusu,1,gusu,0.5234645974554195,0.4765354025445805,0.5234645974554195,0.02346459745541951,0.03388994350187824,True,correct
IMG-0171,images/gusu/MET__DP-41270-001-ming.jpg,171,2,1,gusu,1,gusu,0.030763092986327643,0.9692369070136725,0.9692369070136725,0.4692369070136725,0.7857535851674553,True,correct
IMG-0172,images/gusu/MET__DP-41271-001-qianlong.jpg,172,4,1,gusu,1,gusu,0.12214368828354595,0.8778563117164541,0.8778563117164541,0.37785631171645406,0.44232517376813285,True,correct
IMG-0173,images/gusu/MET__DP-41272-001-qianlong.jpg,173,2,1,gusu,1,gusu,0.04082522774061074,0.9591747722593894,0.9591747722593894,0.4591747722593894,0.7205791704458033,True,correct
IMG-0174,images/gusu/MET__DP-41273-001-qianlong.jpg,174,4,1,gusu,1,gusu,0.00412318959800447,0.9958768104019957,0.9958768104019957,0.4958768104019957,1.1562686633248183,True,correct
IMG-0175,images/gusu/MET__DP-41274-001-qianlong.jpg,175,3,1,gusu,1,gusu,0.0026969959440576513,0.9973030040559425,0.9973030040559425,0.4973030040559425,1.2958065881185141,True,correct
IMG-0176,images/gusu/MET__DP-41275-001-jiaqing.jpg,176,3,1,gusu,1,gusu,0.16141745238049088,0.8385825476195091,0.8385825476195091,0.3385825476195091,0.409184321053926,True,correct
IMG-0177,images/gusu/MET__DP-41276-001-qianlong.jpg,177,4,1,gusu,1,gusu,9.095715887034814e-06,0.999990904284113,0.999990904284113,0.49999090428411297,1.3323191595265633,True,correct
IMG-0178,images/gusu/MET__DP-41277-001-qianlong-季涛子.jpg,178,3,1,gusu,1,gusu,5.086251764149264e-06,0.9999949137482359,0.9999949137482359,0.4999949137482359,1.4478470299098798,True,correct
IMG-0179,images/gusu/MET__DP-41278-001-qianlong.jpg,179,5,1,gusu,1,gusu,0.09213771530667558,0.9078622846933244,0.9078622846933244,0.4078622846933244,0.5046297918840679,True,correct
IMG-0180,images/gusu/MET__DP-41280-001-qianlong-桃坞主人.jpg,180,3,1,gusu,1,gusu,0.005936169247793438,0.9940638307522068,0.9940638307522068,0.49406383075220683,1.131154809651876,True,correct
IMG-0181,images/gusu/MET__DP-41281-002-xianfeng.jpg,181,4,1,gusu,1,gusu,0.010082684670246147,0.9899173153297541,0.9899173153297541,0.48991731532975413,0.9734709025376851,True,correct
IMG-0182,images/gusu/MET__DP-41282-001-qianlong.jpg,182,4,1,gusu,1,gusu,8.17965959194613e-08,0.9999999182034041,0.9999999182034041,0.49999991820340406,1.8104741348064004,True,correct
IMG-0183,images/gusu/MET__DP-41283-001-qianlong.jpg,183,1,1,gusu,1,gusu,0.007097881265934273,0.9929021187340655,0.9929021187340655,0.49290211873406553,1.1080594235535333,True,correct
IMG-0184,images/gusu/MET__DP-41284-001-qianlong.jpg,184,2,1,gusu,1,gusu,0.03016179881080902,0.969838201189191,0.969838201189191,0.46983820118919095,0.7902751638341712,True,correct
IMG-0185,images/gusu/MET__DP-41285-001-qianlong.jpg,185,4,1,gusu,1,gusu,7.648629056987033e-06,0.999992351370943,0.999992351370943,0.499992351370943,1.3498966579113305,True,correct
IMG-0186,images/gusu/MET__DP-41286-001-qianlong.jpg,186,5,1,gusu,1,gusu,0.008954527648883836,0.9910454723511161,0.9910454723511161,0.49104547235111606,0.9833834079672652,True,correct
IMG-0187,images/gusu/MET__DP-41287-001-qianlong-归来主人.jpg,187,5,1,gusu,1,gusu,0.01225767610985228,0.9877423238901477,0.9877423238901477,0.4877423238901477,0.9206064768170348,True,correct
IMG-0188,images/gusu/MET__DP-41290-002-qianlong-季子明.jpg,188,4,1,gusu,1,gusu,4.1238051054168756e-07,0.9999995876194895,0.9999995876194895,0.4999995876194895,1.6462583526502006,True,correct
IMG-0189,images/gusu/MET__DP-41298-001-kangxi or yongzheng.jpg,189,1,1,gusu,1,gusu,0.032122304589360856,0.9678776954106391,0.9678776954106391,0.46787769541063906,0.7776086115533296,True,correct
IMG-0190,images/gusu/MET__DP-41299-001-kangxi-吕君翰发行.jpg,190,2,1,gusu,1,gusu,0.040940493185683116,0.9590595068143168,0.9590595068143168,0.45905950681431684,0.7199261417886331,True,correct
IMG-0191,images/gusu/MET__DP-41307-001-kangxi.jpg,191,5,1,gusu,1,gusu,2.8967374401949358e-06,0.9999971032625599,0.9999971032625599,0.49999710326255986,1.4223286423797656,True,correct
IMG-0192,images/gusu/MET__DP-41318-002-qianlong-墨浪子.jpg,192,3,1,gusu,1,gusu,2.5746920133026614e-07,0.9999997425307987,0.9999997425307987,0.4999997425307987,1.7577780122153528,True,correct
IMG-0193,images/gusu/MET__DP-41319-001-jiaqing-竟源记.jpg,193,1,1,gusu,1,gusu,0.06607569911171193,0.9339243008882879,0.9339243008882879,0.43392430088828793,0.6145513612371863,True,correct
IMG-0194,images/gusu/MET__DP-41320-001-daoguang.jpg,194,4,1,gusu,1,gusu,0.5343641885130337,0.4656358114869665,0.5343641885130337,0.03436418851303352,0.01418481725728038,True,correct
IMG-0195,images/gusu/MET__DP-41323-001-qianlong.jpg,195,4,1,gusu,1,gusu,0.09101944924487575,0.9089805507551241,0.9089805507551241,0.4089805507551241,0.5090522803245119,True,correct
IMG-0196,images/gusu/MET__DP-41324-001-qianlong.jpg,196,2,1,gusu,1,gusu,0.043732691646605884,0.9562673083533942,0.9562673083533942,0.45626730835339424,0.7046214243724538,True,correct
IMG-0197,images/gusu/MET__DP-41326-001-qianlong-根延氏.jpg,197,2,1,gusu,1,gusu,0.0028271595160765314,0.9971728404839234,0.9971728404839234,0.4971728404839234,1.3218318846223736,True,correct
IMG-0198,images/gusu/MET__DP-41327-001-qianlong-曹陞.jpg,198,2,1,gusu,1,gusu,0.005325053937400464,0.9946749460625993,0.9946749460625993,0.4946749460625993,1.1807880326565288,True,correct
IMG-0199,images/gusu/MET__DP-41328-001-qianlong.jpg,199,3,1,gusu,1,gusu,0.05588736536949737,0.9441126346305027,0.9441126346305027,0.44411263463050266,0.6541273347393756,True,correct
IMG-0200,images/gusu/MET__DP-41329-001-qianlong.jpg,200,1,1,gusu,1,gusu,0.005871232311619401,0.9941287676883804,0.9941287676883804,0.49412876768838043,1.1491490222081773,True,correct
IMG-0201,images/gusu/MET__DP-41331-001-jiaqing.jpg,201,4,1,gusu,1,gusu,0.07317438384831872,0.9268256161516812,0.9268256161516812,0.42682561615168124,0.5573281008299901,True,correct
IMG-0202,images/gusu/MET__DP-41333-001-qianlong.jpg,202,2,1,gusu,1,gusu,0.09056433729546334,0.9094356627045366,0.9094356627045366,0.4094356627045366,0.5317953475099002,True,correct
IMG-0203,images/gusu/MET__DP-41445-002-jiaqing-止庵.jpg,203,1,1,gusu,1,gusu,0.008042168597620877,0.9919578314023789,0.9919578314023789,0.4919578314023789,1.080979190216255,True,correct
IMG-0204,images/gusu/MET__DP-41446-001-qianlong.jpg,204,1,1,gusu,1,gusu,0.039004833304175486,0.9609951666958247,0.9609951666958247,0.46099516669582474,0.7342580957988448,True,correct
IMG-0205,images/gusu/MET__DP-41449-001-kangxi.jpg,205,4,1,gusu,1,gusu,0.0862788094162418,0.9137211905837582,0.9137211905837582,0.4137211905837582,0.5209691783433413,True,correct
IMG-0206,images/gusu/MET__DP-41450-001-kangxi.jpg,206,2,1,gusu,1,gusu,0.08852013022697691,0.911479869773023,0.911479869773023,0.411479869773023,0.537358761491313,True,correct
IMG-0207,images/gusu/MET__DP-41451-001-qianlong.jpg,207,5,1,gusu,1,gusu,0.20167496946295316,0.7983250305370467,0.7983250305370467,0.29832503053704673,0.3245633507524759,True,correct
IMG-0208,images/gusu/MET__DP-41452-001-qianlong.jpg,208,3,1,gusu,1,gusu,0.13135355110297298,0.8686464488970271,0.8686464488970271,0.36864644889702713,0.4592234445830362,True,correct
IMG-0209,images/gusu/MET__DP-41454-001-qianlong-丁亮先.jpg,209,3,1,gusu,1,gusu,0.01895532496990072,0.9810446750300992,0.9810446750300992,0.4810446750300992,0.8870564332744126,True,correct
IMG-0210,images/gusu/MET__DP-41455-001-qianlong-应宗氏.jpg,210,5,1,gusu,1,gusu,0.0072829468251423704,0.9927170531748578,0.9927170531748578,0.4927170531748578,1.0245898494721954,True,correct
IMG-0211,images/gusu/MET__DP-41456-001-qianlong-丁亮先.jpg,211,3,1,gusu,1,gusu,0.013440076067284602,0.9865599239327154,0.9865599239327154,0.4865599239327154,0.9597129660555014,True,correct
IMG-0212,images/gusu/MET__DP-41457-001-qianlong-亮先氏.jpg,212,4,1,gusu,1,gusu,7.991867322475852e-07,0.9999992008132678,0.9999992008132678,0.49999920081326776,1.5790998076787688,True,correct
IMG-0213,images/gusu/MET__DP-41458-001-qianlong-应宗.jpg,213,3,1,gusu,1,gusu,0.021272603099201502,0.9787273969007986,0.9787273969007986,0.4787273969007986,0.8625808094908926,True,correct
IMG-0214,images/gusu/MET__DP-41459-001-qianlong.jpg,214,1,1,gusu,1,gusu,0.13190424887306934,0.8680957511269306,0.8680957511269306,0.3680957511269306,0.4501676085856018,True,correct
IMG-0215,images/gusu/MET__DP-41460-001-qianlong-亮先氏.jpg,215,3,1,gusu,1,gusu,0.0070391055461384204,0.9929608944538615,0.9929608944538615,0.4929608944538615,1.0955019536764168,True,correct
IMG-0216,images/gusu/MET__DP-41461-001-qianlong-丁应宗.jpg,216,2,1,gusu,1,gusu,0.06383299530696851,0.9361670046930316,0.9361670046930316,0.4361670046930316,0.6158857487824231,True,correct
IMG-0217,images/gusu/MET__DP-41462-001-qianlong.jpg,217,3,1,gusu,1,gusu,0.01538374535210433,0.9846162546478958,0.9846162546478958,0.4846162546478958,0.9312212663598071,True,correct
IMG-0218,images/gusu/MET__DP-41463-001-qianlong-许源山.jpg,218,2,1,gusu,1,gusu,0.0026273294369767402,0.9973726705630231,0.9973726705630231,0.49737267056302314,1.3381413716521124,True,correct
IMG-0219,images/gusu/MET__DP-41464-001-qianlong-许源山.jpg,219,1,1,gusu,1,gusu,0.013575216850681924,0.986424783149318,0.986424783149318,0.48642478314931803,0.9671133873125249,True,correct
IMG-0220,images/gusu/MET__DP-41465-001-qianlong.jpg,220,2,1,gusu,1,gusu,0.01558316686131236,0.9844168331386877,0.9844168331386877,0.48441683313868766,0.9402022184974312,True,correct
IMG-0221,images/gusu/MET__DP-41466-001-qianlong.jpg,221,5,1,gusu,1,gusu,0.004693249635215863,0.9953067503647842,0.9953067503647842,0.4953067503647842,1.1120224554088733,True,correct
IMG-0222,images/gusu/MET__DP-41467-001-qianlong.jpg,222,1,1,gusu,1,gusu,0.05090863337928036,0.9490913666207197,0.9490913666207197,0.4490913666207197,0.6741956346497776,True,correct
IMG-0223,images/gusu/MET__DP-41468-001-qianlong.jpg,223,3,1,gusu,1,gusu,0.012049564833277028,0.9879504351667229,0.9879504351667229,0.4879504351667229,0.9827101688760176,True,correct
IMG-0224,images/gusu/MET__DP-41469-001-qianlong-亮先氏.jpg,224,2,1,gusu,1,gusu,0.05259522219254027,0.9474047778074597,0.9474047778074597,0.4474047778074597,0.6615561697682151,True,correct
IMG-0225,images/gusu/MET__DP-41470-001-qianlong-亮先题.jpg,225,5,1,gusu,1,gusu,0.0037102193692063845,0.9962897806307935,0.9962897806307935,0.49628978063079354,1.1587070974471743,True,correct
IMG-0226,images/gusu/MET__DP-41473-001-qianlong.jpg,226,2,1,gusu,1,gusu,0.005847537460217717,0.9941524625397824,0.9941524625397824,0.4941524625397824,1.1599028425544193,True,correct
IMG-0227,images/gusu/MET__DP-41821-001-yongzheng or qianlong-韩怀德.jpg,227,2,1,gusu,1,gusu,0.021951731233074413,0.9780482687669257,0.9780482687669257,0.47804826876692574,0.8626978308131306,True,correct
IMG-0228,images/gusu/MET__DP-41822-001-qianlong.jpg,228,5,1,gusu,1,gusu,0.01355548759474956,0.9864445124052503,0.9864445124052503,0.48644451240525033,0.9004356670983118,True,correct
IMG-0229,images/gusu/MET__DP-44380-002-qianlong.jpg,229,4,1,gusu,1,gusu,9.991498577152315e-06,0.9999900085014228,0.9999900085014228,0.49999000850142283,1.3227911645142216,True,correct
IMG-0230,images/gusu/MET__DP-44381-002-qianlong or jiaqing.jpg,230,5,1,gusu,1,gusu,0.013584805821757272,0.9864151941782426,0.9864151941782426,0.48641519417824264,0.9000023390772094,True,correct
IMG-0231,images/gusu/MET__restricted-2-kangxi.jpg,231,2,1,gusu,1,gusu,0.08689983623152252,0.9131001637684776,0.9131001637684776,0.4131001637684776,0.5418519788484493,True,correct
IMG-0232,images/gusu/MET__restricted-3-qianlong.jpg,232,4,1,gusu,1,gusu,6.318909099419107e-07,0.99999936810909,0.99999936810909,0.49999936810908996,1.602939798315377,True,correct
IMG-0233,images/gusu/MET__restricted-kangxi.jpg,233,1,1,gusu,1,gusu,0.2319763417886252,0.7680236582113747,0.7680236582113747,0.26802365821137475,0.3026079533419341,True,correct
IMG-0234,images/gusu/私人藏家__微信图片_20260506165420.jpg,234,1,1,gusu,0,non_gusu,0.744621164535458,0.255378835464542,0.744621164535458,0.244621164535458,-0.18519385145920073,False,false_negative_gusu_to_non_gusu
IMG-0235,images/gusu/私人藏家__微信图片_20260506165451.jpg,235,1,1,gusu,1,gusu,0.21758541629207429,0.7824145837079255,0.7824145837079255,0.2824145837079255,0.3203701071087985,True,correct
IMG-0236,images/gusu/私人藏家__微信图片_20260506165500.jpg,236,2,1,gusu,1,gusu,0.04160017983249673,0.9583998201675031,0.9583998201675031,0.45839982016750314,0.7162222236443629,True,correct
IMG-0237,images/gusu/私人藏家__微信图片_20260506165509.jpg,237,2,1,gusu,1,gusu,0.10800591401464321,0.8919940859853568,0.8919940859853568,0.3919940859853568,0.48844805805518854,True,correct
IMG-0238,images/gusu/私人藏家__微信图片_20260506165517.jpg,238,2,1,gusu,1,gusu,0.1375699578863982,0.862430042113602,0.862430042113602,0.36243004211360197,0.42739797194330703,True,correct
IMG-0239,images/gusu/私人藏家__微信图片_20260506165528.jpg,239,3,1,gusu,1,gusu,0.3194165789412251,0.6805834210587748,0.6805834210587748,0.18058342105877478,0.22408890675220824,True,correct
IMG-0240,images/gusu/私人藏家__微信图片_20260506165540.jpg,240,2,1,gusu,1,gusu,0.4111122381225837,0.5888877618774162,0.5888877618774162,0.0888877618774162,0.09960591745601073,True,correct
IMG-0241,images/gusu/私人藏家__微信图片_20260506165548.jpg,241,1,1,gusu,1,gusu,0.21910380232752935,0.7808961976724705,0.7808961976724705,0.28089619767247054,0.31845744449904245,True,correct
IMG-0242,images/gusu/私人藏家__微信图片_20260506165556.jpg,242,3,1,gusu,0,non_gusu,0.6418227706353675,0.3581772293646324,0.6418227706353675,0.14182277063536758,-0.056183555372110366,False,false_negative_gusu_to_non_gusu
IMG-0243,images/gusu/私人藏家__微信图片_20260506165606.jpg,243,4,1,gusu,0,non_gusu,0.8673075193678974,0.13269248063210248,0.8673075193678974,0.3673075193678975,-0.3390471092732058,False,false_negative_gusu_to_non_gusu
IMG-0244,images/gusu/私人藏家__微信图片_20260506165632.jpg,244,3,1,gusu,0,non_gusu,0.6143018152669335,0.38569818473306655,0.6143018152669335,0.11430181526693345,-0.03071342387094239,False,false_negative_gusu_to_non_gusu
IMG-0245,images/gusu/私人藏家__微信图片_20260506165639.jpg,245,4,1,gusu,1,gusu,0.0896477946449199,0.9103522053550801,0.9103522053550801,0.4103522053550801,0.5124412578051175,True,correct
IMG-0246,images/gusu/私人藏家__微信图片_20260506165648.jpg,246,5,1,gusu,0,non_gusu,0.6894951548914319,0.3105048451085681,0.6894951548914319,0.18949515489143193,-0.10532068609011203,False,false_negative_gusu_to_non_gusu
IMG-0247,images/gusu/私人藏家__微信图片_20260424173857.jpg,247,4,1,gusu,0,non_gusu,0.8495328373089571,0.15046716269104304,0.8495328373089571,0.34953283730895696,-0.3093173304356712,False,false_negative_gusu_to_non_gusu
IMG-0248,images/gusu/私人藏家__微信图片_20260424173943.jpg,248,4,1,gusu,1,gusu,0.1317667222573557,0.8682332777426445,0.8682332777426445,0.36823327774264447,0.4247248652577943,True,correct
IMG-0249,images/gusu/私人藏家__微信图片_20260424173952.jpg,249,2,1,gusu,1,gusu,0.00997479202300624,0.9900252079769939,0.9900252079769939,0.4900252079769939,1.040474633275504,True,correct
IMG-0250,images/gusu/私人藏家__微信图片_20260424174000.jpg,250,2,1,gusu,1,gusu,0.19987053484143122,0.8001294651585688,0.8001294651585688,0.30012946515856875,0.3280867974545758,True,correct
IMG-0251,images/gusu/私人藏家__微信图片_20260424174015.jpg,251,4,1,gusu,0,non_gusu,0.5823010814650448,0.41769891853495517,0.5823010814650448,0.08230108146504483,-0.02555485707766056,False,false_negative_gusu_to_non_gusu
IMG-0252,images/gusu/私人藏家__微信图片_20260424174022.jpg,252,3,1,gusu,1,gusu,0.2237958743444598,0.7762041256555403,0.7762041256555403,0.2762041256555403,0.3253369977117753,True,correct
IMG-0253,images/gusu/私人藏家__微信图片_20260424174029.jpg,253,3,1,gusu,1,gusu,0.06793732831115606,0.9320626716888438,0.9320626716888438,0.4320626716888438,0.610826466066635,True,correct
IMG-0254,images/gusu/私人藏家__微信图片_20260424174035.jpg,254,3,1,gusu,1,gusu,0.09718507969604896,0.902814920303951,0.902814920303951,0.40281492030395105,0.5297589315510961,True,correct
IMG-0255,images/gusu/私人藏家__微信图片_20260424174045.jpg,255,1,1,gusu,1,gusu,0.057900239767348205,0.9420997602326517,0.9420997602326517,0.44209976023265174,0.6448792795364274,True,correct
IMG-0256,images/gusu/私人藏家__微信图片_20260424174054.jpg,256,5,1,gusu,1,gusu,0.11676358563073141,0.8832364143692685,0.8832364143692685,0.3832364143692685,0.4523889351651613,True,correct
IMG-0257,images/gusu/私人藏家__微信图片_20260424174104.jpg,257,3,1,gusu,1,gusu,0.007616825435037947,0.9923831745649622,0.9923831745649622,0.49238317456496217,1.0789853385963033,True,correct
IMG-0258,images/gusu/私人藏家__微信图片_20260424174123.jpg,258,2,1,gusu,1,gusu,0.19016918237253652,0.8098308176274637,0.8098308176274637,0.3098308176274637,0.34178122378569653,True,correct
IMG-0259,images/gusu/私人藏家__微信图片_20260424174129.jpg,259,5,1,gusu,1,gusu,0.015460253598645788,0.9845397464013542,0.9845397464013542,0.4845397464013542,0.8740392729284525,True,correct
IMG-0260,images/gusu/私人藏家__微信图片_20260424174136.jpg,260,5,1,gusu,1,gusu,0.017680598332808734,0.9823194016671912,0.9823194016671912,0.4823194016671912,0.8470394636999312,True,correct
IMG-0261,images/gusu/私人藏家__微信图片_20260424174144.jpg,261,4,1,gusu,1,gusu,0.16668725266113185,0.8333127473388681,0.8333127473388681,0.33331274733886807,0.3687867220418011,True,correct
IMG-0262,images/gusu/私人藏家__微信图片_20260424174151.jpg,262,4,1,gusu,1,gusu,0.018217376734399483,0.9817826232656004,0.9817826232656004,0.4817826232656004,0.8516458918067007,True,correct
IMG-0263,images/gusu/私人藏家__微信图片_20260424174200.jpg,263,3,1,gusu,1,gusu,0.006631202169916598,0.9933687978300835,0.9933687978300835,0.49336879783008347,1.1079953448091306,True,correct
IMG-0264,images/gusu/私人藏家__微信图片_20260424174209.jpg,264,4,1,gusu,1,gusu,0.013729149285025503,0.9862708507149743,0.9862708507149743,0.48627085071497433,0.910026289975447,True,correct
IMG-0265,images/gusu/私人藏家__微信图片_20260424174216.jpg,265,5,1,gusu,1,gusu,0.3067757722983706,0.6932242277016294,0.6932242277016294,0.1932242277016294,0.2137169232613226,True,correct
IMG-0266,images/gusu/私人藏家__微信图片_20260424174222.jpg,266,4,1,gusu,0,non_gusu,0.8565127184684288,0.14348728153157123,0.8565127184684288,0.3565127184684288,-0.3206232521712502,False,false_negative_gusu_to_non_gusu
IMG-0267,images/gusu/私人藏家__微信图片_20260424174229.jpg,267,2,1,gusu,1,gusu,0.041042208111729296,0.9589577918882706,0.9589577918882706,0.45895779188827057,0.7193513416924564,True,correct
IMG-0268,images/gusu/私人藏家__微信图片_20260424174236.jpg,268,2,1,gusu,0,non_gusu,0.6797199292896278,0.3202800707103722,0.6797199292896278,0.17971992928962782,-0.14659618701288163,False,false_negative_gusu_to_non_gusu
IMG-0269,images/gusu/私人藏家__微信图片_20260424174243.jpg,269,4,1,gusu,1,gusu,0.026622814677925828,0.9733771853220743,0.9733771853220743,0.4733771853220743,0.772817176457111,True,correct
IMG-0270,images/gusu/私人藏家__微信图片_20260424174250.jpg,270,4,1,gusu,1,gusu,1.6781976972254467e-05,0.9999832180230278,0.9999832180230278,0.4999832180230278,1.2701968225476834,True,correct
IMG-0271,images/gusu/私人藏家__微信图片_20260424174256.jpg,271,4,1,gusu,1,gusu,0.03489394908473011,0.9651060509152699,0.9651060509152699,0.4651060509152699,0.7160983433937946,True,correct
IMG-0272,images/gusu/私人藏家__微信图片_20260424174303.jpg,272,5,1,gusu,1,gusu,0.18377788724750294,0.8162221127524971,0.8162221127524971,0.3162221127524971,0.3472953431974966,True,correct
IMG-0273,images/gusu/私人藏家__微信图片_20260424174310.jpg,273,5,1,gusu,1,gusu,0.07031237458751788,0.9296876254124821,0.9296876254124821,0.42968762541248207,0.562822746174352,True,correct
IMG-0274,images/gusu/私人藏家__微信图片_20260424174319.jpg,274,3,1,gusu,1,gusu,0.03675130775778459,0.9632486922422153,0.9632486922422153,0.4632486922422153,0.7455320300836185,True,correct
IMG-0275,images/gusu/三国一组__GS0029-三国一组-私人藏家-1.jpg,275,4,1,gusu,1,gusu,0.024873457544697043,0.9751265424553032,0.9751265424553032,0.47512654245530317,0.786993007009035,True,correct
IMG-0276,images/gusu/三国一组__GS0029-三国一组-私人藏家-2.jpg,276,2,1,gusu,1,gusu,0.04777575130802474,0.9522242486919754,0.9522242486919754,0.4522242486919754,0.6840357246000952,True,correct
IMG-0277,images/gusu/三国一组__GS0029-三国一组-私人藏家-3.jpg,277,2,1,gusu,1,gusu,0.015451406942243581,0.9845485930577565,0.9845485930577565,0.48454859305775655,0.9421166110336765,True,correct
IMG-0278,images/gusu/三国一组__GS0029-三国一组-私人藏家-4.jpg,278,3,1,gusu,1,gusu,0.08611994053511196,0.913880059464888,0.913880059464888,0.41388005946488804,0.5574083757198148,True,correct
IMG-0279,images/gusu/佚名_《撩跤图》_清乾隆_墨版套色敷彩_54x30.5__佚名 《撩跤图》 清乾隆 墨版套色敷彩 54x30.5.jpg,279,3,1,gusu,1,gusu,0.1106168457035164,0.8893831542964836,0.8893831542964836,0.3893831542964836,0.4997654012395628,True,correct
IMG-0280,images/gusu/佚名_《渔家乐》清中期_墨版套色敷彩_56x26.5__佚名 《渔家乐》清中期 墨版套色敷彩 56x26.5.jpg,280,3,1,gusu,1,gusu,0.0028072700808006597,0.9971927299191994,0.9971927299191994,0.4971927299191994,1.2874545111654143,True,correct
IMG-0281,images/gusu/佚名_《福寿双全》清_木版拓印134x54__佚名 《福寿双全》清 木版拓印134x54.jpg,281,2,1,gusu,1,gusu,0.09769293148989945,0.9023070685101006,0.9023070685101006,0.40230706851010056,0.5132441806317387,True,correct
IMG-0282,images/gusu/私人藏家__丁亮先 《秋色花篮》清康乾时期 拱花，木版套色 25x32.5.jpg,282,2,1,gusu,1,gusu,0.020669854266856743,0.979330145733143,0.979330145733143,0.47933014573314303,0.8763467046567983,True,correct
IMG-0283,images/gusu/奥莱美术馆__D11_平面_福寿双喜图.jpg,283,4,1,gusu,1,gusu,0.07602966535817521,0.9239703346418247,0.9239703346418247,0.42397033464182465,0.5489230988323682,True,correct
IMG-0284,images/gusu/奥莱美术馆__D1泥金报喜.jpg,284,3,1,gusu,1,gusu,0.1098252187874346,0.8901747812125652,0.8901747812125652,0.3901747812125652,0.50144088768447,True,correct
IMG-0285,images/gusu/奥莱美术馆__D2_平面_抚琴图.jpg,285,5,1,gusu,1,gusu,0.0028477737740711935,0.9971522262259287,0.9971522262259287,0.4971522262259287,1.211205835209249,True,correct
IMG-0286,images/gusu/奥莱美术馆__D3_平面_西湖全景之断桥残雪.jpg,286,5,1,gusu,1,gusu,0.05170109739304457,0.9482989026069555,0.9482989026069555,0.4482989026069555,0.6276347517387673,True,correct
IMG-0287,images/gusu/奥莱美术馆__D4_平面_西湖全景之平湖秋月.jpg,287,2,1,gusu,1,gusu,0.007190048052078625,0.9928099519479215,0.9928099519479215,0.49280995194792154,1.1137421060032833,True,correct
IMG-0288,images/gusu/奥莱美术馆__D5_平面_罗通盘肠大战.jpg,288,4,1,gusu,1,gusu,0.09460679864822599,0.9053932013517741,0.9053932013517741,0.40539320135177415,0.5004026107846702,True,correct
IMG-0289,images/gusu/奥莱美术馆__D6_平面_时童赏梅.jpg,289,5,1,gusu,1,gusu,0.021525457874939095,0.9784745421250609,0.9784745421250609,0.4784745421250609,0.8073245558282038,True,correct
IMG-0290,images/gusu/奥莱美术馆__D7_平面_程咬金大闹武举场.jpg,290,2,1,gusu,0,non_gusu,0.7517196960108125,0.24828030398918752,0.7517196960108125,0.25171969601081245,-0.2254346028552247,False,false_negative_gusu_to_non_gusu
IMG-0291,images/gusu/奥莱美术馆__D8_平面_张飞黑夜战马超.jpg,291,4,1,gusu,1,gusu,0.27291116047796393,0.7270888395220361,0.7270888395220361,0.22708883952203607,0.24111371699102122,True,correct
IMG-0292,images/gusu/奥莱美术馆__冬.jpg,292,4,1,gusu,1,gusu,0.03898455022969569,0.9610154497703043,0.9610154497703043,0.4610154497703043,0.6927013457336882,True,correct
IMG-0293,images/gusu/奥莱美术馆__单.jpg,293,2,1,gusu,1,gusu,0.0029318692430440304,0.9970681307569561,0.9970681307569561,0.4970681307569561,1.313739209063808,True,correct
IMG-0294,images/gusu/奥莱美术馆__喜上眉梢.jpg,294,4,1,gusu,1,gusu,0.018487656834724097,0.9815123431652759,0.9815123431652759,0.4815123431652759,0.8485982209254415,True,correct
IMG-0295,images/gusu/奥莱美术馆__夏.jpg,295,1,1,gusu,1,gusu,0.0046956385487176115,0.9953043614512824,0.9953043614512824,0.4953043614512824,1.1974769384995705,True,correct
IMG-0296,images/gusu/奥莱美术馆__姑苏美人.jpg,296,5,1,gusu,1,gusu,0.031619362427900366,0.9683806375720997,0.9683806375720997,0.4683806375720997,0.7291560496794469,True,correct
IMG-0297,images/gusu/奥莱美术馆__扬眉得意.jpg,297,1,1,gusu,1,gusu,0.057954627681611456,0.9420453723183885,0.9420453723183885,0.4420453723183885,0.6446645834382484,True,correct
IMG-0298,images/gusu/奥莱美术馆__春.jpg,298,4,1,gusu,1,gusu,0.0030318859266395336,0.9969681140733606,0.9969681140733606,0.4969681140733606,1.218918088836188,True,correct
IMG-0299,images/gusu/奥莱美术馆__汾阳宫全.jpg,299,1,1,gusu,1,gusu,0.3218348969224865,0.6781651030775137,0.6781651030775137,0.17816510307751365,0.20540795950710639,True,correct
IMG-0300,images/gusu/奥莱美术馆__清朝三百六十行.jpg,300,3,1,gusu,1,gusu,0.172500929475719,0.8274990705242813,0.8274990705242813,0.3274990705242813,0.39265306710122666,True,correct
IMG-0301,images/gusu/奥莱美术馆__秋.jpg,301,3,1,gusu,1,gusu,0.01079194970511828,0.9892080502948817,0.9892080502948817,0.4892080502948817,1.005889169697723,True,correct
IMG-0302,images/gusu/奥莱美术馆__秋色花篮.jpg,302,2,1,gusu,1,gusu,0.012274065702272411,0.9877259342977274,0.9877259342977274,0.48772593429772737,0.9939256457338803,True,correct
IMG-0303,images/gusu/奥莱美术馆__腊转春回.jpg,303,1,1,gusu,1,gusu,0.013115898263976031,0.9868841017360238,0.9868841017360238,0.4868841017360238,0.9746212273220735,True,correct
IMG-0304,images/gusu/奥莱美术馆__莲蓬菱角图.jpg,304,1,1,gusu,1,gusu,0.023781182841859018,0.9762188171581409,0.9762188171581409,0.47621881715814085,0.8441959975226402,True,correct
IMG-0305,images/gusu/姑苏-私人藏家__微信图片_20260404210321.jpg,305,1,1,gusu,1,gusu,0.41401004419362175,0.5859899558063781,0.5859899558063781,0.08598995580637814,0.11937037716965601,True,correct
IMG-0306,images/gusu/姑苏-私人藏家__微信图片_20260404210331.jpg,306,2,1,gusu,1,gusu,0.40949889062668543,0.5905011093733145,0.5905011093733145,0.09050110937331446,0.10104817578892371,True,correct
IMG-0307,images/gusu/姑苏-私人藏家__微信图片_20260404210339.jpg,307,2,1,gusu,0,non_gusu,0.5846733753690744,0.4153266246309255,0.5846733753690744,0.08467337536907449,-0.055812582739617256,False,false_negative_gusu_to_non_gusu
IMG-0308,images/gusu/姑苏-私人藏家__微信图片_20260404212958.jpg,308,4,1,gusu,1,gusu,0.01854605934862868,0.9814539406513714,0.9814539406513714,0.48145394065137137,0.8479454181043988,True,correct
IMG-0309,images/gusu/姑苏-私人藏家__微信图片_20260404213009.jpg,309,4,1,gusu,1,gusu,0.07146547209571329,0.9285345279042867,0.9285345279042867,0.4285345279042867,0.5625047027096193,True,correct
IMG-0310,images/gusu/姑苏-私人藏家__微信图片_20260404213022.jpg,310,3,1,gusu,1,gusu,0.00697310218272391,0.993026897817276,0.993026897817276,0.49302689781727604,1.097473978578002,True,correct
IMG-0311,images/gusu/姑苏-私人藏家__微信图片_20260404213034.jpg,311,2,1,gusu,1,gusu,0.33683780568741994,0.66316219431258,0.66316219431258,0.16316219431257994,0.17067019016442456,True,correct
IMG-0312,images/gusu/姑苏-私人藏家__微信图片_20260404213247.jpg,312,1,1,gusu,1,gusu,0.023786766329119944,0.9762132336708801,0.9762132336708801,0.4762132336708801,0.8441442237261655,True,correct
IMG-0313,images/gusu/姑苏-私人藏家__微信图片_20260404213257.jpg,313,3,1,gusu,1,gusu,0.008360637161450486,0.9916393628385495,0.9916393628385495,0.4916393628385495,1.0594618890098049,True,correct
IMG-0314,images/gusu/姑苏-私人藏家__微信图片_20260404213306.jpg,314,4,1,gusu,1,gusu,0.013582714880980113,0.9864172851190199,0.9864172851190199,0.48641728511901994,0.9122343902038083,True,correct
IMG-0315,images/gusu/姑苏-私人藏家__微信图片_20260404213313.jpg,315,4,1,gusu,1,gusu,0.006813249770572115,0.9931867502294279,0.9931867502294279,0.49318675022942793,1.0537347344414734,True,correct
IMG-0316,images/gusu/姑苏-私人藏家__微信图片_20260404213322.jpg,316,2,1,gusu,1,gusu,0.023253332120088285,0.9767466678799119,0.9767466678799119,0.47674666787991193,0.8496133678666513,True,correct
IMG-0317,images/gusu/姑苏-私人藏家__微信图片_20260404213329.jpg,317,1,1,gusu,1,gusu,0.27717927130898895,0.7228207286910113,0.7228207286910113,0.22282072869101133,0.25126521989052164,True,correct
IMG-0318,images/gusu/姑苏-私人藏家__微信图片_20260404213337.jpg,318,4,1,gusu,1,gusu,9.810017506013369e-06,0.999990189982494,0.999990189982494,0.499990189982494,1.324650511110961,True,correct
IMG-0319,images/gusu/姑苏-私人藏家__微信图片_20260404213558.jpg,319,3,1,gusu,1,gusu,0.050828901389137066,0.949171098610863,0.949171098610863,0.449171098610863,0.6749836295003371,True,correct
IMG-0320,images/gusu/姑苏-私人藏家__微信图片_20260404213611.jpg,320,4,1,gusu,1,gusu,0.18155372463702035,0.8184462753629798,0.8184462753629798,0.31844627536297976,0.3478273911013431,True,correct
IMG-0321,images/gusu/姑苏-私人藏家__微信图片_20260404214109.jpg,321,3,1,gusu,1,gusu,0.023473755059770823,0.9765262449402292,0.9765262449402292,0.4765262449402292,0.8416354119410471,True,correct
IMG-0322,images/gusu/姑苏-私人藏家__微信图片_20260404214129.jpg,322,5,1,gusu,1,gusu,0.01923230314521284,0.9807676968547873,0.9807676968547873,0.48076769685478726,0.8300800304875664,True,correct
IMG-0323,images/gusu/姑苏-私人藏家__微信图片_20260404214137.jpg,323,1,1,gusu,1,gusu,0.005279349294429691,0.9947206507055703,0.9947206507055703,0.49472065070557025,1.1721406413183197,True,correct
IMG-0324,images/gusu/姑苏-私人藏家__微信图片_20260404220824.jpg,324,3,1,gusu,1,gusu,0.0949851555972508,0.9050148444027492,0.9050148444027492,0.40501484440274915,0.5350211316258423,True,correct
IMG-0325,images/gusu/姑苏-私人藏家__微信图片_20260404220835.jpg,325,5,1,gusu,1,gusu,0.03936993529815836,0.9606300647018418,0.9606300647018418,0.46063006470184176,0.6841556711971377,True,correct
IMG-0326,images/gusu/姑苏-私人藏家__微信图片_20260404220845.jpg,326,2,1,gusu,1,gusu,0.19019190314687492,0.8098080968531249,0.8098080968531249,0.30980809685312494,0.341748541941568,True,correct
IMG-0327,images/gusu/姑苏-私人藏家__微信图片_20260404220859.jpg,327,3,1,gusu,1,gusu,0.038680359637129805,0.9613196403628702,0.9613196403628702,0.4613196403628702,0.7344700130800449,True,correct
IMG-0328,images/gusu/姑苏-私人藏家__微信图片_20260404220906.jpg,328,5,1,gusu,1,gusu,0.003076733218594801,0.9969232667814049,0.9969232667814049,0.49692326678140486,1.1958647448076267,True,correct
IMG-0329,images/gusu/姑苏-私人藏家__微信图片_20260404220913.jpg,329,3,1,gusu,1,gusu,5.978160613179641e-06,0.9999940218393869,0.9999940218393869,0.4999940218393869,1.4310676393724246,True,correct
IMG-0330,images/gusu/姑苏-私人藏家__微信图片_20260404220921.jpg,330,2,1,gusu,1,gusu,0.07008370459524137,0.9299162954047587,0.9299162954047587,0.42991629540475873,0.5936482083613064,True,correct
IMG-0331,images/gusu/姑苏-私人藏家__微信图片_20260409094121.jpg,331,2,1,gusu,1,gusu,0.014127675561860526,0.9858723244381397,0.9858723244381397,0.48587232443813966,0.9622937374619953,True,correct
IMG-0332,images/gusu/姑苏-私人藏家__微信图片_20260409095208.jpg,332,4,1,gusu,1,gusu,0.11688354604780225,0.8831164539521977,0.8831164539521977,0.38311645395219773,0.45245858831574726,True,correct
IMG-0333,images/gusu/姑苏-私人藏家__微信图片_20260409095219.jpg,333,3,1,gusu,1,gusu,0.2677960812991026,0.7322039187008973,0.7322039187008973,0.2322039187008973,0.2759181465692736,True,correct
IMG-0334,images/gusu/姑苏-私人藏家__微信图片_20260409095226.jpg,334,1,1,gusu,0,non_gusu,0.6051056493003514,0.39489435069964857,0.6051056493003514,0.10510564930035143,-0.04742246986933521,False,false_negative_gusu_to_non_gusu
IMG-0335,images/gusu/姑苏-私人藏家__微信图片_20260409095231.jpg,335,1,1,gusu,1,gusu,0.1068655446973905,0.8931344553026096,0.8931344553026096,0.3931344553026096,0.5014882746137452,True,correct
IMG-0336,images/gusu/姑苏-私人藏家__微信图片_20260409101633.jpg,336,1,1,gusu,1,gusu,0.08777856229860763,0.9122214377013924,0.9122214377013924,0.4122214377013924,0.5483449785193392,True,correct
IMG-0337,images/gusu/姑苏-私人藏家__微信图片_20260409102208.jpg,337,3,1,gusu,1,gusu,0.5530516626129779,0.44694833738702217,0.5530516626129779,0.053051662612977835,0.022549117922324807,True,correct
IMG-0338,images/gusu/姑苏-私人藏家__微信图片_20260409102217.jpg,338,4,1,gusu,0,non_gusu,0.8347084437984515,0.16529155620154856,0.8347084437984515,0.33470844379845144,-0.28666321127577166,False,false_negative_gusu_to_non_gusu
IMG-0339,images/gusu/姑苏-私人藏家__微信图片_20260409102222.jpg,339,3,1,gusu,0,non_gusu,0.6553687824276937,0.34463121757230647,0.6553687824276937,0.15536878242769353,-0.06920343926765546,False,false_negative_gusu_to_non_gusu
IMG-0340,images/gusu/姑苏-私人藏家__微信图片_20260409102227.jpg,340,5,1,gusu,1,gusu,0.273774611645212,0.7262253883547881,0.7262253883547881,0.22622538835478812,0.24542566449101794,True,correct
IMG-0341,images/gusu/姑苏-私人藏家__微信图片_20260409102231.jpg,341,1,1,gusu,1,gusu,0.08615564845463874,0.9138443515453613,0.9138443515453613,0.41384435154536126,0.5527428661232117,True,correct
IMG-0342,images/gusu/姑苏-私人藏家__微信图片_20260409120614.jpg,342,4,1,gusu,1,gusu,0.005715575327340391,0.9942844246726597,0.9942844246726597,0.49428442467265965,1.0896318296780418,True,correct
IMG-0343,images/gusu/姑苏-私人藏家__微信图片_20260409120628.jpg,343,3,1,gusu,1,gusu,0.07657218712022063,0.9234278128797795,0.9234278128797795,0.4234278128797795,0.5840018255675471,True,correct
IMG-0344,images/gusu/姑苏-私人藏家__微信图片_20260409120638.jpg,344,3,1,gusu,1,gusu,0.04533475861513795,0.9546652413848623,0.9546652413848623,0.4546652413848623,0.6999908864865728,True,correct
IMG-0345,images/gusu/姑苏-私人藏家__微信图片_20260409120644.jpg,345,4,1,gusu,1,gusu,0.002741435105916861,0.9972585648940833,0.9972585648940833,0.49725856489408327,1.239425173417354,True,correct
IMG-0346,images/gusu/姑苏-私人藏家__微信图片_20260409120651.jpg,346,2,1,gusu,1,gusu,0.06231453824580177,0.937685461754198,0.937685461754198,0.437685461754198,0.62159378802918,True,correct
IMG-0347,images/gusu/姑苏-私人藏家__微信图片_20260409120659.jpg,347,5,1,gusu,1,gusu,0.14072882232873485,0.8592711776712653,0.8592711776712653,0.35927117767126526,0.41011065290889326,True,correct
IMG-0348,images/gusu/姑苏-私人藏家__微信图片_20260409120708.jpg,348,2,1,gusu,1,gusu,0.00477755746815257,0.9952224425318474,0.9952224425318474,0.49522244253184744,1.2049837251774487,True,correct
IMG-0349,images/gusu/姑苏-私人藏家__微信图片_20260409120716.jpg,349,1,1,gusu,1,gusu,0.32343671460214846,0.6765632853978514,0.6765632853978514,0.17656328539785138,0.20383100019038924,True,correct
IMG-0350,images/gusu/姑苏-私人藏家__微信图片_20260409120724.jpg,350,2,1,gusu,1,gusu,0.004938584211418426,0.9950614157885815,0.9950614157885815,0.49506141578858154,1.1975923573695797,True,correct
IMG-0351,images/gusu/姑苏-私人藏家__微信图片_20260409121054.jpg,351,2,1,gusu,1,gusu,0.13160941474308405,0.8683905852569159,0.8683905852569159,0.3683905852569159,0.4387285304065525,True,correct
IMG-0352,images/gusu/姑苏-私人藏家__微信图片_20260409121101.jpg,352,5,1,gusu,1,gusu,0.02949237678464139,0.9705076232153586,0.9705076232153586,0.47050762321535855,0.7433769914167188,True,correct
IMG-0353,images/gusu/姑苏-私人藏家__微信图片_20260409121112.jpg,353,1,1,gusu,1,gusu,0.3287740336680896,0.6712259663319103,0.6712259663319103,0.17122596633191034,0.1986055666584171,True,correct
IMG-0354,images/gusu/姑苏-私人藏家__微信图片_20260409121119.jpg,354,4,1,gusu,1,gusu,0.1197256271537508,0.8802743728462492,0.8802743728462492,0.3802743728462492,0.4469353467167114,True,correct
IMG-0355,images/gusu/姑苏-私人藏家__微信图片_20260409121125.jpg,355,5,1,gusu,1,gusu,0.018590556841455257,0.9814094431585447,0.9814094431585447,0.4814094431585447,0.8369252639070819,True,correct
IMG-0356,images/gusu/姑苏-私人藏家__微信图片_20260409121133.jpg,356,1,1,gusu,1,gusu,0.11641116896977748,0.8835888310302225,0.8835888310302225,0.38358883103022245,0.4807970734153282,True,correct
IMG-0357,images/gusu/姑苏-私人藏家__微信图片_20260409121140.jpg,357,4,1,gusu,1,gusu,0.020790258909275387,0.9792097410907249,0.9792097410907249,0.4792097410907249,0.8242749495478022,True,correct
IMG-0358,images/gusu/姑苏-私人藏家__微信图片_20260409121147.jpg,358,1,1,gusu,1,gusu,1.862651123116838e-05,0.9999813734887689,0.9999813734887689,0.4999813734887689,1.3350866805349497,True,correct
IMG-0359,images/gusu/姑苏-私人藏家__微信图片_20260409121153.jpg,359,2,1,gusu,1,gusu,0.01658970582077804,0.9834102941792222,0.9834102941792222,0.4834102941792222,0.9260823253304531,True,correct
IMG-0360,images/gusu/姑苏-私人藏家__微信图片_20260409121942.jpg,360,1,1,gusu,0,non_gusu,0.7205538313701099,0.27944616862989013,0.7205538313701099,0.22055383137010987,-0.15874810130085007,False,false_negative_gusu_to_non_gusu
IMG-0361,images/gusu/姑苏-私人藏家__微信图片_20260409125339.jpg,361,5,1,gusu,1,gusu,0.1753007283991414,0.8246992716008587,0.8246992716008587,0.32469927160085865,0.35865824198387336,True,correct
IMG-0362,images/gusu/姑苏-私人藏家__微信图片_20260409125350.jpg,362,5,1,gusu,1,gusu,0.22692892146147556,0.7730710785385241,0.7730710785385241,0.2730710785385241,0.2948959566537884,True,correct
IMG-0363,images/gusu/姑苏-私人藏家__微信图片_20260409125358.jpg,363,3,1,gusu,0,non_gusu,0.958947087622037,0.04105291237796292,0.958947087622037,0.45894708762203706,-0.5951212843572953,False,false_negative_gusu_to_non_gusu
IMG-0364,images/gusu/姑苏-私人藏家__微信图片_20260409125405.jpg,364,4,1,gusu,0,non_gusu,0.9918852250307921,0.008114774969207749,0.9918852250307921,0.49188522503079224,-0.9352742730725441,False,false_negative_gusu_to_non_gusu
IMG-0365,images/gusu/姑苏-私人藏家__微信图片_20260410093914.jpg,365,5,1,gusu,0,non_gusu,0.8864166362222079,0.11358336377779209,0.8864166362222079,0.3864166362222079,-0.3539237128407137,False,false_negative_gusu_to_non_gusu
IMG-0366,images/gusu/姑苏-私人藏家__微信图片_20260410095834.jpg,366,4,1,gusu,1,gusu,0.11418070274067633,0.8858192972593236,0.8858192972593236,0.3858192972593236,0.45782111795571023,True,correct
IMG-0367,images/gusu/姑苏-私人藏家__微信图片_20260410095846.jpg,367,3,1,gusu,1,gusu,0.16100299813065783,0.8389970018693422,0.8389970018693422,0.33899700186934223,0.4098198806290777,True,correct
IMG-0368,images/gusu/姑苏-私人藏家__微信图片_20260410095851.jpg,368,3,1,gusu,1,gusu,0.22838849314008672,0.7716115068599133,0.7716115068599133,0.2716115068599133,0.31988481485078973,True,correct
IMG-0369,images/gusu/姑苏-私人藏家__微信图片_20260410095855.jpg,369,3,1,gusu,1,gusu,0.5117747700397931,0.4882252299602069,0.5117747700397931,0.011774770039793103,0.057076476581389396,True,correct
IMG-0370,images/gusu/姑苏-统计表__微信图片_20260409095939.jpg,370,4,1,gusu,0,non_gusu,0.7762968206603615,0.22370317933963862,0.7762968206603615,0.2762968206603614,-0.21048807243763737,False,false_negative_gusu_to_non_gusu
IMG-0371,images/gusu/姑苏-统计表__微信图片_20260409102514.jpg,371,5,1,gusu,0,non_gusu,0.6340145665199591,0.3659854334800409,0.6340145665199591,0.13401456651995908,-0.05763467285134871,False,false_negative_gusu_to_non_gusu
IMG-0372,images/gusu/姑苏-统计表__微信图片_20260410100409.jpg,372,3,1,gusu,1,gusu,0.21085056371739325,0.7891494362826066,0.7891494362826066,0.2891494362826066,0.3411463132668404,True,correct
IMG-0373,images/gusu/姑苏季永吉发行_《刘天璧》清康熙_墨版套色敷彩_50×36__姑苏季永吉发行 《刘天璧》清康熙 墨版套色敷彩 50×36.jpg,373,5,1,gusu,1,gusu,0.02124417085028055,0.9787558291497194,0.9787558291497194,0.47875582914971937,0.8099846534472663,True,correct
IMG-0374,images/gusu/水浒传等（一函十二张）__GS0028-水浒传等(一函十二张)-私人藏家-1.jpg,374,5,1,gusu,1,gusu,0.01786196636308818,0.982138033636912,0.982138033636912,0.482138033636912,0.8449834295709999,True,correct
IMG-0375,images/gusu/水浒传等（一函十二张）__GS0028-水浒传等(一函十二张)-私人藏家-10.jpg,375,4,1,gusu,1,gusu,0.020314503306407057,0.9796854966935931,0.9796854966935931,0.47968549669359306,0.8290766461465733,True,correct
IMG-0376,images/gusu/水浒传等（一函十二张）__GS0028-水浒传等(一函十二张)-私人藏家-11.jpg,376,4,1,gusu,1,gusu,0.1229084358499733,0.8770915641500266,0.8770915641500266,0.37709156415002665,0.44088359881169015,True,correct
IMG-0377,images/gusu/水浒传等（一函十二张）__GS0028-水浒传等(一函十二张)-私人藏家-12.jpg,377,3,1,gusu,1,gusu,0.04183408591959542,0.9581659140804044,0.9581659140804044,0.4581659140804044,0.7174762280961728,True,correct
IMG-0378,images/gusu/水浒传等（一函十二张）__GS0028-水浒传等(一函十二张)-私人藏家-2.jpg,378,3,1,gusu,1,gusu,0.04126944220958117,0.9587305577904189,0.9587305577904189,0.45873055779041894,0.7204266611960289,True,correct
IMG-0379,images/gusu/水浒传等（一函十二张）__GS0028-水浒传等(一函十二张)-私人藏家-3.jpg,379,2,1,gusu,1,gusu,1.2559118498344206e-06,0.99999874408815,0.99999874408815,0.49999874408815004,1.6497275049106688,True,correct
IMG-0380,images/gusu/水浒传等（一函十二张）__GS0028-水浒传等(一函十二张)-私人藏家-4.jpg,380,1,1,gusu,1,gusu,1.6438705680010904e-05,0.99998356129432,0.99998356129432,0.49998356129432,1.348512292795037,True,correct
IMG-0381,images/gusu/水浒传等（一函十二张）__GS0028-水浒传等(一函十二张)-私人藏家-5.jpg,381,3,1,gusu,1,gusu,0.0070881570821810114,0.9929118429178189,0.9929118429178189,0.49291184291781887,1.0940482638213866,True,correct
IMG-0382,images/gusu/水浒传等（一函十二张）__GS0028-水浒传等(一函十二张)-私人藏家-6.jpg,382,3,1,gusu,1,gusu,0.04645521491409592,0.9535447850859041,0.9535447850859041,0.4535447850859041,0.6946655867698471,True,correct
IMG-0383,images/gusu/水浒传等（一函十二张）__GS0028-水浒传等(一函十二张)-私人藏家-7.jpg,383,4,1,gusu,1,gusu,0.02707815760609845,0.9729218423939017,0.9729218423939017,0.47292184239390167,0.769275900139969,True,correct
IMG-0384,images/gusu/水浒传等（一函十二张）__GS0028-水浒传等(一函十二张)-私人藏家-8.jpg,384,3,1,gusu,1,gusu,0.011182349892793098,0.988817650107207,0.988817650107207,0.488817650107207,0.9984198445993765,True,correct
IMG-0385,images/gusu/水浒传等（一函十二张）__GS0028-水浒传等(一函十二张)-私人藏家-9.jpg,385,2,1,gusu,1,gusu,0.019259389934767272,0.9807406100652326,0.9807406100652326,0.4807406100652326,0.8923562792993045,True,correct
IMG-0386,images/gusu/私人藏家__GS0002-仕女婴戏图-私人藏家.jpg,386,1,1,gusu,1,gusu,6.632841033157652e-06,0.9999933671589669,0.9999933671589669,0.4999933671589669,1.4460591095472553,True,correct
IMG-0387,images/gusu/私人藏家__GS0003-演奏十番图-私人藏家.jpg,387,1,1,gusu,1,gusu,0.19948573770732922,0.8005142622926708,0.8005142622926708,0.30051426229267075,0.34395198592909704,True,correct
IMG-0388,images/gusu/私人藏家__GS0009-仕女消闲图-私人藏家.jpg,388,5,1,gusu,1,gusu,1.2104912310354386e-05,0.9999878950876897,0.9999878950876897,0.4999878950876897,1.2810039601344994,True,correct
IMG-0389,images/gusu/私人藏家__GS0010-描金凤-私人藏家.jpg,389,5,1,gusu,1,gusu,0.14513341158682785,0.854866588413172,0.854866588413172,0.354866588413172,0.4030154396630255,True,correct
IMG-0390,images/gusu/私人藏家__GS0011-石榴童子图-私人藏家.jpg,390,1,1,gusu,1,gusu,2.7301682803129866e-06,0.9999972698317197,0.9999972698317197,0.49999726983171966,1.541494269263021,True,correct
IMG-0391,images/gusu/私人藏家__GS0012-太平统一万国来朝-私人藏家.jpg,391,1,1,gusu,1,gusu,0.2410440051408347,0.7589559948591653,0.7589559948591653,0.2589559948591653,0.2918072724817915,True,correct
IMG-0392,images/gusu/私人藏家__GS0013-满堂吉庆-私人藏家.jpg,392,3,1,gusu,1,gusu,0.00686055731507452,0.9931394426849256,0.9931394426849256,0.4931394426849256,1.1008796905536684,True,correct
IMG-0393,images/gusu/私人藏家__GS0014-水演图-私人藏家.jpg,393,1,1,gusu,1,gusu,0.37801167961189397,0.621988320388106,0.621988320388106,0.12198832038810603,0.15049095739083093,True,correct
IMG-0394,images/gusu/私人藏家__GS0015-教子图（侍女执笔图）-私人藏家.jpg,394,3,1,gusu,1,gusu,0.007739209235625636,0.9922607907643742,0.9922607907643742,0.49226079076437423,1.0756464302586357,True,correct
IMG-0395,images/gusu/私人藏家__GS0016-百寿图-私人藏家.jpg,395,4,1,gusu,1,gusu,0.019657857380067527,0.9803421426199325,0.9803421426199325,0.48034214261993247,0.8358879920256334,True,correct
IMG-0396,images/gusu/私人藏家__GS0018-一团和气-私人藏家.jpg,396,1,1,gusu,1,gusu,0.00855366428765929,0.991446335712341,0.991446335712341,0.491446335712341,1.067600252555762,True,correct
IMG-0397,images/gusu/私人藏家__GS0019-杨贵妃游园图-私人藏家.jpg,397,4,1,gusu,1,gusu,6.211794394662882e-06,0.9999937882056054,0.9999937882056054,0.49999378820560536,1.3710057955414674,True,correct
IMG-0398,images/gusu/私人藏家__GS0020-演奏十番多子演乐图-私人藏家.jpg,398,5,1,gusu,1,gusu,0.010576976803632746,0.9894230231963672,0.9894230231963672,0.4894230231963672,0.9501177513511945,True,correct
IMG-0399,images/gusu/私人藏家__GS0021-道光元年福寿春牛图-私人藏家.jpg,399,1,1,gusu,1,gusu,0.2456487609187747,0.7543512390812254,0.7543512390812254,0.25435123908122537,0.2864282402032824,True,correct
IMG-0400,images/gusu/私人藏家__GS0022-教子图-私人藏家.jpg,400,4,1,gusu,1,gusu,4.23622946286064e-06,0.9999957637705371,0.9999957637705371,0.4999957637705371,1.409841855446238,True,correct
IMG-0401,images/gusu/私人藏家__GS0023-杂技图-私人藏家.jpg,401,3,1,gusu,1,gusu,0.013328167993971246,0.9866718320060289,0.9866718320060289,0.4866718320060289,0.9614748339815077,True,correct
IMG-0402,images/gusu/私人藏家__GS0024-教子图-私人藏家.jpg,402,3,1,gusu,1,gusu,0.0035823586613773456,0.9964176413386225,0.9964176413386225,0.49641764133862254,1.2366186809682391,True,correct
IMG-0403,images/gusu/私人藏家__GS0025-杂技图-私人藏家.jpg,403,1,1,gusu,1,gusu,0.031251389503256725,0.9687486104967432,0.9687486104967432,0.4687486104967432,0.7837218294134439,True,correct
IMG-0404,images/gusu/私人藏家__GS0026-宴会图(张荣兴)-私人藏家.jpg,404,4,1,gusu,1,gusu,0.15844145325853137,0.8415585467414687,0.8415585467414687,0.3415585467414687,0.3810594217368589,True,correct
IMG-0405,images/gusu/私人藏家__GS0027-杂技图-私人藏家.jpg,405,1,1,gusu,1,gusu,0.05292588426813593,0.9470741157318641,0.9470741157318641,0.44707411573186406,0.6653655017507277,True,correct
IMG-0406,images/gusu/私人藏家__佚名 《蜀峰雪景》清中期 墨版套色敷彩 33x52.jpg,406,5,1,gusu,1,gusu,0.10797706149160448,0.8920229385083955,0.8920229385083955,0.39202293850839554,0.4697961022143405,True,correct
IMG-0407,images/gusu/私人藏家__博古花卉图-青铜花瓶中的石榴.jpg,407,3,1,gusu,1,gusu,0.003558160024500663,0.9964418399754996,0.9964418399754996,0.4964418399754996,1.2380324732570194,True,correct
IMG-0408,images/gusu/私人藏家__双和 《岳阳楼》清中期 墨版套色敷彩 59x109.jpg,408,2,1,gusu,1,gusu,0.05568412845272606,0.9443158715472738,0.9443158715472738,0.4443158715472738,0.6481514788449123,True,correct
IMG-0409,images/gusu/私人藏家__墨浪子 《姑苏玄墓山胜景》清康熙 墨版套色敷彩 96x52.jpg,409,4,1,gusu,1,gusu,1.4305726686058361e-05,0.9999856942733139,0.9999856942733139,0.49998569427331385,1.2863869101870864,True,correct
IMG-0410,images/gusu/私人藏家__寿星图.jpg,410,5,1,gusu,0,non_gusu,0.9494682863235349,0.05053171367646526,0.9494682863235349,0.44946828632353475,-0.535663846811782,False,false_negative_gusu_to_non_gusu
IMG-0411,images/gusu/私人藏家__游园图.jpg,411,2,1,gusu,1,gusu,0.10779059982180987,0.89220940017819,0.89220940017819,0.39220940017818995,0.4889437973570613,True,correct
IMG-0412,images/gusu/私人藏家__琵琶上的蝴蝶.jpg,412,4,1,gusu,1,gusu,0.006290395956662143,0.9937096040433376,0.9937096040433376,0.49370960404333764,1.070055245976617,True,correct
IMG-0413,images/gusu/私人藏家__石榴花上的鸟儿.jpg,413,5,1,gusu,1,gusu,0.0056796167260220265,0.9943203832739779,0.9943203832739779,0.49432038327397787,1.0740940071849483,True,correct
IMG-0414,images/gusu/私人藏家__芙蓉上的鸟儿.jpg,414,4,1,gusu,1,gusu,0.10168371650946573,0.8983162834905346,0.8983162834905346,0.3983162834905346,0.48417141079105896,True,correct
IMG-0415,images/gusu/私人藏家__荔枝上的螳螂.jpg,415,3,1,gusu,1,gusu,0.0798717895698424,0.9201282104301577,0.9201282104301577,0.4201282104301577,0.5744839654098701,True,correct
IMG-0416,images/gusu/私人藏家__采茶歌（正月、二月、三月）.jpg,416,1,1,gusu,1,gusu,0.01237373891834158,0.9876262610816584,0.9876262610816584,0.4876262610816584,0.9873183940158342,True,correct
IMG-0417,images/gusu/私人藏家__麟儿图.jpg,417,4,1,gusu,1,gusu,0.1753245306606004,0.8246754693393997,0.8246754693393997,0.3246754693393997,0.35643940115059813,True,correct
IMG-0418,images/gusu/苏州市公共文化中心（苏州美术馆）__14.石榴上的螽斯.jpg,418,1,1,gusu,1,gusu,0.004086874808966218,0.9959131251910338,0.9959131251910338,0.4959131251910338,1.2274839922237568,True,correct
IMG-0419,images/gusu/苏州市公共文化中心（苏州美术馆）__15.蝴蝶牡丹图.jpg,419,2,1,gusu,1,gusu,0.1083526867194524,0.8916473132805476,0.8916473132805476,0.3916473132805476,0.48765148419425697,True,correct
IMG-0420,images/gusu/苏州市公共文化中心（苏州美术馆）__MR2018022901-桃花坞版画麒麟送子图-无.jpg,420,3,1,gusu,1,gusu,0.5146450548205997,0.4853549451794002,0.5146450548205997,0.014645054820599801,0.054688391127041436,True,correct
IMG-0421,images/gusu/苏州市公共文化中心（苏州美术馆）__MR2018023001-桃花坞版画二美闲坐图-无.jpg,421,5,1,gusu,1,gusu,0.014333854172801083,0.9856661458271989,0.9856661458271989,0.4856661458271989,0.8892330064903038,True,correct
IMG-0422,images/gusu/苏州市公共文化中心（苏州美术馆）__MR2019024701-姑苏阊门图-无.jpg,422,3,1,gusu,1,gusu,0.0035435576656273667,0.9964564423343726,0.9964564423343726,0.4964564423343726,1.2388902503990669,True,correct
IMG-0423,images/gusu/苏州市公共文化中心（苏州美术馆）__PR0696-天仙送子麒麟送子对门画-无-1.jpg,423,2,1,gusu,0,non_gusu,0.5274219254108511,0.4725780745891489,0.5274219254108511,0.02742192541085109,-0.004000777221905144,False,false_negative_gusu_to_non_gusu
IMG-0424,images/gusu/苏州市公共文化中心（苏州美术馆）__PR0696-天仙送子麒麟送子对门画-无-2.jpg,424,1,1,gusu,1,gusu,0.18753539454124377,0.8124646054587564,0.8124646054587564,0.31246460545875643,0.36040695943522016,True,correct
IMG-0425,images/gusu/苏州市公共文化中心（苏州美术馆）__PR0697-秋冬美境-无.jpg,425,1,1,gusu,1,gusu,0.009113738442583924,0.9908862615574162,0.9908862615574162,0.4908862615574162,1.0538313231945389,True,correct
IMG-0426,images/gusu/苏州市公共文化中心（苏州美术馆）__PR0698-舟游图-无.jpg,426,4,1,gusu,1,gusu,0.006038997895805944,0.993961002104194,0.993961002104194,0.493961002104194,1.0783886762529082,True,correct
IMG-0427,images/gusu/苏州市公共文化中心（苏州美术馆）__PR0699-双美奏乐-无.jpg,427,3,1,gusu,1,gusu,0.08006326471415486,0.9199367352858451,0.9199367352858451,0.4199367352858451,0.5739427997543509,True,correct
IMG-0428,images/gusu/苏州市公共文化中心（苏州美术馆）__PR0700-童子戏水-无.jpg,428,3,1,gusu,1,gusu,0.0256324697586809,0.9743675302413193,0.9743675302413193,0.4743675302413193,0.8228771646514775,True,correct
IMG-0429,images/gusu/苏州市公共文化中心（苏州美术馆）__PR0701-美人观画-无.jpg,429,1,1,gusu,1,gusu,0.009780596506009437,0.9902194034939905,0.9902194034939905,0.4902194034939905,1.0384908126173482,True,correct
IMG-0430,images/gusu/苏州市公共文化中心（苏州美术馆）__PR0867-姑苏版一团和气（桃花坞年画）-无.jpg,430,4,1,gusu,1,gusu,0.009094972128623896,0.990905027871376,0.990905027871376,0.490905027871376,0.9946104188964004,True,correct
IMG-0431,images/gusu/苏州市公共文化中心（苏州美术馆）__PR0869-姑苏版金如意（桃花坞年画）-无.jpg,431,2,1,gusu,1,gusu,0.09689200024874087,0.9031079997512589,0.9031079997512589,0.4031079997512589,0.5152665174099327,True,correct
IMG-0432,images/gusu/苏州市公共文化中心（苏州美术馆）__PR0877-《一团和气图》-无.jpg,432,4,1,gusu,1,gusu,0.062083603015148175,0.9379163969848519,0.9379163969848519,0.43791639698485185,0.5931534135185654,True,correct
IMG-0433,images/gusu/苏州市公共文化中心（苏州美术馆）__PR0878-百子状元图-无.jpg,433,3,1,gusu,1,gusu,0.0031134616724131734,0.996886538327587,0.996886538327587,0.496886538327587,1.2658741721026288,True,correct
IMG-0434,images/gusu/苏州市公共文化中心（苏州美术馆）__PR0896-关帝图-无.jpg,434,5,1,gusu,0,non_gusu,0.941508993074865,0.05849100692513506,0.941508993074865,0.44150899307486496,-0.5059834192489294,False,false_negative_gusu_to_non_gusu
IMG-0435,images/gusu/苏州市公共文化中心（苏州美术馆）__百子图103x58cm.jpg,435,4,1,gusu,1,gusu,0.017071270472222417,0.9829287295277774,0.9829287295277774,0.48292872952777743,0.8650824064048753,True,correct
IMG-0436,images/gusu/辽博__西洋剧场图 辽宁博物馆收藏.jpg,436,5,1,gusu,1,gusu,0.019387578835769914,0.98061242116423,0.98061242116423,0.48061242116423,0.8284574118370631,True,correct
IMG-0437,images/gusu/韩国古版画博物馆藏__1.贵妃醉酒.jpg,437,4,1,gusu,1,gusu,0.19457938436288552,0.8054206156371145,0.8054206156371145,0.30542061563711453,0.3305291935851933,True,correct
IMG-0438,images/gusu/韩国古版画博物馆藏__2.楼闺妇人图.jpg,438,3,1,gusu,1,gusu,0.006307916608969246,0.9936920833910309,0.9936920833910309,0.4936920833910309,1.1184517257932103,True,correct
IMG-0439,images/gusu/韩国古版画博物馆藏__3.寿字图.jpg,439,4,1,gusu,1,gusu,0.14720773764065104,0.8527922623593488,0.8527922623593488,0.3527922623593488,0.39864200763239,True,correct
IMG-0440,images/gusu/韩国古版画博物馆藏__4.关羽图.jpg,440,2,1,gusu,0,non_gusu,0.6790325727775531,0.320967427222447,0.6790325727775531,0.17903257277755302,-0.1458960328459925,False,false_negative_gusu_to_non_gusu
IMG-0441,images/gusu/韩国古版画博物馆藏__5.螳螂三童图.jpg,441,2,1,gusu,1,gusu,0.015332953519285333,0.9846670464807147,0.9846670464807147,0.4846670464807147,0.9438514264958029,True,correct
IMG-0442,images/gusu/韩国古版画博物馆藏__6.母子图.jpg,442,2,1,gusu,1,gusu,0.012053498843427667,0.9879465011565722,0.9879465011565722,0.48794650115657223,0.997999600628412,True,correct
IMG-0443,images/gusu/韩国古版画博物馆藏__7.福字图.jpg,443,4,1,gusu,1,gusu,0.26090681116630804,0.7390931888336918,0.7390931888336918,0.2390931888336918,0.25357111065430166,True,correct
IMG-0444,images/gusu/韩国古版画博物馆藏__8.寿字图.jpg,444,2,1,gusu,1,gusu,0.08625609442087927,0.9137439055791207,0.9137439055791207,0.41374390557912066,0.5436583115680054,True,correct
IMG-0445,images/gusu/韩国古版画博物馆藏__9.银钱大战国.jpg,445,5,1,gusu,1,gusu,0.20110131390994707,0.798898686090053,0.798898686090053,0.298898686090053,0.32526797929933465,True,correct
IMG-0446,images/gusu/私人藏家__237-麟儿图苏州收藏109x59.jpg,446,1,1,gusu,1,gusu,0.1118982497980961,0.888101750201904,0.888101750201904,0.38810175020190396,0.49038547342035,True,correct
IMG-0447,images/gusu/私人藏家__239-麟儿图-b 109x59cm.jpg,447,4,1,gusu,1,gusu,0.0411713793643804,0.9588286206356195,0.9588286206356195,0.45882862063561947,0.6811429757425415,True,correct
IMG-0448,images/gusu/私人藏家__一团和气-私人藏家.jpg,448,3,1,gusu,1,gusu,0.01711884477848109,0.9828811552215188,0.9828811552215188,0.48288115522151875,0.9086346603885309,True,correct
IMG-0449,images/gusu/私人藏家__一团和气2-私人藏家.jpg,449,2,1,gusu,1,gusu,0.3499432839823461,0.6500567160176537,0.6500567160176537,0.1500567160176537,0.15777243285060538,True,correct
IMG-0450,images/gusu/私人藏家__凤子图，四艺美人童子图之画.jpg,450,5,1,gusu,1,gusu,0.006294867734057149,0.9937051322659426,0.9937051322659426,0.4937051322659426,1.053627199826435,True,correct
IMG-0451,images/gusu/私人藏家__和合二仙-私人藏家.jpg,451,1,1,gusu,1,gusu,0.022012330363110167,0.9779876696368899,0.9779876696368899,0.4779876696368899,0.8612257268352711,True,correct
IMG-0452,images/gusu/私人藏家__四妃十六子-私人藏家.jpg,452,3,1,gusu,1,gusu,0.04490303502506037,0.9550969649749399,0.9550969649749399,0.4550969649749399,0.7020762777421838,True,correct
IMG-0453,images/gusu/私人藏家__四艺之棋-私人藏家.jpg,453,1,1,gusu,1,gusu,0.04793145112111983,0.9520685488788801,0.9520685488788801,0.45206854887888015,0.6878525224490987,True,correct
IMG-0454,images/gusu/私人藏家__四艺美人童子之琴、书.jpg,454,2,1,gusu,1,gusu,0.010811532368812304,0.9891884676311876,0.9891884676311876,0.4891884676311876,1.0224109573758575,True,correct
IMG-0455,images/gusu/私人藏家__皇妃与格格-私人藏家.jpg,455,3,1,gusu,0,non_gusu,0.9442224302263567,0.05577756977364329,0.9442224302263567,0.4442224302263567,-0.5301084959004188,False,false_negative_gusu_to_non_gusu
IMG-0456,images/gusu/私人藏家__鳌拜围猎图-私人藏家.jpg,456,4,1,gusu,1,gusu,0.018092588840199486,0.9819074111598005,0.9819074111598005,0.4819074111598005,0.853067989679818,True,correct
IMG-0457,images/gusu/私人藏家__麟儿图-b【带框合成版】.jpg,457,5,1,gusu,1,gusu,0.01012798949543575,0.9898720105045643,0.9898720105045643,0.4898720105045643,0.9587885783284422,True,correct
IMG-0458,images/gusu/私人藏家__麟儿图【带框合成版】.jpg,458,2,1,gusu,1,gusu,0.003133061001707048,0.9968669389982929,0.9968669389982929,0.49686693899829293,1.29896795933586,True,correct
IMG-0459,images/non_gusu/1860英法从圆明园掠走年画__微信图片_20260409092756.jpg,459,4,0,non_gusu,0,non_gusu,0.9656265010315906,0.03437349896840944,0.9656265010315906,0.46562650103159053,-0.6410966949073252,True,correct
IMG-0460,images/non_gusu/1860英法从圆明园掠走年画__微信图片_20260409092807.jpg,460,3,0,non_gusu,0,non_gusu,0.8923146720793182,0.10768532792068156,0.8923146720793182,0.39231467207931847,-0.37263248107209435,True,correct
IMG-0461,images/non_gusu/1860英法从圆明园掠走年画__微信图片_20260409092828.jpg,461,1,0,non_gusu,0,non_gusu,0.9682584815108369,0.03174151848916319,0.9682584815108369,0.4682584815108368,-0.6962336683698794,True,correct
IMG-0462,images/non_gusu/1951年木板年画__微信图片_20260409095947.jpg,462,3,0,non_gusu,0,non_gusu,0.9920169021039469,0.00798309789605296,0.9920169021039469,0.49201690210394705,-0.9370237795310942,True,correct
IMG-0463,images/non_gusu/1951年木板年画__微信图片_20260409095953.jpg,463,3,0,non_gusu,0,non_gusu,0.9677671158006078,0.032232884199392166,0.9677671158006078,0.4677671158006078,-0.6460002203162624,True,correct
IMG-0464,images/non_gusu/1951年木板年画__微信图片_20260409095959.jpg,464,1,0,non_gusu,1,gusu,0.38157161683981367,0.6184283831601861,0.6184283831601861,0.11842838316018611,0.14742627669533265,False,false_positive_non_gusu_to_gusu
IMG-0465,images/non_gusu/1951年木板年画__微信图片_20260409100018.jpg,465,2,0,non_gusu,0,non_gusu,0.6320914741092685,0.3679085258907316,0.6320914741092685,0.13209147410926841,-0.10123237383789352,True,correct
IMG-0466,images/non_gusu/1951年木板年画__微信图片_20260409100023.jpg,466,3,0,non_gusu,0,non_gusu,0.6325098825289044,0.3674901174710955,0.6325098825289044,0.1325098825289045,-0.04742561048200447,True,correct
IMG-0467,images/non_gusu/1951年木板年画__微信图片_20260409100042.jpg,467,2,0,non_gusu,0,non_gusu,0.6085072194575475,0.3914927805424525,0.6085072194575475,0.10850721945754749,-0.0782400987793731,True,correct
IMG-0468,images/non_gusu/1951年木板年画__微信图片_20260409100047.jpg,468,2,0,non_gusu,0,non_gusu,0.8405017303066039,0.15949826969339595,0.8405017303066039,0.340501730306604,-0.3483920305233043,True,correct
IMG-0469,images/non_gusu/1951年木板年画__微信图片_20260409100051.jpg,469,1,0,non_gusu,0,non_gusu,0.9229157112967675,0.07708428870323257,0.9229157112967675,0.4229157112967674,-0.4890966492283054,True,correct
IMG-0470,images/non_gusu/50年代桃花坞__微信图片_20260410093445.jpg,470,3,0,non_gusu,1,gusu,0.3195587599059662,0.6804412400940336,0.6804412400940336,0.18044124009403362,0.22395298815250006,False,false_positive_non_gusu_to_gusu
IMG-0471,images/non_gusu/50年代桃花坞__微信图片_20260410093506.jpg,471,3,0,non_gusu,0,non_gusu,0.9860640763613837,0.013935923638616302,0.9860640763613837,0.4860640763613837,-0.8210961344716962,True,correct
IMG-0472,images/non_gusu/50年代桃花坞__微信图片_20260410093513.jpg,472,2,0,non_gusu,0,non_gusu,0.9746374688298006,0.025362531170199324,0.9746374688298006,0.4746374688298007,-0.7942492881193219,True,correct
IMG-0473,images/non_gusu/50年代桃花坞__微信图片_20260410093519.jpg,473,4,0,non_gusu,0,non_gusu,0.9982133795780019,0.001786620421998007,0.9982133795780019,0.498213379578002,-1.2426217895314082,True,correct
IMG-0474,images/non_gusu/50年代桃花坞__微信图片_20260410093525.jpg,474,3,0,non_gusu,0,non_gusu,0.9412405115315493,0.058759488468450666,0.9412405115315493,0.4412405115315493,-0.5189757265492058,True,correct
IMG-0475,images/non_gusu/50年代桃花坞__微信图片_20260410093530.jpg,475,4,0,non_gusu,0,non_gusu,0.9998071227154769,0.0001928772845230069,0.9998071227154769,0.499807122715477,-1.6946155576315047,True,correct
IMG-0476,images/non_gusu/50年代桃花坞__微信图片_20260410093537.jpg,476,4,0,non_gusu,0,non_gusu,0.8867732160599927,0.11322678394000728,0.8867732160599927,0.3867732160599927,-0.37576566036187753,True,correct
IMG-0477,images/non_gusu/50年代桃花坞__微信图片_20260410093543.jpg,477,3,0,non_gusu,0,non_gusu,0.7882019846356841,0.21179801536431597,0.7882019846356841,0.288201984635684,-0.20625979407754744,True,correct
IMG-0478,images/non_gusu/50年代桃花坞__微信图片_20260410093549.jpg,478,3,0,non_gusu,0,non_gusu,0.9953095591831468,0.004690440816853278,0.9953095591831468,0.49530955918314673,-1.0475955739094769,True,correct
IMG-0479,images/non_gusu/上海胶印民国__微信图片_20260404204909.jpg,479,4,0,non_gusu,0,non_gusu,0.9991821740314877,0.0008178259685124152,0.9991821740314877,0.49918217403148757,-1.401292539210299,True,correct
IMG-0480,images/non_gusu/上海胶印民国__微信图片_20260404204922.jpg,480,2,0,non_gusu,0,non_gusu,0.9983327225982668,0.0016672774017331667,0.9983327225982668,0.49833272259826683,-1.3988991747969126,True,correct
IMG-0481,images/non_gusu/上海胶印民国__微信图片_20260404204931.jpg,481,4,0,non_gusu,0,non_gusu,0.9975659188950186,0.0024340811049816,0.9975659188950186,0.4975659188950184,-1.1798277210791093,True,correct
IMG-0482,images/non_gusu/上海胶印民国__微信图片_20260404204941.jpg,482,1,0,non_gusu,0,non_gusu,0.9954947874699781,0.004505212530021847,0.9954947874699781,0.49549478746997816,-1.1172895812291195,True,correct
IMG-0483,images/non_gusu/上海胶印民国__微信图片_20260404204955.jpg,483,1,0,non_gusu,0,non_gusu,0.9981124000921491,0.001887599907850841,0.9981124000921491,0.49811240009214913,-1.3044732301752404,True,correct
IMG-0484,images/non_gusu/上海胶印民国__微信图片_20260404205007.jpg,484,1,0,non_gusu,0,non_gusu,0.9983847095240495,0.0016152904759505692,0.9983847095240495,0.49838470952404945,-1.33799286845752,True,correct
IMG-0485,images/non_gusu/上海胶印民国__微信图片_20260404205016.jpg,485,2,0,non_gusu,0,non_gusu,0.9707718431215036,0.02922815687849635,0.9707718431215036,0.47077184312150366,-0.7625570054247943,True,correct
IMG-0486,images/non_gusu/上海胶印民国__微信图片_20260404205026.jpg,486,4,0,non_gusu,0,non_gusu,0.9750507562478702,0.024949243752129723,0.9750507562478702,0.4750507562478703,-0.706683668754901,True,correct
IMG-0487,images/non_gusu/上海胶印民国__微信图片_20260404205041.jpg,487,1,0,non_gusu,0,non_gusu,0.9470591842832222,0.052940815716777945,0.9470591842832222,0.44705918428322206,-0.584449446968186,True,correct
IMG-0488,images/non_gusu/上海胶印民国__微信图片_20260404214529.jpg,488,1,0,non_gusu,0,non_gusu,0.9524554710730213,0.047544528926978864,0.9524554710730213,0.45245547107302114,-0.6080930982715063,True,correct
IMG-0489,images/non_gusu/上海胶印民国__微信图片_20260404214543.jpg,489,2,0,non_gusu,0,non_gusu,0.9533287334946396,0.046671266505360465,0.9533287334946396,0.45332873349463954,-0.6573942658779766,True,correct
IMG-0490,images/non_gusu/上海胶印民国__微信图片_20260404214555.jpg,490,2,0,non_gusu,0,non_gusu,0.9058966767445636,0.09410332325543641,0.9058966767445636,0.4058966767445636,-0.48208885639905935,True,correct
IMG-0491,images/non_gusu/上海胶印民国__微信图片_20260404214603.jpg,491,5,0,non_gusu,0,non_gusu,0.9990330855107085,0.0009669144892914674,0.9990330855107085,0.4990330855107085,-1.320482279873847,True,correct
IMG-0492,images/non_gusu/上海胶印民国__微信图片_20260404214613.jpg,492,5,0,non_gusu,0,non_gusu,0.9612426392018101,0.03875736079818989,0.9612426392018101,0.46124263920181013,-0.5890588776733274,True,correct
IMG-0493,images/non_gusu/上海胶印民国__微信图片_20260404214625.jpg,493,4,0,non_gusu,0,non_gusu,0.9507909485735127,0.0492090514264872,0.9507909485735127,0.4507909485735128,-0.567118796678268,True,correct
IMG-0494,images/non_gusu/上海胶印民国__微信图片_20260404214636.jpg,494,3,0,non_gusu,0,non_gusu,0.7224251189156182,0.27757488108438166,0.7224251189156182,0.22242511891561834,-0.13193631028094752,True,correct
IMG-0495,images/non_gusu/上海胶印民国__微信图片_20260404214646.jpg,495,1,0,non_gusu,0,non_gusu,0.9912083620872875,0.008791637912712612,0.9912083620872875,0.4912083620872874,-0.9733871383874525,True,correct
IMG-0496,images/non_gusu/上海胶印民国__微信图片_20260404214653.jpg,496,3,0,non_gusu,0,non_gusu,0.6882212440691358,0.3117787559308643,0.6882212440691358,0.1882212440691357,-0.09770368161593626,True,correct
IMG-0497,images/non_gusu/上海胶印民国__微信图片_20260409122252.jpg,497,3,0,non_gusu,0,non_gusu,0.877812411922905,0.12218758807709493,0.877812411922905,0.37781241192290504,-0.3429675552419159,True,correct
IMG-0498,images/non_gusu/北京__微信图片_20260404213923.jpg,498,5,0,non_gusu,0,non_gusu,0.9712247774726136,0.028775222527386464,0.9712247774726136,0.47122477747261354,-0.6485694983539703,True,correct
IMG-0499,images/non_gusu/北京__微信图片_20260404213938.jpg,499,5,0,non_gusu,0,non_gusu,0.9941935632260113,0.005806436773988832,0.9941935632260113,0.49419356322601116,-0.965886012386044,True,correct
IMG-0500,images/non_gusu/北京__微信图片_20260409122552.jpg,500,2,0,non_gusu,0,non_gusu,0.9874228741800687,0.01257712581993133,0.9874228741800687,0.4874228741800687,-0.9503818323014339,True,correct
IMG-0501,images/non_gusu/北京__微信图片_20260409122601.jpg,501,5,0,non_gusu,0,non_gusu,0.9955058933959566,0.004494106604043357,0.9955058933959566,0.49550589339595663,-1.0165734936494033,True,correct
IMG-0502,images/non_gusu/北京__微信图片_20260409122608.jpg,502,1,0,non_gusu,0,non_gusu,0.9951355450048833,0.004864454995116644,0.9951355450048833,0.4951355450048834,-1.1007797329993498,True,correct
IMG-0503,images/non_gusu/北京__微信图片_20260409122614.jpg,503,2,0,non_gusu,0,non_gusu,0.9997721431190287,0.00022785688097118437,0.9997721431190287,0.4997721431190288,-1.8404936113745394,True,correct
IMG-0504,images/non_gusu/北京__微信图片_20260409122619.jpg,504,5,0,non_gusu,0,non_gusu,0.9974405827101565,0.002559417289843636,0.9974405827101565,0.49744058271015634,-1.1279411778747255,True,correct
IMG-0505,images/non_gusu/天主教__微信图片_20260409101644.jpg,505,5,0,non_gusu,0,non_gusu,0.9003981172412667,0.0996018827587335,0.9003981172412667,0.4003981172412665,-0.3830002081452076,True,correct
IMG-0506,images/non_gusu/小教厂清末__微信图片_20260404204242.jpg,506,4,0,non_gusu,0,non_gusu,0.8138485640996654,0.1861514359003345,0.8138485640996654,0.3138485640996655,-0.25739217304332707,True,correct
IMG-0507,images/non_gusu/小教厂清末__微信图片_20260404204255.jpg,507,1,0,non_gusu,0,non_gusu,0.9687315614857344,0.0312684385142655,0.9687315614857344,0.46873156148573447,-0.6994938032360597,True,correct
IMG-0508,images/non_gusu/小教厂清末__微信图片_20260404204305.jpg,508,1,0,non_gusu,0,non_gusu,0.9945544452561101,0.0054455547438899046,0.9945544452561101,0.4945544452561101,-1.076494721037414,True,correct
IMG-0509,images/non_gusu/小教厂清末__微信图片_20260404204316.jpg,509,5,0,non_gusu,1,gusu,0.3445782356926964,0.6554217643073037,0.6554217643073037,0.1554217643073037,0.17964170859497403,False,false_positive_non_gusu_to_gusu
IMG-0510,images/non_gusu/小教厂清末__微信图片_20260404204338.jpg,510,3,0,non_gusu,1,gusu,0.4731504563405527,0.5268495436594474,0.5268495436594474,0.02684954365944736,0.08920698619349457,False,false_positive_non_gusu_to_gusu
IMG-0511,images/non_gusu/小教厂清末__微信图片_20260404204351.jpg,511,4,0,non_gusu,0,non_gusu,0.9893902167297798,0.010609783270220182,0.9893902167297798,0.48939021672977984,-0.8807930422584322,True,correct
IMG-0512,images/non_gusu/小教厂清末__微信图片_20260404204402.jpg,512,3,0,non_gusu,0,non_gusu,0.9984048458632513,0.0015951541367487192,0.9984048458632513,0.4984048458632513,-1.2717827072585177,True,correct
IMG-0513,images/non_gusu/小教厂清末__微信图片_20260404204412.jpg,513,5,0,non_gusu,0,non_gusu,0.9975265762594027,0.00247342374059734,0.9975265762594027,0.49752657625940266,-1.1347013971542304,True,correct
IMG-0514,images/non_gusu/小教厂清末__微信图片_20260404204421.jpg,514,4,0,non_gusu,0,non_gusu,0.9817360002935167,0.018263999706483243,0.9817360002935167,0.48173600029351676,-0.7702918576545287,True,correct
IMG-0515,images/non_gusu/小教厂清末__微信图片_20260409093552.jpg,515,3,0,non_gusu,0,non_gusu,0.9951047549121296,0.00489524508787044,0.9951047549121296,0.4951047549121296,-1.038710945222312,True,correct
IMG-0516,images/non_gusu/小教厂清末__微信图片_20260409093605.jpg,516,4,0,non_gusu,0,non_gusu,0.9733478697363879,0.026652130263612177,0.9733478697363879,0.4733478697363878,-0.6931944791066745,True,correct
IMG-0517,images/non_gusu/小教厂清末__微信图片_20260409093613.jpg,517,2,0,non_gusu,0,non_gusu,0.9385998350563769,0.06140016494362319,0.9385998350563769,0.4385998350563768,-0.594994033642211,True,correct
IMG-0518,images/non_gusu/小教厂清末__微信图片_20260409093621.jpg,518,2,0,non_gusu,0,non_gusu,0.9987238538524392,0.0012761461475607695,0.9987238538524392,0.4987238538524392,-1.4582193653046351,True,correct
IMG-0519,images/non_gusu/小教厂清末__微信图片_20260409093625.jpg,519,2,0,non_gusu,0,non_gusu,0.99560653029685,0.004393469703150091,0.99560653029685,0.4956065302968499,-1.1838957973473423,True,correct
IMG-0520,images/non_gusu/小教厂清末__微信图片_20260409093633.jpg,520,4,0,non_gusu,0,non_gusu,0.9989698233004647,0.0010301766995352353,0.9989698233004647,0.49896982330046474,-1.3544213149175244,True,correct
IMG-0521,images/non_gusu/小教厂清末__微信图片_20260409093646.jpg,521,1,0,non_gusu,0,non_gusu,0.9989097917704092,0.001090208229590702,0.9989097917704092,0.4989097917704093,-1.422580056507472,True,correct
IMG-0522,images/non_gusu/小教厂清末__微信图片_20260409093654.jpg,522,4,0,non_gusu,0,non_gusu,0.9987301893549771,0.0012698106450229304,0.9987301893549771,0.4987301893549771,-1.3119557917796336,True,correct
IMG-0523,images/non_gusu/小教厂清末__微信图片_20260409093701.jpg,523,4,0,non_gusu,0,non_gusu,0.9820445718476586,0.01795542815234144,0.9820445718476586,0.4820445718476586,-0.773762427084897,True,correct
IMG-0524,images/non_gusu/小教厂清末__微信图片_20260409101708.jpg,524,5,0,non_gusu,0,non_gusu,0.9968936738477712,0.003106326152228955,0.9968936738477712,0.49689367384777106,-1.0896335345318262,True,correct
IMG-0525,images/non_gusu/小教厂清末__微信图片_20260409121522.jpg,525,1,0,non_gusu,0,non_gusu,0.9984191677527608,0.0015808322472391939,0.9984191677527608,0.4984191677527608,-1.3426323577524746,True,correct
IMG-0526,images/non_gusu/小教厂清末__微信图片_20260409121532.jpg,526,4,0,non_gusu,0,non_gusu,0.9994065192579998,0.0005934807420002779,0.9994065192579998,0.4994065192579997,-1.4663991822818252,True,correct
IMG-0527,images/non_gusu/小教厂清末__微信图片_20260409121546.jpg,527,4,0,non_gusu,0,non_gusu,0.9871311448430998,0.012868855156900184,0.9871311448430998,0.48713114484309983,-0.8415460259902969,True,correct
IMG-0528,images/non_gusu/小教厂清末__微信图片_20260409121555.jpg,528,3,0,non_gusu,0,non_gusu,0.9993974495729935,0.0006025504270065174,0.9993974495729935,0.4993974495729935,-1.4741285029845415,True,correct
IMG-0529,images/non_gusu/小教厂清末__微信图片_20260409121602.jpg,529,2,0,non_gusu,0,non_gusu,0.7188911107442415,0.28110888925575855,0.7188911107442415,0.21889111074424145,-0.18797294923378044,True,correct
IMG-0530,images/non_gusu/小教厂清末__微信图片_20260409125053.jpg,530,3,0,non_gusu,0,non_gusu,0.9802963227489544,0.019703677251045573,0.9802963227489544,0.48029632274895445,-0.7489222145101867,True,correct
IMG-0531,images/non_gusu/小教厂清末__微信图片_20260409125109.jpg,531,5,0,non_gusu,0,non_gusu,0.9985631344966045,0.0014368655033956427,0.9985631344966045,0.49856313449660433,-1.2421339564797806,True,correct
IMG-0532,images/non_gusu/小教厂清末__微信图片_20260409125116.jpg,532,4,0,non_gusu,0,non_gusu,0.9418648412079837,0.05813515879201632,0.9418648412079837,0.4418648412079837,-0.5324217481349154,True,correct
IMG-0533,images/non_gusu/小教厂清末__微信图片_20260409125124.jpg,533,1,0,non_gusu,0,non_gusu,0.9943704612137821,0.005629538786217755,0.9943704612137821,0.49437046121378225,-1.0693435638370201,True,correct
IMG-0534,images/non_gusu/小教厂清末__微信图片_20260409125134.jpg,534,4,0,non_gusu,0,non_gusu,0.9925480307881774,0.007451969211822675,0.9925480307881774,0.4925480307881773,-0.9525858473788638,True,correct
IMG-0535,images/non_gusu/小教厂清末__微信图片_20260409125141.jpg,535,2,0,non_gusu,0,non_gusu,0.9969444597193985,0.00305554028060146,0.9969444597193985,0.49694445971939855,-1.2644851635648013,True,correct
IMG-0536,images/non_gusu/小教厂清末__微信图片_20260409125150.jpg,536,2,0,non_gusu,0,non_gusu,0.9872966787578591,0.012703321242140757,0.9872966787578591,0.48729667875785926,-0.9481632437925369,True,correct
IMG-0537,images/non_gusu/小教厂清末__微信图片_20260409125158.jpg,537,4,0,non_gusu,0,non_gusu,0.9912806609422121,0.008719339057787929,0.9912806609422121,0.49128066094221207,-0.9206737892099597,True,correct
IMG-0538,images/non_gusu/小教厂清末__微信图片_20260409125205.jpg,538,5,0,non_gusu,0,non_gusu,0.9843694809120265,0.015630519087973496,0.9843694809120265,0.48436948091202653,-0.7698198901676634,True,correct
IMG-0539,images/non_gusu/插图__微信图片_20260409100438.jpg,539,5,0,non_gusu,0,non_gusu,0.9993642609440078,0.0006357390559922972,0.9993642609440078,0.4993642609440077,-1.4034212888904332,True,correct
IMG-0540,images/non_gusu/插图__微信图片_20260409100449.jpg,540,2,0,non_gusu,0,non_gusu,0.9956852481439599,0.004314751856040258,0.9956852481439599,0.49568524814395976,-1.1879080123376318,True,correct
IMG-0541,images/non_gusu/插图__微信图片_20260409100454.jpg,541,3,0,non_gusu,0,non_gusu,0.9962133422153453,0.003786657784654695,0.9962133422153453,0.4962133422153453,-1.0920900836980136,True,correct
IMG-0542,images/non_gusu/插图__微信图片_20260409100501.jpg,542,4,0,non_gusu,0,non_gusu,0.9997420118478341,0.0002579881521660671,0.9997420118478341,0.49974201184783396,-1.635557052418819,True,correct
IMG-0543,images/non_gusu/插图__微信图片_20260409100506.jpg,543,5,0,non_gusu,0,non_gusu,0.980247066619523,0.019752933380476977,0.980247066619523,0.48024706661952304,-0.7233846513835793,True,correct
IMG-0544,images/non_gusu/插图__微信图片_20260409100511.jpg,544,2,0,non_gusu,0,non_gusu,0.9981671488779015,0.0018328511220986345,0.9981671488779015,0.49816714887790137,-1.3778908053317642,True,correct
IMG-0545,images/non_gusu/插图__微信图片_20260409100516.jpg,545,5,0,non_gusu,0,non_gusu,0.9943947730886592,0.005605226911340695,0.9943947730886592,0.4943947730886593,-0.9728638793919822,True,correct
IMG-0546,images/non_gusu/插图__微信图片_20260409100522.jpg,546,1,0,non_gusu,0,non_gusu,0.9978127612620588,0.0021872387379412274,0.9978127612620588,0.49781276126205876,-1.2727729585101146,True,correct
IMG-0547,images/non_gusu/插图__微信图片_20260409100528.jpg,547,4,0,non_gusu,0,non_gusu,0.9907830525855787,0.00921694741442121,0.9907830525855787,0.4907830525855788,-0.9093957158501396,True,correct
IMG-0548,images/non_gusu/插图__微信图片_20260409100704.jpg,548,3,0,non_gusu,0,non_gusu,0.9774581327445558,0.022541867255444083,0.9774581327445558,0.4774581327445559,-0.7208363120037523,True,correct
IMG-0549,images/non_gusu/插图__微信图片_20260409100712.jpg,549,2,0,non_gusu,0,non_gusu,0.984390522997605,0.01560947700239494,0.984390522997605,0.48439052299760504,-0.9023653608433255,True,correct
IMG-0550,images/non_gusu/插图__微信图片_20260409100725.jpg,550,5,0,non_gusu,0,non_gusu,0.9891466536722311,0.01085334632776889,0.9891466536722311,0.4891466536722311,-0.8420849614449664,True,correct
IMG-0551,images/non_gusu/插图__微信图片_20260409100732.jpg,551,4,0,non_gusu,0,non_gusu,0.9617492412402696,0.038250758759730275,0.9617492412402696,0.4617492412402697,-0.6191365305798782,True,correct
IMG-0552,images/non_gusu/插图__微信图片_20260409100740.jpg,552,3,0,non_gusu,0,non_gusu,0.9985762070256321,0.0014237929743679278,0.9985762070256321,0.49857620702563205,-1.2954034180350713,True,correct
IMG-0553,images/non_gusu/插图__微信图片_20260409100749.jpg,553,4,0,non_gusu,0,non_gusu,0.9977822349003438,0.0022177650996562204,0.9977822349003438,0.4977822349003438,-1.198726289030942,True,correct
IMG-0554,images/non_gusu/插图__微信图片_20260409100801.jpg,554,3,0,non_gusu,0,non_gusu,0.993364676569906,0.006635323430093934,0.993364676569906,0.49336467656990607,-0.9754773785131255,True,correct
IMG-0555,images/non_gusu/插图__微信图片_20260409100809.jpg,555,5,0,non_gusu,0,non_gusu,0.9989848072904498,0.0010151927095501795,0.9989848072904498,0.4989848072904498,-1.310845035997034,True,correct
IMG-0556,images/non_gusu/插图__微信图片_20260409100817.jpg,556,1,0,non_gusu,0,non_gusu,0.9978131643147267,0.002186835685273257,0.9978131643147267,0.4978131643147267,-1.2728126108730478,True,correct
IMG-0557,images/non_gusu/插图__微信图片_20260409102731.jpg,557,3,0,non_gusu,0,non_gusu,0.9963994922414184,0.0036005077585815424,0.9963994922414184,0.49639949224141844,-1.1025684821290163,True,correct
IMG-0558,images/non_gusu/插图__微信图片_20260409102740.jpg,558,4,0,non_gusu,0,non_gusu,0.9611092228467705,0.03889077715322949,0.9611092228467705,0.46110922284677053,-0.6157220340282447,True,correct
IMG-0559,images/non_gusu/插图__微信图片_20260409102748.jpg,559,4,0,non_gusu,0,non_gusu,0.9785932508487958,0.021406749151204132,0.9785932508487958,0.4785932508487959,-0.7379336991733887,True,correct
IMG-0560,images/non_gusu/插图__微信图片_20260409102758.jpg,560,4,0,non_gusu,0,non_gusu,0.9259329164645619,0.07406708353543813,0.9259329164645619,0.4259329164645619,-0.47071762609369394,True,correct
IMG-0561,images/non_gusu/插图__微信图片_20260409102806.jpg,561,5,0,non_gusu,0,non_gusu,0.999363341045622,0.000636658954378101,0.999363341045622,0.4993633410456219,-1.4031352946514997,True,correct
IMG-0562,images/non_gusu/插图__微信图片_20260409102816.jpg,562,1,0,non_gusu,0,non_gusu,0.9641744106279371,0.03582558937206296,0.9641744106279371,0.464174410627937,-0.6699221320145821,True,correct
IMG-0563,images/non_gusu/插图__微信图片_20260409102826.jpg,563,3,0,non_gusu,0,non_gusu,0.9963641577188813,0.00363584228111862,0.9963641577188813,0.49636415771888137,-1.1005384708080466,True,correct
IMG-0564,images/non_gusu/插图__微信图片_20260409102838.jpg,564,2,0,non_gusu,0,non_gusu,0.9843209317645012,0.015679068235498812,0.9843209317645012,0.4843209317645012,-0.9013760568599114,True,correct
IMG-0565,images/non_gusu/插图__微信图片_20260409102846.jpg,565,2,0,non_gusu,0,non_gusu,0.978608442127397,0.021391557872602992,0.978608442127397,0.478608442127397,-0.8322225710791169,True,correct
IMG-0566,images/non_gusu/插图__微信图片_20260409114645.jpg,566,3,0,non_gusu,1,gusu,0.05393913121124878,0.9460608687887511,0.9460608687887511,0.44606086878875106,0.6619405149323581,False,false_positive_non_gusu_to_gusu
IMG-0567,images/non_gusu/插图__微信图片_20260409114657.jpg,567,2,0,non_gusu,0,non_gusu,0.9754161272182069,0.02458387278179307,0.9754161272182069,0.4754161272182069,-0.8012081419230246,True,correct
IMG-0568,images/non_gusu/插图__微信图片_20260409114705.jpg,568,2,0,non_gusu,0,non_gusu,0.8777702058927618,0.12222979410723826,0.8777702058927618,0.3777702058927617,-0.4170672476826702,True,correct
IMG-0569,images/non_gusu/插图__微信图片_20260409114715.jpg,569,3,0,non_gusu,1,gusu,0.35925614809730233,0.6407438519026976,0.6407438519026976,0.14074385190269756,0.1842587549678372,False,false_positive_non_gusu_to_gusu
IMG-0570,images/non_gusu/插图__微信图片_20260409114722.jpg,570,4,0,non_gusu,1,gusu,0.20788448381544786,0.7921155161845521,0.7921155161845521,0.2921155161845521,0.3137375057605041,False,false_positive_non_gusu_to_gusu
IMG-0571,images/non_gusu/插图__微信图片_20260409114729.jpg,571,2,0,non_gusu,0,non_gusu,0.9886704168739062,0.011329583126093817,0.9886704168739062,0.48867041687390617,-0.9735918129879495,True,correct
IMG-0572,images/non_gusu/插图__微信图片_20260409114800.jpg,572,5,0,non_gusu,0,non_gusu,0.99846467078018,0.001535329219820051,0.99846467078018,0.49846467078018,-1.2290238554554098,True,correct
IMG-0573,images/non_gusu/插图__微信图片_20260409114810.jpg,573,2,0,non_gusu,0,non_gusu,0.9807230157974847,0.019276984202515328,0.9807230157974847,0.48072301579748467,-0.8554066260989122,True,correct
IMG-0574,images/non_gusu/插图__微信图片_20260409114817.jpg,574,4,0,non_gusu,0,non_gusu,0.9861287457435556,0.013871254256444417,0.9861287457435556,0.4861287457435556,-0.8262895543588751,True,correct
IMG-0575,images/non_gusu/插图__微信图片_20260409130321.jpg,575,1,0,non_gusu,0,non_gusu,0.8663539940025863,0.13364600599741386,0.8663539940025863,0.36635399400258617,-0.3570935583297724,True,correct
IMG-0576,images/non_gusu/插图__微信图片_20260409130330.jpg,576,4,0,non_gusu,0,non_gusu,0.9818698058085538,0.018130194191446205,0.9818698058085538,0.4818698058085538,-0.7717895841387008,True,correct
IMG-0577,images/non_gusu/插图__微信图片_20260409130334.jpg,577,3,0,non_gusu,0,non_gusu,0.9510180638287601,0.04898193617123984,0.9510180638287601,0.45101806382876014,-0.5577594149955434,True,correct
IMG-0578,images/non_gusu/插图__微信图片_20260409130340.jpg,578,2,0,non_gusu,0,non_gusu,0.791333404710931,0.2086665952890689,0.791333404710931,0.2913334047109311,-0.27539689072545287,True,correct
IMG-0579,images/non_gusu/插图__微信图片_20260409130344.jpg,579,2,0,non_gusu,0,non_gusu,0.6037241657177511,0.39627583428224894,0.6037241657177511,0.10372416571775106,-0.07368088096371536,True,correct
IMG-0580,images/non_gusu/插图__微信图片_20260409130349.jpg,580,2,0,non_gusu,0,non_gusu,0.5974180600977224,0.4025819399022777,0.5974180600977224,0.0974180600977223,-0.06771706120969628,True,correct
IMG-0581,images/non_gusu/插图__微信图片_20260409130353.jpg,581,5,0,non_gusu,0,non_gusu,0.9925245444012191,0.007475455598780875,0.9925245444012191,0.4925245444012191,-0.9158908396958376,True,correct
IMG-0582,images/non_gusu/插图__微信图片_20260409130401.jpg,582,1,0,non_gusu,0,non_gusu,0.9382328064543872,0.06176719354561283,0.9382328064543872,0.43823280645438717,-0.5402997195777529,True,correct
IMG-0583,images/non_gusu/插图__微信图片_20260409130408.jpg,583,1,0,non_gusu,0,non_gusu,0.989529223947299,0.0104707760527009,0.989529223947299,0.4895292239472991,-0.9357478064875914,True,correct
IMG-0584,images/non_gusu/插图__微信图片_20260410094029.jpg,584,2,0,non_gusu,0,non_gusu,0.9978773056706542,0.002122694329345802,0.9978773056706542,0.4978773056706542,-1.345314626581246,True,correct
IMG-0585,images/non_gusu/插图__微信图片_20260410094038.jpg,585,3,0,non_gusu,0,non_gusu,0.9990806806429657,0.000919319357034434,0.9990806806429657,0.49908068064296557,-1.3863234517869487,True,correct
IMG-0586,images/non_gusu/插图__微信图片_20260410094045.jpg,586,5,0,non_gusu,0,non_gusu,0.9998711178651862,0.0001288821348137078,0.9998711178651862,0.4998711178651863,-1.7190758237719574,True,correct
IMG-0587,images/non_gusu/插图__微信图片_20260410094052.jpg,587,1,0,non_gusu,0,non_gusu,0.974706095084223,0.025293904915776884,0.974706095084223,0.4747060950842231,-0.7454509864481819,True,correct
IMG-0588,images/non_gusu/插图__微信图片_20260410094102.jpg,588,3,0,non_gusu,0,non_gusu,0.959974471033143,0.040025528966856905,0.959974471033143,0.4599744710331431,-0.6004665230749452,True,correct
IMG-0589,images/non_gusu/插图__微信图片_20260410094107.jpg,589,3,0,non_gusu,0,non_gusu,0.9791046003559065,0.020895399644093565,0.9791046003559065,0.4791046003559064,-0.7366697270096663,True,correct
IMG-0590,images/non_gusu/插图__微信图片_20260410094115.jpg,590,2,0,non_gusu,0,non_gusu,0.9989450951473741,0.0010549048526259609,0.9989450951473741,0.49894509514737406,-1.5004645184269314,True,correct
IMG-0591,images/non_gusu/插图__微信图片_20260410094119.jpg,591,4,0,non_gusu,0,non_gusu,0.9994741493140342,0.0005258506859658419,0.9994741493140342,0.49947414931403417,-1.4909655350102426,True,correct
IMG-0592,images/non_gusu/插图__微信图片_20260410094239.jpg,592,4,0,non_gusu,0,non_gusu,0.8536993560402644,0.14630064395973585,0.8536993560402644,0.35369935604026415,-0.31601256499988084,True,correct
IMG-0593,images/non_gusu/插图__微信图片_20260410094252.jpg,593,3,0,non_gusu,0,non_gusu,0.5870568739440399,0.4129431260559601,0.5870568739440399,0.08705687394403988,-0.0065621890608821565,True,correct
IMG-0594,images/non_gusu/插图__微信图片_20260410094303.jpg,594,5,0,non_gusu,0,non_gusu,0.9953863315390172,0.0046136684609826666,0.9953863315390172,0.49538633153901734,-1.0113791267500882,True,correct
IMG-0595,images/non_gusu/插图__微信图片_20260410094317.jpg,595,1,0,non_gusu,0,non_gusu,0.5871439007526522,0.41285609924734795,0.5871439007526522,0.08714390075265205,-0.031046034033016617,True,correct
IMG-0596,images/non_gusu/插图__微信图片_20260410094327.jpg,596,2,0,non_gusu,0,non_gusu,0.9018003749273141,0.09819962507268593,0.9018003749273141,0.4018003749273141,-0.47162923383499883,True,correct
IMG-0597,images/non_gusu/插图__微信图片_20260410094335.jpg,597,2,0,non_gusu,0,non_gusu,0.873509246330992,0.1264907536690079,0.873509246330992,0.37350924633099214,-0.4083845662177534,True,correct
IMG-0598,images/non_gusu/插图__微信图片_20260410094343.jpg,598,5,0,non_gusu,1,gusu,0.1628508497546244,0.8371491502453755,0.8371491502453755,0.3371491502453755,0.3761550502892404,False,false_positive_non_gusu_to_gusu
IMG-0599,images/non_gusu/插图__微信图片_20260410094352.jpg,599,4,0,non_gusu,0,non_gusu,0.847350802296845,0.15264919770315497,0.847350802296845,0.347350802296845,-0.305871725299383,True,correct
IMG-0600,images/non_gusu/插图__微信图片_20260410094400.jpg,600,1,0,non_gusu,0,non_gusu,0.8870394400611986,0.1129605599388016,0.8870394400611986,0.3870394400611984,-0.3983489584829676,True,correct
IMG-0601,images/non_gusu/新年画__微信图片_20260409122807.jpg,601,2,0,non_gusu,1,gusu,0.3291744149102559,0.6708255850897441,0.6708255850897441,0.1708255850897441,0.17832577165257585,False,false_positive_non_gusu_to_gusu
IMG-0602,images/non_gusu/新年画__微信图片_20260409122817.jpg,602,3,0,non_gusu,0,non_gusu,0.5855907029729415,0.4144092970270585,0.5855907029729415,0.08559070297294152,-0.0052867297156921345,True,correct
IMG-0603,images/non_gusu/新年画__微信图片_20260409122823.jpg,603,1,0,non_gusu,0,non_gusu,0.996832647066819,0.003167352933181005,0.996832647066819,0.496832647066819,-1.1931064491670205,True,correct
IMG-0604,images/non_gusu/暹罗__微信图片_20260404210245.jpg,604,1,0,non_gusu,0,non_gusu,0.9776894775322504,0.022310522467749536,0.9776894775322504,0.47768947753225044,-0.7725960345131897,True,correct
IMG-0605,images/non_gusu/杨柳青清末__微信图片_20260404210100.jpg,605,2,0,non_gusu,0,non_gusu,0.9982727388636843,0.0017272611363157297,0.9982727388636843,0.4982727388636843,-1.3910566146420336,True,correct
IMG-0606,images/non_gusu/杨柳青清末__微信图片_20260404210125.jpg,606,5,0,non_gusu,0,non_gusu,0.9829621100126359,0.01703788998736418,0.9829621100126359,0.48296211001263584,-0.7527241142422219,True,correct
IMG-0607,images/non_gusu/杨柳青清末__微信图片_20260404210142.jpg,607,1,0,non_gusu,0,non_gusu,0.9880911900352028,0.011908809964797231,0.9880911900352028,0.4880911900352028,-0.90802655548044,True,correct
IMG-0608,images/non_gusu/杨柳青清末__微信图片_20260404211114.jpg,608,3,0,non_gusu,0,non_gusu,0.9992121615478291,0.0007878384521708908,0.9992121615478291,0.4992121615478291,-1.4184018177738384,True,correct
IMG-0609,images/non_gusu/杨柳青清末__微信图片_20260404211137.jpg,609,2,0,non_gusu,1,gusu,0.18184548400008899,0.818154515999911,0.818154515999911,0.31815451599991096,0.3539600972766956,False,false_positive_non_gusu_to_gusu
IMG-0610,images/non_gusu/杨柳青清末__微信图片_20260404211146.jpg,610,1,0,non_gusu,0,non_gusu,0.9971858718606668,0.0028141281393332506,0.9971858718606668,0.49718587186066676,-1.218548919856073,True,correct
IMG-0611,images/non_gusu/杨柳青清末__微信图片_20260404211157.jpg,611,3,0,non_gusu,0,non_gusu,0.9103909203260594,0.08960907967394062,0.9103909203260594,0.4103909203260594,-0.41499263472125036,True,correct
IMG-0612,images/non_gusu/杨柳青清末__微信图片_20260404211209.jpg,612,3,0,non_gusu,0,non_gusu,0.9918533620409585,0.00814663795904139,0.9918533620409585,0.4918533620409586,-0.9328063657078086,True,correct
IMG-0613,images/non_gusu/杨柳青清末__微信图片_20260404211219.jpg,613,1,0,non_gusu,0,non_gusu,0.9643090066288601,0.035690993371139866,0.9643090066288601,0.46430900662886015,-0.6707413607604238,True,correct
IMG-0614,images/non_gusu/杨柳青清末__微信图片_20260404211231.jpg,614,4,0,non_gusu,0,non_gusu,0.9992749969156448,0.0007250030843551286,0.9992749969156448,0.49927499691564486,-1.4257546326100963,True,correct
IMG-0615,images/non_gusu/杨柳青清末__微信图片_20260404211243.jpg,615,5,0,non_gusu,0,non_gusu,0.9313068056364403,0.06869319436355961,0.9313068056364403,0.4313068056364404,-0.4631616785514216,True,correct
IMG-0616,images/non_gusu/杨柳青清末__微信图片_20260404211253.jpg,616,4,0,non_gusu,0,non_gusu,0.9743203002288506,0.025679699771149384,0.9743203002288506,0.47432030022885063,-0.7007893530765525,True,correct
IMG-0617,images/non_gusu/杨柳青清末__微信图片_20260404211819.jpg,617,5,0,non_gusu,0,non_gusu,0.9889498487369065,0.011050151263093446,0.9889498487369065,0.48894984873690656,-0.8385263880917595,True,correct
IMG-0618,images/non_gusu/杨柳青清末__微信图片_20260404211829.jpg,618,4,0,non_gusu,0,non_gusu,0.9114630953123064,0.08853690468769379,0.9114630953123064,0.4114630953123062,-0.4312859816878071,True,correct
IMG-0619,images/non_gusu/杨柳青清末__微信图片_20260404211841.jpg,619,5,0,non_gusu,0,non_gusu,0.9946453148967581,0.005354685103242029,0.9946453148967581,0.49464531489675795,-0.9819111065224395,True,correct
IMG-0620,images/non_gusu/杨柳青清末__微信图片_20260404211848.jpg,620,1,0,non_gusu,0,non_gusu,0.9819893570603763,0.01801064293962367,0.9819893570603763,0.4819893570603763,-0.8188345103802793,True,correct
IMG-0621,images/non_gusu/杨柳青清末__微信图片_20260404211857.jpg,621,1,0,non_gusu,0,non_gusu,0.9966646880682785,0.003335311931721617,0.9966646880682785,0.4966646880682784,-1.1819884472987003,True,correct
IMG-0622,images/non_gusu/杨柳青清末__微信图片_20260404211905.jpg,622,5,0,non_gusu,0,non_gusu,0.9955887798049647,0.004411220195035219,0.9955887798049647,0.4955887798049648,-1.0202562200163694,True,correct
IMG-0623,images/non_gusu/杨柳青清末__微信图片_20260404212105.jpg,623,2,0,non_gusu,0,non_gusu,0.9807102575477049,0.019289742452295235,0.9807102575477049,0.48071025754770474,-0.8552593107826054,True,correct
IMG-0624,images/non_gusu/杨柳青清末__微信图片_20260404212119.jpg,624,4,0,non_gusu,0,non_gusu,0.6572504539398542,0.34274954606014585,0.6572504539398542,0.15725045393985415,-0.09258007306039054,True,correct
IMG-0625,images/non_gusu/杨柳青清末__微信图片_20260404212127.jpg,625,5,0,non_gusu,0,non_gusu,0.9812549064841248,0.018745093515875184,0.9812549064841248,0.48125490648412483,-0.7337792414664868,True,correct
IMG-0626,images/non_gusu/杨柳青清末__微信图片_20260404212135.jpg,626,2,0,non_gusu,0,non_gusu,0.9894227460618421,0.010577253938157881,0.9894227460618421,0.4894227460618421,-0.9888551539673172,True,correct
IMG-0627,images/non_gusu/杨柳青清末__微信图片_20260404212143.jpg,627,3,0,non_gusu,0,non_gusu,0.9904989769810265,0.00950102301897339,0.9904989769810265,0.4904989769810266,-0.9008176286056727,True,correct
IMG-0628,images/non_gusu/杨柳青清末__微信图片_20260404212152.jpg,628,1,0,non_gusu,0,non_gusu,0.8419053418194223,0.1580946581805778,0.8419053418194223,0.3419053418194222,-0.3147894989465455,True,correct
IMG-0629,images/non_gusu/杨柳青清末__微信图片_20260404212203.jpg,629,1,0,non_gusu,0,non_gusu,0.6439935790697839,0.3560064209302161,0.6439935790697839,0.14399357906978388,-0.0844704727037463,True,correct
IMG-0630,images/non_gusu/杨柳青清末__微信图片_20260404212210.jpg,630,5,0,non_gusu,0,non_gusu,0.9552014686626357,0.04479853133736445,0.9552014686626357,0.45520146866263556,-0.5599610560378989,True,correct
IMG-0631,images/non_gusu/杨柳青清末__微信图片_20260404212217.jpg,631,1,0,non_gusu,1,gusu,0.4584847216828079,0.5415152783171923,0.5415152783171923,0.04151527831719226,0.08083360873453468,False,false_positive_non_gusu_to_gusu
IMG-0632,images/non_gusu/杨柳青清末__微信图片_20260404213044.jpg,632,1,0,non_gusu,1,gusu,0.11970365814002294,0.8802963418599771,0.8802963418599771,0.38029634185997707,0.4740046650206231,False,false_positive_non_gusu_to_gusu
IMG-0633,images/non_gusu/杨柳青清末__微信图片_20260404215645.jpg,633,1,0,non_gusu,1,gusu,0.4067937155729748,0.5932062844270252,0.5932062844270252,0.09320628442702517,0.12562575416345073,False,false_positive_non_gusu_to_gusu
IMG-0634,images/non_gusu/杨柳青清末__微信图片_20260404215659.jpg,634,1,0,non_gusu,1,gusu,0.03903381680182954,0.9609661831981704,0.9609661831981704,0.4609661831981704,0.7340915973348804,False,false_positive_non_gusu_to_gusu
IMG-0635,images/non_gusu/杨柳青清末__微信图片_20260404215707.jpg,635,4,0,non_gusu,0,non_gusu,0.9747352228947779,0.02526477710522223,0.9747352228947779,0.47473522289477776,-0.7041168598928563,True,correct
IMG-0636,images/non_gusu/杨柳青清末__微信图片_20260404220444.jpg,636,5,0,non_gusu,0,non_gusu,0.8530145007445835,0.14698549925541632,0.8530145007445835,0.3530145007445837,-0.2953364058683126,True,correct
IMG-0637,images/non_gusu/杨柳青清末__微信图片_20260404220454.jpg,637,5,0,non_gusu,0,non_gusu,0.9721632633206295,0.027836736679370536,0.9721632633206295,0.47216326332062947,-0.6551763791547844,True,correct
IMG-0638,images/non_gusu/杨柳青清末__微信图片_20260404220505.jpg,638,3,0,non_gusu,0,non_gusu,0.7482531258417027,0.2517468741582974,0.7482531258417027,0.24825312584170262,-0.1595363152761877,True,correct
IMG-0639,images/non_gusu/杨柳青清末__微信图片_20260404220512.jpg,639,5,0,non_gusu,0,non_gusu,0.6181222431292456,0.3818777568707543,0.6181222431292456,0.11812224312924569,-0.043690462547916975,True,correct
IMG-0640,images/non_gusu/杨柳青清末__微信图片_20260404220519.jpg,640,2,0,non_gusu,0,non_gusu,0.9922181505561308,0.00778184944386916,0.9922181505561308,0.49221815055613083,-1.0570079434434372,True,correct
IMG-0641,images/non_gusu/杨柳青清末__微信图片_20260404220527.jpg,641,5,0,non_gusu,0,non_gusu,0.959989291212311,0.04001070878768891,0.959989291212311,0.4599892912123111,-0.5826760353357268,True,correct
IMG-0642,images/non_gusu/杨柳青清末__微信图片_20260404220533.jpg,642,4,0,non_gusu,0,non_gusu,0.982776070082336,0.01722392991766405,0.982776070082336,0.482776070082336,-0.7822325439767105,True,correct
IMG-0643,images/non_gusu/杨柳青清末__微信图片_20260409092938.jpg,643,1,0,non_gusu,0,non_gusu,0.9896852480836457,0.010314751916354321,0.9896852480836457,0.48968524808364566,-0.9389812521119733,True,correct
IMG-0644,images/non_gusu/杨柳青清末__微信图片_20260409092948.jpg,644,1,0,non_gusu,0,non_gusu,0.99944903648021,0.0005509635197899664,0.99944903648021,0.49944903648021005,-1.5694117801983547,True,correct
IMG-0645,images/non_gusu/杨柳青清末__微信图片_20260409092953.jpg,645,5,0,non_gusu,0,non_gusu,0.9995211662706043,0.0004788337293957964,0.9995211662706043,0.4995211662706042,-1.4594825743148474,True,correct
IMG-0646,images/non_gusu/杨柳青清末__微信图片_20260409101519.jpg,646,2,0,non_gusu,0,non_gusu,0.9928062431332808,0.007193756866719205,0.9928062431332808,0.4928062431332808,-1.074452893368748,True,correct
IMG-0647,images/non_gusu/杨柳青清末__微信图片_20260409101531.jpg,647,3,0,non_gusu,1,gusu,0.44912442034755207,0.5508755796524479,0.5508755796524479,0.05087557965244793,0.10926188155777879,False,false_positive_non_gusu_to_gusu
IMG-0648,images/non_gusu/杨柳青清末__微信图片_20260409101541.jpg,648,5,0,non_gusu,0,non_gusu,0.8951714323902608,0.10482856760973908,0.8951714323902608,0.3951714323902609,-0.37173262271464796,True,correct
IMG-0649,images/non_gusu/杨柳青清末__微信图片_20260409101551.jpg,649,1,0,non_gusu,0,non_gusu,0.968374469894906,0.03162553010509396,0.968374469894906,0.46837446989490605,-0.697028538913014,True,correct
IMG-0650,images/non_gusu/杨柳青清末__微信图片_20260409101559.jpg,650,5,0,non_gusu,0,non_gusu,0.9988057275756002,0.0011942724243999227,0.9988057275756002,0.4988057275756001,-1.2787116263248317,True,correct
IMG-0651,images/non_gusu/杨柳青清末__微信图片_20260409101607.jpg,651,5,0,non_gusu,0,non_gusu,0.7879469593992072,0.21205304060079275,0.7879469593992072,0.2879469593992072,-0.20715099985549673,True,correct
IMG-0652,images/non_gusu/杨柳青清末__微信图片_20260409101936.jpg,652,1,0,non_gusu,1,gusu,0.04233903659434466,0.9576609634056553,0.9576609634056553,0.4576609634056553,0.7158405247141084,False,false_positive_non_gusu_to_gusu
IMG-0653,images/non_gusu/杨柳青清末__微信图片_20260409101951.jpg,653,4,0,non_gusu,0,non_gusu,0.8707216624183907,0.12927833758160914,0.8707216624183907,0.3707216624183909,-0.34513758371709513,True,correct
IMG-0654,images/non_gusu/杨柳青清末__微信图片_20260409101958.jpg,654,2,0,non_gusu,0,non_gusu,0.5967978303442788,0.40320216965572137,0.5967978303442788,0.09679783034427863,-0.06713326137508963,True,correct
IMG-0655,images/non_gusu/杨柳青清末__微信图片_20260409102005.jpg,655,2,0,non_gusu,0,non_gusu,0.874218280048385,0.125781719951615,0.874218280048385,0.374218280048385,-0.40981181801461214,True,correct
IMG-0656,images/non_gusu/杨柳青清末__微信图片_20260409102015.jpg,656,4,0,non_gusu,1,gusu,0.00593735874232587,0.9940626412576741,0.9940626412576741,0.4940626412576741,1.0818561388711208,False,false_positive_non_gusu_to_gusu
IMG-0657,images/non_gusu/杨柳青清末__微信图片_20260409102023.jpg,657,3,0,non_gusu,0,non_gusu,0.995551537182218,0.004448462817781941,0.995551537182218,0.49555153718221806,-1.058606701364453,True,correct
IMG-0658,images/non_gusu/杨柳青清末__微信图片_20260409102030.jpg,658,2,0,non_gusu,1,gusu,0.19461513321083848,0.8053848667891614,0.8053848667891614,0.30538486678916144,0.3354416499814324,False,false_positive_non_gusu_to_gusu
IMG-0659,images/non_gusu/杨柳青清末__微信图片_20260409102038.jpg,659,5,0,non_gusu,0,non_gusu,0.9911246160951389,0.008875383904861003,0.9911246160951389,0.491124616095139,-0.8819165041464245,True,correct
IMG-0660,images/non_gusu/杨柳青清末__微信图片_20260409102047.jpg,660,1,0,non_gusu,0,non_gusu,0.6636710999067288,0.3363289000932712,0.6636710999067288,0.1636710999067288,-0.10425431001575933,True,correct
IMG-0661,images/non_gusu/杨柳青清末__微信图片_20260409114434.jpg,661,5,0,non_gusu,1,gusu,0.07209121260840586,0.9279087873915943,0.9279087873915943,0.4279087873915943,0.5574975282784165,False,false_positive_non_gusu_to_gusu
IMG-0662,images/non_gusu/杨柳青清末__微信图片_20260409114450.jpg,662,1,0,non_gusu,0,non_gusu,0.6066120057623929,0.393387994237607,0.6066120057623929,0.10661200576239299,-0.048814244570759474,True,correct
IMG-0663,images/non_gusu/杨柳青清末__微信图片_20260409114458.jpg,663,5,0,non_gusu,0,non_gusu,0.6051202698423114,0.3948797301576886,0.6051202698423114,0.10512026984231138,-0.032549519862868775,True,correct
IMG-0664,images/non_gusu/杨柳青清末__微信图片_20260409114507.jpg,664,1,0,non_gusu,1,gusu,0.5213343699162758,0.4786656300837242,0.5213343699162758,0.021334369916275797,0.026672010056255205,False,false_positive_non_gusu_to_gusu
IMG-0665,images/non_gusu/杨柳青清末__微信图片_20260409114515.jpg,665,4,0,non_gusu,0,non_gusu,0.6954380587976469,0.30456194120235336,0.6954380587976469,0.19543805879764664,-0.12550260376384195,True,correct
IMG-0666,images/non_gusu/杨柳青清末__微信图片_20260409114524.jpg,666,4,0,non_gusu,0,non_gusu,0.6636482376085969,0.3363517623914031,0.6636482376085969,0.16364823760859692,-0.09873115730434637,True,correct
IMG-0667,images/non_gusu/杨柳青清末__微信图片_20260409122125.jpg,667,5,0,non_gusu,0,non_gusu,0.9984003216355771,0.0015996783644228634,0.9984003216355771,0.4984003216355771,-1.2209027644071857,True,correct
IMG-0668,images/non_gusu/杨柳青清末__微信图片_20260409122137.jpg,668,3,0,non_gusu,0,non_gusu,0.9841302278034622,0.015869772196537946,0.9841302278034622,0.48413022780346204,-0.7940308694093231,True,correct
IMG-0669,images/non_gusu/杨柳青清末__微信图片_20260409122143.jpg,669,2,0,non_gusu,0,non_gusu,0.9990242866165383,0.000975713383461626,0.9990242866165383,0.49902428661653836,-1.5177795124902476,True,correct
IMG-0670,images/non_gusu/杨柳青清末__微信图片_20260409122154.jpg,670,4,0,non_gusu,0,non_gusu,0.9978407541383237,0.002159245861676238,0.9978407541383237,0.49784075413832374,-1.2041562476701395,True,correct
IMG-0671,images/non_gusu/杨柳青清末__微信图片_20260409122205.jpg,671,1,0,non_gusu,0,non_gusu,0.9768500337714293,0.023149966228570594,0.9768500337714293,0.4768500337714294,-0.764611053752639,True,correct
IMG-0672,images/non_gusu/杨柳青清末__微信图片_20260409122237.jpg,672,4,0,non_gusu,0,non_gusu,0.9858287533490439,0.014171246650956178,0.9858287533490439,0.4858287533490438,-0.821936880156449,True,correct
IMG-0673,images/non_gusu/杨柳青清末__微信图片_20260409122244.jpg,673,2,0,non_gusu,0,non_gusu,0.996824670215447,0.003175329784552944,0.996824670215447,0.4968246702154471,-1.2559519471743292,True,correct
IMG-0674,images/non_gusu/杨柳青清末__微信图片_20260409123104.jpg,674,4,0,non_gusu,0,non_gusu,0.9971732717940448,0.0028267282059551133,0.9971732717940448,0.4971732717940449,-1.1494596707144544,True,correct
IMG-0675,images/non_gusu/杨柳青清末__微信图片_20260409123119.jpg,675,5,0,non_gusu,0,non_gusu,0.9924868787160805,0.007513121283919435,0.9924868787160805,0.49248687871608055,-0.9148962061715114,True,correct
IMG-0676,images/non_gusu/杨柳青清末__微信图片_20260409123128.jpg,676,2,0,non_gusu,1,gusu,0.3361519049784736,0.6638480950215263,0.6638480950215263,0.1638480950215263,0.17135183113547625,False,false_positive_non_gusu_to_gusu
IMG-0677,images/non_gusu/杨柳青清末__微信图片_20260409123137.jpg,677,3,0,non_gusu,0,non_gusu,0.9690175805832218,0.030982419416778196,0.9690175805832218,0.4690175805832218,-0.6542990792466454,True,correct
IMG-0678,images/non_gusu/杨柳青清末__微信图片_20260409123146.jpg,678,5,0,non_gusu,0,non_gusu,0.8140415139894625,0.1859584860105374,0.8140415139894625,0.31404151398946256,-0.23956796291037102,True,correct
IMG-0679,images/non_gusu/杨柳青清末__微信图片_20260409123155.jpg,679,4,0,non_gusu,0,non_gusu,0.9973704449013081,0.002629555098691825,0.9973704449013081,0.49737044490130816,-1.164142201058958,True,correct
IMG-0680,images/non_gusu/杨柳青清末__微信图片_20260409123205.jpg,680,5,0,non_gusu,0,non_gusu,0.999844910306507,0.0001550896934929218,0.999844910306507,0.4998449103065071,-1.682463477751207,True,correct
IMG-0681,images/non_gusu/杨柳青清末__微信图片_20260409123213.jpg,681,3,0,non_gusu,0,non_gusu,0.95172699046356,0.04827300953643986,0.95172699046356,0.45172699046356013,-0.560852754739975,True,correct
IMG-0682,images/non_gusu/杨柳青清末__微信图片_20260409125903.jpg,682,4,0,non_gusu,0,non_gusu,0.9064815362200114,0.09351846377998861,0.9064815362200114,0.4064815362200114,-0.4190584834430724,True,correct
IMG-0683,images/non_gusu/杨柳青清末__微信图片_20260409125916.jpg,683,4,0,non_gusu,0,non_gusu,0.9923657050054318,0.007634294994568187,0.9923657050054318,0.4923657050054318,-0.947674985938745,True,correct
IMG-0684,images/non_gusu/杨柳青清末__微信图片_20260409125922.jpg,684,5,0,non_gusu,0,non_gusu,0.9666483460342746,0.03335165396572543,0.9666483460342746,0.4666483460342746,-0.6191191488381309,True,correct
IMG-0685,images/non_gusu/杨柳青清末__微信图片_20260409125926.jpg,685,1,0,non_gusu,0,non_gusu,0.8555196333867089,0.1444803666132912,0.8555196333867089,0.3555196333867088,-0.33761521594095545,True,correct
IMG-0686,images/non_gusu/杨柳青清末__微信图片_20260409125931.jpg,686,5,0,non_gusu,0,non_gusu,0.6342880810585071,0.3657119189414929,0.6342880810585071,0.1342880810585071,-0.05787809041966488,True,correct
IMG-0687,images/non_gusu/杨柳青清末__微信图片_20260409125939.jpg,687,1,0,non_gusu,1,gusu,0.5,0.5,0.5,0.0,0.04813084271223511,False,false_positive_non_gusu_to_gusu
IMG-0688,images/non_gusu/杨柳青清末__微信图片_20260410094640.jpg,688,5,0,non_gusu,0,non_gusu,0.7933455618799437,0.20665443812005643,0.7933455618799437,0.29334556187994354,-0.21360231660055917,True,correct
IMG-0689,images/non_gusu/杨柳青清末__微信图片_20260410094700.jpg,689,4,0,non_gusu,0,non_gusu,0.9851776506588309,0.014822349341169052,0.9851776506588309,0.48517765065883095,-0.8127973990167995,True,correct
IMG-0690,images/non_gusu/杨柳青清末__微信图片_20260410094709.jpg,690,2,0,non_gusu,0,non_gusu,0.956211308538717,0.04378869146128289,0.956211308538717,0.4562113085387171,-0.6717968487554977,True,correct
IMG-0691,images/non_gusu/杨柳青清末__微信图片_20260410094716.jpg,691,2,0,non_gusu,0,non_gusu,0.8528289142406841,0.14717108575931584,0.8528289142406841,0.3528289142406842,-0.36946998694014205,True,correct
IMG-0692,images/non_gusu/杨柳青清末__微信图片_20260410094722.jpg,692,1,0,non_gusu,0,non_gusu,0.9844087928732844,0.01559120712671565,0.9844087928732844,0.48440879287328437,-0.8499543670823794,True,correct
IMG-0693,images/non_gusu/杨柳青清末__微信图片_20260410095452.jpg,693,1,0,non_gusu,0,non_gusu,0.9870993729213275,0.012900627078672398,0.9870993729213275,0.4870993729213276,-0.8907895681258601,True,correct
IMG-0694,images/non_gusu/杨柳青清末__微信图片_20260410095523.jpg,694,4,0,non_gusu,1,gusu,0.2807324154880801,0.7192675845119201,0.7192675845119201,0.21926758451192008,0.23318094164992767,False,false_positive_non_gusu_to_gusu
IMG-0695,images/non_gusu/杨柳青清末__微信图片_20260410095528.jpg,695,5,0,non_gusu,0,non_gusu,0.6562832397951264,0.3437167602048738,0.6562832397951264,0.1562832397951262,-0.0778711431848465,True,correct
IMG-0696,images/non_gusu/杨柳青清末__微信图片_20260410095534.jpg,696,4,0,non_gusu,0,non_gusu,0.9821714022938588,0.017828597706141258,0.9821714022938588,0.48217140229385874,-0.7752061396295925,True,correct
IMG-0697,images/non_gusu/杨柳青清末__微信图片_20260410095543.jpg,697,5,0,non_gusu,0,non_gusu,0.9954114913887302,0.004588508611269764,0.9954114913887302,0.49541149138873025,-1.0124609285441886,True,correct
IMG-0698,images/non_gusu/杨柳青清末__微信图片_20260410095553.jpg,698,1,0,non_gusu,0,non_gusu,0.8767321132201182,0.1232678867798819,0.8767321132201182,0.3767321132201181,-0.37704712998049295,True,correct
IMG-0699,images/non_gusu/杨柳青清末__微信图片_20260410095601.jpg,699,5,0,non_gusu,0,non_gusu,0.9841889861386677,0.01581101386133243,0.9841889861386677,0.48418898613866757,-0.7675436064921057,True,correct
IMG-0700,images/non_gusu/杨柳青清末__微信图片_20260410095608.jpg,700,5,0,non_gusu,0,non_gusu,0.9479524702099311,0.05204752979006895,0.9479524702099311,0.44795247020993106,-0.5296828276653669,True,correct
IMG-0701,images/non_gusu/杨柳青清末__微信图片_20260410095900.jpg,701,5,0,non_gusu,0,non_gusu,0.9796684555342171,0.020331544465782815,0.9796684555342171,0.47966845553421716,-0.717652470710181,True,correct
IMG-0702,images/non_gusu/杨柳青清末__微信图片_20260410095910.jpg,702,3,0,non_gusu,1,gusu,0.48685731741117655,0.5131426825888233,0.5131426825888233,0.01314268258882334,0.07779610035012324,False,false_positive_non_gusu_to_gusu
IMG-0703,images/non_gusu/杨柳青清末__微信图片_20260410095916.jpg,703,3,0,non_gusu,0,non_gusu,0.8501472567358713,0.14985274326412834,0.8501472567358713,0.35014725673587166,-0.29389267725028445,True,correct
IMG-0704,images/non_gusu/杨柳青清末__微信图片_20260410095920.jpg,704,3,0,non_gusu,0,non_gusu,0.7094868751236774,0.29051312487632236,0.7094868751236774,0.20948687512367764,-0.11871147739734186,True,correct
IMG-0705,images/non_gusu/民国年画宣传画__微信图片_20260409095518.jpg,705,2,0,non_gusu,0,non_gusu,0.9903172547825018,0.009682745217498387,0.9903172547825018,0.4903172547825016,-1.008480002477394,True,correct
IMG-0706,images/non_gusu/民国年画宣传画__微信图片_20260409095527.jpg,706,1,0,non_gusu,0,non_gusu,0.9630525255681647,0.03694747443183531,0.9630525255681647,0.4630525255681647,-0.663208459770948,True,correct
IMG-0707,images/non_gusu/民国年画宣传画__微信图片_20260409095531.jpg,707,2,0,non_gusu,0,non_gusu,0.9805019442893015,0.01949805571069847,0.9805019442893015,0.48050194428930154,-0.8528675787194948,True,correct
IMG-0708,images/non_gusu/民国年画宣传画__微信图片_20260409095536.jpg,708,5,0,non_gusu,0,non_gusu,0.9888618163754254,0.011138183624574726,0.9888618163754254,0.48886181637542525,-0.8369550320589303,True,correct
IMG-0709,images/non_gusu/民国年画宣传画__微信图片_20260409095644.jpg,709,1,0,non_gusu,0,non_gusu,0.8956139636787028,0.10438603632129737,0.8956139636787028,0.3956139636787026,-0.41740325996799343,True,correct
IMG-0710,images/non_gusu/民国年画宣传画__微信图片_20260409095649.jpg,710,5,0,non_gusu,0,non_gusu,0.6886569310051827,0.31134306899481745,0.6886569310051827,0.18865693100518255,-0.104546852393674,True,correct
IMG-0711,images/non_gusu/民国年画宣传画__微信图片_20260409095653.jpg,711,5,0,non_gusu,0,non_gusu,0.9979956408850396,0.002004359114960437,0.9979956408850396,0.49799564088503956,-1.17629494090433,True,correct
IMG-0712,images/non_gusu/民国年画宣传画__微信图片_20260409095701.jpg,712,5,0,non_gusu,0,non_gusu,0.9888059885916348,0.01119401140836528,0.9888059885916348,0.4888059885916347,-0.8359649272705629,True,correct
IMG-0713,images/non_gusu/民国年画宣传画__微信图片_20260409095705.jpg,713,5,0,non_gusu,0,non_gusu,0.998899476213895,0.0011005237861051206,0.998899476213895,0.49889947621389485,-1.2948815100114506,True,correct
IMG-0714,images/non_gusu/民国年画宣传画__微信图片_20260409101257.jpg,714,4,0,non_gusu,1,gusu,0.42942273563430816,0.5705772643656918,0.5705772643656918,0.07057726436569178,0.0996767177070512,False,false_positive_non_gusu_to_gusu
IMG-0715,images/non_gusu/民国年画宣传画__微信图片_20260409101307.jpg,715,2,0,non_gusu,0,non_gusu,0.9845308272794719,0.015469172720528106,0.9845308272794719,0.4845308272794719,-0.9043733362017135,True,correct
IMG-0716,images/non_gusu/民国年画宣传画__微信图片_20260409101313.jpg,716,2,0,non_gusu,0,non_gusu,0.990105075257859,0.009894924742141056,0.990105075257859,0.49010507525785896,-1.0036659556751264,True,correct
IMG-0717,images/non_gusu/民国年画宣传画__微信图片_20260409101318.jpg,717,3,0,non_gusu,0,non_gusu,0.9851535638132937,0.01484643618670629,0.9851535638132937,0.4851535638132937,-0.8079158969153651,True,correct
IMG-0718,images/non_gusu/民国戏出__微信图片_20260409094558.jpg,718,4,0,non_gusu,0,non_gusu,0.9990607014911982,0.0009392985088017071,0.9990607014911982,0.4990607014911983,-1.3731734547116201,True,correct
IMG-0719,images/non_gusu/民国戏出__微信图片_20260409094607.jpg,719,1,0,non_gusu,0,non_gusu,0.9955294733889476,0.004470526611052409,0.9955294733889476,0.4955294733889476,-1.1189527800401753,True,correct
IMG-0720,images/non_gusu/民国戏出__微信图片_20260409094615.jpg,720,2,0,non_gusu,0,non_gusu,0.9962651067233381,0.0037348932766618857,0.9962651067233381,0.4962651067233381,-1.219934920285754,True,correct
IMG-0721,images/non_gusu/民国戏出__微信图片_20260409094622.jpg,721,1,0,non_gusu,0,non_gusu,0.9983206591326411,0.0016793408673589434,0.9983206591326411,0.49832065913264106,-1.329626168032554,True,correct
IMG-0722,images/non_gusu/民国戏出__微信图片_20260409094631.jpg,722,4,0,non_gusu,0,non_gusu,0.999662462860805,0.0003375371391949942,0.999662462860805,0.499662462860805,-1.5809854096083131,True,correct
IMG-0723,images/non_gusu/民国戏出__微信图片_20260409094638.jpg,723,5,0,non_gusu,0,non_gusu,0.9992277534585875,0.0007722465414124288,0.9992277534585875,0.49922775345858755,-1.3649474693897667,True,correct
IMG-0724,images/non_gusu/民国戏出__微信图片_20260409094646.jpg,724,5,0,non_gusu,0,non_gusu,0.9997663838957661,0.00023361610423379984,0.9997663838957661,0.4997663838957662,-1.601432922860576,True,correct
IMG-0725,images/non_gusu/民国戏出__微信图片_20260409094655.jpg,725,4,0,non_gusu,0,non_gusu,0.997036478538018,0.0029635214619820704,0.997036478538018,0.4970364785380179,-1.1398631627070186,True,correct
IMG-0726,images/non_gusu/民国戏出__微信图片_20260409094704.jpg,726,2,0,non_gusu,0,non_gusu,0.9996265905217193,0.0003734094782807424,0.9996265905217193,0.49962659052171926,-1.7308943130789625,True,correct
IMG-0727,images/non_gusu/民国戏出__微信图片_20260409095005.jpg,727,2,0,non_gusu,0,non_gusu,0.9955476063009614,0.004452393699038613,0.9955476063009614,0.4955476063009614,-1.1809392176969955,True,correct
IMG-0728,images/non_gusu/民国戏出__微信图片_20260409095016.jpg,728,4,0,non_gusu,0,non_gusu,0.9998003926655218,0.0001996073344781629,0.9998003926655218,0.49980039266552184,-1.6876514199663486,True,correct
IMG-0729,images/non_gusu/民国戏出__微信图片_20260409095024.jpg,729,5,0,non_gusu,0,non_gusu,0.9990951659177327,0.000904834082267307,0.9990951659177327,0.4990951659177327,-1.3336075648237162,True,correct
IMG-0730,images/non_gusu/民国戏出__微信图片_20260409095031.jpg,730,3,0,non_gusu,0,non_gusu,0.9898465357857722,0.010153464214227909,0.9898465357857722,0.4898465357857721,-0.8870009140796479,True,correct
IMG-0731,images/non_gusu/民国戏出__微信图片_20260409095040.jpg,731,2,0,non_gusu,0,non_gusu,0.9996990732213695,0.00030092677863052835,0.9996990732213695,0.49969907322136947,-1.7787779108767707,True,correct
IMG-0732,images/non_gusu/民国戏出__微信图片_20260409095046.jpg,732,2,0,non_gusu,0,non_gusu,0.9980712547659402,0.001928745234059862,0.9980712547659402,0.49807125476594016,-1.3665752317086834,True,correct
IMG-0733,images/non_gusu/民国戏出__微信图片_20260409095056.jpg,733,3,0,non_gusu,0,non_gusu,0.990181862370275,0.009818137629725047,0.990181862370275,0.49018186237027495,-0.8939876537880213,True,correct
IMG-0734,images/non_gusu/民国戏出__微信图片_20260409095106.jpg,734,4,0,non_gusu,0,non_gusu,0.9996356409018501,0.0003643590981498047,0.9996356409018501,0.4996356409018502,-1.5654594444300616,True,correct
IMG-0735,images/non_gusu/民国戏出__微信图片_20260409125547.jpg,735,3,0,non_gusu,0,non_gusu,0.9983306650148873,0.0016693349851126464,0.9983306650148873,0.4983306650148874,-1.262335096248882,True,correct
IMG-0736,images/non_gusu/民国戏出__微信图片_20260409125558.jpg,736,1,0,non_gusu,0,non_gusu,0.9997716393878163,0.00022836061218354302,0.9997716393878163,0.49977163938781644,-1.7589044586516709,True,correct
IMG-0737,images/non_gusu/民国戏出__微信图片_20260409125606.jpg,737,2,0,non_gusu,0,non_gusu,0.9990418460476012,0.0009581539523987862,0.9990418460476012,0.4990418460476012,-1.521808975718564,True,correct
IMG-0738,images/non_gusu/民国戏出__微信图片_20260409125616.jpg,738,4,0,non_gusu,0,non_gusu,0.9990561051083431,0.0009438948916569248,0.9990561051083431,0.4990561051083431,-1.3721822692180157,True,correct
IMG-0739,images/non_gusu/民国戏出__微信图片_20260409125623.jpg,739,2,0,non_gusu,0,non_gusu,0.9983323326779087,0.0016676673220914074,0.9983323326779087,0.4983323326779086,-1.39884728920997,True,correct
IMG-0740,images/non_gusu/民国戏出__微信图片_20260409125630.jpg,740,2,0,non_gusu,0,non_gusu,0.9996535387881542,0.00034646121184572765,0.9996535387881542,0.49965353878815427,-1.74751417251991,True,correct
IMG-0741,images/non_gusu/民国戏出__微信图片_20260409125640.jpg,741,2,0,non_gusu,0,non_gusu,0.9985442093541815,0.0014557906458185833,0.9985442093541815,0.4985442093541814,-1.428996289736574,True,correct
IMG-0742,images/non_gusu/民国戏出__微信图片_20260409125650.jpg,742,1,0,non_gusu,0,non_gusu,0.9843441417461555,0.01565585825384458,0.9843441417461555,0.4843441417461554,-0.8490619865096358,True,correct
IMG-0743,images/non_gusu/河北山东__微信图片_20260404211913.jpg,743,1,0,non_gusu,0,non_gusu,0.8149925287338089,0.18500747126619108,0.8149925287338089,0.3149925287338089,-0.2739772829381676,True,correct
IMG-0744,images/non_gusu/河北山东__微信图片_20260404220543.jpg,744,3,0,non_gusu,0,non_gusu,0.9977379101100905,0.0022620898899095815,0.9977379101100905,0.49773791011009044,-1.1991776374777798,True,correct
IMG-0745,images/non_gusu/河北山东__微信图片_20260404220554.jpg,745,4,0,non_gusu,1,gusu,0.44847876825300137,0.5515212317469986,0.5515212317469986,0.05152123174699863,0.08409205835436043,False,false_positive_non_gusu_to_gusu
IMG-0746,images/non_gusu/河北山东__微信图片_20260409124404.jpg,746,4,0,non_gusu,0,non_gusu,0.9905376580408031,0.009462341959196784,0.9905376580408031,0.49053765804080324,-0.9040559008029654,True,correct
IMG-0747,images/non_gusu/河北山东__微信图片_20260409124413.jpg,747,2,0,non_gusu,0,non_gusu,0.9599026263575567,0.04009737364244318,0.9599026263575567,0.4599026263575568,-0.6916439629962285,True,correct
IMG-0748,images/non_gusu/河北山东__微信图片_20260410100520.jpg,748,5,0,non_gusu,0,non_gusu,0.9632553630861144,0.036744636913885534,0.9632553630861144,0.4632553630861145,-0.599742480896998,True,correct
IMG-0749,images/non_gusu/河北山东__微信图片_20260410100529.jpg,749,2,0,non_gusu,0,non_gusu,0.9990367293920839,0.0009632706079161257,0.9990367293920839,0.4990367293920839,-1.5206272537351755,True,correct
IMG-0750,images/non_gusu/河北山东__微信图片_20260410100534.jpg,750,2,0,non_gusu,0,non_gusu,0.9867035712756173,0.013296428724382777,0.9867035712756173,0.4867035712756172,-0.9380219937326628,True,correct
IMG-0751,images/non_gusu/河北山东__微信图片_20260410100539.jpg,751,1,0,non_gusu,0,non_gusu,0.9998556083994745,0.0001443916005255234,0.9998556083994745,0.49985560839947446,-1.8575289306241638,True,correct
IMG-0752,images/non_gusu/河北山东__微信图片_20260410100546.jpg,752,3,0,non_gusu,0,non_gusu,0.9941668639329737,0.005833136067026289,0.9941668639329737,0.4941668639329737,-1.0022683017854432,True,correct
IMG-0753,images/non_gusu/河北山东__微信图片_20260410100554.jpg,753,5,0,non_gusu,0,non_gusu,0.9993704229165674,0.0006295770834326419,0.9993704229165674,0.49937042291656736,-1.40534776869164,True,correct
IMG-0754,images/non_gusu/河北山东__微信图片_20260410100605.jpg,754,1,0,non_gusu,0,non_gusu,0.9999640471800544,3.59528199457221e-05,0.9999640471800544,0.49996404718005427,-2.156657641097227,True,correct
IMG-0755,images/non_gusu/河北山东__微信图片_20260410100612.jpg,755,1,0,non_gusu,0,non_gusu,0.9439857991628191,0.05601420083718092,0.9439857991628191,0.4439857991628191,-0.5719938868697713,True,correct
IMG-0756,images/non_gusu/河北山东__微信图片_20260410100620.jpg,756,4,0,non_gusu,0,non_gusu,0.9994197121326609,0.0005802878673390251,0.9994197121326609,0.49941971213266095,-1.4709638134555794,True,correct
IMG-0757,images/non_gusu/河北山东__微信图片_20260410100711.jpg,757,3,0,non_gusu,0,non_gusu,0.9993181505112766,0.0006818494887233059,0.9993181505112766,0.4993181505112767,-1.4484315600771733,True,correct
IMG-0758,images/non_gusu/河北山东__微信图片_20260410100719.jpg,758,2,0,non_gusu,0,non_gusu,0.9995567103285586,0.00044328967144129994,0.9995567103285586,0.4995567103285587,-1.6928312793175613,True,correct
IMG-0759,images/non_gusu/河北山东__微信图片_20260410100727.jpg,759,3,0,non_gusu,0,non_gusu,0.999455136954814,0.0005448630451860049,0.999455136954814,0.49945513695481397,-1.495044943935992,True,correct
IMG-0760,images/non_gusu/河北山东__微信图片_20260410100734.jpg,760,3,0,non_gusu,0,non_gusu,0.9993073300670765,0.0006926699329234504,0.9993073300670765,0.49930733006707656,-1.4451591751298967,True,correct
IMG-0761,images/non_gusu/河北山东__微信图片_20260410100743.jpg,761,5,0,non_gusu,0,non_gusu,0.9999833966875513,1.6603312448696876e-05,0.9999833966875513,0.4999833966875513,-2.1244100818544047,True,correct
IMG-0762,images/non_gusu/河北山东__微信图片_20260410100749.jpg,762,5,0,non_gusu,0,non_gusu,0.9999061472609814,9.38527390187002e-05,0.9999061472609814,0.4999061472609813,-1.7818097682762761,True,correct
IMG-0763,images/non_gusu/河北山东__微信图片_20260410100758.jpg,763,2,0,non_gusu,0,non_gusu,0.9999208425540373,7.915744596274374e-05,0.9999208425540373,0.49992084255403724,-2.0750823167093575,True,correct
IMG-0764,images/non_gusu/河北山东__微信图片_20260410100806.jpg,764,2,0,non_gusu,0,non_gusu,0.9920256841954179,0.00797431580458206,0.9920256841954179,0.4920256841954179,-1.0515837374234143,True,correct
IMG-0765,images/non_gusu/河北山东__微信图片_20260410100813.jpg,765,4,0,non_gusu,0,non_gusu,0.9888369751745171,0.011163024825482863,0.9888369751745171,0.48883697517451713,-0.870460196118769,True,correct
IMG-0766,images/non_gusu/潍坊__微信图片_20260404211928.jpg,766,3,0,non_gusu,0,non_gusu,0.9958160839972958,0.00418391600270422,0.9958160839972958,0.49581608399729576,-1.0713519107970653,True,correct
IMG-0767,images/non_gusu/非姑苏-未分类__微信图片_20260409093218.jpg,767,1,0,non_gusu,0,non_gusu,0.9021335097080945,0.09786649029190556,0.9021335097080945,0.40213350970809447,-0.43283915015990937,True,correct
IMG-0768,images/non_gusu/非姑苏-未分类__微信图片_20260409093227.jpg,768,3,0,non_gusu,0,non_gusu,0.6230392191031245,0.3769607808968754,0.6230392191031245,0.1230392191031246,-0.038668681148939094,True,correct
IMG-0769,images/non_gusu/非姑苏-未分类__微信图片_20260409093232.jpg,769,2,0,non_gusu,0,non_gusu,0.9965686569887505,0.0034313430112493924,0.9965686569887505,0.49656865698875063,-1.2387454907622133,True,correct
IMG-0770,images/non_gusu/非姑苏-未分类__微信图片_20260409093245.jpg,770,5,0,non_gusu,0,non_gusu,0.9579944999201502,0.04200550007984971,0.9579944999201502,0.4579944999201503,-0.572907736072245,True,correct
IMG-0771,images/non_gusu/非姑苏-未分类__微信图片_20260409093249.jpg,771,1,0,non_gusu,0,non_gusu,0.968243195489393,0.03175680451060709,0.968243195489393,0.4682431954893929,-0.6961291258629496,True,correct
IMG-0772,images/non_gusu/非姑苏-未分类__微信图片_20260409093256.jpg,772,4,0,non_gusu,0,non_gusu,0.6132442100852721,0.38675578991472787,0.6132442100852721,0.11324421008527213,-0.05225016179043038,True,correct
IMG-0773,images/non_gusu/非姑苏-未分类__微信图片_20260409093301.jpg,773,4,0,non_gusu,0,non_gusu,0.987258984845589,0.012741015154410977,0.987258984845589,0.48725898484558905,-0.8435763996311898,True,correct
IMG-0774,images/non_gusu/非姑苏-未分类__微信图片_20260409093306.jpg,774,1,0,non_gusu,0,non_gusu,0.9923018380217143,0.007698161978285703,0.9923018380217143,0.4923018380217143,-1.0019822348671887,True,correct
IMG-0775,images/non_gusu/非姑苏-未分类__微信图片_20260409093310.jpg,775,1,0,non_gusu,1,gusu,0.27613037369528975,0.7238696263047102,0.7238696263047102,0.2238696263047102,0.25239284749499113,False,false_positive_non_gusu_to_gusu
IMG-0776,images/non_gusu/非姑苏-未分类__微信图片_20260409093840.jpg,776,5,0,non_gusu,0,non_gusu,0.9974290709770705,0.00257092902292953,0.9974290709770705,0.49742907097707045,-1.1270534871621127,True,correct
IMG-0777,images/non_gusu/非姑苏-未分类__微信图片_20260409093850.jpg,777,5,0,non_gusu,0,non_gusu,0.941393160130335,0.05860683986966508,0.941393160130335,0.4413931601303349,-0.5055804831193467,True,correct
IMG-0778,images/non_gusu/非姑苏-未分类__微信图片_20260409093856.jpg,778,5,0,non_gusu,0,non_gusu,0.9956270417806995,0.0043729582193005705,0.9956270417806995,0.49562704178069944,-1.0219796361791944,True,correct
IMG-0779,images/non_gusu/非姑苏-未分类__微信图片_20260409093903.jpg,779,1,0,non_gusu,0,non_gusu,0.832726798137823,0.16727320186217712,0.832726798137823,0.3327267981378229,-0.3002890927034557,True,correct
IMG-0780,images/non_gusu/非姑苏-未分类__微信图片_20260409093915.jpg,780,5,0,non_gusu,0,non_gusu,0.9961799758913178,0.0038200241086823166,0.9961799758913178,0.4961799758913177,-1.0487221617601734,True,correct
IMG-0781,images/non_gusu/非姑苏-未分类__微信图片_20260409093924.jpg,781,3,0,non_gusu,0,non_gusu,0.9990546184536525,0.00094538154634744,0.9990546184536525,0.49905461845365257,-1.3805132272241334,True,correct
IMG-0782,images/non_gusu/非姑苏-未分类__微信图片_20260409093933.jpg,782,4,0,non_gusu,1,gusu,0.5465598835258348,0.45344011647416516,0.5465598835258348,0.046559883525834844,0.004194659945674417,False,false_positive_non_gusu_to_gusu
IMG-0783,images/non_gusu/非姑苏-未分类__微信图片_20260409093938.jpg,783,4,0,non_gusu,0,non_gusu,0.7571937707117078,0.24280622928829224,0.7571937707117078,0.2571937707117078,-0.1887903865398409,True,correct
IMG-0784,images/non_gusu/非姑苏-未分类__微信图片_20260409094255.jpg,784,1,0,non_gusu,0,non_gusu,0.918262912068787,0.081737087931213,0.918262912068787,0.418262912068787,-0.47539963645072647,True,correct
IMG-0785,images/non_gusu/非姑苏-未分类__微信图片_20260409094307.jpg,785,3,0,non_gusu,1,gusu,0.5249880233354381,0.475011976664562,0.5249880233354381,0.02498802333543798,0.04607366134767482,False,false_positive_non_gusu_to_gusu
IMG-0786,images/non_gusu/非姑苏-未分类__微信图片_20260409094312.jpg,786,5,0,non_gusu,0,non_gusu,0.8054681292653225,0.1945318707346775,0.8054681292653225,0.3054681292653225,-0.22855876558066646,True,correct
IMG-0787,images/non_gusu/非姑苏-未分类__微信图片_20260409094317.jpg,787,5,0,non_gusu,1,gusu,0.211975595786883,0.7880244042131171,0.7880244042131171,0.28802440421311715,0.3121551180506121,False,false_positive_non_gusu_to_gusu
IMG-0788,images/non_gusu/非姑苏-未分类__微信图片_20260409094325.jpg,788,1,0,non_gusu,0,non_gusu,0.9466319983089942,0.05336800169100566,0.9466319983089942,0.44663199830899436,-0.5826775834514474,True,correct
IMG-0789,images/non_gusu/非姑苏-未分类__微信图片_20260409094330.jpg,789,3,0,non_gusu,1,gusu,0.5604265295025753,0.4395734704974247,0.5604265295025753,0.06042652950257532,0.016307412266111126,False,false_positive_non_gusu_to_gusu
IMG-0790,images/non_gusu/非姑苏-未分类__微信图片_20260409094335.jpg,790,5,0,non_gusu,0,non_gusu,0.9931979288086145,0.0068020711913857,0.9931979288086145,0.4931979288086143,-0.9345712809010573,True,correct
IMG-0791,images/non_gusu/非姑苏-未分类__微信图片_20260409102454.jpg,791,1,0,non_gusu,0,non_gusu,0.6112862592096179,0.38871374079038207,0.6112862592096179,0.11128625920961793,-0.05315283351227135,True,correct
IMG-0792,images/non_gusu/非姑苏-未分类__微信图片_20260409102508.jpg,792,1,0,non_gusu,0,non_gusu,0.8764965648078621,0.12350343519213794,0.8764965648078621,0.3764965648078621,-0.37657858785470166,True,correct
IMG-0793,images/non_gusu/非姑苏-未分类__微信图片_20260409102519.jpg,793,4,0,non_gusu,0,non_gusu,0.9946119867291365,0.0053880132708635725,0.9946119867291365,0.4946119867291364,-1.0184610325745815,True,correct
IMG-0794,images/non_gusu/非姑苏-未分类__微信图片_20260409102525.jpg,794,4,0,non_gusu,1,gusu,0.01400180438925454,0.9859981956107455,0.9859981956107455,0.48599819561074553,0.9059760477796421,False,false_positive_non_gusu_to_gusu
IMG-0795,images/non_gusu/非姑苏-未分类__微信图片_20260409102533.jpg,795,5,0,non_gusu,1,gusu,0.3704287130290586,0.6295712869709416,0.6295712869709416,0.12957128697094156,0.1553970829430701,False,false_positive_non_gusu_to_gusu
IMG-0796,images/non_gusu/非姑苏-未分类__微信图片_20260409102543.jpg,796,4,0,non_gusu,0,non_gusu,0.8687570817256381,0.13124291827436177,0.8687570817256381,0.36875708172563826,-0.34161652965216904,True,correct
IMG-0797,images/non_gusu/非姑苏-未分类__微信图片_20260409115403.jpg,797,1,0,non_gusu,0,non_gusu,0.9932781486211814,0.006721851378818643,0.9932781486211814,0.49327814862118136,-1.0311753429943449,True,correct
IMG-0798,images/non_gusu/非姑苏-未分类__微信图片_20260409115440.jpg,798,3,0,non_gusu,0,non_gusu,0.9931370722642138,0.006862927735786205,0.9931370722642138,0.49313707226421377,-0.9684644913457215,True,correct
IMG-0799,images/non_gusu/非姑苏-未分类__微信图片_20260409123019.jpg,799,5,0,non_gusu,0,non_gusu,0.9983705404747522,0.0016294595252478166,0.9983705404747522,0.4983705404747522,-1.217254240588038,True,correct
IMG-0800,images/non_gusu/非姑苏-未分类__微信图片_20260409124102.jpg,800,1,0,non_gusu,0,non_gusu,0.9989394358237923,0.0010605641762077903,0.9989394358237923,0.4989394358237922,-1.4285113368671456,True,correct
IMG-0801,images/non_gusu/非姑苏-未分类__微信图片_20260409124116.jpg,801,3,0,non_gusu,0,non_gusu,0.8441007502836788,0.15589924971632108,0.8441007502836788,0.3441007502836789,-0.2841876762650489,True,correct
IMG-0802,images/non_gusu/非姑苏-未分类__微信图片_20260409124123.jpg,802,3,0,non_gusu,0,non_gusu,0.9989974462969976,0.0010025537030025292,0.9989974462969976,0.4989974462969975,-1.368309343126476,True,correct
IMG-0803,images/non_gusu/非姑苏-未分类__微信图片_20260409124131.jpg,803,2,0,non_gusu,0,non_gusu,0.9737144095361835,0.026285590463816528,0.9737144095361835,0.4737144095361835,-0.7862684428433351,True,correct
IMG-0804,images/non_gusu/非姑苏-未分类__微信图片_20260409124141.jpg,804,5,0,non_gusu,0,non_gusu,0.9306830144394302,0.06931698556056955,0.9306830144394302,0.43068301443943047,-0.4612411465889416,True,correct
IMG-0805,images/non_gusu/非姑苏-未分类__微信图片_20260409124152.jpg,805,5,0,non_gusu,0,non_gusu,0.9560883911446284,0.043911608855371695,0.9560883911446284,0.4560883911446283,-0.5639854982505417,True,correct
IMG-0806,images/non_gusu/非姑苏-未分类__微信图片_20260409124202.jpg,806,1,0,non_gusu,0,non_gusu,0.9954969847715356,0.004503015228464492,0.9954969847715356,0.49549698477153553,-1.1173945620480616,True,correct
IMG-0807,images/non_gusu/非姑苏-未分类__微信图片_20260409124211.jpg,807,2,0,non_gusu,0,non_gusu,0.9338891599034905,0.06611084009650937,0.9338891599034905,0.43388915990349064,-0.5671780056691265,True,correct
IMG-0808,images/non_gusu/非姑苏-未分类__微信图片_20260409124222.jpg,808,3,0,non_gusu,0,non_gusu,0.9895249492737174,0.010475050726282553,0.9895249492737174,0.4895249492737174,-0.8805135045038702,True,correct
IMG-0809,images/non_gusu/非姑苏-未分类__微信图片_20260409125946.jpg,809,3,0,non_gusu,0,non_gusu,0.9910494204150353,0.008950579584964624,0.9910494204150353,0.49104942041503535,-0.913232021370067,True,correct
IMG-0810,images/non_gusu/非姑苏-未分类__微信图片_20260409125957.jpg,810,3,0,non_gusu,0,non_gusu,0.9934740711492903,0.006525928850709712,0.9934740711492903,0.49347407114929026,-0.9789340003988106,True,correct
IMG-0811,images/non_gusu/非姑苏-未分类__微信图片_20260409130124.jpg,811,2,0,non_gusu,1,gusu,0.3697883333145082,0.6302116666854918,0.6302116666854918,0.13021166668549178,0.13639335652938778,False,false_positive_non_gusu_to_gusu
IMG-0812,images/non_gusu/非姑苏-未分类__微信图片_20260409130134.jpg,812,3,0,non_gusu,0,non_gusu,0.9739395504561618,0.026060449543838363,0.9739395504561618,0.47393955045616165,-0.6905246661408134,True,correct
IMG-0813,images/non_gusu/非姑苏-未分类__微信图片_20260409130138.jpg,813,4,0,non_gusu,0,non_gusu,0.9835814155762802,0.016418584423719844,0.9835814155762802,0.48358141557628015,-0.7919818113712084,True,correct
IMG-0814,images/non_gusu/非姑苏-未分类__微信图片_20260409130143.jpg,814,3,0,non_gusu,0,non_gusu,0.8278004292249119,0.17219957077508793,0.8278004292249119,0.32780042922491204,-0.259466345464918,True,correct
IMG-0815,images/non_gusu/非姑苏-未分类__微信图片_20260409130149.jpg,815,1,0,non_gusu,0,non_gusu,0.9527597069237419,0.047240293076258155,0.9527597069237419,0.45275970692374184,-0.6095017127636484,True,correct
IMG-0816,images/non_gusu/非姑苏-未分类__微信图片_20260409130154.jpg,816,2,0,non_gusu,0,non_gusu,0.9329548546060998,0.06704514539390001,0.9329548546060998,0.4329548546061,-0.5638421777342222,True,correct
IMG-0817,images/non_gusu/非姑苏-未分类__微信图片_20260409130202.jpg,817,4,0,non_gusu,0,non_gusu,0.7693449390586716,0.23065506094132832,0.7693449390586716,0.2693449390586717,-0.20244757693987533,True,correct
IMG-0818,images/non_gusu/非姑苏-未分类__微信图片_20260409130208.jpg,818,3,0,non_gusu,0,non_gusu,0.9969298051131759,0.0030701948868240656,0.9969298051131759,0.4969298051131759,-1.1356880661092905,True,correct
IMG-0819,images/non_gusu/非姑苏-未分类__微信图片_20260410093255.jpg,819,2,0,non_gusu,0,non_gusu,0.9303368764517449,0.06966312354825512,0.9303368764517449,0.4303368764517449,-0.5547196178889608,True,correct
IMG-0820,images/non_gusu/非姑苏-未分类__微信图片_20260410093310.jpg,820,2,0,non_gusu,0,non_gusu,0.8723334089452199,0.12766659105478004,0.8723334089452199,0.37233340894521993,-0.406032667924943,True,correct
IMG-0821,images/non_gusu/非姑苏-未分类__微信图片_20260410093318.jpg,821,5,0,non_gusu,0,non_gusu,0.9964097869262499,0.003590213073750157,0.9964097869262499,0.4964097869262498,-1.0609958623875835,True,correct
IMG-0822,images/non_gusu/非姑苏-未分类__微信图片_20260410093326.jpg,822,2,0,non_gusu,0,non_gusu,0.9788958747605537,0.021104125239446117,0.9788958747605537,0.4788958747605539,-0.8352368475075131,True,correct
IMG-0823,images/non_gusu/非姑苏-未分类__微信图片_20260410093332.jpg,823,4,0,non_gusu,0,non_gusu,0.9900824126920472,0.009917587307952686,0.9900824126920472,0.49008241269204733,-0.8945060292307119,True,correct
IMG-0824,images/non_gusu/非姑苏-未分类__微信图片_20260410093337.jpg,824,2,0,non_gusu,0,non_gusu,0.8865453162605618,0.11345468373943823,0.8865453162605618,0.38654531626056177,-0.4358042049338747,True,correct
IMG-0825,images/non_gusu/非姑苏-未分类__微信图片_20260410095924.jpg,825,4,0,non_gusu,0,non_gusu,0.997268268381617,0.0027317316183831193,0.997268268381617,0.49726826838161686,-1.156401245803041,True,correct
IMG-0826,images/non_gusu/非姑苏-未分类__微信图片_20260410100030.jpg,826,3,0,non_gusu,0,non_gusu,0.8011189973213741,0.19888100267862588,0.8011189973213741,0.30111899732137415,-0.22271695390098664,True,correct
IMG-0827,images/non_gusu/非姑苏-未分类__微信图片_20260410100036.jpg,827,1,0,non_gusu,0,non_gusu,0.8853424830736655,0.11465751692633458,0.8853424830736655,0.3853424830736654,-0.394728901655955,True,correct
IMG-0828,images/non_gusu/非姑苏-未分类__微信图片_20260410100040.jpg,828,3,0,non_gusu,1,gusu,0.5359958631140689,0.4640041368859312,0.5359958631140689,0.03599586311406883,0.036879783213138895,False,false_positive_non_gusu_to_gusu
IMG-0829,images/non_gusu/非姑苏-未分类__微信图片_20260410100045.jpg,829,3,0,non_gusu,1,gusu,0.39915861918657797,0.6008413808134222,0.6008413808134222,0.1008413808134222,0.1510976163066348,False,false_positive_non_gusu_to_gusu
IMG-0830,images/non_gusu/非姑苏-未分类__微信图片_20260410100049.jpg,830,4,0,non_gusu,0,non_gusu,0.8333893886201597,0.16661061137983998,0.8333893886201597,0.33338938862016,-0.2847281582923151,True,correct
IMG-0831,images/non_gusu/非姑苏-未分类__微信图片_20260410100053.jpg,831,2,0,non_gusu,0,non_gusu,0.9790776972889275,0.020922302711072586,0.9790776972889275,0.4790776972889274,-0.83716470071898,True,correct
IMG-0832,images/non_gusu/非姑苏-未分类__微信图片_20260410100058.jpg,832,1,0,non_gusu,0,non_gusu,0.9678907977626238,0.03210920223737633,0.9678907977626238,0.46789079776262366,-0.693732651600216,True,correct
IMG-0833,images/non_gusu/非姑苏-未分类__微信图片_20260410100105.jpg,833,5,0,non_gusu,0,non_gusu,0.7480092170787418,0.2519907829212581,0.7480092170787418,0.2480092170787419,-0.1627323778531899,True,correct
IMG-0834,images/non_gusu/非姑苏-未分类__微信图片_20260410100113.jpg,834,1,0,non_gusu,0,non_gusu,0.744334894017952,0.2556651059820479,0.744334894017952,0.2443348940179521,-0.18487007851736678,True,correct
IMG-0835,images/non_gusu/非姑苏-未分类__微信图片_20260410100334.jpg,835,1,0,non_gusu,0,non_gusu,0.9573053188014697,0.042694681198530225,0.9573053188014697,0.4573053188014698,-0.6316601215806886,True,correct
IMG-0836,images/non_gusu/非姑苏-未分类__微信图片_20260410100340.jpg,836,4,0,non_gusu,1,gusu,0.5380448473856057,0.4619551526143942,0.5380448473856057,0.03804484738560582,0.011175531178338527,False,false_positive_non_gusu_to_gusu
IMG-0837,images/non_gusu/非姑苏-未分类__微信图片_20260410100350.jpg,837,2,0,non_gusu,0,non_gusu,0.9952224495455145,0.0047775504544853705,0.9952224495455145,0.49522244954551464,-1.1652965074797639,True,correct
IMG-0838,images/non_gusu/非姑苏-未分类__微信图片_20260410100356.jpg,838,1,0,non_gusu,0,non_gusu,0.9638659471097007,0.036134052890299355,0.9638659471097007,0.46386594710970064,-0.6680559410733733,True,correct
IMG-0839,images/non_gusu/非姑苏-未分类__微信图片_20260410100402.jpg,839,4,0,non_gusu,1,gusu,0.466807365275112,0.5331926347248879,0.5331926347248879,0.03319263472488787,0.06913777863132597,False,false_positive_non_gusu_to_gusu
IMG-0840,images/non_gusu/非姑苏-统计表__DP-18167-001-ming.jpg,840,4,0,non_gusu,0,non_gusu,0.9107166122032864,0.08928338779671378,0.9107166122032864,0.4107166122032862,-0.42941483584575924,True,correct
IMG-0841,images/non_gusu/非姑苏-统计表__DP-19473-002_crd-ming.jpg,841,2,0,non_gusu,1,gusu,0.12647237699465,0.8735276230053501,0.8735276230053501,0.37352762300535014,0.448849870900916,False,false_positive_non_gusu_to_gusu
IMG-0842,images/non_gusu/非姑苏-统计表__DP-44381-003.jpg,842,3,0,non_gusu,1,gusu,0.1346573522821592,0.8653426477178411,0.8653426477178411,0.3653426477178411,0.45328172835093183,False,false_positive_non_gusu_to_gusu
IMG-0843,images/non_gusu/非姑苏-统计表__w163 4.jpg,843,1,0,non_gusu,1,gusu,0.43524357119831564,0.5647564288016843,0.5647564288016843,0.06475642880168431,0.10095583946451742,False,false_positive_non_gusu_to_gusu
IMG-0844,images/non_gusu/非姑苏-统计表__w164 1.jpg,844,5,0,non_gusu,1,gusu,0.029215088743909143,0.970784911256091,0.970784911256091,0.470784911256091,0.7453036412539198,False,false_positive_non_gusu_to_gusu
IMG-0845,images/non_gusu/非姑苏-统计表__冯宁等绘 《平定仲苗得胜图之攻克北乡巴林》清嘉庆三年 铜版画 49x85.jpg,845,2,0,non_gusu,1,gusu,0.37887937413706746,0.6211206258629327,0.6211206258629327,0.12112062586293271,0.12833881385869433,False,false_positive_non_gusu_to_gusu
IMG-0846,images/non_gusu/非姑苏-统计表__冯宁等绘 《平定苗疆得胜图之收复乾州》 清乾隆六十年至嘉庆三年 铜版画51x87.jpg,846,3,0,non_gusu,0,non_gusu,0.9793353051519095,0.02066469484809044,0.9793353051519095,0.4793353051519096,-0.7389866081913351,True,correct
IMG-0847,images/non_gusu/非姑苏-统计表__冯宁等绘 《平定苗疆得胜图之攻克苏麻寨》清乾隆六十年至嘉庆三年 铜版画 51x87.jpg,847,2,0,non_gusu,1,gusu,0.1263823889937824,0.8736176110062175,0.8736176110062175,0.3736176110062175,0.4490302891893918,False,false_positive_non_gusu_to_gusu
IMG-0848,images/non_gusu/非姑苏-统计表__南极仙翁.jpg,848,4,0,non_gusu,0,non_gusu,0.9097866666975996,0.09021333330240065,0.9097866666975996,0.40978666669759933,-0.4271034582979537,True,correct
IMG-0849,images/non_gusu/非姑苏-统计表__微信图片_20260404210259.jpg,849,2,0,non_gusu,0,non_gusu,0.9589436892270328,0.04105631077296724,0.9589436892270328,0.45894368922703277,-0.686322655432702,True,correct
IMG-0850,images/non_gusu/非姑苏-统计表__微信图片_20260404210312.jpg,850,5,0,non_gusu,0,non_gusu,0.9375948661728047,0.062405133827195196,0.9375948661728047,0.4375948661728048,-0.48348116843363315,True,correct
IMG-0851,images/non_gusu/非姑苏-统计表__微信图片_20260404210449.jpg,851,3,0,non_gusu,0,non_gusu,0.8244154870892696,0.1755845129107305,0.8244154870892696,0.3244154870892695,-0.25456882395757274,True,correct
IMG-0852,images/non_gusu/非姑苏-统计表__群神聚会下天台.jpg,852,3,0,non_gusu,0,non_gusu,0.8693988609314376,0.1306011390685624,0.8693988609314376,0.3693988609314376,-0.32712574481868717,True,correct
IMG-0853,images/non_gusu/非姑苏-统计表__贾士球、黎明、冯宁等绘 《平定廓尔喀得胜图之攻克擦木之图》清乾隆六十年至嘉庆元年 铜版画 51x87.jpg,853,4,0,non_gusu,0,non_gusu,0.7076996967587769,0.29230030324122325,0.7076996967587769,0.20769969675877675,-0.1373952772143783,True,correct
IMG-0854,images/non_gusu/非姑苏-统计表__郎世宁等绘 《平定西域战图之伊西洱库尔淖尔之战》清乾隆 铜版画51.5x90.jpg,854,4,0,non_gusu,0,non_gusu,0.7976257267343309,0.2023742732656694,0.7976257267343309,0.29762572673433063,-0.23633739027162168,True,correct
IMG-0855,images/non_gusu/非姑苏-统计表__郎世宁等绘 《平定西域战图之阿尔楚尔之战》清乾隆 铜版画 51.5x90.jpg,855,1,0,non_gusu,0,non_gusu,0.8998766188794202,0.1001233811205798,0.8998766188794202,0.3998766188794202,-0.4273950156516717,True,correct
IMG-0856,images/non_gusu/鲁主任转__新中国年画1.jpg,856,1,0,non_gusu,0,non_gusu,0.964809791917183,0.03519020808281697,0.964809791917183,0.464809791917183,-0.6738161994215006,True,correct
IMG-0857,images/non_gusu/鲁主任转__新中国年画10、11.jpg,857,5,0,non_gusu,0,non_gusu,0.962592788309065,0.03740721169093494,0.962592788309065,0.4625927883090651,-0.5961637656679843,True,correct
IMG-0858,images/non_gusu/鲁主任转__新中国年画12、13.jpg,858,3,0,non_gusu,0,non_gusu,0.9918185589519771,0.00818144104802289,0.9918185589519771,0.4918185589519771,-0.9319197722548124,True,correct
IMG-0859,images/non_gusu/鲁主任转__新中国年画14.jpg,859,2,0,non_gusu,0,non_gusu,0.9956128998067885,0.004387100193211464,0.9956128998067885,0.4956128998067885,-1.1842177658348751,True,correct
IMG-0860,images/non_gusu/鲁主任转__新中国年画15.jpg,860,2,0,non_gusu,0,non_gusu,0.9872686382143431,0.012731361785656939,0.9872686382143431,0.4872686382143431,-0.9476732590176065,True,correct
IMG-0861,images/non_gusu/鲁主任转__新中国年画16、17.jpg,861,5,0,non_gusu,0,non_gusu,0.9956545229795832,0.004345477020416768,0.9956545229795832,0.49565452297958323,-1.023226785675874,True,correct
IMG-0862,images/non_gusu/鲁主任转__新中国年画18、19.jpg,862,5,0,non_gusu,0,non_gusu,0.9703792886159988,0.029620711384001307,0.9703792886159988,0.4703792886159987,-0.642796658537945,True,correct
IMG-0863,images/non_gusu/鲁主任转__新中国年画2.jpg,863,3,0,non_gusu,0,non_gusu,0.9995757536965664,0.00042424630343350215,0.9995757536965664,0.4995757536965665,-1.5470508515534578,True,correct
IMG-0864,images/non_gusu/鲁主任转__新中国年画20.jpg,864,3,0,non_gusu,0,non_gusu,0.985296110466578,0.01470388953342213,0.985296110466578,0.4852961104665779,-0.8099252795767317,True,correct
IMG-0865,images/non_gusu/鲁主任转__新中国年画21、22、23、24.jpg,865,4,0,non_gusu,0,non_gusu,0.9440677445215836,0.055932255478416404,0.9440677445215836,0.4440677445215836,-0.5404870525844747,True,correct
IMG-0866,images/non_gusu/鲁主任转__新中国年画3、4.jpg,866,5,0,non_gusu,0,non_gusu,0.9995684344952903,0.00043156550470952766,0.9995684344952903,0.4995684344952905,-1.4800399459415077,True,correct
IMG-0867,images/non_gusu/鲁主任转__新中国年画5.jpg,867,4,0,non_gusu,0,non_gusu,0.9778879316537663,0.022112068346233752,0.9778879316537663,0.47788793165376625,-0.7313221992434523,True,correct
IMG-0868,images/non_gusu/鲁主任转__新中国年画6.jpg,868,3,0,non_gusu,0,non_gusu,0.9704384838743391,0.029561516125660985,0.9704384838743391,0.470438483874339,-0.6641385475298095,True,correct
IMG-0869,images/non_gusu/鲁主任转__新中国年画7.jpg,869,1,0,non_gusu,0,non_gusu,0.9541376140619687,0.04586238593803116,0.9541376140619687,0.45413761406196884,-0.6159928947877539,True,correct
IMG-0870,images/non_gusu/鲁主任转__新中国年画8.jpg,870,3,0,non_gusu,0,non_gusu,0.9718336274490661,0.028166372550934023,0.9718336274490661,0.471833627449066,-0.674263606079866,True,correct
IMG-0871,images/non_gusu/鲁主任转__新中国年画9.jpg,871,1,0,non_gusu,0,non_gusu,0.9744196083698946,0.02558039163010554,0.9744196083698946,0.47441960836989444,-0.7430132491462463,True,correct
IMG-0872,images/non_gusu/鲁主任转__民间年画1.jpg,872,5,0,non_gusu,0,non_gusu,0.9951369582149951,0.004863041785004899,0.9951369582149951,0.4951369582149951,-1.0009648948715053,True,correct
IMG-0873,images/non_gusu/鲁主任转__民间年画10.jpg,873,3,0,non_gusu,0,non_gusu,0.9650774921330988,0.03492250786690122,0.9650774921330988,0.4650774921330988,-0.6291719712998733,True,correct
IMG-0874,images/non_gusu/鲁主任转__民间年画11.jpg,874,3,0,non_gusu,0,non_gusu,0.9668847519569264,0.033115248043073496,0.9668847519569264,0.4668847519569265,-0.6403324370993074,True,correct
IMG-0875,images/non_gusu/鲁主任转__民间年画12.jpg,875,4,0,non_gusu,0,non_gusu,0.9887769378040813,0.011223062195918843,0.9887769378040813,0.48877693780408116,-0.8693697639292586,True,correct
IMG-0876,images/non_gusu/鲁主任转__民间年画13.jpg,876,2,0,non_gusu,0,non_gusu,0.8843111710649613,0.11568882893503876,0.8843111710649613,0.38431117106496127,-0.43091758249375217,True,correct
IMG-0877,images/non_gusu/鲁主任转__民间年画14.jpg,877,1,0,non_gusu,0,non_gusu,0.9969369589491351,0.0030630410508648686,0.9969369589491351,0.49693695894913514,-1.200312102861316,True,correct
IMG-0878,images/non_gusu/鲁主任转__民间年画15.jpg,878,4,0,non_gusu,0,non_gusu,0.9923285865198885,0.007671413480111535,0.9923285865198885,0.4923285865198885,-0.9466895808173361,True,correct
IMG-0879,images/non_gusu/鲁主任转__民间年画16.jpg,879,3,0,non_gusu,0,non_gusu,0.967405407606273,0.03259459239372682,0.967405407606273,0.4674054076062732,-0.6436586229895424,True,correct
IMG-0880,images/non_gusu/鲁主任转__民间年画2.jpg,880,5,0,non_gusu,0,non_gusu,0.7630298477042733,0.23697015229572668,0.7630298477042733,0.2630298477042733,-0.17882086273679348,True,correct
IMG-0881,images/non_gusu/鲁主任转__民间年画3.jpg,881,3,0,non_gusu,0,non_gusu,0.9608167765015591,0.039183223498440854,0.9608167765015591,0.46081677650155917,-0.6049493696357294,True,correct
IMG-0882,images/non_gusu/鲁主任转__民间年画4.jpg,882,3,0,non_gusu,0,non_gusu,0.9580353445359802,0.041964655464019875,0.9580353445359802,0.4580353445359801,-0.5904854430879961,True,correct
IMG-0883,images/non_gusu/鲁主任转__民间年画5.jpg,883,2,0,non_gusu,0,non_gusu,0.9932996186001406,0.006700381399859392,0.9932996186001406,0.4932996186001406,-1.0902246805460245,True,correct
IMG-0884,images/non_gusu/鲁主任转__民间年画6.jpg,884,1,0,non_gusu,0,non_gusu,0.9964574831813691,0.00354251681863098,0.9964574831813691,0.496457483181369,-1.1690195316980745,True,correct
IMG-0885,images/non_gusu/鲁主任转__民间年画7.jpg,885,1,0,non_gusu,0,non_gusu,0.9564819687322499,0.04351803126775009,0.9564819687322499,0.4564819687322499,-0.6274823710061439,True,correct
IMG-0886,images/non_gusu/鲁主任转__民间年画8.jpg,886,3,0,non_gusu,0,non_gusu,0.9935425878308477,0.006457412169152387,0.9935425878308477,0.4935425878308476,-0.981128584765515,True,correct
IMG-0887,images/non_gusu/鲁主任转__民间年画9.jpg,887,4,0,non_gusu,0,non_gusu,0.9867996279522077,0.013200372047792371,0.9867996279522077,0.4867996279522076,-0.8363730778835747,True,correct
IMG-0888,images/non_gusu/鲁主任转__门神1.jpg,888,3,0,non_gusu,0,non_gusu,0.9803669089494405,0.019633091050559607,0.9803669089494405,0.4803669089494404,-0.7496708363924257,True,correct
IMG-0889,images/non_gusu/鲁主任转__门神2.jpg,889,1,0,non_gusu,0,non_gusu,0.9792519625194862,0.02074803748051395,0.9792519625194862,0.47925196251948604,-0.7882853617013921,True,correct
IMG-0890,images/non_gusu/鲁主任转__门神3.jpg,890,2,0,non_gusu,0,non_gusu,0.9837519600230802,0.016248039976919922,0.9837519600230802,0.4837519600230801,-0.8934478016234082,True,correct
IMG-0891,images/non_gusu/鲁主任转__门神4.jpg,891,2,0,non_gusu,0,non_gusu,0.9917698812961958,0.008230118703804152,0.9917698812961958,0.49176988129619587,-1.0445734973299934,True,correct
