sample_id,image_path,sample_index,fold,true_label,true_class,pred_label,pred_class,prob_gusu,prob_non_gusu,pred_confidence,prob_true_class,is_misclassified,error_type
IMG-0000,images/gusu/BM-康乾时期的姑苏__mid_00022769_001-kangxi.jpg,0,2,0,gusu,0,gusu,0.81339639,0.18660364,0.81339639,0.81339639,0,
IMG-0001,images/gusu/BM-康乾时期的姑苏__mid_00034145_001-qianlong-亮先氏.jpg,1,1,0,gusu,0,gusu,1.00000000,0.00000000,1.00000000,1.00000000,0,
IMG-0002,images/gusu/BM-康乾时期的姑苏__mid_00034146_001-qianlong-亮先氏.jpg,2,3,0,gusu,0,gusu,1.00000000,0.00000002,1.00000000,1.00000000,0,
IMG-0003,images/gusu/BM-康乾时期的姑苏__mid_00049028_001-qianlong-亮先.jpg,3,5,0,gusu,0,gusu,1.00000000,0.00000001,1.00000000,1.00000000,0,
IMG-0004,images/gusu/BM-康乾时期的姑苏__mid_00049031_001-qianlong-亮先氏.jpg,4,2,0,gusu,0,gusu,1.00000000,0.00000000,1.00000000,1.00000000,0,
IMG-0005,images/gusu/BM-康乾时期的姑苏__mid_00091761_001-qianlong-亮先氏.jpg,5,3,0,gusu,0,gusu,0.99999738,0.00000260,0.99999738,0.99999738,0,
IMG-0006,images/gusu/BM-康乾时期的姑苏__mid_00091766_001-qianlong-丁亮先.jpg,6,5,0,gusu,0,gusu,0.99997115,0.00002889,0.99997115,0.99997115,0,
IMG-0007,images/gusu/BM-康乾时期的姑苏__mid_00091772_001-qianlong-丁亮先.jpg,7,4,0,gusu,0,gusu,0.99999297,0.00000699,0.99999297,0.99999297,0,
IMG-0008,images/gusu/BM-康乾时期的姑苏__mid_00091773_001-qianlong-亮先氏.jpg,8,3,0,gusu,0,gusu,1.00000000,0.00000000,1.00000000,1.00000000,0,
IMG-0009,images/gusu/BM-康乾时期的姑苏__mid_00091779_001-qianlong-亮先氏.jpg,9,1,0,gusu,0,gusu,1.00000000,0.00000000,1.00000000,1.00000000,0,
IMG-0010,images/gusu/BM-康乾时期的姑苏__mid_00091783_001-qianlong-亮先氏.jpg,10,5,0,gusu,0,gusu,1.00000000,0.00000000,1.00000000,1.00000000,0,
IMG-0011,images/gusu/BM-康乾时期的姑苏__mid_00091788_001-qianlong-亮先氏.jpg,11,4,0,gusu,0,gusu,1.00000000,0.00000000,1.00000000,1.00000000,0,
IMG-0012,images/gusu/BM-康乾时期的姑苏__mid_00091791_001-qianlong-丁应宗.jpg,12,1,0,gusu,0,gusu,1.00000000,0.00000000,1.00000000,1.00000000,0,
IMG-0013,images/gusu/BM-康乾时期的姑苏__mid_00091794_001-qianlong-应宗.jpg,13,4,0,gusu,0,gusu,1.00000000,0.00000000,1.00000000,1.00000000,0,
IMG-0014,images/gusu/BM-康乾时期的姑苏__mid_00091796_001-qianlong-亮先氏.jpg,14,3,0,gusu,0,gusu,1.00000000,0.00000000,1.00000000,1.00000000,0,
IMG-0015,images/gusu/BM-康乾时期的姑苏__mid_00091799_001-qianlong-应宗.jpg,15,5,0,gusu,0,gusu,1.00000000,0.00000000,1.00000000,1.00000000,0,
IMG-0016,images/gusu/BM-康乾时期的姑苏__mid_00091805_001-qianlong-亮先氏.jpg,16,3,0,gusu,0,gusu,1.00000000,0.00000000,1.00000000,1.00000000,0,
IMG-0017,images/gusu/BM-康乾时期的姑苏__mid_00091808_001-qianlong-应宗氏.jpg,17,3,0,gusu,0,gusu,1.00000000,0.00000000,1.00000000,1.00000000,0,
IMG-0018,images/gusu/BM-康乾时期的姑苏__mid_00091818_001-qianlong-丁亮先.jpg,18,5,0,gusu,0,gusu,1.00000000,0.00000000,1.00000000,1.00000000,0,
IMG-0019,images/gusu/BM-康乾时期的姑苏__mid_00091820_003-qianlong-丁应宗.jpg,19,1,0,gusu,0,gusu,1.00000000,0.00000000,1.00000000,1.00000000,0,
IMG-0020,images/gusu/BM-康乾时期的姑苏__mid_00091822_001-qianlong-应宗氏.jpg,20,1,0,gusu,0,gusu,1.00000000,0.00000000,1.00000000,1.00000000,0,
IMG-0021,images/gusu/BM-康乾时期的姑苏__mid_00091824_001-qianlong-丁亮先.jpg,21,3,0,gusu,0,gusu,1.00000000,0.00000000,1.00000000,1.00000000,0,
IMG-0022,images/gusu/BM-康乾时期的姑苏__mid_00091826_001-qianlong.jpg,22,5,0,gusu,0,gusu,0.99822086,0.00177918,0.99822086,0.99822086,0,
IMG-0023,images/gusu/BM-康乾时期的姑苏__mid_00091827_001-qianlong.jpg,23,1,0,gusu,0,gusu,1.00000000,0.00000000,1.00000000,1.00000000,0,
IMG-0024,images/gusu/BM-康乾时期的姑苏__mid_00091833_001-qianlong.jpg,24,3,0,gusu,0,gusu,1.00000000,0.00000000,1.00000000,1.00000000,0,
IMG-0025,images/gusu/BM-康乾时期的姑苏__mid_00091869_001-kangxi.jpg,25,4,0,gusu,0,gusu,0.99999523,0.00000477,0.99999523,0.99999523,0,
IMG-0026,images/gusu/BM-康乾时期的姑苏__mid_00091870_001-kangxi.jpg,26,1,0,gusu,0,gusu,0.99999940,0.00000063,0.99999940,0.99999940,0,
IMG-0027,images/gusu/BM-康乾时期的姑苏__mid_00091872_001-kangxi-汪信发.jpg,27,1,0,gusu,0,gusu,0.99999857,0.00000142,0.99999857,0.99999857,0,
IMG-0028,images/gusu/BM-康乾时期的姑苏__mid_00091875_001-kangxi-信发.jpg,28,2,0,gusu,0,gusu,1.00000000,0.00000000,1.00000000,1.00000000,0,
IMG-0029,images/gusu/BM-康乾时期的姑苏__mid_00091890_001-qianlong-丁应宗.jpg,29,1,0,gusu,0,gusu,1.00000000,0.00000000,1.00000000,1.00000000,0,
IMG-0030,images/gusu/BM-康乾时期的姑苏__mid_00091891_001-qianlong.jpg,30,1,0,gusu,0,gusu,1.00000000,0.00000000,1.00000000,1.00000000,0,
IMG-0031,images/gusu/BM-康乾时期的姑苏__mid_00091892_001-qianlong-应宗.jpg,31,3,0,gusu,0,gusu,1.00000000,0.00000000,1.00000000,1.00000000,0,
IMG-0032,images/gusu/BM-康乾时期的姑苏__mid_00091893_001-qianlong-应宗氏.jpg,32,5,0,gusu,0,gusu,1.00000000,0.00000000,1.00000000,1.00000000,0,
IMG-0033,images/gusu/BM-康乾时期的姑苏__mid_00091895_001-qianlong-应宗.jpg,33,4,0,gusu,0,gusu,1.00000000,0.00000002,1.00000000,1.00000000,0,
IMG-0034,images/gusu/BM-康乾时期的姑苏__mid_00091931_001-kangqian.jpg,34,5,0,gusu,0,gusu,1.00000000,0.00000001,1.00000000,1.00000000,0,
IMG-0035,images/gusu/BM-康乾时期的姑苏__mid_00091954_001-kangxi.jpg,35,4,0,gusu,0,gusu,1.00000000,0.00000000,1.00000000,1.00000000,0,
IMG-0036,images/gusu/BM-康乾时期的姑苏__mid_00093472_001-kangxi.jpg,36,5,0,gusu,0,gusu,0.99999988,0.00000010,0.99999988,0.99999988,0,
IMG-0037,images/gusu/BM-康乾时期的姑苏__mid_00093473_001-kangxi.jpg,37,3,0,gusu,0,gusu,1.00000000,0.00000000,1.00000000,1.00000000,0,
IMG-0038,images/gusu/BM-康乾时期的姑苏__mid_00093474_001-kangxi.jpg,38,1,0,gusu,0,gusu,1.00000000,0.00000000,1.00000000,1.00000000,0,
IMG-0039,images/gusu/BM-康乾时期的姑苏__mid_00093475_001-kangxi.jpg,39,4,0,gusu,0,gusu,1.00000000,0.00000000,1.00000000,1.00000000,0,
IMG-0040,images/gusu/BM-康乾时期的姑苏__mid_00093476_001-kangxi.jpg,40,5,0,gusu,0,gusu,1.00000000,0.00000000,1.00000000,1.00000000,0,
IMG-0041,images/gusu/BM-康乾时期的姑苏__mid_00093477_001-kangxi.jpg,41,5,0,gusu,0,gusu,1.00000000,0.00000000,1.00000000,1.00000000,0,
IMG-0042,images/gusu/BM-康乾时期的姑苏__mid_00093478_001-kangxi.jpg,42,2,0,gusu,0,gusu,1.00000000,0.00000000,1.00000000,1.00000000,0,
IMG-0043,images/gusu/BM-康乾时期的姑苏__mid_00093479_001-kangxi.jpg,43,1,0,gusu,0,gusu,1.00000000,0.00000000,1.00000000,1.00000000,0,
IMG-0044,images/gusu/BM-康乾时期的姑苏__mid_00093480_001-kangxi.jpg,44,3,0,gusu,0,gusu,1.00000000,0.00000000,1.00000000,1.00000000,0,
IMG-0045,images/gusu/BM-康乾时期的姑苏__mid_00093481_001-kangxi.jpg,45,5,0,gusu,0,gusu,0.99567801,0.00432203,0.99567801,0.99567801,0,
IMG-0046,images/gusu/BM-康乾时期的姑苏__mid_00093482_001-kangxi.jpg,46,1,0,gusu,0,gusu,0.97862327,0.02137672,0.97862327,0.97862327,0,
IMG-0047,images/gusu/BM-康乾时期的姑苏__mid_00098125_001-kangxi.jpg,47,3,0,gusu,0,gusu,1.00000000,0.00000000,1.00000000,1.00000000,0,
IMG-0048,images/gusu/BM-康乾时期的姑苏__mid_00098126_001-kangxi.jpg,48,5,0,gusu,0,gusu,0.99999988,0.00000006,0.99999988,0.99999988,0,
IMG-0049,images/gusu/BM-康乾时期的姑苏__mid_00098155_001-kangxi.jpg,49,1,0,gusu,0,gusu,0.99887747,0.00112256,0.99887747,0.99887747,0,
IMG-0050,images/gusu/BM-康乾时期的姑苏__mid_00098156_001-kangxi.jpg,50,2,0,gusu,0,gusu,1.00000000,0.00000000,1.00000000,1.00000000,0,
IMG-0051,images/gusu/BM-康乾时期的姑苏__mid_00098157_001-kangxi.jpg,51,2,0,gusu,0,gusu,0.99999988,0.00000013,0.99999988,0.99999988,0,
IMG-0052,images/gusu/BM-康乾时期的姑苏__mid_00098158_001-kangxi.jpg,52,5,0,gusu,0,gusu,0.98819411,0.01180582,0.98819411,0.98819411,0,
IMG-0053,images/gusu/BM-康乾时期的姑苏__mid_00098167_001-kangxi.jpg,53,5,0,gusu,0,gusu,1.00000000,0.00000000,1.00000000,1.00000000,0,
IMG-0054,images/gusu/BM-康乾时期的姑苏__mid_00098168_001-kangxi.jpg,54,1,0,gusu,0,gusu,1.00000000,0.00000000,1.00000000,1.00000000,0,
IMG-0055,images/gusu/BM-康乾时期的姑苏__mid_00098170_001-kangxi.jpg,55,3,0,gusu,0,gusu,0.99994695,0.00005300,0.99994695,0.99994695,0,
IMG-0056,images/gusu/BM-康乾时期的姑苏__mid_00098180_001-kangxi-汪信发.jpg,56,4,0,gusu,0,gusu,1.00000000,0.00000000,1.00000000,1.00000000,0,
IMG-0057,images/gusu/BM-康乾时期的姑苏__mid_00098183_001-kangxi.jpg,57,5,0,gusu,0,gusu,0.99999595,0.00000405,0.99999595,0.99999595,0,
IMG-0058,images/gusu/BM-康乾时期的姑苏__mid_00098184_001-kangxi.jpg,58,2,0,gusu,0,gusu,1.00000000,0.00000000,1.00000000,1.00000000,0,
IMG-0059,images/gusu/BM-康乾时期的姑苏__mid_00098186_001-kangxi.jpg,59,1,0,gusu,0,gusu,1.00000000,0.00000002,1.00000000,1.00000000,0,
IMG-0060,images/gusu/BM-康乾时期的姑苏__mid_00098187_001-kangxi.jpg,60,5,0,gusu,0,gusu,0.99932420,0.00067582,0.99932420,0.99932420,0,
IMG-0061,images/gusu/BM-康乾时期的姑苏__mid_00098205_001-kangxi.jpg,61,1,0,gusu,0,gusu,0.99995458,0.00004540,0.99995458,0.99995458,0,
IMG-0062,images/gusu/BM-康乾时期的姑苏__mid_00098212_001-kangxi.jpg,62,2,0,gusu,0,gusu,1.00000000,0.00000000,1.00000000,1.00000000,0,
IMG-0063,images/gusu/BM-康乾时期的姑苏__mid_00098219_001-kangqian.jpg,63,4,0,gusu,0,gusu,0.99988639,0.00011358,0.99988639,0.99988639,0,
IMG-0064,images/gusu/BM-康乾时期的姑苏__mid_00102801_001-kangxi.jpg,64,4,0,gusu,0,gusu,1.00000000,0.00000000,1.00000000,1.00000000,0,
IMG-0065,images/gusu/BM-康乾时期的姑苏__mid_00248649_001-qianlong-丁亮先.jpg,65,1,0,gusu,0,gusu,1.00000000,0.00000000,1.00000000,1.00000000,0,
IMG-0066,images/gusu/BM-康乾时期的姑苏__mid_00249647_001-qianlong-张星聚.jpg,66,5,0,gusu,0,gusu,0.99993825,0.00006170,0.99993825,0.99993825,0,
IMG-0067,images/gusu/BM-康乾时期的姑苏__mid_00254623_001-qianlong-丁亮先.jpg,67,4,0,gusu,0,gusu,1.00000000,0.00000000,1.00000000,1.00000000,0,
IMG-0068,images/gusu/BM-康乾时期的姑苏__mid_00302395_001-kangxi.jpg,68,1,0,gusu,0,gusu,1.00000000,0.00000000,1.00000000,1.00000000,0,
IMG-0069,images/gusu/BM-康乾时期的姑苏__mid_00302397_001-kangxi.jpg,69,3,0,gusu,0,gusu,1.00000000,0.00000000,1.00000000,1.00000000,0,
IMG-0070,images/gusu/BM-康乾时期的姑苏__mid_00302398_001-kangxi.jpg,70,5,0,gusu,0,gusu,0.99999976,0.00000019,0.99999976,0.99999976,0,
IMG-0071,images/gusu/BM-康乾时期的姑苏__mid_00302425_001-kangxi-汪信发.jpg,71,5,0,gusu,0,gusu,1.00000000,0.00000000,1.00000000,1.00000000,0,
IMG-0072,images/gusu/BM-康乾时期的姑苏__mid_00328634_001-qianlong-亮先氏.jpg,72,1,0,gusu,0,gusu,1.00000000,0.00000000,1.00000000,1.00000000,0,
IMG-0073,images/gusu/BM-康乾时期的姑苏__mid_00510345_001-qianlong-金阊丁氏.jpg,73,2,0,gusu,0,gusu,1.00000000,0.00000000,1.00000000,1.00000000,0,
IMG-0074,images/gusu/BM-康乾时期的姑苏__mid_00645788_001-qianlong.jpg,74,5,0,gusu,0,gusu,0.99620771,0.00379233,0.99620771,0.99620771,0,
IMG-0075,images/gusu/BM-康乾时期的姑苏__mid_00651802_001-kangqian.jpg,75,1,0,gusu,0,gusu,0.99999988,0.00000014,0.99999988,0.99999988,0,
IMG-0076,images/gusu/BM-康乾时期的姑苏__mid_00651807_001-kangqian.jpg,76,3,0,gusu,0,gusu,0.99999952,0.00000044,0.99999952,0.99999952,0,
IMG-0077,images/gusu/BM-康乾时期的姑苏__mid_00710785_001-kangqian.jpg,77,3,0,gusu,0,gusu,1.00000000,0.00000000,1.00000000,1.00000000,0,
IMG-0078,images/gusu/BM-康乾时期的姑苏__mid_00711806_001-kangxi-王君甫.jpg,78,5,0,gusu,0,gusu,0.99999118,0.00000881,0.99999118,0.99999118,0,
IMG-0079,images/gusu/BM-康乾时期的姑苏__mid_00711816_001-kangxi.jpg,79,1,0,gusu,0,gusu,1.00000000,0.00000000,1.00000000,1.00000000,0,
IMG-0080,images/gusu/BM-康乾时期的姑苏__mid_00711817_001-kangxi.jpg,80,2,0,gusu,0,gusu,1.00000000,0.00000000,1.00000000,1.00000000,0,
IMG-0081,images/gusu/BM-康乾时期的姑苏__mid_00711820_001-kangxi.jpg,81,5,0,gusu,0,gusu,0.99880302,0.00119696,0.99880302,0.99880302,0,
IMG-0082,images/gusu/BM-康乾时期的姑苏__mid_00711821_001-kangxi.jpg,82,5,0,gusu,0,gusu,0.99999809,0.00000186,0.99999809,0.99999809,0,
IMG-0083,images/gusu/BM-康乾时期的姑苏__mid_00717809_001-qianlong-亮先氏.jpg,83,4,0,gusu,0,gusu,1.00000000,0.00000000,1.00000000,1.00000000,0,
IMG-0084,images/gusu/BM-康乾时期的姑苏__mid_0410_2-qianlong.jpg,84,3,0,gusu,0,gusu,0.95012105,0.04987903,0.95012105,0.95012105,0,
IMG-0085,images/gusu/BM-康乾时期的姑苏__mid_RFC1072-qianlong.jpg,85,4,0,gusu,0,gusu,1.00000000,0.00000004,1.00000000,1.00000000,0,
IMG-0086,images/gusu/Cleveland__2025.108_print-qianlong-亮先氏.jpg,86,1,0,gusu,0,gusu,1.00000000,0.00000000,1.00000000,1.00000000,0,
IMG-0087,images/gusu/Cleveland__2025.113_print-qianlong.jpg,87,4,0,gusu,0,gusu,1.00000000,0.00000000,1.00000000,1.00000000,0,
IMG-0088,images/gusu/Cleveland__2025.118_print-qianlong-亮先氏.jpg,88,1,0,gusu,0,gusu,1.00000000,0.00000000,1.00000000,1.00000000,0,
IMG-0089,images/gusu/Cleveland__2025.127_print-qianlong-亮先氏.jpg,89,2,0,gusu,0,gusu,1.00000000,0.00000000,1.00000000,1.00000000,0,
IMG-0090,images/gusu/Cleveland__2025.21_print-qianlong.jpg,90,5,0,gusu,0,gusu,0.97569454,0.02430547,0.97569454,0.97569454,0,
IMG-0091,images/gusu/Cleveland__2025.23_print-qianlong.jpg,91,2,0,gusu,0,gusu,1.00000000,0.00000000,1.00000000,1.00000000,0,
IMG-0092,images/gusu/Cleveland__2025.24_print-qianlong.jpg,92,5,0,gusu,0,gusu,1.00000000,0.00000002,1.00000000,1.00000000,0,
IMG-0093,images/gusu/Cleveland__2025.29_print-qianlong.jpg,93,1,0,gusu,0,gusu,0.98806411,0.01193584,0.98806411,0.98806411,0,
IMG-0094,images/gusu/Cleveland__2025.31_print-qianlong.jpg,94,2,0,gusu,0,gusu,1.00000000,0.00000000,1.00000000,1.00000000,0,
IMG-0095,images/gusu/Cleveland__2025.32_print-qianlong.jpg,95,4,0,gusu,0,gusu,1.00000000,0.00000000,1.00000000,1.00000000,0,
IMG-0096,images/gusu/Cleveland__2025.42_print-qianlong.jpg,96,1,0,gusu,0,gusu,0.99833930,0.00166073,0.99833930,0.99833930,0,
IMG-0097,images/gusu/Cleveland__2025.43_print-qianlong.jpg,97,1,0,gusu,0,gusu,0.55989021,0.44010979,0.55989021,0.55989021,0,
IMG-0098,images/gusu/Cleveland__2025.44_print-daoguang.jpg,98,1,0,gusu,0,gusu,1.00000000,0.00000000,1.00000000,1.00000000,0,
IMG-0099,images/gusu/Cleveland__2025.48_print-qianlong.jpg,99,3,0,gusu,0,gusu,1.00000000,0.00000000,1.00000000,1.00000000,0,
IMG-0100,images/gusu/Cleveland__2025.49_print-qianlong.jpg,100,3,0,gusu,0,gusu,1.00000000,0.00000000,1.00000000,1.00000000,0,
IMG-0101,images/gusu/Cleveland__2025.53_print-qianlong.jpg,101,1,0,gusu,0,gusu,0.99999809,0.00000189,0.99999809,0.99999809,0,
IMG-0102,images/gusu/Cleveland__2025.57_print-qianlong.jpg,102,1,0,gusu,0,gusu,0.99978381,0.00021618,0.99978381,0.99978381,0,
IMG-0103,images/gusu/Cleveland__2025.60_print-kangxi.jpg,103,5,0,gusu,0,gusu,0.99563855,0.00436150,0.99563855,0.99563855,0,
IMG-0104,images/gusu/Cleveland__2025.61_print-kangxi.jpg,104,2,0,gusu,0,gusu,0.99470490,0.00529507,0.99470490,0.99470490,0,
IMG-0105,images/gusu/Cleveland__2025.72_print-jiaqing.jpg,105,5,0,gusu,0,gusu,0.99999440,0.00000563,0.99999440,0.99999440,0,
IMG-0106,images/gusu/Cleveland__2025.73_print-jiaqing.jpg,106,4,0,gusu,0,gusu,1.00000000,0.00000000,1.00000000,1.00000000,0,
IMG-0107,images/gusu/Cleveland__2025.76_print-jiaqing.jpg,107,2,0,gusu,0,gusu,0.72834939,0.27165067,0.72834939,0.72834939,0,
IMG-0108,images/gusu/Cleveland__2025.82_print-qianlong.jpg,108,3,0,gusu,1,non_gusu,0.00828849,0.99171150,0.99171150,0.00828849,1,gusu_to_non_gusu
IMG-0109,images/gusu/Cleveland__2025.83_print-qianlong.jpg,109,2,0,gusu,0,gusu,1.00000000,0.00000000,1.00000000,1.00000000,0,
IMG-0110,images/gusu/Cleveland__2025.84_print-qianlong.jpg,110,2,0,gusu,0,gusu,1.00000000,0.00000000,1.00000000,1.00000000,0,
IMG-0111,images/gusu/Cleveland__2025.87_print-qianlong.jpg,111,3,0,gusu,0,gusu,0.99900609,0.00099388,0.99900609,0.99900609,0,
IMG-0112,images/gusu/Cleveland__2025.88_print-qianlong.jpg,112,3,0,gusu,0,gusu,0.99989831,0.00010172,0.99989831,0.99989831,0,
IMG-0113,images/gusu/Cleveland__2025.93_print-kangxi.jpg,113,2,0,gusu,0,gusu,0.99999881,0.00000113,0.99999881,0.99999881,0,
IMG-0114,images/gusu/Cleveland__2025.94_print-kangxi.jpg,114,4,0,gusu,0,gusu,1.00000000,0.00000000,1.00000000,1.00000000,0,
IMG-0115,images/gusu/Cleveland__2025.97_print-qianlong.jpg,115,1,0,gusu,0,gusu,0.80226254,0.19773750,0.80226254,0.80226254,0,
IMG-0116,images/gusu/私人藏家__IMG_0076.jpg,116,1,0,gusu,0,gusu,0.99997365,0.00002633,0.99997365,0.99997365,0,
IMG-0117,images/gusu/私人藏家__IMG_0082.jpg,117,2,0,gusu,0,gusu,1.00000000,0.00000000,1.00000000,1.00000000,0,
IMG-0118,images/gusu/私人藏家__IMG_0084.jpg,118,2,0,gusu,0,gusu,0.99998534,0.00001470,0.99998534,0.99998534,0,
IMG-0119,images/gusu/私人藏家__IMG_0085.jpg,119,5,0,gusu,0,gusu,0.99999988,0.00000010,0.99999988,0.99999988,0,
IMG-0120,images/gusu/私人藏家__IMG_0096.jpg,120,4,0,gusu,0,gusu,0.86805981,0.13194017,0.86805981,0.86805981,0,
IMG-0121,images/gusu/私人藏家__IMG_0102.jpg,121,1,0,gusu,0,gusu,0.98936450,0.01063553,0.98936450,0.98936450,0,
IMG-0122,images/gusu/私人藏家__IMG_0103.jpg,122,5,0,gusu,0,gusu,0.99981707,0.00018293,0.99981707,0.99981707,0,
IMG-0123,images/gusu/私人藏家__IMG_0108.jpg,123,1,0,gusu,0,gusu,0.99915159,0.00084836,0.99915159,0.99915159,0,
IMG-0124,images/gusu/MET__DP-40648-002-qianlong-仁和轩.jpg,124,5,0,gusu,0,gusu,1.00000000,0.00000000,1.00000000,1.00000000,0,
IMG-0125,images/gusu/MET__DP-40649-002-qianlong.jpg,125,1,0,gusu,0,gusu,1.00000000,0.00000000,1.00000000,1.00000000,0,
IMG-0126,images/gusu/MET__DP-40650-002-qianlong.jpg,126,1,0,gusu,0,gusu,1.00000000,0.00000000,1.00000000,1.00000000,0,
IMG-0127,images/gusu/MET__DP-40651-002-qianlong.jpg,127,4,0,gusu,0,gusu,1.00000000,0.00000000,1.00000000,1.00000000,0,
IMG-0128,images/gusu/MET__DP-40652-002-qianlong-隐渔居士.jpg,128,1,0,gusu,0,gusu,0.99999928,0.00000076,0.99999928,0.99999928,0,
IMG-0129,images/gusu/MET__DP-40653-002-qianlong.jpg,129,2,0,gusu,0,gusu,1.00000000,0.00000000,1.00000000,1.00000000,0,
IMG-0130,images/gusu/MET__DP-40654-002-qianlong.jpg,130,4,0,gusu,0,gusu,1.00000000,0.00000000,1.00000000,1.00000000,0,
IMG-0131,images/gusu/MET__DP-40655-002-qianlong.jpg,131,4,0,gusu,0,gusu,1.00000000,0.00000004,1.00000000,1.00000000,0,
IMG-0132,images/gusu/MET__DP-40656-002-qianlong.jpg,132,1,0,gusu,0,gusu,1.00000000,0.00000000,1.00000000,1.00000000,0,
IMG-0133,images/gusu/MET__DP-40656-003-qianlong.jpg,133,3,0,gusu,0,gusu,1.00000000,0.00000000,1.00000000,1.00000000,0,
IMG-0134,images/gusu/MET__DP-40657-002-qianlong-东坞主人.jpg,134,5,0,gusu,0,gusu,1.00000000,0.00000000,1.00000000,1.00000000,0,
IMG-0135,images/gusu/MET__DP-40658-002-qianlong-仁和轩.jpg,135,1,0,gusu,0,gusu,1.00000000,0.00000000,1.00000000,1.00000000,0,
IMG-0136,images/gusu/MET__DP-40659-002-qianlong-墨浪子.jpg,136,1,0,gusu,0,gusu,1.00000000,0.00000000,1.00000000,1.00000000,0,
IMG-0137,images/gusu/MET__DP-40660-002-qianlong.jpg,137,5,0,gusu,0,gusu,0.99908507,0.00091498,0.99908507,0.99908507,0,
IMG-0138,images/gusu/MET__DP-40661-002-qianlong-曹陞.jpg,138,2,0,gusu,0,gusu,1.00000000,0.00000000,1.00000000,1.00000000,0,
IMG-0139,images/gusu/MET__DP-40662-002-qianlong-归来轩.jpg,139,5,0,gusu,0,gusu,1.00000000,0.00000000,1.00000000,1.00000000,0,
IMG-0140,images/gusu/MET__DP-40663-002-qianlong.jpg,140,5,0,gusu,0,gusu,1.00000000,0.00000001,1.00000000,1.00000000,0,
IMG-0141,images/gusu/MET__DP-40664-002-qianlong.jpg,141,2,0,gusu,0,gusu,1.00000000,0.00000000,1.00000000,1.00000000,0,
IMG-0142,images/gusu/MET__DP-40665-002-qianlong.jpg,142,2,0,gusu,0,gusu,1.00000000,0.00000000,1.00000000,1.00000000,0,
IMG-0143,images/gusu/MET__DP-40666-002-qianlong.jpg,143,2,0,gusu,0,gusu,1.00000000,0.00000000,1.00000000,1.00000000,0,
IMG-0144,images/gusu/MET__DP-40667-002-qianlong-种墨斋.jpg,144,2,0,gusu,0,gusu,1.00000000,0.00000000,1.00000000,1.00000000,0,
IMG-0145,images/gusu/MET__DP-40669-002-qianlong.jpg,145,5,0,gusu,0,gusu,1.00000000,0.00000000,1.00000000,1.00000000,0,
IMG-0146,images/gusu/MET__DP-40670-002-kangxi.jpg,146,4,0,gusu,0,gusu,0.99999905,0.00000092,0.99999905,0.99999905,0,
IMG-0147,images/gusu/MET__DP-40846-001-ming.jpg,147,5,0,gusu,0,gusu,0.99999869,0.00000132,0.99999869,0.99999869,0,
IMG-0148,images/gusu/MET__DP-40847-001-jiaqing-周元兴发.jpg,148,3,0,gusu,0,gusu,0.99992132,0.00007862,0.99992132,0.99992132,0,
IMG-0149,images/gusu/MET__DP-40848-001-qianlong.jpg,149,2,0,gusu,0,gusu,0.99999726,0.00000274,0.99999726,0.99999726,0,
IMG-0150,images/gusu/MET__DP-40849-001-qianlong.jpg,150,4,0,gusu,0,gusu,1.00000000,0.00000000,1.00000000,1.00000000,0,
IMG-0151,images/gusu/MET__DP-40850-001-qianlong.jpg,151,5,0,gusu,0,gusu,0.99999928,0.00000068,0.99999928,0.99999928,0,
IMG-0152,images/gusu/MET__DP-40851-001-qianlong.jpg,152,2,0,gusu,0,gusu,1.00000000,0.00000002,1.00000000,1.00000000,0,
IMG-0153,images/gusu/MET__DP-40852-001-kangxi or yongzheng.jpg,153,4,0,gusu,0,gusu,0.99992859,0.00007137,0.99992859,0.99992859,0,
IMG-0154,images/gusu/MET__DP-40853-001-zhenjiang.jpg,154,5,0,gusu,0,gusu,0.99999988,0.00000008,0.99999988,0.99999988,0,
IMG-0155,images/gusu/MET__DP-40854-001-kangxi.jpg,155,5,0,gusu,0,gusu,1.00000000,0.00000000,1.00000000,1.00000000,0,
IMG-0156,images/gusu/MET__DP-40855-001-qianlong.jpg,156,3,0,gusu,0,gusu,1.00000000,0.00000000,1.00000000,1.00000000,0,
IMG-0157,images/gusu/MET__DP-40856-001-kangxi-季祥吉发行.jpg,157,2,0,gusu,0,gusu,1.00000000,0.00000000,1.00000000,1.00000000,0,
IMG-0158,images/gusu/MET__DP-40857-001-qianlong.jpg,158,5,0,gusu,0,gusu,0.99054670,0.00945326,0.99054670,0.99054670,0,
IMG-0159,images/gusu/MET__DP-40858-001-jiaqing.jpg,159,2,0,gusu,0,gusu,1.00000000,0.00000000,1.00000000,1.00000000,0,
IMG-0160,images/gusu/MET__DP-40859-001-jiaqing.jpg,160,3,0,gusu,0,gusu,0.99999988,0.00000012,0.99999988,0.99999988,0,
IMG-0161,images/gusu/MET__DP-40860-001-jiaqing.jpg,161,2,0,gusu,0,gusu,1.00000000,0.00000000,1.00000000,1.00000000,0,
IMG-0162,images/gusu/MET__DP-40861-001-jiaqing.jpg,162,2,0,gusu,0,gusu,1.00000000,0.00000000,1.00000000,1.00000000,0,
IMG-0163,images/gusu/MET__DP-40862-001-xianfeng.jpg,163,5,0,gusu,0,gusu,0.99999857,0.00000141,0.99999857,0.99999857,0,
IMG-0164,images/gusu/MET__DP-40863-001-jiaqing.jpg,164,1,0,gusu,0,gusu,0.99966466,0.00033529,0.99966466,0.99966466,0,
IMG-0165,images/gusu/MET__DP-40864-001-qianlong-管瑞玉.jpg,165,3,0,gusu,0,gusu,0.91960919,0.08039079,0.91960919,0.91960919,0,
IMG-0166,images/gusu/MET__DP-40865-001-qianlong.jpg,166,2,0,gusu,0,gusu,1.00000000,0.00000000,1.00000000,1.00000000,0,
IMG-0167,images/gusu/MET__DP-40866-001-kangxi.jpg,167,5,0,gusu,0,gusu,0.99999356,0.00000642,0.99999356,0.99999356,0,
IMG-0168,images/gusu/MET__DP-40867-001-jiaqing.jpg,168,5,0,gusu,0,gusu,0.99992633,0.00007364,0.99992633,0.99992633,0,
IMG-0169,images/gusu/MET__DP-40868-001-qianlong.jpg,169,1,0,gusu,0,gusu,0.99997914,0.00002091,0.99997914,0.99997914,0,
IMG-0170,images/gusu/MET__DP-41019-004-qianlong.jpg,170,5,0,gusu,1,non_gusu,0.00416666,0.99583328,0.99583328,0.00416666,1,gusu_to_non_gusu
IMG-0171,images/gusu/MET__DP-41270-001-ming.jpg,171,2,0,gusu,0,gusu,1.00000000,0.00000000,1.00000000,1.00000000,0,
IMG-0172,images/gusu/MET__DP-41271-001-qianlong.jpg,172,4,0,gusu,0,gusu,0.99999404,0.00000593,0.99999404,0.99999404,0,
IMG-0173,images/gusu/MET__DP-41272-001-qianlong.jpg,173,2,0,gusu,0,gusu,1.00000000,0.00000000,1.00000000,1.00000000,0,
IMG-0174,images/gusu/MET__DP-41273-001-qianlong.jpg,174,4,0,gusu,0,gusu,0.99999762,0.00000242,0.99999762,0.99999762,0,
IMG-0175,images/gusu/MET__DP-41274-001-qianlong.jpg,175,3,0,gusu,0,gusu,0.99998665,0.00001339,0.99998665,0.99998665,0,
IMG-0176,images/gusu/MET__DP-41275-001-jiaqing.jpg,176,3,0,gusu,0,gusu,0.99994791,0.00005205,0.99994791,0.99994791,0,
IMG-0177,images/gusu/MET__DP-41276-001-qianlong.jpg,177,4,0,gusu,0,gusu,0.99999893,0.00000110,0.99999893,0.99999893,0,
IMG-0178,images/gusu/MET__DP-41277-001-qianlong-季涛子.jpg,178,3,0,gusu,0,gusu,0.57414901,0.42585102,0.57414901,0.57414901,0,
IMG-0179,images/gusu/MET__DP-41278-001-qianlong.jpg,179,5,0,gusu,0,gusu,1.00000000,0.00000001,1.00000000,1.00000000,0,
IMG-0180,images/gusu/MET__DP-41280-001-qianlong-桃坞主人.jpg,180,3,0,gusu,0,gusu,0.99998796,0.00001209,0.99998796,0.99998796,0,
IMG-0181,images/gusu/MET__DP-41281-002-xianfeng.jpg,181,4,0,gusu,0,gusu,1.00000000,0.00000000,1.00000000,1.00000000,0,
IMG-0182,images/gusu/MET__DP-41282-001-qianlong.jpg,182,4,0,gusu,0,gusu,1.00000000,0.00000000,1.00000000,1.00000000,0,
IMG-0183,images/gusu/MET__DP-41283-001-qianlong.jpg,183,1,0,gusu,0,gusu,1.00000000,0.00000000,1.00000000,1.00000000,0,
IMG-0184,images/gusu/MET__DP-41284-001-qianlong.jpg,184,2,0,gusu,0,gusu,1.00000000,0.00000000,1.00000000,1.00000000,0,
IMG-0185,images/gusu/MET__DP-41285-001-qianlong.jpg,185,4,0,gusu,0,gusu,0.99999964,0.00000037,0.99999964,0.99999964,0,
IMG-0186,images/gusu/MET__DP-41286-001-qianlong.jpg,186,5,0,gusu,0,gusu,0.99999976,0.00000020,0.99999976,0.99999976,0,
IMG-0187,images/gusu/MET__DP-41287-001-qianlong-归来主人.jpg,187,5,0,gusu,0,gusu,0.99999893,0.00000110,0.99999893,0.99999893,0,
IMG-0188,images/gusu/MET__DP-41290-002-qianlong-季子明.jpg,188,4,0,gusu,0,gusu,1.00000000,0.00000000,1.00000000,1.00000000,0,
IMG-0189,images/gusu/MET__DP-41298-001-kangxi or yongzheng.jpg,189,1,0,gusu,0,gusu,1.00000000,0.00000003,1.00000000,1.00000000,0,
IMG-0190,images/gusu/MET__DP-41299-001-kangxi-吕君翰发行.jpg,190,2,0,gusu,0,gusu,0.99636877,0.00363118,0.99636877,0.99636877,0,
IMG-0191,images/gusu/MET__DP-41307-001-kangxi.jpg,191,5,0,gusu,0,gusu,1.00000000,0.00000000,1.00000000,1.00000000,0,
IMG-0192,images/gusu/MET__DP-41318-002-qianlong-墨浪子.jpg,192,3,0,gusu,0,gusu,0.99915671,0.00084330,0.99915671,0.99915671,0,
IMG-0193,images/gusu/MET__DP-41319-001-jiaqing-竟源记.jpg,193,1,0,gusu,0,gusu,1.00000000,0.00000000,1.00000000,1.00000000,0,
IMG-0194,images/gusu/MET__DP-41320-001-daoguang.jpg,194,4,0,gusu,0,gusu,0.99998200,0.00001797,0.99998200,0.99998200,0,
IMG-0195,images/gusu/MET__DP-41323-001-qianlong.jpg,195,4,0,gusu,0,gusu,1.00000000,0.00000002,1.00000000,1.00000000,0,
IMG-0196,images/gusu/MET__DP-41324-001-qianlong.jpg,196,2,0,gusu,0,gusu,1.00000000,0.00000000,1.00000000,1.00000000,0,
IMG-0197,images/gusu/MET__DP-41326-001-qianlong-根延氏.jpg,197,2,0,gusu,0,gusu,1.00000000,0.00000000,1.00000000,1.00000000,0,
IMG-0198,images/gusu/MET__DP-41327-001-qianlong-曹陞.jpg,198,2,0,gusu,0,gusu,1.00000000,0.00000000,1.00000000,1.00000000,0,
IMG-0199,images/gusu/MET__DP-41328-001-qianlong.jpg,199,3,0,gusu,0,gusu,1.00000000,0.00000001,1.00000000,1.00000000,0,
IMG-0200,images/gusu/MET__DP-41329-001-qianlong.jpg,200,1,0,gusu,0,gusu,1.00000000,0.00000000,1.00000000,1.00000000,0,
IMG-0201,images/gusu/MET__DP-41331-001-jiaqing.jpg,201,4,0,gusu,1,non_gusu,0.35151964,0.64848036,0.64848036,0.35151964,1,gusu_to_non_gusu
IMG-0202,images/gusu/MET__DP-41333-001-qianlong.jpg,202,2,0,gusu,0,gusu,0.99999928,0.00000075,0.99999928,0.99999928,0,
IMG-0203,images/gusu/MET__DP-41445-002-jiaqing-止庵.jpg,203,1,0,gusu,0,gusu,1.00000000,0.00000000,1.00000000,1.00000000,0,
IMG-0204,images/gusu/MET__DP-41446-001-qianlong.jpg,204,1,0,gusu,0,gusu,1.00000000,0.00000000,1.00000000,1.00000000,0,
IMG-0205,images/gusu/MET__DP-41449-001-kangxi.jpg,205,4,0,gusu,0,gusu,0.99999881,0.00000115,0.99999881,0.99999881,0,
IMG-0206,images/gusu/MET__DP-41450-001-kangxi.jpg,206,2,0,gusu,0,gusu,1.00000000,0.00000000,1.00000000,1.00000000,0,
IMG-0207,images/gusu/MET__DP-41451-001-qianlong.jpg,207,5,0,gusu,0,gusu,0.97545141,0.02454854,0.97545141,0.97545141,0,
IMG-0208,images/gusu/MET__DP-41452-001-qianlong.jpg,208,3,0,gusu,0,gusu,0.99998391,0.00001604,0.99998391,0.99998391,0,
IMG-0209,images/gusu/MET__DP-41454-001-qianlong-丁亮先.jpg,209,3,0,gusu,0,gusu,1.00000000,0.00000000,1.00000000,1.00000000,0,
IMG-0210,images/gusu/MET__DP-41455-001-qianlong-应宗氏.jpg,210,5,0,gusu,0,gusu,1.00000000,0.00000000,1.00000000,1.00000000,0,
IMG-0211,images/gusu/MET__DP-41456-001-qianlong-丁亮先.jpg,211,3,0,gusu,0,gusu,1.00000000,0.00000000,1.00000000,1.00000000,0,
IMG-0212,images/gusu/MET__DP-41457-001-qianlong-亮先氏.jpg,212,4,0,gusu,0,gusu,1.00000000,0.00000000,1.00000000,1.00000000,0,
IMG-0213,images/gusu/MET__DP-41458-001-qianlong-应宗.jpg,213,3,0,gusu,0,gusu,1.00000000,0.00000000,1.00000000,1.00000000,0,
IMG-0214,images/gusu/MET__DP-41459-001-qianlong.jpg,214,1,0,gusu,0,gusu,1.00000000,0.00000000,1.00000000,1.00000000,0,
IMG-0215,images/gusu/MET__DP-41460-001-qianlong-亮先氏.jpg,215,3,0,gusu,0,gusu,1.00000000,0.00000000,1.00000000,1.00000000,0,
IMG-0216,images/gusu/MET__DP-41461-001-qianlong-丁应宗.jpg,216,2,0,gusu,0,gusu,1.00000000,0.00000000,1.00000000,1.00000000,0,
IMG-0217,images/gusu/MET__DP-41462-001-qianlong.jpg,217,3,0,gusu,0,gusu,1.00000000,0.00000000,1.00000000,1.00000000,0,
IMG-0218,images/gusu/MET__DP-41463-001-qianlong-许源山.jpg,218,2,0,gusu,0,gusu,1.00000000,0.00000000,1.00000000,1.00000000,0,
IMG-0219,images/gusu/MET__DP-41464-001-qianlong-许源山.jpg,219,1,0,gusu,0,gusu,1.00000000,0.00000000,1.00000000,1.00000000,0,
IMG-0220,images/gusu/MET__DP-41465-001-qianlong.jpg,220,2,0,gusu,0,gusu,1.00000000,0.00000000,1.00000000,1.00000000,0,
IMG-0221,images/gusu/MET__DP-41466-001-qianlong.jpg,221,5,0,gusu,0,gusu,1.00000000,0.00000000,1.00000000,1.00000000,0,
IMG-0222,images/gusu/MET__DP-41467-001-qianlong.jpg,222,1,0,gusu,0,gusu,1.00000000,0.00000000,1.00000000,1.00000000,0,
IMG-0223,images/gusu/MET__DP-41468-001-qianlong.jpg,223,3,0,gusu,0,gusu,1.00000000,0.00000000,1.00000000,1.00000000,0,
IMG-0224,images/gusu/MET__DP-41469-001-qianlong-亮先氏.jpg,224,2,0,gusu,0,gusu,1.00000000,0.00000000,1.00000000,1.00000000,0,
IMG-0225,images/gusu/MET__DP-41470-001-qianlong-亮先题.jpg,225,5,0,gusu,0,gusu,1.00000000,0.00000000,1.00000000,1.00000000,0,
IMG-0226,images/gusu/MET__DP-41473-001-qianlong.jpg,226,2,0,gusu,0,gusu,1.00000000,0.00000000,1.00000000,1.00000000,0,
IMG-0227,images/gusu/MET__DP-41821-001-yongzheng or qianlong-韩怀德.jpg,227,2,0,gusu,0,gusu,1.00000000,0.00000000,1.00000000,1.00000000,0,
IMG-0228,images/gusu/MET__DP-41822-001-qianlong.jpg,228,5,0,gusu,0,gusu,1.00000000,0.00000000,1.00000000,1.00000000,0,
IMG-0229,images/gusu/MET__DP-44380-002-qianlong.jpg,229,4,0,gusu,0,gusu,1.00000000,0.00000000,1.00000000,1.00000000,0,
IMG-0230,images/gusu/MET__DP-44381-002-qianlong or jiaqing.jpg,230,5,0,gusu,0,gusu,0.99999976,0.00000029,0.99999976,0.99999976,0,
IMG-0231,images/gusu/MET__restricted-2-kangxi.jpg,231,2,0,gusu,0,gusu,1.00000000,0.00000000,1.00000000,1.00000000,0,
IMG-0232,images/gusu/MET__restricted-3-qianlong.jpg,232,4,0,gusu,0,gusu,1.00000000,0.00000000,1.00000000,1.00000000,0,
IMG-0233,images/gusu/MET__restricted-kangxi.jpg,233,1,0,gusu,0,gusu,1.00000000,0.00000000,1.00000000,1.00000000,0,
IMG-0234,images/gusu/私人藏家__微信图片_20260506165420.jpg,234,1,0,gusu,0,gusu,0.99888843,0.00111161,0.99888843,0.99888843,0,
IMG-0235,images/gusu/私人藏家__微信图片_20260506165451.jpg,235,1,0,gusu,0,gusu,0.99999988,0.00000008,0.99999988,0.99999988,0,
IMG-0236,images/gusu/私人藏家__微信图片_20260506165500.jpg,236,2,0,gusu,0,gusu,0.99616635,0.00383374,0.99616635,0.99616635,0,
IMG-0237,images/gusu/私人藏家__微信图片_20260506165509.jpg,237,2,0,gusu,0,gusu,0.99999106,0.00000896,0.99999106,0.99999106,0,
IMG-0238,images/gusu/私人藏家__微信图片_20260506165517.jpg,238,2,0,gusu,0,gusu,1.00000000,0.00000000,1.00000000,1.00000000,0,
IMG-0239,images/gusu/私人藏家__微信图片_20260506165528.jpg,239,3,0,gusu,0,gusu,0.99999940,0.00000063,0.99999940,0.99999940,0,
IMG-0240,images/gusu/私人藏家__微信图片_20260506165540.jpg,240,2,0,gusu,0,gusu,0.99985111,0.00014883,0.99985111,0.99985111,0,
IMG-0241,images/gusu/私人藏家__微信图片_20260506165548.jpg,241,1,0,gusu,1,non_gusu,0.14429063,0.85570937,0.85570937,0.14429063,1,gusu_to_non_gusu
IMG-0242,images/gusu/私人藏家__微信图片_20260506165556.jpg,242,3,0,gusu,0,gusu,0.99849522,0.00150474,0.99849522,0.99849522,0,
IMG-0243,images/gusu/私人藏家__微信图片_20260506165606.jpg,243,4,0,gusu,0,gusu,0.99998307,0.00001688,0.99998307,0.99998307,0,
IMG-0244,images/gusu/私人藏家__微信图片_20260506165632.jpg,244,3,0,gusu,0,gusu,1.00000000,0.00000001,1.00000000,1.00000000,0,
IMG-0245,images/gusu/私人藏家__微信图片_20260506165639.jpg,245,4,0,gusu,0,gusu,1.00000000,0.00000000,1.00000000,1.00000000,0,
IMG-0246,images/gusu/私人藏家__微信图片_20260506165648.jpg,246,5,0,gusu,0,gusu,0.99998569,0.00001433,0.99998569,0.99998569,0,
IMG-0247,images/gusu/私人藏家__微信图片_20260424173857.jpg,247,4,0,gusu,1,non_gusu,0.00868208,0.99131799,0.99131799,0.00868208,1,gusu_to_non_gusu
IMG-0248,images/gusu/私人藏家__微信图片_20260424173943.jpg,248,4,0,gusu,0,gusu,1.00000000,0.00000004,1.00000000,1.00000000,0,
IMG-0249,images/gusu/私人藏家__微信图片_20260424173952.jpg,249,2,0,gusu,0,gusu,0.99553502,0.00446503,0.99553502,0.99553502,0,
IMG-0250,images/gusu/私人藏家__微信图片_20260424174000.jpg,250,2,0,gusu,0,gusu,1.00000000,0.00000000,1.00000000,1.00000000,0,
IMG-0251,images/gusu/私人藏家__微信图片_20260424174015.jpg,251,4,0,gusu,0,gusu,0.99994504,0.00005498,0.99994504,0.99994504,0,
IMG-0252,images/gusu/私人藏家__微信图片_20260424174022.jpg,252,3,0,gusu,0,gusu,0.99999988,0.00000010,0.99999988,0.99999988,0,
IMG-0253,images/gusu/私人藏家__微信图片_20260424174029.jpg,253,3,0,gusu,0,gusu,0.99996781,0.00003222,0.99996781,0.99996781,0,
IMG-0254,images/gusu/私人藏家__微信图片_20260424174035.jpg,254,3,0,gusu,0,gusu,0.99979383,0.00020616,0.99979383,0.99979383,0,
IMG-0255,images/gusu/私人藏家__微信图片_20260424174045.jpg,255,1,0,gusu,0,gusu,1.00000000,0.00000000,1.00000000,1.00000000,0,
IMG-0256,images/gusu/私人藏家__微信图片_20260424174054.jpg,256,5,0,gusu,0,gusu,1.00000000,0.00000000,1.00000000,1.00000000,0,
IMG-0257,images/gusu/私人藏家__微信图片_20260424174104.jpg,257,3,0,gusu,0,gusu,0.99999976,0.00000020,0.99999976,0.99999976,0,
IMG-0258,images/gusu/私人藏家__微信图片_20260424174123.jpg,258,2,0,gusu,0,gusu,1.00000000,0.00000000,1.00000000,1.00000000,0,
IMG-0259,images/gusu/私人藏家__微信图片_20260424174129.jpg,259,5,0,gusu,0,gusu,1.00000000,0.00000000,1.00000000,1.00000000,0,
IMG-0260,images/gusu/私人藏家__微信图片_20260424174136.jpg,260,5,0,gusu,0,gusu,1.00000000,0.00000001,1.00000000,1.00000000,0,
IMG-0261,images/gusu/私人藏家__微信图片_20260424174144.jpg,261,4,0,gusu,0,gusu,1.00000000,0.00000000,1.00000000,1.00000000,0,
IMG-0262,images/gusu/私人藏家__微信图片_20260424174151.jpg,262,4,0,gusu,0,gusu,1.00000000,0.00000000,1.00000000,1.00000000,0,
IMG-0263,images/gusu/私人藏家__微信图片_20260424174200.jpg,263,3,0,gusu,0,gusu,0.99999940,0.00000060,0.99999940,0.99999940,0,
IMG-0264,images/gusu/私人藏家__微信图片_20260424174209.jpg,264,4,0,gusu,0,gusu,0.99985135,0.00014867,0.99985135,0.99985135,0,
IMG-0265,images/gusu/私人藏家__微信图片_20260424174216.jpg,265,5,0,gusu,0,gusu,0.99899334,0.00100666,0.99899334,0.99899334,0,
IMG-0266,images/gusu/私人藏家__微信图片_20260424174222.jpg,266,4,0,gusu,0,gusu,0.99999094,0.00000901,0.99999094,0.99999094,0,
IMG-0267,images/gusu/私人藏家__微信图片_20260424174229.jpg,267,2,0,gusu,0,gusu,1.00000000,0.00000000,1.00000000,1.00000000,0,
IMG-0268,images/gusu/私人藏家__微信图片_20260424174236.jpg,268,2,0,gusu,0,gusu,0.99970156,0.00029839,0.99970156,0.99970156,0,
IMG-0269,images/gusu/私人藏家__微信图片_20260424174243.jpg,269,4,0,gusu,0,gusu,1.00000000,0.00000001,1.00000000,1.00000000,0,
IMG-0270,images/gusu/私人藏家__微信图片_20260424174250.jpg,270,4,0,gusu,0,gusu,0.99875534,0.00124462,0.99875534,0.99875534,0,
IMG-0271,images/gusu/私人藏家__微信图片_20260424174256.jpg,271,4,0,gusu,0,gusu,1.00000000,0.00000000,1.00000000,1.00000000,0,
IMG-0272,images/gusu/私人藏家__微信图片_20260424174303.jpg,272,5,0,gusu,0,gusu,0.99999309,0.00000692,0.99999309,0.99999309,0,
IMG-0273,images/gusu/私人藏家__微信图片_20260424174310.jpg,273,5,0,gusu,0,gusu,1.00000000,0.00000001,1.00000000,1.00000000,0,
IMG-0274,images/gusu/私人藏家__微信图片_20260424174319.jpg,274,3,0,gusu,0,gusu,1.00000000,0.00000000,1.00000000,1.00000000,0,
IMG-0275,images/gusu/三国一组__GS0029-三国一组-私人藏家-1.jpg,275,4,0,gusu,0,gusu,0.99996448,0.00003554,0.99996448,0.99996448,0,
IMG-0276,images/gusu/三国一组__GS0029-三国一组-私人藏家-2.jpg,276,2,0,gusu,0,gusu,1.00000000,0.00000000,1.00000000,1.00000000,0,
IMG-0277,images/gusu/三国一组__GS0029-三国一组-私人藏家-3.jpg,277,2,0,gusu,0,gusu,1.00000000,0.00000001,1.00000000,1.00000000,0,
IMG-0278,images/gusu/三国一组__GS0029-三国一组-私人藏家-4.jpg,278,3,0,gusu,0,gusu,0.99991417,0.00008585,0.99991417,0.99991417,0,
IMG-0279,images/gusu/佚名_《撩跤图》_清乾隆_墨版套色敷彩_54x30.5__佚名 《撩跤图》 清乾隆 墨版套色敷彩 54x30.5.jpg,279,3,0,gusu,0,gusu,1.00000000,0.00000000,1.00000000,1.00000000,0,
IMG-0280,images/gusu/佚名_《渔家乐》清中期_墨版套色敷彩_56x26.5__佚名 《渔家乐》清中期 墨版套色敷彩 56x26.5.jpg,280,3,0,gusu,0,gusu,1.00000000,0.00000002,1.00000000,1.00000000,0,
IMG-0281,images/gusu/佚名_《福寿双全》清_木版拓印134x54__佚名 《福寿双全》清 木版拓印134x54.jpg,281,2,0,gusu,0,gusu,0.99999988,0.00000014,0.99999988,0.99999988,0,
IMG-0282,images/gusu/私人藏家__丁亮先 《秋色花篮》清康乾时期 拱花，木版套色 25x32.5.jpg,282,2,0,gusu,0,gusu,1.00000000,0.00000000,1.00000000,1.00000000,0,
IMG-0283,images/gusu/奥莱美术馆__D11_平面_福寿双喜图.jpg,283,4,0,gusu,0,gusu,1.00000000,0.00000000,1.00000000,1.00000000,0,
IMG-0284,images/gusu/奥莱美术馆__D1泥金报喜.jpg,284,3,0,gusu,0,gusu,0.99996626,0.00003376,0.99996626,0.99996626,0,
IMG-0285,images/gusu/奥莱美术馆__D2_平面_抚琴图.jpg,285,5,0,gusu,0,gusu,0.99992728,0.00007273,0.99992728,0.99992728,0,
IMG-0286,images/gusu/奥莱美术馆__D3_平面_西湖全景之断桥残雪.jpg,286,5,0,gusu,0,gusu,1.00000000,0.00000000,1.00000000,1.00000000,0,
IMG-0287,images/gusu/奥莱美术馆__D4_平面_西湖全景之平湖秋月.jpg,287,2,0,gusu,0,gusu,1.00000000,0.00000000,1.00000000,1.00000000,0,
IMG-0288,images/gusu/奥莱美术馆__D5_平面_罗通盘肠大战.jpg,288,4,0,gusu,0,gusu,0.99999917,0.00000086,0.99999917,0.99999917,0,
IMG-0289,images/gusu/奥莱美术馆__D6_平面_时童赏梅.jpg,289,5,0,gusu,0,gusu,1.00000000,0.00000003,1.00000000,1.00000000,0,
IMG-0290,images/gusu/奥莱美术馆__D7_平面_程咬金大闹武举场.jpg,290,2,0,gusu,0,gusu,1.00000000,0.00000005,1.00000000,1.00000000,0,
IMG-0291,images/gusu/奥莱美术馆__D8_平面_张飞黑夜战马超.jpg,291,4,0,gusu,0,gusu,1.00000000,0.00000001,1.00000000,1.00000000,0,
IMG-0292,images/gusu/奥莱美术馆__冬.jpg,292,4,0,gusu,0,gusu,0.99997902,0.00002093,0.99997902,0.99997902,0,
IMG-0293,images/gusu/奥莱美术馆__单.jpg,293,2,0,gusu,0,gusu,1.00000000,0.00000000,1.00000000,1.00000000,0,
IMG-0294,images/gusu/奥莱美术馆__喜上眉梢.jpg,294,4,0,gusu,0,gusu,0.99999917,0.00000080,0.99999917,0.99999917,0,
IMG-0295,images/gusu/奥莱美术馆__夏.jpg,295,1,0,gusu,0,gusu,1.00000000,0.00000000,1.00000000,1.00000000,0,
IMG-0296,images/gusu/奥莱美术馆__姑苏美人.jpg,296,5,0,gusu,0,gusu,1.00000000,0.00000000,1.00000000,1.00000000,0,
IMG-0297,images/gusu/奥莱美术馆__扬眉得意.jpg,297,1,0,gusu,0,gusu,1.00000000,0.00000000,1.00000000,1.00000000,0,
IMG-0298,images/gusu/奥莱美术馆__春.jpg,298,4,0,gusu,0,gusu,0.99999964,0.00000033,0.99999964,0.99999964,0,
IMG-0299,images/gusu/奥莱美术馆__汾阳宫全.jpg,299,1,0,gusu,0,gusu,0.99035954,0.00964038,0.99035954,0.99035954,0,
IMG-0300,images/gusu/奥莱美术馆__清朝三百六十行.jpg,300,3,0,gusu,0,gusu,0.99410498,0.00589497,0.99410498,0.99410498,0,
IMG-0301,images/gusu/奥莱美术馆__秋.jpg,301,3,0,gusu,0,gusu,1.00000000,0.00000000,1.00000000,1.00000000,0,
IMG-0302,images/gusu/奥莱美术馆__秋色花篮.jpg,302,2,0,gusu,0,gusu,1.00000000,0.00000000,1.00000000,1.00000000,0,
IMG-0303,images/gusu/奥莱美术馆__腊转春回.jpg,303,1,0,gusu,0,gusu,1.00000000,0.00000000,1.00000000,1.00000000,0,
IMG-0304,images/gusu/奥莱美术馆__莲蓬菱角图.jpg,304,1,0,gusu,0,gusu,0.99999952,0.00000043,0.99999952,0.99999952,0,
IMG-0305,images/gusu/姑苏-私人藏家__微信图片_20260404210321.jpg,305,1,0,gusu,1,non_gusu,0.17516406,0.82483596,0.82483596,0.17516406,1,gusu_to_non_gusu
IMG-0306,images/gusu/姑苏-私人藏家__微信图片_20260404210331.jpg,306,2,0,gusu,0,gusu,0.50422615,0.49577382,0.50422615,0.50422615,0,
IMG-0307,images/gusu/姑苏-私人藏家__微信图片_20260404210339.jpg,307,2,0,gusu,0,gusu,0.99991632,0.00008366,0.99991632,0.99991632,0,
IMG-0308,images/gusu/姑苏-私人藏家__微信图片_20260404212958.jpg,308,4,0,gusu,0,gusu,0.62878525,0.37121478,0.62878525,0.62878525,0,
IMG-0309,images/gusu/姑苏-私人藏家__微信图片_20260404213009.jpg,309,4,0,gusu,0,gusu,0.99988186,0.00011811,0.99988186,0.99988186,0,
IMG-0310,images/gusu/姑苏-私人藏家__微信图片_20260404213022.jpg,310,3,0,gusu,0,gusu,0.99993563,0.00006433,0.99993563,0.99993563,0,
IMG-0311,images/gusu/姑苏-私人藏家__微信图片_20260404213034.jpg,311,2,0,gusu,0,gusu,0.99977082,0.00022915,0.99977082,0.99977082,0,
IMG-0312,images/gusu/姑苏-私人藏家__微信图片_20260404213247.jpg,312,1,0,gusu,0,gusu,0.98358649,0.01641347,0.98358649,0.98358649,0,
IMG-0313,images/gusu/姑苏-私人藏家__微信图片_20260404213257.jpg,313,3,0,gusu,0,gusu,1.00000000,0.00000000,1.00000000,1.00000000,0,
IMG-0314,images/gusu/姑苏-私人藏家__微信图片_20260404213306.jpg,314,4,0,gusu,1,non_gusu,0.00639561,0.99360436,0.99360436,0.00639561,1,gusu_to_non_gusu
IMG-0315,images/gusu/姑苏-私人藏家__微信图片_20260404213313.jpg,315,4,0,gusu,0,gusu,0.98196387,0.01803612,0.98196387,0.98196387,0,
IMG-0316,images/gusu/姑苏-私人藏家__微信图片_20260404213322.jpg,316,2,0,gusu,0,gusu,0.99965358,0.00034639,0.99965358,0.99965358,0,
IMG-0317,images/gusu/姑苏-私人藏家__微信图片_20260404213329.jpg,317,1,0,gusu,0,gusu,1.00000000,0.00000001,1.00000000,1.00000000,0,
IMG-0318,images/gusu/姑苏-私人藏家__微信图片_20260404213337.jpg,318,4,0,gusu,0,gusu,0.99985373,0.00014624,0.99985373,0.99985373,0,
IMG-0319,images/gusu/姑苏-私人藏家__微信图片_20260404213558.jpg,319,3,0,gusu,0,gusu,0.99998617,0.00001383,0.99998617,0.99998617,0,
IMG-0320,images/gusu/姑苏-私人藏家__微信图片_20260404213611.jpg,320,4,0,gusu,0,gusu,0.97595304,0.02404696,0.97595304,0.97595304,0,
IMG-0321,images/gusu/姑苏-私人藏家__微信图片_20260404214109.jpg,321,3,0,gusu,0,gusu,0.98762465,0.01237540,0.98762465,0.98762465,0,
IMG-0322,images/gusu/姑苏-私人藏家__微信图片_20260404214129.jpg,322,5,0,gusu,0,gusu,0.99999976,0.00000018,0.99999976,0.99999976,0,
IMG-0323,images/gusu/姑苏-私人藏家__微信图片_20260404214137.jpg,323,1,0,gusu,0,gusu,1.00000000,0.00000002,1.00000000,1.00000000,0,
IMG-0324,images/gusu/姑苏-私人藏家__微信图片_20260404220824.jpg,324,3,0,gusu,0,gusu,0.99994946,0.00005051,0.99994946,0.99994946,0,
IMG-0325,images/gusu/姑苏-私人藏家__微信图片_20260404220835.jpg,325,5,0,gusu,0,gusu,0.99997604,0.00002390,0.99997604,0.99997604,0,
IMG-0326,images/gusu/姑苏-私人藏家__微信图片_20260404220845.jpg,326,2,0,gusu,0,gusu,0.79563326,0.20436670,0.79563326,0.79563326,0,
IMG-0327,images/gusu/姑苏-私人藏家__微信图片_20260404220859.jpg,327,3,0,gusu,0,gusu,1.00000000,0.00000000,1.00000000,1.00000000,0,
IMG-0328,images/gusu/姑苏-私人藏家__微信图片_20260404220906.jpg,328,5,0,gusu,0,gusu,0.99999881,0.00000118,0.99999881,0.99999881,0,
IMG-0329,images/gusu/姑苏-私人藏家__微信图片_20260404220913.jpg,329,3,0,gusu,0,gusu,1.00000000,0.00000000,1.00000000,1.00000000,0,
IMG-0330,images/gusu/姑苏-私人藏家__微信图片_20260404220921.jpg,330,2,0,gusu,0,gusu,0.97986174,0.02013829,0.97986174,0.97986174,0,
IMG-0331,images/gusu/姑苏-私人藏家__微信图片_20260409094121.jpg,331,2,0,gusu,0,gusu,0.99999952,0.00000045,0.99999952,0.99999952,0,
IMG-0332,images/gusu/姑苏-私人藏家__微信图片_20260409095208.jpg,332,4,0,gusu,0,gusu,1.00000000,0.00000000,1.00000000,1.00000000,0,
IMG-0333,images/gusu/姑苏-私人藏家__微信图片_20260409095219.jpg,333,3,0,gusu,0,gusu,0.99941301,0.00058702,0.99941301,0.99941301,0,
IMG-0334,images/gusu/姑苏-私人藏家__微信图片_20260409095226.jpg,334,1,0,gusu,0,gusu,0.99934345,0.00065657,0.99934345,0.99934345,0,
IMG-0335,images/gusu/姑苏-私人藏家__微信图片_20260409095231.jpg,335,1,0,gusu,0,gusu,0.99999976,0.00000025,0.99999976,0.99999976,0,
IMG-0336,images/gusu/姑苏-私人藏家__微信图片_20260409101633.jpg,336,1,0,gusu,0,gusu,0.54211211,0.45788786,0.54211211,0.54211211,0,
IMG-0337,images/gusu/姑苏-私人藏家__微信图片_20260409102208.jpg,337,3,0,gusu,0,gusu,0.97595191,0.02404810,0.97595191,0.97595191,0,
IMG-0338,images/gusu/姑苏-私人藏家__微信图片_20260409102217.jpg,338,4,0,gusu,0,gusu,0.99997890,0.00002105,0.99997890,0.99997890,0,
IMG-0339,images/gusu/姑苏-私人藏家__微信图片_20260409102222.jpg,339,3,0,gusu,0,gusu,1.00000000,0.00000000,1.00000000,1.00000000,0,
IMG-0340,images/gusu/姑苏-私人藏家__微信图片_20260409102227.jpg,340,5,0,gusu,0,gusu,0.99557811,0.00442184,0.99557811,0.99557811,0,
IMG-0341,images/gusu/姑苏-私人藏家__微信图片_20260409102231.jpg,341,1,0,gusu,1,non_gusu,0.00839423,0.99160576,0.99160576,0.00839423,1,gusu_to_non_gusu
IMG-0342,images/gusu/姑苏-私人藏家__微信图片_20260409120614.jpg,342,4,0,gusu,0,gusu,1.00000000,0.00000000,1.00000000,1.00000000,0,
IMG-0343,images/gusu/姑苏-私人藏家__微信图片_20260409120628.jpg,343,3,0,gusu,0,gusu,1.00000000,0.00000000,1.00000000,1.00000000,0,
IMG-0344,images/gusu/姑苏-私人藏家__微信图片_20260409120638.jpg,344,3,0,gusu,0,gusu,0.99999225,0.00000776,0.99999225,0.99999225,0,
IMG-0345,images/gusu/姑苏-私人藏家__微信图片_20260409120644.jpg,345,4,0,gusu,0,gusu,1.00000000,0.00000005,1.00000000,1.00000000,0,
IMG-0346,images/gusu/姑苏-私人藏家__微信图片_20260409120651.jpg,346,2,0,gusu,0,gusu,1.00000000,0.00000000,1.00000000,1.00000000,0,
IMG-0347,images/gusu/姑苏-私人藏家__微信图片_20260409120659.jpg,347,5,0,gusu,0,gusu,0.99995947,0.00004057,0.99995947,0.99995947,0,
IMG-0348,images/gusu/姑苏-私人藏家__微信图片_20260409120708.jpg,348,2,0,gusu,0,gusu,1.00000000,0.00000000,1.00000000,1.00000000,0,
IMG-0349,images/gusu/姑苏-私人藏家__微信图片_20260409120716.jpg,349,1,0,gusu,0,gusu,1.00000000,0.00000000,1.00000000,1.00000000,0,
IMG-0350,images/gusu/姑苏-私人藏家__微信图片_20260409120724.jpg,350,2,0,gusu,0,gusu,1.00000000,0.00000000,1.00000000,1.00000000,0,
IMG-0351,images/gusu/姑苏-私人藏家__微信图片_20260409121054.jpg,351,2,0,gusu,1,non_gusu,0.00068896,0.99931109,0.99931109,0.00068896,1,gusu_to_non_gusu
IMG-0352,images/gusu/姑苏-私人藏家__微信图片_20260409121101.jpg,352,5,0,gusu,0,gusu,0.98766404,0.01233601,0.98766404,0.98766404,0,
IMG-0353,images/gusu/姑苏-私人藏家__微信图片_20260409121112.jpg,353,1,0,gusu,0,gusu,0.99999809,0.00000193,0.99999809,0.99999809,0,
IMG-0354,images/gusu/姑苏-私人藏家__微信图片_20260409121119.jpg,354,4,0,gusu,0,gusu,0.99999762,0.00000234,0.99999762,0.99999762,0,
IMG-0355,images/gusu/姑苏-私人藏家__微信图片_20260409121125.jpg,355,5,0,gusu,0,gusu,0.99999988,0.00000009,0.99999988,0.99999988,0,
IMG-0356,images/gusu/姑苏-私人藏家__微信图片_20260409121133.jpg,356,1,0,gusu,0,gusu,0.99130988,0.00869014,0.99130988,0.99130988,0,
IMG-0357,images/gusu/姑苏-私人藏家__微信图片_20260409121140.jpg,357,4,0,gusu,0,gusu,0.99999988,0.00000015,0.99999988,0.99999988,0,
IMG-0358,images/gusu/姑苏-私人藏家__微信图片_20260409121147.jpg,358,1,0,gusu,0,gusu,1.00000000,0.00000000,1.00000000,1.00000000,0,
IMG-0359,images/gusu/姑苏-私人藏家__微信图片_20260409121153.jpg,359,2,0,gusu,0,gusu,1.00000000,0.00000000,1.00000000,1.00000000,0,
IMG-0360,images/gusu/姑苏-私人藏家__微信图片_20260409121942.jpg,360,1,0,gusu,0,gusu,0.99999988,0.00000007,0.99999988,0.99999988,0,
IMG-0361,images/gusu/姑苏-私人藏家__微信图片_20260409125339.jpg,361,5,0,gusu,0,gusu,0.99999964,0.00000034,0.99999964,0.99999964,0,
IMG-0362,images/gusu/姑苏-私人藏家__微信图片_20260409125350.jpg,362,5,0,gusu,0,gusu,0.99999869,0.00000134,0.99999869,0.99999869,0,
IMG-0363,images/gusu/姑苏-私人藏家__微信图片_20260409125358.jpg,363,3,0,gusu,0,gusu,0.50019014,0.49980983,0.50019014,0.50019014,0,
IMG-0364,images/gusu/姑苏-私人藏家__微信图片_20260409125405.jpg,364,4,0,gusu,1,non_gusu,0.00011166,0.99988830,0.99988830,0.00011166,1,gusu_to_non_gusu
IMG-0365,images/gusu/姑苏-私人藏家__微信图片_20260410093914.jpg,365,5,0,gusu,0,gusu,0.87967473,0.12032524,0.87967473,0.87967473,0,
IMG-0366,images/gusu/姑苏-私人藏家__微信图片_20260410095834.jpg,366,4,0,gusu,0,gusu,0.99107271,0.00892729,0.99107271,0.99107271,0,
IMG-0367,images/gusu/姑苏-私人藏家__微信图片_20260410095846.jpg,367,3,0,gusu,0,gusu,1.00000000,0.00000005,1.00000000,1.00000000,0,
IMG-0368,images/gusu/姑苏-私人藏家__微信图片_20260410095851.jpg,368,3,0,gusu,0,gusu,0.99995792,0.00004207,0.99995792,0.99995792,0,
IMG-0369,images/gusu/姑苏-私人藏家__微信图片_20260410095855.jpg,369,3,0,gusu,0,gusu,0.87334073,0.12665924,0.87334073,0.87334073,0,
IMG-0370,images/gusu/姑苏-统计表__微信图片_20260409095939.jpg,370,4,0,gusu,1,non_gusu,0.00055991,0.99944013,0.99944013,0.00055991,1,gusu_to_non_gusu
IMG-0371,images/gusu/姑苏-统计表__微信图片_20260409102514.jpg,371,5,0,gusu,1,non_gusu,0.39307523,0.60692477,0.60692477,0.39307523,1,gusu_to_non_gusu
IMG-0372,images/gusu/姑苏-统计表__微信图片_20260410100409.jpg,372,3,0,gusu,0,gusu,0.98540545,0.01459458,0.98540545,0.98540545,0,
IMG-0373,images/gusu/姑苏季永吉发行_《刘天璧》清康熙_墨版套色敷彩_50×36__姑苏季永吉发行 《刘天璧》清康熙 墨版套色敷彩 50×36.jpg,373,5,0,gusu,0,gusu,0.99999952,0.00000053,0.99999952,0.99999952,0,
IMG-0374,images/gusu/水浒传等（一函十二张）__GS0028-水浒传等(一函十二张)-私人藏家-1.jpg,374,5,0,gusu,0,gusu,1.00000000,0.00000000,1.00000000,1.00000000,0,
IMG-0375,images/gusu/水浒传等（一函十二张）__GS0028-水浒传等(一函十二张)-私人藏家-10.jpg,375,4,0,gusu,0,gusu,1.00000000,0.00000000,1.00000000,1.00000000,0,
IMG-0376,images/gusu/水浒传等（一函十二张）__GS0028-水浒传等(一函十二张)-私人藏家-11.jpg,376,4,0,gusu,0,gusu,1.00000000,0.00000000,1.00000000,1.00000000,0,
IMG-0377,images/gusu/水浒传等（一函十二张）__GS0028-水浒传等(一函十二张)-私人藏家-12.jpg,377,3,0,gusu,0,gusu,0.99999988,0.00000009,0.99999988,0.99999988,0,
IMG-0378,images/gusu/水浒传等（一函十二张）__GS0028-水浒传等(一函十二张)-私人藏家-2.jpg,378,3,0,gusu,0,gusu,1.00000000,0.00000000,1.00000000,1.00000000,0,
IMG-0379,images/gusu/水浒传等（一函十二张）__GS0028-水浒传等(一函十二张)-私人藏家-3.jpg,379,2,0,gusu,0,gusu,1.00000000,0.00000000,1.00000000,1.00000000,0,
IMG-0380,images/gusu/水浒传等（一函十二张）__GS0028-水浒传等(一函十二张)-私人藏家-4.jpg,380,1,0,gusu,0,gusu,1.00000000,0.00000000,1.00000000,1.00000000,0,
IMG-0381,images/gusu/水浒传等（一函十二张）__GS0028-水浒传等(一函十二张)-私人藏家-5.jpg,381,3,0,gusu,0,gusu,1.00000000,0.00000000,1.00000000,1.00000000,0,
IMG-0382,images/gusu/水浒传等（一函十二张）__GS0028-水浒传等(一函十二张)-私人藏家-6.jpg,382,3,0,gusu,0,gusu,1.00000000,0.00000002,1.00000000,1.00000000,0,
IMG-0383,images/gusu/水浒传等（一函十二张）__GS0028-水浒传等(一函十二张)-私人藏家-7.jpg,383,4,0,gusu,0,gusu,1.00000000,0.00000000,1.00000000,1.00000000,0,
IMG-0384,images/gusu/水浒传等（一函十二张）__GS0028-水浒传等(一函十二张)-私人藏家-8.jpg,384,3,0,gusu,0,gusu,1.00000000,0.00000004,1.00000000,1.00000000,0,
IMG-0385,images/gusu/水浒传等（一函十二张）__GS0028-水浒传等(一函十二张)-私人藏家-9.jpg,385,2,0,gusu,0,gusu,1.00000000,0.00000000,1.00000000,1.00000000,0,
IMG-0386,images/gusu/私人藏家__GS0002-仕女婴戏图-私人藏家.jpg,386,1,0,gusu,0,gusu,0.99998355,0.00001651,0.99998355,0.99998355,0,
IMG-0387,images/gusu/私人藏家__GS0003-演奏十番图-私人藏家.jpg,387,1,0,gusu,0,gusu,0.99999881,0.00000116,0.99999881,0.99999881,0,
IMG-0388,images/gusu/私人藏家__GS0009-仕女消闲图-私人藏家.jpg,388,5,0,gusu,0,gusu,1.00000000,0.00000000,1.00000000,1.00000000,0,
IMG-0389,images/gusu/私人藏家__GS0010-描金凤-私人藏家.jpg,389,5,0,gusu,1,non_gusu,0.12013876,0.87986130,0.87986130,0.12013876,1,gusu_to_non_gusu
IMG-0390,images/gusu/私人藏家__GS0011-石榴童子图-私人藏家.jpg,390,1,0,gusu,0,gusu,0.99999917,0.00000085,0.99999917,0.99999917,0,
IMG-0391,images/gusu/私人藏家__GS0012-太平统一万国来朝-私人藏家.jpg,391,1,0,gusu,0,gusu,1.00000000,0.00000000,1.00000000,1.00000000,0,
IMG-0392,images/gusu/私人藏家__GS0013-满堂吉庆-私人藏家.jpg,392,3,0,gusu,0,gusu,0.99999297,0.00000701,0.99999297,0.99999297,0,
IMG-0393,images/gusu/私人藏家__GS0014-水演图-私人藏家.jpg,393,1,0,gusu,0,gusu,0.99998581,0.00001414,0.99998581,0.99998581,0,
IMG-0394,images/gusu/私人藏家__GS0015-教子图（侍女执笔图）-私人藏家.jpg,394,3,0,gusu,0,gusu,1.00000000,0.00000000,1.00000000,1.00000000,0,
IMG-0395,images/gusu/私人藏家__GS0016-百寿图-私人藏家.jpg,395,4,0,gusu,0,gusu,0.99981493,0.00018512,0.99981493,0.99981493,0,
IMG-0396,images/gusu/私人藏家__GS0018-一团和气-私人藏家.jpg,396,1,0,gusu,0,gusu,1.00000000,0.00000000,1.00000000,1.00000000,0,
IMG-0397,images/gusu/私人藏家__GS0019-杨贵妃游园图-私人藏家.jpg,397,4,0,gusu,0,gusu,1.00000000,0.00000000,1.00000000,1.00000000,0,
IMG-0398,images/gusu/私人藏家__GS0020-演奏十番多子演乐图-私人藏家.jpg,398,5,0,gusu,0,gusu,0.99998569,0.00001428,0.99998569,0.99998569,0,
IMG-0399,images/gusu/私人藏家__GS0021-道光元年福寿春牛图-私人藏家.jpg,399,1,0,gusu,0,gusu,1.00000000,0.00000001,1.00000000,1.00000000,0,
IMG-0400,images/gusu/私人藏家__GS0022-教子图-私人藏家.jpg,400,4,0,gusu,0,gusu,1.00000000,0.00000000,1.00000000,1.00000000,0,
IMG-0401,images/gusu/私人藏家__GS0023-杂技图-私人藏家.jpg,401,3,0,gusu,0,gusu,1.00000000,0.00000000,1.00000000,1.00000000,0,
IMG-0402,images/gusu/私人藏家__GS0024-教子图-私人藏家.jpg,402,3,0,gusu,0,gusu,1.00000000,0.00000000,1.00000000,1.00000000,0,
IMG-0403,images/gusu/私人藏家__GS0025-杂技图-私人藏家.jpg,403,1,0,gusu,0,gusu,0.99995422,0.00004576,0.99995422,0.99995422,0,
IMG-0404,images/gusu/私人藏家__GS0026-宴会图(张荣兴)-私人藏家.jpg,404,4,0,gusu,0,gusu,0.99999917,0.00000086,0.99999917,0.99999917,0,
IMG-0405,images/gusu/私人藏家__GS0027-杂技图-私人藏家.jpg,405,1,0,gusu,1,non_gusu,0.39443949,0.60556048,0.60556048,0.39443949,1,gusu_to_non_gusu
IMG-0406,images/gusu/私人藏家__佚名 《蜀峰雪景》清中期 墨版套色敷彩 33x52.jpg,406,5,0,gusu,0,gusu,0.99943548,0.00056455,0.99943548,0.99943548,0,
IMG-0407,images/gusu/私人藏家__博古花卉图-青铜花瓶中的石榴.jpg,407,3,0,gusu,0,gusu,1.00000000,0.00000000,1.00000000,1.00000000,0,
IMG-0408,images/gusu/私人藏家__双和 《岳阳楼》清中期 墨版套色敷彩 59x109.jpg,408,2,0,gusu,0,gusu,0.99989390,0.00010613,0.99989390,0.99989390,0,
IMG-0409,images/gusu/私人藏家__墨浪子 《姑苏玄墓山胜景》清康熙 墨版套色敷彩 96x52.jpg,409,4,0,gusu,0,gusu,0.99999702,0.00000294,0.99999702,0.99999702,0,
IMG-0410,images/gusu/私人藏家__寿星图.jpg,410,5,0,gusu,1,non_gusu,0.00000357,0.99999642,0.99999642,0.00000357,1,gusu_to_non_gusu
IMG-0411,images/gusu/私人藏家__游园图.jpg,411,2,0,gusu,1,non_gusu,0.18734279,0.81265718,0.81265718,0.18734279,1,gusu_to_non_gusu
IMG-0412,images/gusu/私人藏家__琵琶上的蝴蝶.jpg,412,4,0,gusu,0,gusu,1.00000000,0.00000000,1.00000000,1.00000000,0,
IMG-0413,images/gusu/私人藏家__石榴花上的鸟儿.jpg,413,5,0,gusu,0,gusu,1.00000000,0.00000000,1.00000000,1.00000000,0,
IMG-0414,images/gusu/私人藏家__芙蓉上的鸟儿.jpg,414,4,0,gusu,0,gusu,1.00000000,0.00000000,1.00000000,1.00000000,0,
IMG-0415,images/gusu/私人藏家__荔枝上的螳螂.jpg,415,3,0,gusu,0,gusu,1.00000000,0.00000000,1.00000000,1.00000000,0,
IMG-0416,images/gusu/私人藏家__采茶歌（正月、二月、三月）.jpg,416,1,0,gusu,0,gusu,1.00000000,0.00000003,1.00000000,1.00000000,0,
IMG-0417,images/gusu/私人藏家__麟儿图.jpg,417,4,0,gusu,0,gusu,0.99996865,0.00003134,0.99996865,0.99996865,0,
IMG-0418,images/gusu/苏州市公共文化中心（苏州美术馆）__14.石榴上的螽斯.jpg,418,1,0,gusu,0,gusu,1.00000000,0.00000000,1.00000000,1.00000000,0,
IMG-0419,images/gusu/苏州市公共文化中心（苏州美术馆）__15.蝴蝶牡丹图.jpg,419,2,0,gusu,0,gusu,1.00000000,0.00000000,1.00000000,1.00000000,0,
IMG-0420,images/gusu/苏州市公共文化中心（苏州美术馆）__MR2018022901-桃花坞版画麒麟送子图-无.jpg,420,3,0,gusu,0,gusu,1.00000000,0.00000000,1.00000000,1.00000000,0,
IMG-0421,images/gusu/苏州市公共文化中心（苏州美术馆）__MR2018023001-桃花坞版画二美闲坐图-无.jpg,421,5,0,gusu,0,gusu,0.99999917,0.00000087,0.99999917,0.99999917,0,
IMG-0422,images/gusu/苏州市公共文化中心（苏州美术馆）__MR2019024701-姑苏阊门图-无.jpg,422,3,0,gusu,0,gusu,0.99999714,0.00000285,0.99999714,0.99999714,0,
IMG-0423,images/gusu/苏州市公共文化中心（苏州美术馆）__PR0696-天仙送子麒麟送子对门画-无-1.jpg,423,2,0,gusu,0,gusu,1.00000000,0.00000000,1.00000000,1.00000000,0,
IMG-0424,images/gusu/苏州市公共文化中心（苏州美术馆）__PR0696-天仙送子麒麟送子对门画-无-2.jpg,424,1,0,gusu,0,gusu,0.84704751,0.15295245,0.84704751,0.84704751,0,
IMG-0425,images/gusu/苏州市公共文化中心（苏州美术馆）__PR0697-秋冬美境-无.jpg,425,1,0,gusu,0,gusu,1.00000000,0.00000000,1.00000000,1.00000000,0,
IMG-0426,images/gusu/苏州市公共文化中心（苏州美术馆）__PR0698-舟游图-无.jpg,426,4,0,gusu,0,gusu,1.00000000,0.00000000,1.00000000,1.00000000,0,
IMG-0427,images/gusu/苏州市公共文化中心（苏州美术馆）__PR0699-双美奏乐-无.jpg,427,3,0,gusu,0,gusu,1.00000000,0.00000000,1.00000000,1.00000000,0,
IMG-0428,images/gusu/苏州市公共文化中心（苏州美术馆）__PR0700-童子戏水-无.jpg,428,3,0,gusu,0,gusu,1.00000000,0.00000000,1.00000000,1.00000000,0,
IMG-0429,images/gusu/苏州市公共文化中心（苏州美术馆）__PR0701-美人观画-无.jpg,429,1,0,gusu,0,gusu,0.99998295,0.00001706,0.99998295,0.99998295,0,
IMG-0430,images/gusu/苏州市公共文化中心（苏州美术馆）__PR0867-姑苏版一团和气（桃花坞年画）-无.jpg,430,4,0,gusu,0,gusu,1.00000000,0.00000000,1.00000000,1.00000000,0,
IMG-0431,images/gusu/苏州市公共文化中心（苏州美术馆）__PR0869-姑苏版金如意（桃花坞年画）-无.jpg,431,2,0,gusu,0,gusu,0.99999845,0.00000155,0.99999845,0.99999845,0,
IMG-0432,images/gusu/苏州市公共文化中心（苏州美术馆）__PR0877-《一团和气图》-无.jpg,432,4,0,gusu,0,gusu,1.00000000,0.00000000,1.00000000,1.00000000,0,
IMG-0433,images/gusu/苏州市公共文化中心（苏州美术馆）__PR0878-百子状元图-无.jpg,433,3,0,gusu,0,gusu,0.99999869,0.00000130,0.99999869,0.99999869,0,
IMG-0434,images/gusu/苏州市公共文化中心（苏州美术馆）__PR0896-关帝图-无.jpg,434,5,0,gusu,0,gusu,0.99808204,0.00191792,0.99808204,0.99808204,0,
IMG-0435,images/gusu/苏州市公共文化中心（苏州美术馆）__百子图103x58cm.jpg,435,4,0,gusu,0,gusu,1.00000000,0.00000000,1.00000000,1.00000000,0,
IMG-0436,images/gusu/辽博__西洋剧场图 辽宁博物馆收藏.jpg,436,5,0,gusu,0,gusu,1.00000000,0.00000000,1.00000000,1.00000000,0,
IMG-0437,images/gusu/韩国古版画博物馆藏__1.贵妃醉酒.jpg,437,4,0,gusu,0,gusu,1.00000000,0.00000000,1.00000000,1.00000000,0,
IMG-0438,images/gusu/韩国古版画博物馆藏__2.楼闺妇人图.jpg,438,3,0,gusu,0,gusu,1.00000000,0.00000000,1.00000000,1.00000000,0,
IMG-0439,images/gusu/韩国古版画博物馆藏__3.寿字图.jpg,439,4,0,gusu,1,non_gusu,0.13260284,0.86739713,0.86739713,0.13260284,1,gusu_to_non_gusu
IMG-0440,images/gusu/韩国古版画博物馆藏__4.关羽图.jpg,440,2,0,gusu,1,non_gusu,0.03483691,0.96516311,0.96516311,0.03483691,1,gusu_to_non_gusu
IMG-0441,images/gusu/韩国古版画博物馆藏__5.螳螂三童图.jpg,441,2,0,gusu,0,gusu,1.00000000,0.00000000,1.00000000,1.00000000,0,
IMG-0442,images/gusu/韩国古版画博物馆藏__6.母子图.jpg,442,2,0,gusu,0,gusu,1.00000000,0.00000000,1.00000000,1.00000000,0,
IMG-0443,images/gusu/韩国古版画博物馆藏__7.福字图.jpg,443,4,0,gusu,0,gusu,0.97201329,0.02798674,0.97201329,0.97201329,0,
IMG-0444,images/gusu/韩国古版画博物馆藏__8.寿字图.jpg,444,2,0,gusu,0,gusu,0.99999475,0.00000525,0.99999475,0.99999475,0,
IMG-0445,images/gusu/韩国古版画博物馆藏__9.银钱大战国.jpg,445,5,0,gusu,0,gusu,0.99999762,0.00000240,0.99999762,0.99999762,0,
IMG-0446,images/gusu/私人藏家__237-麟儿图苏州收藏109x59.jpg,446,1,0,gusu,0,gusu,1.00000000,0.00000000,1.00000000,1.00000000,0,
IMG-0447,images/gusu/私人藏家__239-麟儿图-b 109x59cm.jpg,447,4,0,gusu,0,gusu,1.00000000,0.00000000,1.00000000,1.00000000,0,
IMG-0448,images/gusu/私人藏家__一团和气-私人藏家.jpg,448,3,0,gusu,0,gusu,1.00000000,0.00000000,1.00000000,1.00000000,0,
IMG-0449,images/gusu/私人藏家__一团和气2-私人藏家.jpg,449,2,0,gusu,0,gusu,1.00000000,0.00000000,1.00000000,1.00000000,0,
IMG-0450,images/gusu/私人藏家__凤子图，四艺美人童子图之画.jpg,450,5,0,gusu,0,gusu,1.00000000,0.00000000,1.00000000,1.00000000,0,
IMG-0451,images/gusu/私人藏家__和合二仙-私人藏家.jpg,451,1,0,gusu,0,gusu,0.99999535,0.00000462,0.99999535,0.99999535,0,
IMG-0452,images/gusu/私人藏家__四妃十六子-私人藏家.jpg,452,3,0,gusu,0,gusu,1.00000000,0.00000000,1.00000000,1.00000000,0,
IMG-0453,images/gusu/私人藏家__四艺之棋-私人藏家.jpg,453,1,0,gusu,0,gusu,1.00000000,0.00000001,1.00000000,1.00000000,0,
IMG-0454,images/gusu/私人藏家__四艺美人童子之琴、书.jpg,454,2,0,gusu,0,gusu,1.00000000,0.00000000,1.00000000,1.00000000,0,
IMG-0455,images/gusu/私人藏家__皇妃与格格-私人藏家.jpg,455,3,0,gusu,0,gusu,0.99995756,0.00004242,0.99995756,0.99995756,0,
IMG-0456,images/gusu/私人藏家__鳌拜围猎图-私人藏家.jpg,456,4,0,gusu,0,gusu,1.00000000,0.00000001,1.00000000,1.00000000,0,
IMG-0457,images/gusu/私人藏家__麟儿图-b【带框合成版】.jpg,457,5,0,gusu,0,gusu,1.00000000,0.00000000,1.00000000,1.00000000,0,
IMG-0458,images/gusu/私人藏家__麟儿图【带框合成版】.jpg,458,2,0,gusu,0,gusu,1.00000000,0.00000000,1.00000000,1.00000000,0,
IMG-0459,images/non_gusu/1860英法从圆明园掠走年画__微信图片_20260409092756.jpg,459,4,1,non_gusu,1,non_gusu,0.09188079,0.90811926,0.90811926,0.90811926,0,
IMG-0460,images/non_gusu/1860英法从圆明园掠走年画__微信图片_20260409092807.jpg,460,3,1,non_gusu,1,non_gusu,0.00373599,0.99626404,0.99626404,0.99626404,0,
IMG-0461,images/non_gusu/1860英法从圆明园掠走年画__微信图片_20260409092828.jpg,461,1,1,non_gusu,1,non_gusu,0.00000656,0.99999344,0.99999344,0.99999344,0,
IMG-0462,images/non_gusu/1951年木板年画__微信图片_20260409095947.jpg,462,3,1,non_gusu,1,non_gusu,0.00000000,1.00000000,1.00000000,1.00000000,0,
IMG-0463,images/non_gusu/1951年木板年画__微信图片_20260409095953.jpg,463,3,1,non_gusu,1,non_gusu,0.00000000,1.00000000,1.00000000,1.00000000,0,
IMG-0464,images/non_gusu/1951年木板年画__微信图片_20260409095959.jpg,464,1,1,non_gusu,1,non_gusu,0.00000046,0.99999952,0.99999952,0.99999952,0,
IMG-0465,images/non_gusu/1951年木板年画__微信图片_20260409100018.jpg,465,2,1,non_gusu,1,non_gusu,0.00000000,1.00000000,1.00000000,1.00000000,0,
IMG-0466,images/non_gusu/1951年木板年画__微信图片_20260409100023.jpg,466,3,1,non_gusu,1,non_gusu,0.00002785,0.99997211,0.99997211,0.99997211,0,
IMG-0467,images/non_gusu/1951年木板年画__微信图片_20260409100042.jpg,467,2,1,non_gusu,1,non_gusu,0.00000000,1.00000000,1.00000000,1.00000000,0,
IMG-0468,images/non_gusu/1951年木板年画__微信图片_20260409100047.jpg,468,2,1,non_gusu,1,non_gusu,0.00000000,1.00000000,1.00000000,1.00000000,0,
IMG-0469,images/non_gusu/1951年木板年画__微信图片_20260409100051.jpg,469,1,1,non_gusu,1,non_gusu,0.00000125,0.99999881,0.99999881,0.99999881,0,
IMG-0470,images/non_gusu/50年代桃花坞__微信图片_20260410093445.jpg,470,3,1,non_gusu,0,gusu,0.99830037,0.00169967,0.99830037,0.00169967,1,non_gusu_to_gusu
IMG-0471,images/non_gusu/50年代桃花坞__微信图片_20260410093506.jpg,471,3,1,non_gusu,1,non_gusu,0.00013733,0.99986267,0.99986267,0.99986267,0,
IMG-0472,images/non_gusu/50年代桃花坞__微信图片_20260410093513.jpg,472,2,1,non_gusu,1,non_gusu,0.00006895,0.99993110,0.99993110,0.99993110,0,
IMG-0473,images/non_gusu/50年代桃花坞__微信图片_20260410093519.jpg,473,4,1,non_gusu,1,non_gusu,0.00000000,1.00000000,1.00000000,1.00000000,0,
IMG-0474,images/non_gusu/50年代桃花坞__微信图片_20260410093525.jpg,474,3,1,non_gusu,1,non_gusu,0.14219163,0.85780841,0.85780841,0.85780841,0,
IMG-0475,images/non_gusu/50年代桃花坞__微信图片_20260410093530.jpg,475,4,1,non_gusu,1,non_gusu,0.00010154,0.99989843,0.99989843,0.99989843,0,
IMG-0476,images/non_gusu/50年代桃花坞__微信图片_20260410093537.jpg,476,4,1,non_gusu,1,non_gusu,0.00819847,0.99180156,0.99180156,0.99180156,0,
IMG-0477,images/non_gusu/50年代桃花坞__微信图片_20260410093543.jpg,477,3,1,non_gusu,0,gusu,0.99942052,0.00057956,0.99942052,0.00057956,1,non_gusu_to_gusu
IMG-0478,images/non_gusu/50年代桃花坞__微信图片_20260410093549.jpg,478,3,1,non_gusu,1,non_gusu,0.00000000,1.00000000,1.00000000,1.00000000,0,
IMG-0479,images/non_gusu/上海胶印民国__微信图片_20260404204909.jpg,479,4,1,non_gusu,1,non_gusu,0.00000000,1.00000000,1.00000000,1.00000000,0,
IMG-0480,images/non_gusu/上海胶印民国__微信图片_20260404204922.jpg,480,2,1,non_gusu,1,non_gusu,0.00000000,1.00000000,1.00000000,1.00000000,0,
IMG-0481,images/non_gusu/上海胶印民国__微信图片_20260404204931.jpg,481,4,1,non_gusu,1,non_gusu,0.00000000,1.00000000,1.00000000,1.00000000,0,
IMG-0482,images/non_gusu/上海胶印民国__微信图片_20260404204941.jpg,482,1,1,non_gusu,1,non_gusu,0.00000000,1.00000000,1.00000000,1.00000000,0,
IMG-0483,images/non_gusu/上海胶印民国__微信图片_20260404204955.jpg,483,1,1,non_gusu,1,non_gusu,0.00038760,0.99961239,0.99961239,0.99961239,0,
IMG-0484,images/non_gusu/上海胶印民国__微信图片_20260404205007.jpg,484,1,1,non_gusu,1,non_gusu,0.00000000,1.00000000,1.00000000,1.00000000,0,
IMG-0485,images/non_gusu/上海胶印民国__微信图片_20260404205016.jpg,485,2,1,non_gusu,1,non_gusu,0.00000000,1.00000000,1.00000000,1.00000000,0,
IMG-0486,images/non_gusu/上海胶印民国__微信图片_20260404205026.jpg,486,4,1,non_gusu,1,non_gusu,0.00000000,1.00000000,1.00000000,1.00000000,0,
IMG-0487,images/non_gusu/上海胶印民国__微信图片_20260404205041.jpg,487,1,1,non_gusu,1,non_gusu,0.00000326,0.99999678,0.99999678,0.99999678,0,
IMG-0488,images/non_gusu/上海胶印民国__微信图片_20260404214529.jpg,488,1,1,non_gusu,1,non_gusu,0.44730493,0.55269510,0.55269510,0.55269510,0,
IMG-0489,images/non_gusu/上海胶印民国__微信图片_20260404214543.jpg,489,2,1,non_gusu,1,non_gusu,0.00000000,1.00000000,1.00000000,1.00000000,0,
IMG-0490,images/non_gusu/上海胶印民国__微信图片_20260404214555.jpg,490,2,1,non_gusu,1,non_gusu,0.00000000,1.00000000,1.00000000,1.00000000,0,
IMG-0491,images/non_gusu/上海胶印民国__微信图片_20260404214603.jpg,491,5,1,non_gusu,1,non_gusu,0.00000000,1.00000000,1.00000000,1.00000000,0,
IMG-0492,images/non_gusu/上海胶印民国__微信图片_20260404214613.jpg,492,5,1,non_gusu,1,non_gusu,0.00149441,0.99850559,0.99850559,0.99850559,0,
IMG-0493,images/non_gusu/上海胶印民国__微信图片_20260404214625.jpg,493,4,1,non_gusu,1,non_gusu,0.00000372,0.99999630,0.99999630,0.99999630,0,
IMG-0494,images/non_gusu/上海胶印民国__微信图片_20260404214636.jpg,494,3,1,non_gusu,1,non_gusu,0.00442276,0.99557722,0.99557722,0.99557722,0,
IMG-0495,images/non_gusu/上海胶印民国__微信图片_20260404214646.jpg,495,1,1,non_gusu,1,non_gusu,0.00000656,0.99999344,0.99999344,0.99999344,0,
IMG-0496,images/non_gusu/上海胶印民国__微信图片_20260404214653.jpg,496,3,1,non_gusu,0,gusu,0.84676886,0.15323114,0.84676886,0.15323114,1,non_gusu_to_gusu
IMG-0497,images/non_gusu/上海胶印民国__微信图片_20260409122252.jpg,497,3,1,non_gusu,1,non_gusu,0.02259516,0.97740483,0.97740483,0.97740483,0,
IMG-0498,images/non_gusu/北京__微信图片_20260404213923.jpg,498,5,1,non_gusu,1,non_gusu,0.36488700,0.63511300,0.63511300,0.63511300,0,
IMG-0499,images/non_gusu/北京__微信图片_20260404213938.jpg,499,5,1,non_gusu,1,non_gusu,0.34637794,0.65362209,0.65362209,0.65362209,0,
IMG-0500,images/non_gusu/北京__微信图片_20260409122552.jpg,500,2,1,non_gusu,1,non_gusu,0.00078286,0.99921715,0.99921715,0.99921715,0,
IMG-0501,images/non_gusu/北京__微信图片_20260409122601.jpg,501,5,1,non_gusu,1,non_gusu,0.00008190,0.99991810,0.99991810,0.99991810,0,
IMG-0502,images/non_gusu/北京__微信图片_20260409122608.jpg,502,1,1,non_gusu,1,non_gusu,0.00000002,1.00000000,1.00000000,1.00000000,0,
IMG-0503,images/non_gusu/北京__微信图片_20260409122614.jpg,503,2,1,non_gusu,1,non_gusu,0.00000000,1.00000000,1.00000000,1.00000000,0,
IMG-0504,images/non_gusu/北京__微信图片_20260409122619.jpg,504,5,1,non_gusu,1,non_gusu,0.00050393,0.99949610,0.99949610,0.99949610,0,
IMG-0505,images/non_gusu/天主教__微信图片_20260409101644.jpg,505,5,1,non_gusu,1,non_gusu,0.14482486,0.85517514,0.85517514,0.85517514,0,
IMG-0506,images/non_gusu/小教厂清末__微信图片_20260404204242.jpg,506,4,1,non_gusu,1,non_gusu,0.00003444,0.99996555,0.99996555,0.99996555,0,
IMG-0507,images/non_gusu/小教厂清末__微信图片_20260404204255.jpg,507,1,1,non_gusu,1,non_gusu,0.00000101,0.99999905,0.99999905,0.99999905,0,
IMG-0508,images/non_gusu/小教厂清末__微信图片_20260404204305.jpg,508,1,1,non_gusu,1,non_gusu,0.00000026,0.99999976,0.99999976,0.99999976,0,
IMG-0509,images/non_gusu/小教厂清末__微信图片_20260404204316.jpg,509,5,1,non_gusu,1,non_gusu,0.00072321,0.99927682,0.99927682,0.99927682,0,
IMG-0510,images/non_gusu/小教厂清末__微信图片_20260404204338.jpg,510,3,1,non_gusu,1,non_gusu,0.00327381,0.99672616,0.99672616,0.99672616,0,
IMG-0511,images/non_gusu/小教厂清末__微信图片_20260404204351.jpg,511,4,1,non_gusu,1,non_gusu,0.00000000,1.00000000,1.00000000,1.00000000,0,
IMG-0512,images/non_gusu/小教厂清末__微信图片_20260404204402.jpg,512,3,1,non_gusu,1,non_gusu,0.00000085,0.99999917,0.99999917,0.99999917,0,
IMG-0513,images/non_gusu/小教厂清末__微信图片_20260404204412.jpg,513,5,1,non_gusu,1,non_gusu,0.00026275,0.99973720,0.99973720,0.99973720,0,
IMG-0514,images/non_gusu/小教厂清末__微信图片_20260404204421.jpg,514,4,1,non_gusu,1,non_gusu,0.00101817,0.99898177,0.99898177,0.99898177,0,
IMG-0515,images/non_gusu/小教厂清末__微信图片_20260409093552.jpg,515,3,1,non_gusu,1,non_gusu,0.00001079,0.99998915,0.99998915,0.99998915,0,
IMG-0516,images/non_gusu/小教厂清末__微信图片_20260409093605.jpg,516,4,1,non_gusu,1,non_gusu,0.00000212,0.99999785,0.99999785,0.99999785,0,
IMG-0517,images/non_gusu/小教厂清末__微信图片_20260409093613.jpg,517,2,1,non_gusu,1,non_gusu,0.00000000,1.00000000,1.00000000,1.00000000,0,
IMG-0518,images/non_gusu/小教厂清末__微信图片_20260409093621.jpg,518,2,1,non_gusu,1,non_gusu,0.00000000,1.00000000,1.00000000,1.00000000,0,
IMG-0519,images/non_gusu/小教厂清末__微信图片_20260409093625.jpg,519,2,1,non_gusu,1,non_gusu,0.00000000,1.00000000,1.00000000,1.00000000,0,
IMG-0520,images/non_gusu/小教厂清末__微信图片_20260409093633.jpg,520,4,1,non_gusu,1,non_gusu,0.02831279,0.97168726,0.97168726,0.97168726,0,
IMG-0521,images/non_gusu/小教厂清末__微信图片_20260409093646.jpg,521,1,1,non_gusu,1,non_gusu,0.00232191,0.99767810,0.99767810,0.99767810,0,
IMG-0522,images/non_gusu/小教厂清末__微信图片_20260409093654.jpg,522,4,1,non_gusu,1,non_gusu,0.23746671,0.76253331,0.76253331,0.76253331,0,
IMG-0523,images/non_gusu/小教厂清末__微信图片_20260409093701.jpg,523,4,1,non_gusu,1,non_gusu,0.00000363,0.99999642,0.99999642,0.99999642,0,
IMG-0524,images/non_gusu/小教厂清末__微信图片_20260409101708.jpg,524,5,1,non_gusu,1,non_gusu,0.00000000,1.00000000,1.00000000,1.00000000,0,
IMG-0525,images/non_gusu/小教厂清末__微信图片_20260409121522.jpg,525,1,1,non_gusu,1,non_gusu,0.00000000,1.00000000,1.00000000,1.00000000,0,
IMG-0526,images/non_gusu/小教厂清末__微信图片_20260409121532.jpg,526,4,1,non_gusu,1,non_gusu,0.00051257,0.99948740,0.99948740,0.99948740,0,
IMG-0527,images/non_gusu/小教厂清末__微信图片_20260409121546.jpg,527,4,1,non_gusu,1,non_gusu,0.00015852,0.99984145,0.99984145,0.99984145,0,
IMG-0528,images/non_gusu/小教厂清末__微信图片_20260409121555.jpg,528,3,1,non_gusu,1,non_gusu,0.00000000,1.00000000,1.00000000,1.00000000,0,
IMG-0529,images/non_gusu/小教厂清末__微信图片_20260409121602.jpg,529,2,1,non_gusu,1,non_gusu,0.00005329,0.99994671,0.99994671,0.99994671,0,
IMG-0530,images/non_gusu/小教厂清末__微信图片_20260409125053.jpg,530,3,1,non_gusu,1,non_gusu,0.00572931,0.99427068,0.99427068,0.99427068,0,
IMG-0531,images/non_gusu/小教厂清末__微信图片_20260409125109.jpg,531,5,1,non_gusu,1,non_gusu,0.00000000,1.00000000,1.00000000,1.00000000,0,
IMG-0532,images/non_gusu/小教厂清末__微信图片_20260409125116.jpg,532,4,1,non_gusu,1,non_gusu,0.00000271,0.99999726,0.99999726,0.99999726,0,
IMG-0533,images/non_gusu/小教厂清末__微信图片_20260409125124.jpg,533,1,1,non_gusu,1,non_gusu,0.02834102,0.97165900,0.97165900,0.97165900,0,
IMG-0534,images/non_gusu/小教厂清末__微信图片_20260409125134.jpg,534,4,1,non_gusu,1,non_gusu,0.00000000,1.00000000,1.00000000,1.00000000,0,
IMG-0535,images/non_gusu/小教厂清末__微信图片_20260409125141.jpg,535,2,1,non_gusu,1,non_gusu,0.00000000,1.00000000,1.00000000,1.00000000,0,
IMG-0536,images/non_gusu/小教厂清末__微信图片_20260409125150.jpg,536,2,1,non_gusu,1,non_gusu,0.00000057,0.99999940,0.99999940,0.99999940,0,
IMG-0537,images/non_gusu/小教厂清末__微信图片_20260409125158.jpg,537,4,1,non_gusu,1,non_gusu,0.00000067,0.99999928,0.99999928,0.99999928,0,
IMG-0538,images/non_gusu/小教厂清末__微信图片_20260409125205.jpg,538,5,1,non_gusu,1,non_gusu,0.00000000,1.00000000,1.00000000,1.00000000,0,
IMG-0539,images/non_gusu/插图__微信图片_20260409100438.jpg,539,5,1,non_gusu,1,non_gusu,0.00000005,1.00000000,1.00000000,1.00000000,0,
IMG-0540,images/non_gusu/插图__微信图片_20260409100449.jpg,540,2,1,non_gusu,1,non_gusu,0.00000000,1.00000000,1.00000000,1.00000000,0,
IMG-0541,images/non_gusu/插图__微信图片_20260409100454.jpg,541,3,1,non_gusu,1,non_gusu,0.00000000,1.00000000,1.00000000,1.00000000,0,
IMG-0542,images/non_gusu/插图__微信图片_20260409100501.jpg,542,4,1,non_gusu,1,non_gusu,0.00000000,1.00000000,1.00000000,1.00000000,0,
IMG-0543,images/non_gusu/插图__微信图片_20260409100506.jpg,543,5,1,non_gusu,1,non_gusu,0.00000026,0.99999976,0.99999976,0.99999976,0,
IMG-0544,images/non_gusu/插图__微信图片_20260409100511.jpg,544,2,1,non_gusu,1,non_gusu,0.00000000,1.00000000,1.00000000,1.00000000,0,
IMG-0545,images/non_gusu/插图__微信图片_20260409100516.jpg,545,5,1,non_gusu,1,non_gusu,0.00000000,1.00000000,1.00000000,1.00000000,0,
IMG-0546,images/non_gusu/插图__微信图片_20260409100522.jpg,546,1,1,non_gusu,1,non_gusu,0.00000001,1.00000000,1.00000000,1.00000000,0,
IMG-0547,images/non_gusu/插图__微信图片_20260409100528.jpg,547,4,1,non_gusu,1,non_gusu,0.00000000,1.00000000,1.00000000,1.00000000,0,
IMG-0548,images/non_gusu/插图__微信图片_20260409100704.jpg,548,3,1,non_gusu,1,non_gusu,0.00011680,0.99988317,0.99988317,0.99988317,0,
IMG-0549,images/non_gusu/插图__微信图片_20260409100712.jpg,549,2,1,non_gusu,1,non_gusu,0.00000000,1.00000000,1.00000000,1.00000000,0,
IMG-0550,images/non_gusu/插图__微信图片_20260409100725.jpg,550,5,1,non_gusu,1,non_gusu,0.00002360,0.99997640,0.99997640,0.99997640,0,
IMG-0551,images/non_gusu/插图__微信图片_20260409100732.jpg,551,4,1,non_gusu,1,non_gusu,0.00000025,0.99999976,0.99999976,0.99999976,0,
IMG-0552,images/non_gusu/插图__微信图片_20260409100740.jpg,552,3,1,non_gusu,1,non_gusu,0.00000000,1.00000000,1.00000000,1.00000000,0,
IMG-0553,images/non_gusu/插图__微信图片_20260409100749.jpg,553,4,1,non_gusu,1,non_gusu,0.00000000,1.00000000,1.00000000,1.00000000,0,
IMG-0554,images/non_gusu/插图__微信图片_20260409100801.jpg,554,3,1,non_gusu,1,non_gusu,0.00000000,1.00000000,1.00000000,1.00000000,0,
IMG-0555,images/non_gusu/插图__微信图片_20260409100809.jpg,555,5,1,non_gusu,1,non_gusu,0.00000000,1.00000000,1.00000000,1.00000000,0,
IMG-0556,images/non_gusu/插图__微信图片_20260409100817.jpg,556,1,1,non_gusu,1,non_gusu,0.00000001,1.00000000,1.00000000,1.00000000,0,
IMG-0557,images/non_gusu/插图__微信图片_20260409102731.jpg,557,3,1,non_gusu,1,non_gusu,0.00000000,1.00000000,1.00000000,1.00000000,0,
IMG-0558,images/non_gusu/插图__微信图片_20260409102740.jpg,558,4,1,non_gusu,1,non_gusu,0.00000000,1.00000000,1.00000000,1.00000000,0,
IMG-0559,images/non_gusu/插图__微信图片_20260409102748.jpg,559,4,1,non_gusu,1,non_gusu,0.00000001,1.00000000,1.00000000,1.00000000,0,
IMG-0560,images/non_gusu/插图__微信图片_20260409102758.jpg,560,4,1,non_gusu,1,non_gusu,0.00000000,1.00000000,1.00000000,1.00000000,0,
IMG-0561,images/non_gusu/插图__微信图片_20260409102806.jpg,561,5,1,non_gusu,1,non_gusu,0.00000000,1.00000000,1.00000000,1.00000000,0,
IMG-0562,images/non_gusu/插图__微信图片_20260409102816.jpg,562,1,1,non_gusu,1,non_gusu,0.00130490,0.99869508,0.99869508,0.99869508,0,
IMG-0563,images/non_gusu/插图__微信图片_20260409102826.jpg,563,3,1,non_gusu,1,non_gusu,0.00000000,1.00000000,1.00000000,1.00000000,0,
IMG-0564,images/non_gusu/插图__微信图片_20260409102838.jpg,564,2,1,non_gusu,1,non_gusu,0.00000000,1.00000000,1.00000000,1.00000000,0,
IMG-0565,images/non_gusu/插图__微信图片_20260409102846.jpg,565,2,1,non_gusu,1,non_gusu,0.00000000,1.00000000,1.00000000,1.00000000,0,
IMG-0566,images/non_gusu/插图__微信图片_20260409114645.jpg,566,3,1,non_gusu,0,gusu,0.99825090,0.00174909,0.99825090,0.00174909,1,non_gusu_to_gusu
IMG-0567,images/non_gusu/插图__微信图片_20260409114657.jpg,567,2,1,non_gusu,1,non_gusu,0.00000632,0.99999368,0.99999368,0.99999368,0,
IMG-0568,images/non_gusu/插图__微信图片_20260409114705.jpg,568,2,1,non_gusu,1,non_gusu,0.00000105,0.99999893,0.99999893,0.99999893,0,
IMG-0569,images/non_gusu/插图__微信图片_20260409114715.jpg,569,3,1,non_gusu,1,non_gusu,0.00172537,0.99827468,0.99827468,0.99827468,0,
IMG-0570,images/non_gusu/插图__微信图片_20260409114722.jpg,570,4,1,non_gusu,1,non_gusu,0.00000000,1.00000000,1.00000000,1.00000000,0,
IMG-0571,images/non_gusu/插图__微信图片_20260409114729.jpg,571,2,1,non_gusu,1,non_gusu,0.00000000,1.00000000,1.00000000,1.00000000,0,
IMG-0572,images/non_gusu/插图__微信图片_20260409114800.jpg,572,5,1,non_gusu,1,non_gusu,0.00000000,1.00000000,1.00000000,1.00000000,0,
IMG-0573,images/non_gusu/插图__微信图片_20260409114810.jpg,573,2,1,non_gusu,1,non_gusu,0.00000000,1.00000000,1.00000000,1.00000000,0,
IMG-0574,images/non_gusu/插图__微信图片_20260409114817.jpg,574,4,1,non_gusu,1,non_gusu,0.00000000,1.00000000,1.00000000,1.00000000,0,
IMG-0575,images/non_gusu/插图__微信图片_20260409130321.jpg,575,1,1,non_gusu,1,non_gusu,0.00000326,0.99999678,0.99999678,0.99999678,0,
IMG-0576,images/non_gusu/插图__微信图片_20260409130330.jpg,576,4,1,non_gusu,1,non_gusu,0.00000000,1.00000000,1.00000000,1.00000000,0,
IMG-0577,images/non_gusu/插图__微信图片_20260409130334.jpg,577,3,1,non_gusu,1,non_gusu,0.00012875,0.99987125,0.99987125,0.99987125,0,
IMG-0578,images/non_gusu/插图__微信图片_20260409130340.jpg,578,2,1,non_gusu,1,non_gusu,0.00000000,1.00000000,1.00000000,1.00000000,0,
IMG-0579,images/non_gusu/插图__微信图片_20260409130344.jpg,579,2,1,non_gusu,1,non_gusu,0.00000002,1.00000000,1.00000000,1.00000000,0,
IMG-0580,images/non_gusu/插图__微信图片_20260409130349.jpg,580,2,1,non_gusu,1,non_gusu,0.00000000,1.00000000,1.00000000,1.00000000,0,
IMG-0581,images/non_gusu/插图__微信图片_20260409130353.jpg,581,5,1,non_gusu,1,non_gusu,0.00000000,1.00000000,1.00000000,1.00000000,0,
IMG-0582,images/non_gusu/插图__微信图片_20260409130401.jpg,582,1,1,non_gusu,1,non_gusu,0.00000088,0.99999917,0.99999917,0.99999917,0,
IMG-0583,images/non_gusu/插图__微信图片_20260409130408.jpg,583,1,1,non_gusu,1,non_gusu,0.00008065,0.99991930,0.99991930,0.99991930,0,
IMG-0584,images/non_gusu/插图__微信图片_20260410094029.jpg,584,2,1,non_gusu,1,non_gusu,0.00000000,1.00000000,1.00000000,1.00000000,0,
IMG-0585,images/non_gusu/插图__微信图片_20260410094038.jpg,585,3,1,non_gusu,1,non_gusu,0.00000000,1.00000000,1.00000000,1.00000000,0,
IMG-0586,images/non_gusu/插图__微信图片_20260410094045.jpg,586,5,1,non_gusu,1,non_gusu,0.00000000,1.00000000,1.00000000,1.00000000,0,
IMG-0587,images/non_gusu/插图__微信图片_20260410094052.jpg,587,1,1,non_gusu,1,non_gusu,0.00000000,1.00000000,1.00000000,1.00000000,0,
IMG-0588,images/non_gusu/插图__微信图片_20260410094102.jpg,588,3,1,non_gusu,1,non_gusu,0.00000000,1.00000000,1.00000000,1.00000000,0,
IMG-0589,images/non_gusu/插图__微信图片_20260410094107.jpg,589,3,1,non_gusu,1,non_gusu,0.00000000,1.00000000,1.00000000,1.00000000,0,
IMG-0590,images/non_gusu/插图__微信图片_20260410094115.jpg,590,2,1,non_gusu,1,non_gusu,0.00000000,1.00000000,1.00000000,1.00000000,0,
IMG-0591,images/non_gusu/插图__微信图片_20260410094119.jpg,591,4,1,non_gusu,1,non_gusu,0.00000000,1.00000000,1.00000000,1.00000000,0,
IMG-0592,images/non_gusu/插图__微信图片_20260410094239.jpg,592,4,1,non_gusu,1,non_gusu,0.00000000,1.00000000,1.00000000,1.00000000,0,
IMG-0593,images/non_gusu/插图__微信图片_20260410094252.jpg,593,3,1,non_gusu,1,non_gusu,0.00000000,1.00000000,1.00000000,1.00000000,0,
IMG-0594,images/non_gusu/插图__微信图片_20260410094303.jpg,594,5,1,non_gusu,1,non_gusu,0.00000000,1.00000000,1.00000000,1.00000000,0,
IMG-0595,images/non_gusu/插图__微信图片_20260410094317.jpg,595,1,1,non_gusu,1,non_gusu,0.00000000,1.00000000,1.00000000,1.00000000,0,
IMG-0596,images/non_gusu/插图__微信图片_20260410094327.jpg,596,2,1,non_gusu,1,non_gusu,0.00000000,1.00000000,1.00000000,1.00000000,0,
IMG-0597,images/non_gusu/插图__微信图片_20260410094335.jpg,597,2,1,non_gusu,1,non_gusu,0.00000000,1.00000000,1.00000000,1.00000000,0,
IMG-0598,images/non_gusu/插图__微信图片_20260410094343.jpg,598,5,1,non_gusu,1,non_gusu,0.00003451,0.99996543,0.99996543,0.99996543,0,
IMG-0599,images/non_gusu/插图__微信图片_20260410094352.jpg,599,4,1,non_gusu,1,non_gusu,0.00000000,1.00000000,1.00000000,1.00000000,0,
IMG-0600,images/non_gusu/插图__微信图片_20260410094400.jpg,600,1,1,non_gusu,1,non_gusu,0.00000000,1.00000000,1.00000000,1.00000000,0,
IMG-0601,images/non_gusu/新年画__微信图片_20260409122807.jpg,601,2,1,non_gusu,1,non_gusu,0.00000282,0.99999714,0.99999714,0.99999714,0,
IMG-0602,images/non_gusu/新年画__微信图片_20260409122817.jpg,602,3,1,non_gusu,1,non_gusu,0.00004382,0.99995613,0.99995613,0.99995613,0,
IMG-0603,images/non_gusu/新年画__微信图片_20260409122823.jpg,603,1,1,non_gusu,1,non_gusu,0.31959027,0.68040973,0.68040973,0.68040973,0,
IMG-0604,images/non_gusu/暹罗__微信图片_20260404210245.jpg,604,1,1,non_gusu,1,non_gusu,0.00000000,1.00000000,1.00000000,1.00000000,0,
IMG-0605,images/non_gusu/杨柳青清末__微信图片_20260404210100.jpg,605,2,1,non_gusu,1,non_gusu,0.00000040,0.99999964,0.99999964,0.99999964,0,
IMG-0606,images/non_gusu/杨柳青清末__微信图片_20260404210125.jpg,606,5,1,non_gusu,1,non_gusu,0.00000000,1.00000000,1.00000000,1.00000000,0,
IMG-0607,images/non_gusu/杨柳青清末__微信图片_20260404210142.jpg,607,1,1,non_gusu,1,non_gusu,0.00000007,0.99999988,0.99999988,0.99999988,0,
IMG-0608,images/non_gusu/杨柳青清末__微信图片_20260404211114.jpg,608,3,1,non_gusu,1,non_gusu,0.37261513,0.62738490,0.62738490,0.62738490,0,
IMG-0609,images/non_gusu/杨柳青清末__微信图片_20260404211137.jpg,609,2,1,non_gusu,1,non_gusu,0.00000549,0.99999452,0.99999452,0.99999452,0,
IMG-0610,images/non_gusu/杨柳青清末__微信图片_20260404211146.jpg,610,1,1,non_gusu,1,non_gusu,0.00001313,0.99998689,0.99998689,0.99998689,0,
IMG-0611,images/non_gusu/杨柳青清末__微信图片_20260404211157.jpg,611,3,1,non_gusu,1,non_gusu,0.00000066,0.99999928,0.99999928,0.99999928,0,
IMG-0612,images/non_gusu/杨柳青清末__微信图片_20260404211209.jpg,612,3,1,non_gusu,1,non_gusu,0.01473287,0.98526716,0.98526716,0.98526716,0,
IMG-0613,images/non_gusu/杨柳青清末__微信图片_20260404211219.jpg,613,1,1,non_gusu,1,non_gusu,0.00001593,0.99998403,0.99998403,0.99998403,0,
IMG-0614,images/non_gusu/杨柳青清末__微信图片_20260404211231.jpg,614,4,1,non_gusu,1,non_gusu,0.00000251,0.99999750,0.99999750,0.99999750,0,
IMG-0615,images/non_gusu/杨柳青清末__微信图片_20260404211243.jpg,615,5,1,non_gusu,1,non_gusu,0.00000007,0.99999988,0.99999988,0.99999988,0,
IMG-0616,images/non_gusu/杨柳青清末__微信图片_20260404211253.jpg,616,4,1,non_gusu,1,non_gusu,0.00004969,0.99995029,0.99995029,0.99995029,0,
IMG-0617,images/non_gusu/杨柳青清末__微信图片_20260404211819.jpg,617,5,1,non_gusu,1,non_gusu,0.00000000,1.00000000,1.00000000,1.00000000,0,
IMG-0618,images/non_gusu/杨柳青清末__微信图片_20260404211829.jpg,618,4,1,non_gusu,1,non_gusu,0.00000580,0.99999416,0.99999416,0.99999416,0,
IMG-0619,images/non_gusu/杨柳青清末__微信图片_20260404211841.jpg,619,5,1,non_gusu,1,non_gusu,0.00000000,1.00000000,1.00000000,1.00000000,0,
IMG-0620,images/non_gusu/杨柳青清末__微信图片_20260404211848.jpg,620,1,1,non_gusu,1,non_gusu,0.00000000,1.00000000,1.00000000,1.00000000,0,
IMG-0621,images/non_gusu/杨柳青清末__微信图片_20260404211857.jpg,621,1,1,non_gusu,1,non_gusu,0.00000050,0.99999952,0.99999952,0.99999952,0,
IMG-0622,images/non_gusu/杨柳青清末__微信图片_20260404211905.jpg,622,5,1,non_gusu,1,non_gusu,0.00000000,1.00000000,1.00000000,1.00000000,0,
IMG-0623,images/non_gusu/杨柳青清末__微信图片_20260404212105.jpg,623,2,1,non_gusu,1,non_gusu,0.00000000,1.00000000,1.00000000,1.00000000,0,
IMG-0624,images/non_gusu/杨柳青清末__微信图片_20260404212119.jpg,624,4,1,non_gusu,1,non_gusu,0.00000000,1.00000000,1.00000000,1.00000000,0,
IMG-0625,images/non_gusu/杨柳青清末__微信图片_20260404212127.jpg,625,5,1,non_gusu,1,non_gusu,0.00000000,1.00000000,1.00000000,1.00000000,0,
IMG-0626,images/non_gusu/杨柳青清末__微信图片_20260404212135.jpg,626,2,1,non_gusu,1,non_gusu,0.00000000,1.00000000,1.00000000,1.00000000,0,
IMG-0627,images/non_gusu/杨柳青清末__微信图片_20260404212143.jpg,627,3,1,non_gusu,1,non_gusu,0.00026258,0.99973744,0.99973744,0.99973744,0,
IMG-0628,images/non_gusu/杨柳青清末__微信图片_20260404212152.jpg,628,1,1,non_gusu,1,non_gusu,0.00000000,1.00000000,1.00000000,1.00000000,0,
IMG-0629,images/non_gusu/杨柳青清末__微信图片_20260404212203.jpg,629,1,1,non_gusu,1,non_gusu,0.00001623,0.99998379,0.99998379,0.99998379,0,
IMG-0630,images/non_gusu/杨柳青清末__微信图片_20260404212210.jpg,630,5,1,non_gusu,1,non_gusu,0.00000000,1.00000000,1.00000000,1.00000000,0,
IMG-0631,images/non_gusu/杨柳青清末__微信图片_20260404212217.jpg,631,1,1,non_gusu,1,non_gusu,0.00257041,0.99742955,0.99742955,0.99742955,0,
IMG-0632,images/non_gusu/杨柳青清末__微信图片_20260404213044.jpg,632,1,1,non_gusu,1,non_gusu,0.12315286,0.87684715,0.87684715,0.87684715,0,
IMG-0633,images/non_gusu/杨柳青清末__微信图片_20260404215645.jpg,633,1,1,non_gusu,1,non_gusu,0.01378028,0.98621964,0.98621964,0.98621964,0,
IMG-0634,images/non_gusu/杨柳青清末__微信图片_20260404215659.jpg,634,1,1,non_gusu,0,gusu,0.98516613,0.01483381,0.98516613,0.01483381,1,non_gusu_to_gusu
IMG-0635,images/non_gusu/杨柳青清末__微信图片_20260404215707.jpg,635,4,1,non_gusu,1,non_gusu,0.10080236,0.89919770,0.89919770,0.89919770,0,
IMG-0636,images/non_gusu/杨柳青清末__微信图片_20260404220444.jpg,636,5,1,non_gusu,1,non_gusu,0.00000009,0.99999988,0.99999988,0.99999988,0,
IMG-0637,images/non_gusu/杨柳青清末__微信图片_20260404220454.jpg,637,5,1,non_gusu,1,non_gusu,0.00000000,1.00000000,1.00000000,1.00000000,0,
IMG-0638,images/non_gusu/杨柳青清末__微信图片_20260404220505.jpg,638,3,1,non_gusu,1,non_gusu,0.00000000,1.00000000,1.00000000,1.00000000,0,
IMG-0639,images/non_gusu/杨柳青清末__微信图片_20260404220512.jpg,639,5,1,non_gusu,0,gusu,0.67849988,0.32150012,0.67849988,0.32150012,1,non_gusu_to_gusu
IMG-0640,images/non_gusu/杨柳青清末__微信图片_20260404220519.jpg,640,2,1,non_gusu,1,non_gusu,0.00000000,1.00000000,1.00000000,1.00000000,0,
IMG-0641,images/non_gusu/杨柳青清末__微信图片_20260404220527.jpg,641,5,1,non_gusu,1,non_gusu,0.00000000,1.00000000,1.00000000,1.00000000,0,
IMG-0642,images/non_gusu/杨柳青清末__微信图片_20260404220533.jpg,642,4,1,non_gusu,1,non_gusu,0.00000007,0.99999988,0.99999988,0.99999988,0,
IMG-0643,images/non_gusu/杨柳青清末__微信图片_20260409092938.jpg,643,1,1,non_gusu,1,non_gusu,0.02020441,0.97979558,0.97979558,0.97979558,0,
IMG-0644,images/non_gusu/杨柳青清末__微信图片_20260409092948.jpg,644,1,1,non_gusu,1,non_gusu,0.00050783,0.99949217,0.99949217,0.99949217,0,
IMG-0645,images/non_gusu/杨柳青清末__微信图片_20260409092953.jpg,645,5,1,non_gusu,1,non_gusu,0.00000000,1.00000000,1.00000000,1.00000000,0,
IMG-0646,images/non_gusu/杨柳青清末__微信图片_20260409101519.jpg,646,2,1,non_gusu,1,non_gusu,0.00000000,1.00000000,1.00000000,1.00000000,0,
IMG-0647,images/non_gusu/杨柳青清末__微信图片_20260409101531.jpg,647,3,1,non_gusu,1,non_gusu,0.00000105,0.99999893,0.99999893,0.99999893,0,
IMG-0648,images/non_gusu/杨柳青清末__微信图片_20260409101541.jpg,648,5,1,non_gusu,1,non_gusu,0.00000000,1.00000000,1.00000000,1.00000000,0,
IMG-0649,images/non_gusu/杨柳青清末__微信图片_20260409101551.jpg,649,1,1,non_gusu,1,non_gusu,0.00251526,0.99748468,0.99748468,0.99748468,0,
IMG-0650,images/non_gusu/杨柳青清末__微信图片_20260409101559.jpg,650,5,1,non_gusu,1,non_gusu,0.00000000,1.00000000,1.00000000,1.00000000,0,
IMG-0651,images/non_gusu/杨柳青清末__微信图片_20260409101607.jpg,651,5,1,non_gusu,1,non_gusu,0.00000035,0.99999964,0.99999964,0.99999964,0,
IMG-0652,images/non_gusu/杨柳青清末__微信图片_20260409101936.jpg,652,1,1,non_gusu,1,non_gusu,0.00582619,0.99417382,0.99417382,0.99417382,0,
IMG-0653,images/non_gusu/杨柳青清末__微信图片_20260409101951.jpg,653,4,1,non_gusu,1,non_gusu,0.00032586,0.99967420,0.99967420,0.99967420,0,
IMG-0654,images/non_gusu/杨柳青清末__微信图片_20260409101958.jpg,654,2,1,non_gusu,1,non_gusu,0.00000000,1.00000000,1.00000000,1.00000000,0,
IMG-0655,images/non_gusu/杨柳青清末__微信图片_20260409102005.jpg,655,2,1,non_gusu,1,non_gusu,0.00000193,0.99999809,0.99999809,0.99999809,0,
IMG-0656,images/non_gusu/杨柳青清末__微信图片_20260409102015.jpg,656,4,1,non_gusu,0,gusu,0.95202196,0.04797805,0.95202196,0.04797805,1,non_gusu_to_gusu
IMG-0657,images/non_gusu/杨柳青清末__微信图片_20260409102023.jpg,657,3,1,non_gusu,1,non_gusu,0.00543164,0.99456835,0.99456835,0.99456835,0,
IMG-0658,images/non_gusu/杨柳青清末__微信图片_20260409102030.jpg,658,2,1,non_gusu,1,non_gusu,0.00000000,1.00000000,1.00000000,1.00000000,0,
IMG-0659,images/non_gusu/杨柳青清末__微信图片_20260409102038.jpg,659,5,1,non_gusu,1,non_gusu,0.00000000,1.00000000,1.00000000,1.00000000,0,
IMG-0660,images/non_gusu/杨柳青清末__微信图片_20260409102047.jpg,660,1,1,non_gusu,1,non_gusu,0.00000629,0.99999368,0.99999368,0.99999368,0,
IMG-0661,images/non_gusu/杨柳青清末__微信图片_20260409114434.jpg,661,5,1,non_gusu,1,non_gusu,0.00128815,0.99871182,0.99871182,0.99871182,0,
IMG-0662,images/non_gusu/杨柳青清末__微信图片_20260409114450.jpg,662,1,1,non_gusu,1,non_gusu,0.00000674,0.99999321,0.99999321,0.99999321,0,
IMG-0663,images/non_gusu/杨柳青清末__微信图片_20260409114458.jpg,663,5,1,non_gusu,1,non_gusu,0.00000000,1.00000000,1.00000000,1.00000000,0,
IMG-0664,images/non_gusu/杨柳青清末__微信图片_20260409114507.jpg,664,1,1,non_gusu,1,non_gusu,0.00000000,1.00000000,1.00000000,1.00000000,0,
IMG-0665,images/non_gusu/杨柳青清末__微信图片_20260409114515.jpg,665,4,1,non_gusu,1,non_gusu,0.07774913,0.92225093,0.92225093,0.92225093,0,
IMG-0666,images/non_gusu/杨柳青清末__微信图片_20260409114524.jpg,666,4,1,non_gusu,1,non_gusu,0.00000067,0.99999928,0.99999928,0.99999928,0,
IMG-0667,images/non_gusu/杨柳青清末__微信图片_20260409122125.jpg,667,5,1,non_gusu,1,non_gusu,0.00000000,1.00000000,1.00000000,1.00000000,0,
IMG-0668,images/non_gusu/杨柳青清末__微信图片_20260409122137.jpg,668,3,1,non_gusu,1,non_gusu,0.00000000,1.00000000,1.00000000,1.00000000,0,
IMG-0669,images/non_gusu/杨柳青清末__微信图片_20260409122143.jpg,669,2,1,non_gusu,1,non_gusu,0.00000000,1.00000000,1.00000000,1.00000000,0,
IMG-0670,images/non_gusu/杨柳青清末__微信图片_20260409122154.jpg,670,4,1,non_gusu,1,non_gusu,0.00000000,1.00000000,1.00000000,1.00000000,0,
IMG-0671,images/non_gusu/杨柳青清末__微信图片_20260409122205.jpg,671,1,1,non_gusu,1,non_gusu,0.00000000,1.00000000,1.00000000,1.00000000,0,
IMG-0672,images/non_gusu/杨柳青清末__微信图片_20260409122237.jpg,672,4,1,non_gusu,1,non_gusu,0.00000000,1.00000000,1.00000000,1.00000000,0,
IMG-0673,images/non_gusu/杨柳青清末__微信图片_20260409122244.jpg,673,2,1,non_gusu,1,non_gusu,0.00000000,1.00000000,1.00000000,1.00000000,0,
IMG-0674,images/non_gusu/杨柳青清末__微信图片_20260409123104.jpg,674,4,1,non_gusu,1,non_gusu,0.00000513,0.99999487,0.99999487,0.99999487,0,
IMG-0675,images/non_gusu/杨柳青清末__微信图片_20260409123119.jpg,675,5,1,non_gusu,1,non_gusu,0.00000222,0.99999774,0.99999774,0.99999774,0,
IMG-0676,images/non_gusu/杨柳青清末__微信图片_20260409123128.jpg,676,2,1,non_gusu,1,non_gusu,0.00149772,0.99850225,0.99850225,0.99850225,0,
IMG-0677,images/non_gusu/杨柳青清末__微信图片_20260409123137.jpg,677,3,1,non_gusu,1,non_gusu,0.00000084,0.99999917,0.99999917,0.99999917,0,
IMG-0678,images/non_gusu/杨柳青清末__微信图片_20260409123146.jpg,678,5,1,non_gusu,1,non_gusu,0.00001369,0.99998629,0.99998629,0.99998629,0,
IMG-0679,images/non_gusu/杨柳青清末__微信图片_20260409123155.jpg,679,4,1,non_gusu,1,non_gusu,0.00000885,0.99999118,0.99999118,0.99999118,0,
IMG-0680,images/non_gusu/杨柳青清末__微信图片_20260409123205.jpg,680,5,1,non_gusu,1,non_gusu,0.00000008,0.99999988,0.99999988,0.99999988,0,
IMG-0681,images/non_gusu/杨柳青清末__微信图片_20260409123213.jpg,681,3,1,non_gusu,1,non_gusu,0.00001866,0.99998128,0.99998128,0.99998128,0,
IMG-0682,images/non_gusu/杨柳青清末__微信图片_20260409125903.jpg,682,4,1,non_gusu,1,non_gusu,0.00000000,1.00000000,1.00000000,1.00000000,0,
IMG-0683,images/non_gusu/杨柳青清末__微信图片_20260409125916.jpg,683,4,1,non_gusu,1,non_gusu,0.00038410,0.99961591,0.99961591,0.99961591,0,
IMG-0684,images/non_gusu/杨柳青清末__微信图片_20260409125922.jpg,684,5,1,non_gusu,1,non_gusu,0.00000004,1.00000000,1.00000000,1.00000000,0,
IMG-0685,images/non_gusu/杨柳青清末__微信图片_20260409125926.jpg,685,1,1,non_gusu,1,non_gusu,0.00000000,1.00000000,1.00000000,1.00000000,0,
IMG-0686,images/non_gusu/杨柳青清末__微信图片_20260409125931.jpg,686,5,1,non_gusu,1,non_gusu,0.00003399,0.99996603,0.99996603,0.99996603,0,
IMG-0687,images/non_gusu/杨柳青清末__微信图片_20260409125939.jpg,687,1,1,non_gusu,0,gusu,0.99879885,0.00120118,0.99879885,0.00120118,1,non_gusu_to_gusu
IMG-0688,images/non_gusu/杨柳青清末__微信图片_20260410094640.jpg,688,5,1,non_gusu,1,non_gusu,0.01284522,0.98715472,0.98715472,0.98715472,0,
IMG-0689,images/non_gusu/杨柳青清末__微信图片_20260410094700.jpg,689,4,1,non_gusu,1,non_gusu,0.00002738,0.99997258,0.99997258,0.99997258,0,
IMG-0690,images/non_gusu/杨柳青清末__微信图片_20260410094709.jpg,690,2,1,non_gusu,1,non_gusu,0.00000000,1.00000000,1.00000000,1.00000000,0,
IMG-0691,images/non_gusu/杨柳青清末__微信图片_20260410094716.jpg,691,2,1,non_gusu,0,gusu,0.54111636,0.45888358,0.54111636,0.45888358,1,non_gusu_to_gusu
IMG-0692,images/non_gusu/杨柳青清末__微信图片_20260410094722.jpg,692,1,1,non_gusu,1,non_gusu,0.00006107,0.99993896,0.99993896,0.99993896,0,
IMG-0693,images/non_gusu/杨柳青清末__微信图片_20260410095452.jpg,693,1,1,non_gusu,1,non_gusu,0.00000067,0.99999928,0.99999928,0.99999928,0,
IMG-0694,images/non_gusu/杨柳青清末__微信图片_20260410095523.jpg,694,4,1,non_gusu,1,non_gusu,0.00561828,0.99438173,0.99438173,0.99438173,0,
IMG-0695,images/non_gusu/杨柳青清末__微信图片_20260410095528.jpg,695,5,1,non_gusu,1,non_gusu,0.31104526,0.68895471,0.68895471,0.68895471,0,
IMG-0696,images/non_gusu/杨柳青清末__微信图片_20260410095534.jpg,696,4,1,non_gusu,1,non_gusu,0.00000105,0.99999893,0.99999893,0.99999893,0,
IMG-0697,images/non_gusu/杨柳青清末__微信图片_20260410095543.jpg,697,5,1,non_gusu,1,non_gusu,0.00000175,0.99999821,0.99999821,0.99999821,0,
IMG-0698,images/non_gusu/杨柳青清末__微信图片_20260410095553.jpg,698,1,1,non_gusu,1,non_gusu,0.00000484,0.99999511,0.99999511,0.99999511,0,
IMG-0699,images/non_gusu/杨柳青清末__微信图片_20260410095601.jpg,699,5,1,non_gusu,1,non_gusu,0.01469122,0.98530883,0.98530883,0.98530883,0,
IMG-0700,images/non_gusu/杨柳青清末__微信图片_20260410095608.jpg,700,5,1,non_gusu,1,non_gusu,0.05789741,0.94210261,0.94210261,0.94210261,0,
IMG-0701,images/non_gusu/杨柳青清末__微信图片_20260410095900.jpg,701,5,1,non_gusu,0,gusu,0.99278647,0.00721355,0.99278647,0.00721355,1,non_gusu_to_gusu
IMG-0702,images/non_gusu/杨柳青清末__微信图片_20260410095910.jpg,702,3,1,non_gusu,1,non_gusu,0.00000004,1.00000000,1.00000000,1.00000000,0,
IMG-0703,images/non_gusu/杨柳青清末__微信图片_20260410095916.jpg,703,3,1,non_gusu,1,non_gusu,0.45018637,0.54981357,0.54981357,0.54981357,0,
IMG-0704,images/non_gusu/杨柳青清末__微信图片_20260410095920.jpg,704,3,1,non_gusu,1,non_gusu,0.00000000,1.00000000,1.00000000,1.00000000,0,
IMG-0705,images/non_gusu/民国年画宣传画__微信图片_20260409095518.jpg,705,2,1,non_gusu,1,non_gusu,0.00000000,1.00000000,1.00000000,1.00000000,0,
IMG-0706,images/non_gusu/民国年画宣传画__微信图片_20260409095527.jpg,706,1,1,non_gusu,1,non_gusu,0.00000000,1.00000000,1.00000000,1.00000000,0,
IMG-0707,images/non_gusu/民国年画宣传画__微信图片_20260409095531.jpg,707,2,1,non_gusu,1,non_gusu,0.00000000,1.00000000,1.00000000,1.00000000,0,
IMG-0708,images/non_gusu/民国年画宣传画__微信图片_20260409095536.jpg,708,5,1,non_gusu,1,non_gusu,0.00000000,1.00000000,1.00000000,1.00000000,0,
IMG-0709,images/non_gusu/民国年画宣传画__微信图片_20260409095644.jpg,709,1,1,non_gusu,1,non_gusu,0.00034581,0.99965417,0.99965417,0.99965417,0,
IMG-0710,images/non_gusu/民国年画宣传画__微信图片_20260409095649.jpg,710,5,1,non_gusu,1,non_gusu,0.06685913,0.93314087,0.93314087,0.93314087,0,
IMG-0711,images/non_gusu/民国年画宣传画__微信图片_20260409095653.jpg,711,5,1,non_gusu,1,non_gusu,0.00000000,1.00000000,1.00000000,1.00000000,0,
IMG-0712,images/non_gusu/民国年画宣传画__微信图片_20260409095701.jpg,712,5,1,non_gusu,1,non_gusu,0.00000003,1.00000000,1.00000000,1.00000000,0,
IMG-0713,images/non_gusu/民国年画宣传画__微信图片_20260409095705.jpg,713,5,1,non_gusu,1,non_gusu,0.00000000,1.00000000,1.00000000,1.00000000,0,
IMG-0714,images/non_gusu/民国年画宣传画__微信图片_20260409101257.jpg,714,4,1,non_gusu,0,gusu,0.99999297,0.00000701,0.99999297,0.00000701,1,non_gusu_to_gusu
IMG-0715,images/non_gusu/民国年画宣传画__微信图片_20260409101307.jpg,715,2,1,non_gusu,1,non_gusu,0.00000000,1.00000000,1.00000000,1.00000000,0,
IMG-0716,images/non_gusu/民国年画宣传画__微信图片_20260409101313.jpg,716,2,1,non_gusu,1,non_gusu,0.00000000,1.00000000,1.00000000,1.00000000,0,
IMG-0717,images/non_gusu/民国年画宣传画__微信图片_20260409101318.jpg,717,3,1,non_gusu,1,non_gusu,0.00002016,0.99997985,0.99997985,0.99997985,0,
IMG-0718,images/non_gusu/民国戏出__微信图片_20260409094558.jpg,718,4,1,non_gusu,1,non_gusu,0.00000000,1.00000000,1.00000000,1.00000000,0,
IMG-0719,images/non_gusu/民国戏出__微信图片_20260409094607.jpg,719,1,1,non_gusu,1,non_gusu,0.00000052,0.99999952,0.99999952,0.99999952,0,
IMG-0720,images/non_gusu/民国戏出__微信图片_20260409094615.jpg,720,2,1,non_gusu,1,non_gusu,0.00000000,1.00000000,1.00000000,1.00000000,0,
IMG-0721,images/non_gusu/民国戏出__微信图片_20260409094622.jpg,721,1,1,non_gusu,1,non_gusu,0.00000000,1.00000000,1.00000000,1.00000000,0,
IMG-0722,images/non_gusu/民国戏出__微信图片_20260409094631.jpg,722,4,1,non_gusu,1,non_gusu,0.00000001,1.00000000,1.00000000,1.00000000,0,
IMG-0723,images/non_gusu/民国戏出__微信图片_20260409094638.jpg,723,5,1,non_gusu,1,non_gusu,0.00000001,1.00000000,1.00000000,1.00000000,0,
IMG-0724,images/non_gusu/民国戏出__微信图片_20260409094646.jpg,724,5,1,non_gusu,1,non_gusu,0.00000000,1.00000000,1.00000000,1.00000000,0,
IMG-0725,images/non_gusu/民国戏出__微信图片_20260409094655.jpg,725,4,1,non_gusu,1,non_gusu,0.00001900,0.99998105,0.99998105,0.99998105,0,
IMG-0726,images/non_gusu/民国戏出__微信图片_20260409094704.jpg,726,2,1,non_gusu,1,non_gusu,0.00000000,1.00000000,1.00000000,1.00000000,0,
IMG-0727,images/non_gusu/民国戏出__微信图片_20260409095005.jpg,727,2,1,non_gusu,1,non_gusu,0.00000000,1.00000000,1.00000000,1.00000000,0,
IMG-0728,images/non_gusu/民国戏出__微信图片_20260409095016.jpg,728,4,1,non_gusu,1,non_gusu,0.00000001,1.00000000,1.00000000,1.00000000,0,
IMG-0729,images/non_gusu/民国戏出__微信图片_20260409095024.jpg,729,5,1,non_gusu,1,non_gusu,0.00000000,1.00000000,1.00000000,1.00000000,0,
IMG-0730,images/non_gusu/民国戏出__微信图片_20260409095031.jpg,730,3,1,non_gusu,1,non_gusu,0.00000000,1.00000000,1.00000000,1.00000000,0,
IMG-0731,images/non_gusu/民国戏出__微信图片_20260409095040.jpg,731,2,1,non_gusu,1,non_gusu,0.00000212,0.99999785,0.99999785,0.99999785,0,
IMG-0732,images/non_gusu/民国戏出__微信图片_20260409095046.jpg,732,2,1,non_gusu,1,non_gusu,0.00000003,1.00000000,1.00000000,1.00000000,0,
IMG-0733,images/non_gusu/民国戏出__微信图片_20260409095056.jpg,733,3,1,non_gusu,1,non_gusu,0.00000024,0.99999976,0.99999976,0.99999976,0,
IMG-0734,images/non_gusu/民国戏出__微信图片_20260409095106.jpg,734,4,1,non_gusu,1,non_gusu,0.00000242,0.99999762,0.99999762,0.99999762,0,
IMG-0735,images/non_gusu/民国戏出__微信图片_20260409125547.jpg,735,3,1,non_gusu,1,non_gusu,0.00000008,0.99999988,0.99999988,0.99999988,0,
IMG-0736,images/non_gusu/民国戏出__微信图片_20260409125558.jpg,736,1,1,non_gusu,1,non_gusu,0.00000000,1.00000000,1.00000000,1.00000000,0,
IMG-0737,images/non_gusu/民国戏出__微信图片_20260409125606.jpg,737,2,1,non_gusu,1,non_gusu,0.00000000,1.00000000,1.00000000,1.00000000,0,
IMG-0738,images/non_gusu/民国戏出__微信图片_20260409125616.jpg,738,4,1,non_gusu,1,non_gusu,0.00000000,1.00000000,1.00000000,1.00000000,0,
IMG-0739,images/non_gusu/民国戏出__微信图片_20260409125623.jpg,739,2,1,non_gusu,1,non_gusu,0.00000000,1.00000000,1.00000000,1.00000000,0,
IMG-0740,images/non_gusu/民国戏出__微信图片_20260409125630.jpg,740,2,1,non_gusu,1,non_gusu,0.00000000,1.00000000,1.00000000,1.00000000,0,
IMG-0741,images/non_gusu/民国戏出__微信图片_20260409125640.jpg,741,2,1,non_gusu,1,non_gusu,0.00000000,1.00000000,1.00000000,1.00000000,0,
IMG-0742,images/non_gusu/民国戏出__微信图片_20260409125650.jpg,742,1,1,non_gusu,1,non_gusu,0.00000000,1.00000000,1.00000000,1.00000000,0,
IMG-0743,images/non_gusu/河北山东__微信图片_20260404211913.jpg,743,1,1,non_gusu,0,gusu,0.99984229,0.00015764,0.99984229,0.00015764,1,non_gusu_to_gusu
IMG-0744,images/non_gusu/河北山东__微信图片_20260404220543.jpg,744,3,1,non_gusu,1,non_gusu,0.00000003,1.00000000,1.00000000,1.00000000,0,
IMG-0745,images/non_gusu/河北山东__微信图片_20260404220554.jpg,745,4,1,non_gusu,0,gusu,0.95690632,0.04309369,0.95690632,0.04309369,1,non_gusu_to_gusu
IMG-0746,images/non_gusu/河北山东__微信图片_20260409124404.jpg,746,4,1,non_gusu,1,non_gusu,0.00001522,0.99998474,0.99998474,0.99998474,0,
IMG-0747,images/non_gusu/河北山东__微信图片_20260409124413.jpg,747,2,1,non_gusu,1,non_gusu,0.11817664,0.88182342,0.88182342,0.88182342,0,
IMG-0748,images/non_gusu/河北山东__微信图片_20260410100520.jpg,748,5,1,non_gusu,1,non_gusu,0.00055273,0.99944729,0.99944729,0.99944729,0,
IMG-0749,images/non_gusu/河北山东__微信图片_20260410100529.jpg,749,2,1,non_gusu,1,non_gusu,0.00000000,1.00000000,1.00000000,1.00000000,0,
IMG-0750,images/non_gusu/河北山东__微信图片_20260410100534.jpg,750,2,1,non_gusu,1,non_gusu,0.00000000,1.00000000,1.00000000,1.00000000,0,
IMG-0751,images/non_gusu/河北山东__微信图片_20260410100539.jpg,751,1,1,non_gusu,1,non_gusu,0.00000067,0.99999928,0.99999928,0.99999928,0,
IMG-0752,images/non_gusu/河北山东__微信图片_20260410100546.jpg,752,3,1,non_gusu,1,non_gusu,0.00001842,0.99998152,0.99998152,0.99998152,0,
IMG-0753,images/non_gusu/河北山东__微信图片_20260410100554.jpg,753,5,1,non_gusu,1,non_gusu,0.00000000,1.00000000,1.00000000,1.00000000,0,
IMG-0754,images/non_gusu/河北山东__微信图片_20260410100605.jpg,754,1,1,non_gusu,1,non_gusu,0.00000000,1.00000000,1.00000000,1.00000000,0,
IMG-0755,images/non_gusu/河北山东__微信图片_20260410100612.jpg,755,1,1,non_gusu,1,non_gusu,0.00000029,0.99999976,0.99999976,0.99999976,0,
IMG-0756,images/non_gusu/河北山东__微信图片_20260410100620.jpg,756,4,1,non_gusu,1,non_gusu,0.00000006,1.00000000,1.00000000,1.00000000,0,
IMG-0757,images/non_gusu/河北山东__微信图片_20260410100711.jpg,757,3,1,non_gusu,1,non_gusu,0.00000000,1.00000000,1.00000000,1.00000000,0,
IMG-0758,images/non_gusu/河北山东__微信图片_20260410100719.jpg,758,2,1,non_gusu,1,non_gusu,0.00000000,1.00000000,1.00000000,1.00000000,0,
IMG-0759,images/non_gusu/河北山东__微信图片_20260410100727.jpg,759,3,1,non_gusu,1,non_gusu,0.00000027,0.99999976,0.99999976,0.99999976,0,
IMG-0760,images/non_gusu/河北山东__微信图片_20260410100734.jpg,760,3,1,non_gusu,1,non_gusu,0.00000286,0.99999714,0.99999714,0.99999714,0,
IMG-0761,images/non_gusu/河北山东__微信图片_20260410100743.jpg,761,5,1,non_gusu,1,non_gusu,0.00000000,1.00000000,1.00000000,1.00000000,0,
IMG-0762,images/non_gusu/河北山东__微信图片_20260410100749.jpg,762,5,1,non_gusu,1,non_gusu,0.00000000,1.00000000,1.00000000,1.00000000,0,
IMG-0763,images/non_gusu/河北山东__微信图片_20260410100758.jpg,763,2,1,non_gusu,1,non_gusu,0.00000000,1.00000000,1.00000000,1.00000000,0,
IMG-0764,images/non_gusu/河北山东__微信图片_20260410100806.jpg,764,2,1,non_gusu,1,non_gusu,0.00000000,1.00000000,1.00000000,1.00000000,0,
IMG-0765,images/non_gusu/河北山东__微信图片_20260410100813.jpg,765,4,1,non_gusu,1,non_gusu,0.00000000,1.00000000,1.00000000,1.00000000,0,
IMG-0766,images/non_gusu/潍坊__微信图片_20260404211928.jpg,766,3,1,non_gusu,1,non_gusu,0.00001711,0.99998283,0.99998283,0.99998283,0,
IMG-0767,images/non_gusu/非姑苏-未分类__微信图片_20260409093218.jpg,767,1,1,non_gusu,1,non_gusu,0.00000001,1.00000000,1.00000000,1.00000000,0,
IMG-0768,images/non_gusu/非姑苏-未分类__微信图片_20260409093227.jpg,768,3,1,non_gusu,1,non_gusu,0.00145018,0.99854976,0.99854976,0.99854976,0,
IMG-0769,images/non_gusu/非姑苏-未分类__微信图片_20260409093232.jpg,769,2,1,non_gusu,1,non_gusu,0.00000000,1.00000000,1.00000000,1.00000000,0,
IMG-0770,images/non_gusu/非姑苏-未分类__微信图片_20260409093245.jpg,770,5,1,non_gusu,1,non_gusu,0.05867963,0.94132042,0.94132042,0.94132042,0,
IMG-0771,images/non_gusu/非姑苏-未分类__微信图片_20260409093249.jpg,771,1,1,non_gusu,1,non_gusu,0.00000785,0.99999213,0.99999213,0.99999213,0,
IMG-0772,images/non_gusu/非姑苏-未分类__微信图片_20260409093256.jpg,772,4,1,non_gusu,1,non_gusu,0.00000272,0.99999726,0.99999726,0.99999726,0,
IMG-0773,images/non_gusu/非姑苏-未分类__微信图片_20260409093301.jpg,773,4,1,non_gusu,1,non_gusu,0.05455461,0.94544542,0.94544542,0.94544542,0,
IMG-0774,images/non_gusu/非姑苏-未分类__微信图片_20260409093306.jpg,774,1,1,non_gusu,1,non_gusu,0.00233697,0.99766302,0.99766302,0.99766302,0,
IMG-0775,images/non_gusu/非姑苏-未分类__微信图片_20260409093310.jpg,775,1,1,non_gusu,0,gusu,1.00000000,0.00000000,1.00000000,0.00000000,1,non_gusu_to_gusu
IMG-0776,images/non_gusu/非姑苏-未分类__微信图片_20260409093840.jpg,776,5,1,non_gusu,0,gusu,0.69372642,0.30627352,0.69372642,0.30627352,1,non_gusu_to_gusu
IMG-0777,images/non_gusu/非姑苏-未分类__微信图片_20260409093850.jpg,777,5,1,non_gusu,0,gusu,0.91612196,0.08387809,0.91612196,0.08387809,1,non_gusu_to_gusu
IMG-0778,images/non_gusu/非姑苏-未分类__微信图片_20260409093856.jpg,778,5,1,non_gusu,1,non_gusu,0.00000000,1.00000000,1.00000000,1.00000000,0,
IMG-0779,images/non_gusu/非姑苏-未分类__微信图片_20260409093903.jpg,779,1,1,non_gusu,1,non_gusu,0.00000016,0.99999988,0.99999988,0.99999988,0,
IMG-0780,images/non_gusu/非姑苏-未分类__微信图片_20260409093915.jpg,780,5,1,non_gusu,1,non_gusu,0.00000000,1.00000000,1.00000000,1.00000000,0,
IMG-0781,images/non_gusu/非姑苏-未分类__微信图片_20260409093924.jpg,781,3,1,non_gusu,1,non_gusu,0.00002994,0.99997008,0.99997008,0.99997008,0,
IMG-0782,images/non_gusu/非姑苏-未分类__微信图片_20260409093933.jpg,782,4,1,non_gusu,1,non_gusu,0.00007375,0.99992621,0.99992621,0.99992621,0,
IMG-0783,images/non_gusu/非姑苏-未分类__微信图片_20260409093938.jpg,783,4,1,non_gusu,1,non_gusu,0.00118725,0.99881279,0.99881279,0.99881279,0,
IMG-0784,images/non_gusu/非姑苏-未分类__微信图片_20260409094255.jpg,784,1,1,non_gusu,1,non_gusu,0.00000000,1.00000000,1.00000000,1.00000000,0,
IMG-0785,images/non_gusu/非姑苏-未分类__微信图片_20260409094307.jpg,785,3,1,non_gusu,1,non_gusu,0.00021879,0.99978119,0.99978119,0.99978119,0,
IMG-0786,images/non_gusu/非姑苏-未分类__微信图片_20260409094312.jpg,786,5,1,non_gusu,1,non_gusu,0.35155368,0.64844632,0.64844632,0.64844632,0,
IMG-0787,images/non_gusu/非姑苏-未分类__微信图片_20260409094317.jpg,787,5,1,non_gusu,1,non_gusu,0.00000373,0.99999630,0.99999630,0.99999630,0,
IMG-0788,images/non_gusu/非姑苏-未分类__微信图片_20260409094325.jpg,788,1,1,non_gusu,1,non_gusu,0.00002188,0.99997807,0.99997807,0.99997807,0,
IMG-0789,images/non_gusu/非姑苏-未分类__微信图片_20260409094330.jpg,789,3,1,non_gusu,0,gusu,0.89912850,0.10087156,0.89912850,0.10087156,1,non_gusu_to_gusu
IMG-0790,images/non_gusu/非姑苏-未分类__微信图片_20260409094335.jpg,790,5,1,non_gusu,1,non_gusu,0.08917127,0.91082877,0.91082877,0.91082877,0,
IMG-0791,images/non_gusu/非姑苏-未分类__微信图片_20260409102454.jpg,791,1,1,non_gusu,1,non_gusu,0.00000456,0.99999547,0.99999547,0.99999547,0,
IMG-0792,images/non_gusu/非姑苏-未分类__微信图片_20260409102508.jpg,792,1,1,non_gusu,1,non_gusu,0.00000043,0.99999952,0.99999952,0.99999952,0,
IMG-0793,images/non_gusu/非姑苏-未分类__微信图片_20260409102519.jpg,793,4,1,non_gusu,1,non_gusu,0.00000003,1.00000000,1.00000000,1.00000000,0,
IMG-0794,images/non_gusu/非姑苏-未分类__微信图片_20260409102525.jpg,794,4,1,non_gusu,0,gusu,0.99983907,0.00016085,0.99983907,0.00016085,1,non_gusu_to_gusu
IMG-0795,images/non_gusu/非姑苏-未分类__微信图片_20260409102533.jpg,795,5,1,non_gusu,1,non_gusu,0.00269996,0.99730009,0.99730009,0.99730009,0,
IMG-0796,images/non_gusu/非姑苏-未分类__微信图片_20260409102543.jpg,796,4,1,non_gusu,1,non_gusu,0.00039570,0.99960428,0.99960428,0.99960428,0,
IMG-0797,images/non_gusu/非姑苏-未分类__微信图片_20260409115403.jpg,797,1,1,non_gusu,1,non_gusu,0.00003658,0.99996340,0.99996340,0.99996340,0,
IMG-0798,images/non_gusu/非姑苏-未分类__微信图片_20260409115440.jpg,798,3,1,non_gusu,1,non_gusu,0.00003667,0.99996328,0.99996328,0.99996328,0,
IMG-0799,images/non_gusu/非姑苏-未分类__微信图片_20260409123019.jpg,799,5,1,non_gusu,1,non_gusu,0.00000001,1.00000000,1.00000000,1.00000000,0,
IMG-0800,images/non_gusu/非姑苏-未分类__微信图片_20260409124102.jpg,800,1,1,non_gusu,1,non_gusu,0.00000004,1.00000000,1.00000000,1.00000000,0,
IMG-0801,images/non_gusu/非姑苏-未分类__微信图片_20260409124116.jpg,801,3,1,non_gusu,1,non_gusu,0.00000002,1.00000000,1.00000000,1.00000000,0,
IMG-0802,images/non_gusu/非姑苏-未分类__微信图片_20260409124123.jpg,802,3,1,non_gusu,1,non_gusu,0.00185071,0.99814928,0.99814928,0.99814928,0,
IMG-0803,images/non_gusu/非姑苏-未分类__微信图片_20260409124131.jpg,803,2,1,non_gusu,1,non_gusu,0.00000000,1.00000000,1.00000000,1.00000000,0,
IMG-0804,images/non_gusu/非姑苏-未分类__微信图片_20260409124141.jpg,804,5,1,non_gusu,1,non_gusu,0.00000000,1.00000000,1.00000000,1.00000000,0,
IMG-0805,images/non_gusu/非姑苏-未分类__微信图片_20260409124152.jpg,805,5,1,non_gusu,1,non_gusu,0.00000000,1.00000000,1.00000000,1.00000000,0,
IMG-0806,images/non_gusu/非姑苏-未分类__微信图片_20260409124202.jpg,806,1,1,non_gusu,1,non_gusu,0.00000000,1.00000000,1.00000000,1.00000000,0,
IMG-0807,images/non_gusu/非姑苏-未分类__微信图片_20260409124211.jpg,807,2,1,non_gusu,1,non_gusu,0.00000000,1.00000000,1.00000000,1.00000000,0,
IMG-0808,images/non_gusu/非姑苏-未分类__微信图片_20260409124222.jpg,808,3,1,non_gusu,1,non_gusu,0.00000099,0.99999905,0.99999905,0.99999905,0,
IMG-0809,images/non_gusu/非姑苏-未分类__微信图片_20260409125946.jpg,809,3,1,non_gusu,1,non_gusu,0.00000000,1.00000000,1.00000000,1.00000000,0,
IMG-0810,images/non_gusu/非姑苏-未分类__微信图片_20260409125957.jpg,810,3,1,non_gusu,1,non_gusu,0.00000013,0.99999988,0.99999988,0.99999988,0,
IMG-0811,images/non_gusu/非姑苏-未分类__微信图片_20260409130124.jpg,811,2,1,non_gusu,0,gusu,0.99995053,0.00004942,0.99995053,0.00004942,1,non_gusu_to_gusu
IMG-0812,images/non_gusu/非姑苏-未分类__微信图片_20260409130134.jpg,812,3,1,non_gusu,1,non_gusu,0.01729995,0.98270011,0.98270011,0.98270011,0,
IMG-0813,images/non_gusu/非姑苏-未分类__微信图片_20260409130138.jpg,813,4,1,non_gusu,1,non_gusu,0.00000067,0.99999928,0.99999928,0.99999928,0,
IMG-0814,images/non_gusu/非姑苏-未分类__微信图片_20260409130143.jpg,814,3,1,non_gusu,1,non_gusu,0.00000000,1.00000000,1.00000000,1.00000000,0,
IMG-0815,images/non_gusu/非姑苏-未分类__微信图片_20260409130149.jpg,815,1,1,non_gusu,1,non_gusu,0.00000000,1.00000000,1.00000000,1.00000000,0,
IMG-0816,images/non_gusu/非姑苏-未分类__微信图片_20260409130154.jpg,816,2,1,non_gusu,1,non_gusu,0.00000000,1.00000000,1.00000000,1.00000000,0,
IMG-0817,images/non_gusu/非姑苏-未分类__微信图片_20260409130202.jpg,817,4,1,non_gusu,1,non_gusu,0.10160215,0.89839780,0.89839780,0.89839780,0,
IMG-0818,images/non_gusu/非姑苏-未分类__微信图片_20260409130208.jpg,818,3,1,non_gusu,1,non_gusu,0.00098809,0.99901187,0.99901187,0.99901187,0,
IMG-0819,images/non_gusu/非姑苏-未分类__微信图片_20260410093255.jpg,819,2,1,non_gusu,1,non_gusu,0.00000026,0.99999976,0.99999976,0.99999976,0,
IMG-0820,images/non_gusu/非姑苏-未分类__微信图片_20260410093310.jpg,820,2,1,non_gusu,1,non_gusu,0.00000000,1.00000000,1.00000000,1.00000000,0,
IMG-0821,images/non_gusu/非姑苏-未分类__微信图片_20260410093318.jpg,821,5,1,non_gusu,1,non_gusu,0.00000000,1.00000000,1.00000000,1.00000000,0,
IMG-0822,images/non_gusu/非姑苏-未分类__微信图片_20260410093326.jpg,822,2,1,non_gusu,1,non_gusu,0.11696185,0.88303816,0.88303816,0.88303816,0,
IMG-0823,images/non_gusu/非姑苏-未分类__微信图片_20260410093332.jpg,823,4,1,non_gusu,1,non_gusu,0.00000421,0.99999583,0.99999583,0.99999583,0,
IMG-0824,images/non_gusu/非姑苏-未分类__微信图片_20260410093337.jpg,824,2,1,non_gusu,1,non_gusu,0.00054255,0.99945742,0.99945742,0.99945742,0,
IMG-0825,images/non_gusu/非姑苏-未分类__微信图片_20260410095924.jpg,825,4,1,non_gusu,1,non_gusu,0.00000020,0.99999976,0.99999976,0.99999976,0,
IMG-0826,images/non_gusu/非姑苏-未分类__微信图片_20260410100030.jpg,826,3,1,non_gusu,1,non_gusu,0.00001088,0.99998915,0.99998915,0.99998915,0,
IMG-0827,images/non_gusu/非姑苏-未分类__微信图片_20260410100036.jpg,827,1,1,non_gusu,1,non_gusu,0.00000033,0.99999964,0.99999964,0.99999964,0,
IMG-0828,images/non_gusu/非姑苏-未分类__微信图片_20260410100040.jpg,828,3,1,non_gusu,1,non_gusu,0.00000358,0.99999642,0.99999642,0.99999642,0,
IMG-0829,images/non_gusu/非姑苏-未分类__微信图片_20260410100045.jpg,829,3,1,non_gusu,1,non_gusu,0.00000014,0.99999988,0.99999988,0.99999988,0,
IMG-0830,images/non_gusu/非姑苏-未分类__微信图片_20260410100049.jpg,830,4,1,non_gusu,0,gusu,0.99870777,0.00129222,0.99870777,0.00129222,1,non_gusu_to_gusu
IMG-0831,images/non_gusu/非姑苏-未分类__微信图片_20260410100053.jpg,831,2,1,non_gusu,1,non_gusu,0.00000001,1.00000000,1.00000000,1.00000000,0,
IMG-0832,images/non_gusu/非姑苏-未分类__微信图片_20260410100058.jpg,832,1,1,non_gusu,0,gusu,0.58336318,0.41663679,0.58336318,0.41663679,1,non_gusu_to_gusu
IMG-0833,images/non_gusu/非姑苏-未分类__微信图片_20260410100105.jpg,833,5,1,non_gusu,1,non_gusu,0.00025575,0.99974424,0.99974424,0.99974424,0,
IMG-0834,images/non_gusu/非姑苏-未分类__微信图片_20260410100113.jpg,834,1,1,non_gusu,0,gusu,0.99688441,0.00311553,0.99688441,0.00311553,1,non_gusu_to_gusu
IMG-0835,images/non_gusu/非姑苏-未分类__微信图片_20260410100334.jpg,835,1,1,non_gusu,1,non_gusu,0.00000000,1.00000000,1.00000000,1.00000000,0,
IMG-0836,images/non_gusu/非姑苏-未分类__微信图片_20260410100340.jpg,836,4,1,non_gusu,1,non_gusu,0.00000000,1.00000000,1.00000000,1.00000000,0,
IMG-0837,images/non_gusu/非姑苏-未分类__微信图片_20260410100350.jpg,837,2,1,non_gusu,1,non_gusu,0.00000000,1.00000000,1.00000000,1.00000000,0,
IMG-0838,images/non_gusu/非姑苏-未分类__微信图片_20260410100356.jpg,838,1,1,non_gusu,1,non_gusu,0.00000000,1.00000000,1.00000000,1.00000000,0,
IMG-0839,images/non_gusu/非姑苏-未分类__微信图片_20260410100402.jpg,839,4,1,non_gusu,1,non_gusu,0.46593383,0.53406614,0.53406614,0.53406614,0,
IMG-0840,images/non_gusu/非姑苏-统计表__DP-18167-001-ming.jpg,840,4,1,non_gusu,0,gusu,0.66100508,0.33899486,0.66100508,0.33899486,1,non_gusu_to_gusu
IMG-0841,images/non_gusu/非姑苏-统计表__DP-19473-002_crd-ming.jpg,841,2,1,non_gusu,0,gusu,0.99999976,0.00000024,0.99999976,0.00000024,1,non_gusu_to_gusu
IMG-0842,images/non_gusu/非姑苏-统计表__DP-44381-003.jpg,842,3,1,non_gusu,0,gusu,1.00000000,0.00000000,1.00000000,0.00000000,1,non_gusu_to_gusu
IMG-0843,images/non_gusu/非姑苏-统计表__w163 4.jpg,843,1,1,non_gusu,1,non_gusu,0.00599704,0.99400300,0.99400300,0.99400300,0,
IMG-0844,images/non_gusu/非姑苏-统计表__w164 1.jpg,844,5,1,non_gusu,1,non_gusu,0.00233994,0.99766004,0.99766004,0.99766004,0,
IMG-0845,images/non_gusu/非姑苏-统计表__冯宁等绘 《平定仲苗得胜图之攻克北乡巴林》清嘉庆三年 铜版画 49x85.jpg,845,2,1,non_gusu,1,non_gusu,0.00000000,1.00000000,1.00000000,1.00000000,0,
IMG-0846,images/non_gusu/非姑苏-统计表__冯宁等绘 《平定苗疆得胜图之收复乾州》 清乾隆六十年至嘉庆三年 铜版画51x87.jpg,846,3,1,non_gusu,1,non_gusu,0.00000000,1.00000000,1.00000000,1.00000000,0,
IMG-0847,images/non_gusu/非姑苏-统计表__冯宁等绘 《平定苗疆得胜图之攻克苏麻寨》清乾隆六十年至嘉庆三年 铜版画 51x87.jpg,847,2,1,non_gusu,1,non_gusu,0.00000004,1.00000000,1.00000000,1.00000000,0,
IMG-0848,images/non_gusu/非姑苏-统计表__南极仙翁.jpg,848,4,1,non_gusu,0,gusu,0.99999452,0.00000553,0.99999452,0.00000553,1,non_gusu_to_gusu
IMG-0849,images/non_gusu/非姑苏-统计表__微信图片_20260404210259.jpg,849,2,1,non_gusu,1,non_gusu,0.30440778,0.69559216,0.69559216,0.69559216,0,
IMG-0850,images/non_gusu/非姑苏-统计表__微信图片_20260404210312.jpg,850,5,1,non_gusu,1,non_gusu,0.00000408,0.99999595,0.99999595,0.99999595,0,
IMG-0851,images/non_gusu/非姑苏-统计表__微信图片_20260404210449.jpg,851,3,1,non_gusu,1,non_gusu,0.01776491,0.98223513,0.98223513,0.98223513,0,
IMG-0852,images/non_gusu/非姑苏-统计表__群神聚会下天台.jpg,852,3,1,non_gusu,0,gusu,0.99999833,0.00000164,0.99999833,0.00000164,1,non_gusu_to_gusu
IMG-0853,images/non_gusu/非姑苏-统计表__贾士球、黎明、冯宁等绘 《平定廓尔喀得胜图之攻克擦木之图》清乾隆六十年至嘉庆元年 铜版画 51x87.jpg,853,4,1,non_gusu,1,non_gusu,0.00000000,1.00000000,1.00000000,1.00000000,0,
IMG-0854,images/non_gusu/非姑苏-统计表__郎世宁等绘 《平定西域战图之伊西洱库尔淖尔之战》清乾隆 铜版画51.5x90.jpg,854,4,1,non_gusu,1,non_gusu,0.00139853,0.99860150,0.99860150,0.99860150,0,
IMG-0855,images/non_gusu/非姑苏-统计表__郎世宁等绘 《平定西域战图之阿尔楚尔之战》清乾隆 铜版画 51.5x90.jpg,855,1,1,non_gusu,1,non_gusu,0.00000000,1.00000000,1.00000000,1.00000000,0,
IMG-0856,images/non_gusu/鲁主任转__新中国年画1.jpg,856,1,1,non_gusu,1,non_gusu,0.00005478,0.99994516,0.99994516,0.99994516,0,
IMG-0857,images/non_gusu/鲁主任转__新中国年画10、11.jpg,857,5,1,non_gusu,1,non_gusu,0.01812369,0.98187631,0.98187631,0.98187631,0,
IMG-0858,images/non_gusu/鲁主任转__新中国年画12、13.jpg,858,3,1,non_gusu,1,non_gusu,0.00000000,1.00000000,1.00000000,1.00000000,0,
IMG-0859,images/non_gusu/鲁主任转__新中国年画14.jpg,859,2,1,non_gusu,1,non_gusu,0.00000000,1.00000000,1.00000000,1.00000000,0,
IMG-0860,images/non_gusu/鲁主任转__新中国年画15.jpg,860,2,1,non_gusu,1,non_gusu,0.00000000,1.00000000,1.00000000,1.00000000,0,
IMG-0861,images/non_gusu/鲁主任转__新中国年画16、17.jpg,861,5,1,non_gusu,1,non_gusu,0.00000000,1.00000000,1.00000000,1.00000000,0,
IMG-0862,images/non_gusu/鲁主任转__新中国年画18、19.jpg,862,5,1,non_gusu,1,non_gusu,0.00000000,1.00000000,1.00000000,1.00000000,0,
IMG-0863,images/non_gusu/鲁主任转__新中国年画2.jpg,863,3,1,non_gusu,1,non_gusu,0.00000000,1.00000000,1.00000000,1.00000000,0,
IMG-0864,images/non_gusu/鲁主任转__新中国年画20.jpg,864,3,1,non_gusu,1,non_gusu,0.00000000,1.00000000,1.00000000,1.00000000,0,
IMG-0865,images/non_gusu/鲁主任转__新中国年画21、22、23、24.jpg,865,4,1,non_gusu,1,non_gusu,0.00013199,0.99986804,0.99986804,0.99986804,0,
IMG-0866,images/non_gusu/鲁主任转__新中国年画3、4.jpg,866,5,1,non_gusu,1,non_gusu,0.00000000,1.00000000,1.00000000,1.00000000,0,
IMG-0867,images/non_gusu/鲁主任转__新中国年画5.jpg,867,4,1,non_gusu,1,non_gusu,0.00000035,0.99999964,0.99999964,0.99999964,0,
IMG-0868,images/non_gusu/鲁主任转__新中国年画6.jpg,868,3,1,non_gusu,1,non_gusu,0.00000000,1.00000000,1.00000000,1.00000000,0,
IMG-0869,images/non_gusu/鲁主任转__新中国年画7.jpg,869,1,1,non_gusu,1,non_gusu,0.00000317,0.99999678,0.99999678,0.99999678,0,
IMG-0870,images/non_gusu/鲁主任转__新中国年画8.jpg,870,3,1,non_gusu,1,non_gusu,0.00000000,1.00000000,1.00000000,1.00000000,0,
IMG-0871,images/non_gusu/鲁主任转__新中国年画9.jpg,871,1,1,non_gusu,1,non_gusu,0.13727678,0.86272323,0.86272323,0.86272323,0,
IMG-0872,images/non_gusu/鲁主任转__民间年画1.jpg,872,5,1,non_gusu,1,non_gusu,0.00000000,1.00000000,1.00000000,1.00000000,0,
IMG-0873,images/non_gusu/鲁主任转__民间年画10.jpg,873,3,1,non_gusu,1,non_gusu,0.00000000,1.00000000,1.00000000,1.00000000,0,
IMG-0874,images/non_gusu/鲁主任转__民间年画11.jpg,874,3,1,non_gusu,1,non_gusu,0.00000000,1.00000000,1.00000000,1.00000000,0,
IMG-0875,images/non_gusu/鲁主任转__民间年画12.jpg,875,4,1,non_gusu,1,non_gusu,0.00000152,0.99999845,0.99999845,0.99999845,0,
IMG-0876,images/non_gusu/鲁主任转__民间年画13.jpg,876,2,1,non_gusu,1,non_gusu,0.00000000,1.00000000,1.00000000,1.00000000,0,
IMG-0877,images/non_gusu/鲁主任转__民间年画14.jpg,877,1,1,non_gusu,1,non_gusu,0.00000004,1.00000000,1.00000000,1.00000000,0,
IMG-0878,images/non_gusu/鲁主任转__民间年画15.jpg,878,4,1,non_gusu,1,non_gusu,0.00000018,0.99999976,0.99999976,0.99999976,0,
IMG-0879,images/non_gusu/鲁主任转__民间年画16.jpg,879,3,1,non_gusu,1,non_gusu,0.00000000,1.00000000,1.00000000,1.00000000,0,
IMG-0880,images/non_gusu/鲁主任转__民间年画2.jpg,880,5,1,non_gusu,1,non_gusu,0.00000048,0.99999952,0.99999952,0.99999952,0,
IMG-0881,images/non_gusu/鲁主任转__民间年画3.jpg,881,3,1,non_gusu,1,non_gusu,0.00000000,1.00000000,1.00000000,1.00000000,0,
IMG-0882,images/non_gusu/鲁主任转__民间年画4.jpg,882,3,1,non_gusu,1,non_gusu,0.00000000,1.00000000,1.00000000,1.00000000,0,
IMG-0883,images/non_gusu/鲁主任转__民间年画5.jpg,883,2,1,non_gusu,1,non_gusu,0.00000000,1.00000000,1.00000000,1.00000000,0,
IMG-0884,images/non_gusu/鲁主任转__民间年画6.jpg,884,1,1,non_gusu,1,non_gusu,0.00001453,0.99998546,0.99998546,0.99998546,0,
IMG-0885,images/non_gusu/鲁主任转__民间年画7.jpg,885,1,1,non_gusu,1,non_gusu,0.00000016,0.99999988,0.99999988,0.99999988,0,
IMG-0886,images/non_gusu/鲁主任转__民间年画8.jpg,886,3,1,non_gusu,1,non_gusu,0.00000000,1.00000000,1.00000000,1.00000000,0,
IMG-0887,images/non_gusu/鲁主任转__民间年画9.jpg,887,4,1,non_gusu,1,non_gusu,0.00001455,0.99998546,0.99998546,0.99998546,0,
IMG-0888,images/non_gusu/鲁主任转__门神1.jpg,888,3,1,non_gusu,1,non_gusu,0.00000000,1.00000000,1.00000000,1.00000000,0,
IMG-0889,images/non_gusu/鲁主任转__门神2.jpg,889,1,1,non_gusu,1,non_gusu,0.00376591,0.99623412,0.99623412,0.99623412,0,
IMG-0890,images/non_gusu/鲁主任转__门神3.jpg,890,2,1,non_gusu,1,non_gusu,0.00000000,1.00000000,1.00000000,1.00000000,0,
IMG-0891,images/non_gusu/鲁主任转__门神4.jpg,891,2,1,non_gusu,0,gusu,0.91587329,0.08412670,0.91587329,0.08412670,1,non_gusu_to_gusu
